1981	1982	1983	1984	1985	1986	1987	1988	1989	1990	1991	1992	1993	1994	1995	1996	1997	1998	1999	2000	2001	2002	2003	2004	2005	2006	2007	2008	2009	2010	2011	2012	2013	2014	2015	2016	2017	2018	2019	2020	2021	2022	
AE							11						2		3	1					10	3				3			11	7		1	1					1				
AE,AT,EG																										4	2															
AE,CA,IR																																						4				
AE,CN																																							2			
AE,CN,EG,PK																																										1
AE,DE							2	1								2		1																								
AE,DE,IN,JO																																		4								
AE,DE,IQ				3																																						
AE,EG							24						3												18	13																
AE,EG,GB,SA																																										
AE,ES																																					4					
AE,ES,FR,US																																						1				
AE,ES,IE,US																																				6						
AE,FR,LB,US																																					4					
AE,GB																																							5	14		
AE,GB,IE																										2																
AE,GB,MR,TN																																								4		
AE,HU																																				11						
AE,IN																																					8					1
AE,IN,MA,PS																																							2			
AE,IN,PK,SA																																										6
AE,IQ																																									10	8
AE,JO									4																															7	3	
AE,PK																																					4		3	1		
AE,QA												1																														
AE,QA,US														7																												
AE,TH,US																											8															
AE,US																							1																1	1		
AF,DE																															2											
AL,IT																				7																4						
AM				7									2				6	3	26	2	13	13	4		3	12							2	5		3	8	5	4	30	17	1
AM,BE,US																																2										
AM,BR,KW,UY																																		5								
AM,CH,RU																							2																			
AM,CZ,FR,GB,RU																					9																					
AM,DE																																14	9		15			22			5	
AM,DE,KZ																																		21								
AM,GB																							3																			
AM,GB,RU																				7																			3			
AM,IN																																							1			
AM,IT,JP,RU																																										
AM,IT,PL																																								4		
AM,KR,RU,UZ																									5																	
AM,NL,RU																																17										
AM,RU				10																		23		24	8	18	8			24	4	10	12						6	6		34
AM,US																				2			8	2		10		13		37	1	29	22	29		2					3	
AR	25	6	2	6	7	14	49	28	23	7	14	14	6	2	41	49	11	19	37	50	59	70	47	66	70	75	19	122	36	71	59	116	92	103	58	75	63	32	28	43	22	33
AR,AU																						6			7																	
AR,BD																																	3									
AR,BD,DE																																			9							
AR,BE																																										
AR,BE,ES																			1												3											
AR,BR						2				1						2	2	10	2	2		25	6		3	13	5		56	18	25	9	5	2	15	6	14		8	5		
AR,BR,CA,IR																																			1							
AR,BR,CL,FR																											1															
AR,BR,CU																																							2			
AR,BR,CZ																																							1	1		
AR,BR,DE																																				6						
AR,BR,FR																								1																		
AR,BR,GB																									1				2		1											
AR,BR,JP,UY																								4																		
AR,BR,PT,UY																															5											
AR,BR,US																																		11				1				
AR,BR,US,UY																									5																	
AR,BR,UY																	1						5				1	1	1												2	
AR,BR,UY,VE																							2																			
AR,CA																		3									6	2														
AR,CH,ES,PT																						8																				
AR,CL															2	2		1		12	3	5	13	8	22	9	4	1	5		6	4		9		10	3	1			1	4
AR,CL,ES																					5									6												
AR,CL,ES,FR																												5														
AR,CL,ES,HU																													2													
AR,CL,FR																			1	3			4	3		4	2															
AR,CL,FR,PE																									7																	
AR,CL,FR,UY																3																										
AR,CL,GB																								5																		
AR,CL,IT,US																						11																				
AR,CL,MX																												1			1		1	1								
AR,CL,PE																									1																	
AR,CL,US																																									2	
AR,CL,US,UY																																								4		
AR,CN																												5														
AR,CN,SI																																						4				
AR,CO																																						4				
AR,CO,DO,DZ,GB,IR,TR																																										
AR,CO,ES																																				2						
AR,CU																														4							1					
AR,CU,MX																																								3		
AR,CZ,DE																			25	6				7				27		5												
AR,DE								12	33								2	2				2		1		18	20	10	8	1		15	4	7	7	8	13	30	5	8	4	11
AR,DE,ES																		2							6																	
AR,DE,FR												1																			1						2	2				
AR,DE,IN																																	2									
AR,DE,IT																																		5	2							
AR,DE,null																			2																							
AR,DZ,ES,GB,IR,RU																																									1	
AR,ES																1			1	1	15	1		1	8		32	17	4	12	14		13	29	8	3		1	7		13	11
AR,ES,HU																											2														1	
AR,ES,IN																																								1		
AR,ES,IR,US																																										2
AR,ES,PT																									3					2												
AR,ES,PT,UY																																	10									
AR,ES,US																1				1																						
AR,ES,VE																					4																					
AR,FR			1						1	3	2											7				5		18		3							3			5		2
AR,FR,IN																																		2								
AR,FR,PT																										7																
AR,GB																					1					3																
AR,GB,IN,PT																																		2								
AR,GB,US																																	22									
AR,HU																					1																					
AR,IL																												40					7				5			13		
AR,IN																																7	1								5	
AR,IR																																			4	4						
AR,IT													2																			2				3						
AR,IT,US																					1																					
AR,IT,US,UY																																5										
AR,JP																				6												4										
AR,NG																											4			1												
AR,PK																																							1	9		
AR,PT																																										3
AR,PT,UY																																							27			
AR,RU																																						1				
AR,RU,US																																							3			
AR,SE									4																																	
AR,SI																																										
AR,TR																																	4									
AR,US								2												7		4					9	3		12	13	23	28	4			7	4			4	
AR,UY																3		1	11	6	5	1	3	1			18			1	1	2	1			18						
AR,VE																			3																							
AR,null																													17													
AT	102	42	31	42	37	90	78	29	12	63	38	54	71	52	48	179	195	152	193	113	152	120	153	176	274	218	253	230	172	132	232	194	151	195	238	166	166	125	208	254	171	86
AT,AU																																		9		5					23	3
AT,AU,ES																																									8	
AT,AU,ES,GB																																										
AT,AU,FR,MD,PT,RO,SK,UA																																					1					
AT,AU,IN																												1														
AT,AU,UA																		1																								
AT,BD,JP																						4																				
AT,BE																															2											
AT,BE,DE,IR																																					1					
AT,BE,ES																								4																		
AT,BE,FR,GB																					58																					
AT,BG				13									4				3	4	3							5																
AT,BG,BR																														3												
AT,BG,DE,GR															4																											
AT,BG,DE,RO																															1											
AT,BG,SK																																	2									
AT,BR																																										
AT,BR,DE,VN																																	11									
AT,BR,JP,US																																		12								
AT,CA																														7						12						
AT,CA,DE																																6				3						
AT,CA,IN																													4			7										
AT,CA,IR,PL,US																																			3							
AT,CA,NZ,SG,US																																					2					
AT,CH	10								2		1				5						2	12	6			1	28	3	17	53	51	58	2	22			1		2	53	8	
AT,CH,CN																																	19									
AT,CH,CZ																																			1							
AT,CH,DE																									3					2		1								6		6
AT,CH,DE,JP,PL,RU																						1																				
AT,CH,ES																													17													
AT,CH,FR																																	7								1	
AT,CH,GB,NL																																	2									
AT,CH,GB,US																													48													
AT,CH,GR																																						30				
AT,CH,IR																																	3	3	2							
AT,CH,IT																											4															
AT,CH,NL																																							5			
AT,CH,NZ,RU																																						13				
AT,CH,PK																																				1						
AT,CH,PL,SI																																									2	
AT,CH,SK																																						3				
AT,CH,US																						6							9	58												
AT,CH,null																													13													
AT,CN									2																							11		10	42	1						
AT,CN,CZ,NL																																			3							
AT,CN,DE,IT,RO																																								3		
AT,CN,GB																																							4			
AT,CN,IN																																			6							
AT,CN,NL										1	7																															
AT,CO																																	1									
AT,CU																4		4																								
AT,CZ																							3						7								4		38	13		
AT,CZ,DE																												4										3				
AT,CZ,DE,MD,SK																																	4									
AT,CZ,DE,SK																															14											
AT,CZ,JP,RU,UA																																		13								
AT,CZ,JP,US																																			1	2						
AT,CZ,RU																																							6		3	
AT,CZ,RU,SE																																						3				
AT,CZ,RU,SK																																							20			
AT,CZ,SK																																							1			
AT,CZ,UA																																			4	3						
AT,CZ,US																																			10	9		6	15	2	11	
AT,DE	4	4	18			2	8		4	3	7			2	1	23	4	9	14	7	26	8	21	39	29	70	28	15	63	50	109	28	104	58	46	44	51	78	33	52	101	51
AT,DE,EG,ES																				2																						
AT,DE,ES																																					4					
AT,DE,FI																																					1					8
AT,DE,FR																				10								3					2	1							7	
AT,DE,GB								2																				1						7					3		6	
AT,DE,GB,JP																				3																						
AT,DE,GR,IT,PL,SI																																				1						
AT,DE,HK,RU,SG,SK,US																																									4	
AT,DE,HK,US																																										5
AT,DE,HU		8																																	19							
AT,DE,HU,MD,RO,SK																																		4								
AT,DE,IE,PK,ZA																																			4							
AT,DE,IL																						1																				16
AT,DE,IL,IT																																										
AT,DE,IN																								32						6	2				5			7		13		
AT,DE,IT							7														5						1			16	5											
AT,DE,IT,US																												1														
AT,DE,JP,SK																				7																						
AT,DE,LI																																						1				
AT,DE,MD																									4			7	3													
AT,DE,MX																													16													
AT,DE,NL																													1	4											6	
AT,DE,NL,US																																										1
AT,DE,NO																																							6	22		
AT,DE,PT,RO,SK,US																																	13									
AT,DE,RU																							4																			
AT,DE,SE																																							2			
AT,DE,SI																					4																					
AT,DE,SK																	1		2	4		13			3							14	1		2				1			
AT,DE,TH																																									1	
AT,DE,US																				7				20					1	9	8	1						16	51			
AT,DE,null							3																																			
AT,DK																																	30	18			1					
AT,DK,NL,SE																																										21
AT,DK,NL,SE,US																																						1				
AT,DK,PH																													5													
AT,DK,US																																	1									
AT,EG										1	2	3	13						8	14			4	3				1	44			14		15	10	14	2	12	2			4
AT,EG,ES																				1		2																				
AT,EG,ES,KW																					1																					
AT,EG,GB,NZ																													2													
AT,EG,IQ																																					4					
AT,EG,JP,US																																										
AT,EG,KW																1		2	3																							
AT,EG,LY																																									2	
AT,EG,SA																																			1					4		
AT,EG,SE																											4															
AT,EG,US																																								6		1
AT,ES						5												1	8	15	12	33	97	28	4	25		5	25	3	45	3	21	12	7	9	53	3	6		6	6
AT,ES,FR																					2		3		5		18															
AT,ES,FR,RO																					1																					
AT,ES,GB																							1		13					23								3				
AT,ES,GB,IN																						3																				
AT,ES,GR																									4						4											
AT,ES,HU,NZ,RS,SG,SK																																							12			
AT,ES,IN																													7		3		5									
AT,ES,IT																							3			6														2		
AT,ES,KW																		2																								
AT,ES,MX,US																										5																
AT,ES,NL																16																										
AT,ES,PT																						7	7	2												23						
AT,ES,SA																																		8								
AT,ES,US																				6				3		10	2	18	5		8	8	17	7	5	2		4	4	7		5
AT,ET																															5											
AT,FI																																					1				3	1
AT,FI,NL,RU																																								7		
AT,FI,PT,RU																						7			5																	
AT,FI,RU																																							14			
AT,FI,SE																																					4		3			
AT,FI,SE,UA																																									1	
AT,FI,SE,US																																									4	
AT,FJ,HU																																									6	
AT,FR	1														33			14	13	4	8		1					1			1	14	14		29	4	2				7	1
AT,FR,HU																																4	4			7						
AT,FR,HU,IN,SG,SK																																						14				
AT,FR,HU,SK																																					11					
AT,FR,ID																								2																		
AT,FR,IL																		6																								
AT,FR,IN																															2				4							
AT,FR,IT																			19																							
AT,FR,JP																																	5									
AT,FR,MD																																	20									
AT,FR,MD,PL																						4		9																		
AT,FR,MD,PT,SK																																				10						
AT,FR,NZ																																						6				
AT,FR,PL																																	6									
AT,FR,RO																					1																					
AT,FR,RS																																				15						
AT,FR,RS,SK																																			7							
AT,FR,RU																																							17			
AT,FR,UA																							4																			
AT,GB									4			1														9			20				2	6		7				14	12	
AT,GB,HU																																										15
AT,GB,HU,ME,RS																									3																	
AT,GB,IN																																								18		
AT,GB,IT																										6	2											10				
AT,GB,JP,RU																																		2								
AT,GB,NL,UA,US																					3																					
AT,GB,PL,UA																																5										
AT,GR																																	4			1						
AT,GR,NL																																						2				
AT,GR,RO																																			2							
AT,GR,SI																																4										
AT,GR,US																																								1		
AT,HK,HU,LI,NO,RO,RS,SK																																									7	
AT,HK,SG,SK																																										5
AT,HR																				2	13	28		1			2	12														
AT,HR,HU																																				3						
AT,HU																		6		34					7						5	10	17	2	12	8	3	20	2	18	10	1
AT,HU,IT,MD,RO,SK																																								4		
AT,HU,NO,RS,RU,SK																																									9	
AT,HU,NZ																																		3								
AT,HU,RO				15																5		2																				
AT,HU,RS																																				3						
AT,HU,RS,SG,SK																																								5		
AT,HU,RS,ZA																																					6					
AT,HU,RU,SE,TH																																1										
AT,IL																				12	1		7	2		3													5			
AT,IL,IN																																			2							
AT,IL,RU																									1																	
AT,IL,US																																			9							
AT,IN																							10		2			2	7	2	7	14	24	4	20	23	7	10	28			
AT,IN,IT																																					3	6				
AT,IN,NZ																																					3					
AT,IN,RU																																					6					
AT,IR																									4	14	25		6	10	21	7	7	30	12		1	1				8
AT,IR,IT																								1																		
AT,IR,PT																																					3					
AT,IR,SE																																5										
AT,IT																5				19	13		7		7				14	8	3	13		10		26	21	9		5	40	
AT,IT,JP																																			3							
AT,IT,PT																																				2		10				
AT,IT,PT,RO,RU,SK																																										14
AT,IT,PT,RO,SK																																							6			
AT,JO																											4															
AT,JO,MD																												6														
AT,JP										4					6				3		14				4		15												10			
AT,JP,PT																																					3					
AT,JP,RU																																		4								
AT,JP,RU,UA																																14					5					
AT,JP,UA																																	19	7								
AT,JP,US																													4					5								
AT,KW																4	12	2	12	1																						
AT,LI																																						3		1	1	
AT,MD																												25														
AT,ME,RS																							1			1	2									1	2		2			
AT,MX																																										2
AT,NG,PL																						2																				
AT,NL																5			3				6							2			1									
AT,NL,US																																					1					
AT,NL,ZA																																							2	9	6	
AT,NO,NZ,RO,RS																																					8					
AT,NO,PT																																							2			
AT,NO,US																																								6		
AT,NZ																																	3		3	8						
AT,NZ,PK																																		8								
AT,NZ,PL																																			5							
AT,PK																																	1									
AT,PL																				2				3			5			3		8	10	3				8				
AT,PL,RO,UA																																									1	
AT,PL,UA																											1															
AT,PT																							20			13	4		32	29			6	36	70	57	12	56	23	14	27	
AT,PT,RO																																		12								
AT,PT,RO,SK,US																																	6									
AT,PT,RU																												6														
AT,PT,RU,SK																																								7		
AT,RO																				3													2		3							
AT,RO,SK,US																																			6							
AT,RS																						4			6				11	24		9	6	9		3				4		11
AT,RS,SE,SK																																	3									
AT,RS,SE,US																																		11								
AT,RS,SK																																		17								
AT,RU		3				1		3								7	5	5	21	3					31			9			12	13		9			6			1		
AT,RU,SE																																										
AT,RU,SK,UA																																	3									
AT,RU,UA																															2				8				5		1	
AT,SA																																					2			1		
AT,SE																																		16	5			2				
AT,SG																																										10
AT,SG,SK																																							7			
AT,SG,UA																																						6				
AT,SI																				5	11	5	1								8	1		2								
AT,SI,UA																																			11							
AT,SK									36				16		3		1	2		4			4	1				18				2		2								
AT,TH																									2			4				1	1	1	2				1			11
AT,UA																	1									1									1							
AT,US		15														18	1	39		19		5		6	10	6	22	13	14	8	42	14	7	8	9	4	20			6	4	4
AT,ZA																							5					5														
AU	306	270	303	291	340	216	264	337	329	326	200	234	305	100	162	551	490	713	427	845	831	730	732	787	703	854	755	627	601	610	616	610	523	624	586	521	528	475	581	583	369	456
AU,BD,BN																							3		2																	
AU,BE																6	13	14	10	31	22	11	8		3	8		5	12	74			2		7			3			1	
AU,BE,CN													2																													
AU,BE,CN,LK																																								4		
AU,BE,GB																																	1	6								
AU,BE,GB,US																														21												
AU,BE,IR																																						3	4			
AU,BE,IT																													20													
AU,BE,JP																							11																			
AU,BE,JP,NL																				4																						
AU,BE,NL																7	4																					3				
AU,BE,PL																																						25				
AU,BE,RU															1																											
AU,BE,US																														1												
AU,BN																							2	6	4	5		4	9	3	18	27		2								
AU,BN,CN,DE																																					8					
AU,BN,DE																																	3									
AU,BN,US																									1			2			4	5	4	6		5						
AU,BR																					15								3	7		4	2	4	4				5	7		
AU,BR,DE,IN,PL,US																																								3		
AU,BR,DE,US																													6													
AU,BR,MX																																							1			
AU,CA		9					4						1				8	2			6	1	4		2		17	5			7	3	1	12	27	2	36	9		2		
AU,CA,CN																														1												
AU,CA,DE,JO																																										
AU,CA,FR														20																												
AU,CA,GB							4																														13					
AU,CA,GB,IQ						14																																				
AU,CA,GB,NZ,US																																									24	
AU,CA,IN																											5															
AU,CA,IN,IT,US																					13																					
AU,CA,IT																															8			2	19			10				
AU,CA,NL																								7																		
AU,CA,NZ																				15																						
AU,CA,PK																																			6							
AU,CA,US																																	4					1		7		4
AU,CH								10		1		8											20				14	22	1		1	26	7	2		25			12	7	15	
AU,CH,CN																																				5			7			
AU,CH,CN,DE,FR																																					6					
AU,CH,DE																							15		1							11										
AU,CH,DE,HU													1																													
AU,CH,DE,US																																						7				
AU,CH,FR																																								2		
AU,CH,GB																													16										4			
AU,CH,GB,MY,NZ																																								7		
AU,CH,HU													21																													
AU,CH,IL,US																																									7	
AU,CH,IN																																			1							
AU,CH,IN,MX,US																																					3					
AU,CH,IT																													4			2										
AU,CH,NZ																	4																									2
AU,CH,PL																																		1								
AU,CH,SE																												26														
AU,CH,US																																				14						
AU,CH,VE																																12										
AU,CL,DE																																										
AU,CL,IN,IR,TW																																										
AU,CL,IN,US																																										
AU,CL,NZ,US																																									2	
AU,CN		1	1	1	5	4	8		1	1	4		4			1	2		24	48	6	7	41	30	4	61		13	2	26	27	15	84	17	42	60	51	61	14	16	33	8
AU,CN,DE																					4				1														2			10
AU,CN,DE,TH																																										
AU,CN,DK,FR																																						1				
AU,CN,ES																						1																				
AU,CN,FR																																								10		
AU,CN,FR,US																																						2				
AU,CN,GB																																			9	4		3				
AU,CN,GB,TW																																				6						
AU,CN,HK																														2											5	
AU,CN,HK,TW																																							8			
AU,CN,IE																											1															
AU,CN,IN																																					2					
AU,CN,IR																																								1		
AU,CN,JP																								2						6						1						
AU,CN,JP,SA,TR																																				5						
AU,CN,KR																																								2		
AU,CN,MY																										1																
AU,CN,MY,US																					2																					
AU,CN,SA,US																																				1						
AU,CN,SE																																					5		8	3		
AU,CN,SG																				2																						
AU,CN,TW																																							3			
AU,CN,US																																						1	5	1		
AU,CU,US																																								24		
AU,CZ							4																																			
AU,CZ,ES																							3																			
AU,CZ,GB																																									7	
AU,CZ,IL																																							11			
AU,CZ,IR																																					1					
AU,DE				25	2	7			4			5	18	11	15	28	40	57	22	27	65	2	35	58	31	22	23	38	30	29	92	62	57	73	97	56	53	49	29	47	52	90
AU,DE,DK																																							1		2	
AU,DE,EG,GB,GR,US																																										6
AU,DE,ES																			12						3						4				4							
AU,DE,ES,GB																																									16	
AU,DE,ES,IR,IT,RU																																								1		
AU,DE,FI																																										7
AU,DE,FR																																			8		20	12				2
AU,DE,FR,SK,US																																									4	
AU,DE,GB														6	4							8	4			1			19					18		2	2	3	12			4
AU,DE,GB,NZ																																				3						
AU,DE,GB,NZ,US																												4														
AU,DE,GB,US																																9										
AU,DE,GR																						4																				
AU,DE,HK,JP																																15										
AU,DE,HR																																	4								4	
AU,DE,HR,PL,US																																1										
AU,DE,IN																																	8	4	3							
AU,DE,IN,IT																																					2					
AU,DE,IN,MX																																					7				2	
AU,DE,IN,US																										6																
AU,DE,IR																																		10					5		1	
AU,DE,IT																		5																								
AU,DE,IT,JP																		12																								
AU,DE,JO																																										
AU,DE,JO,US																																										5
AU,DE,JP																			31				9							6										1		
AU,DE,KR																								8																		
AU,DE,MX																																		12								
AU,DE,NO																																	19									
AU,DE,NZ																										9		12				9							1	11		
AU,DE,PL																																9										
AU,DE,PL,US																																						1				
AU,DE,RU																																				4						
AU,DE,SE																												9														
AU,DE,SG																								35																	5	
AU,DE,SI																									1																	
AU,DE,US																										2	2	13					17	16								2
AU,DE,ZA																																		2						11		
AU,DK								13												23	1	30		9				2			6		3	8	4	2	2					
AU,DK,GB																						9			13											4						
AU,DK,GB,NZ																						4																				
AU,DK,GB,UA																									5																	
AU,DK,GB,US																										4								2								
AU,DK,RU															3																											
AU,DK,SE,US																																							3			
AU,DK,SI																											1															
AU,DK,US																															1											
AU,DK,US,null																												7	1													
AU,DZ,GB,NL																																			1							
AU,EG,SK																															1											
AU,ES														2				9			10	8	16	12					51	4	24	6	14			2	12	2	7	11	8	
AU,ES,FR,US																																									12	
AU,ES,GB																																		3			4					27
AU,ES,GB,IN,IT																																		1								
AU,ES,GB,SG,US																																							2			
AU,ES,IE,PT																									8																	
AU,ES,IN																											2															
AU,ES,IN,IR,IT,RU																																										
AU,ES,IN,IR,PL,RU																																									3	
AU,ES,IN,SK																																				1						
AU,ES,IR,IT,PL,US																																				7						
AU,ES,IT																					2																					
AU,ES,PL,RU																																			15							
AU,ES,PL,UA																													1													
AU,ES,RU																																							9			
AU,ES,SE,UY																												4														
AU,ES,UY																							17				13															
AU,FI																																										1
AU,FI,FR																															13	27										
AU,FI,GB																																										
AU,FI,GB,SE																																					10					
AU,FI,GB,SE,US																																									5	
AU,FI,JP,US																										5																
AU,FR							2				2	6	1				4	1	4	15	8	20	10	35	8	48	14	6	26	62	7	79	6	27	58	50	25	29	14	26	35	11
AU,FR,GB																												7		5	12		13					9		10	3	
AU,FR,GB,IN																																				6						
AU,FR,GB,KR																																17										
AU,FR,GB,MY,US																																			3							
AU,FR,GB,US																																								38		
AU,FR,ID,IT,KR																													2													
AU,FR,IN																											3															
AU,FR,IN,NZ																																					9					
AU,FR,IT																																										
AU,FR,JP,KR																																5	9									
AU,FR,KR																						2	1	1	11	10				4												
AU,FR,MY																																		5								
AU,FR,NZ																																				17			4			
AU,FR,PL																																3			13							
AU,FR,TW																																15										
AU,FR,US																			6										1		2											
AU,GB	16	45	52	71	13		40	58	3		24	13	5	30	16	1		4	10	77	118	51	44	39	34	75	78	145	66	181	70	84	148	60	93	67	108	36	67	77	52	57
AU,GB,IE				10																			5						2		1						7					
AU,GB,IE,NZ																															2											
AU,GB,IL																														4												
AU,GB,IN																																					24	9	5		6	
AU,GB,IN,SA																																										
AU,GB,IN,US																												7														
AU,GB,IQ																																				8						
AU,GB,IT																	8																									
AU,GB,IT,NZ																															6	4	12	9								
AU,GB,IT,US																															13	20										
AU,GB,NL																																1				4						
AU,GB,NZ																														8		19	34	3					3			
AU,GB,NZ,TH																													7					4		5						
AU,GB,PL																																						3				
AU,GB,PT																												2														
AU,GB,SE																												15														
AU,GB,SG																																					12					
AU,GB,TH																																	8	4			1					
AU,GB,TW																																			5							
AU,GB,UA																						3			12																	
AU,GB,US															16	5							30		8			4					2	15				23	2		6	10
AU,GB,ZA																											1		9	3												
AU,GB,null																													1													
AU,GR																																							6			
AU,GR,JP																					3																					
AU,GR,NZ																											2															
AU,GR,PR																			5																							
AU,GR,SI,US																										1																
AU,HK																																								4		
AU,HK,TW																																							5	5		5
AU,HR																										3																
AU,HU																													1													
AU,HU,SK																																			5							
AU,ID																														2				4								
AU,ID,IT																									16																	
AU,ID,NZ	1																								45																	
AU,IE		18	10				8							17			5			3						15			5	2		1			8			6				
AU,IE,IR																																	3									
AU,IL							4											3							6						10	3					3			14	2	
AU,IL,IN																																							9			
AU,IL,IT																																					8					
AU,IL,PS																																	20									
AU,IN				2	36				2	21	44	8		14			5	5	21	3	35	1					5	2	11	2	4		3	42	17	11	1	23	30	26	2	20
AU,IN,IT,TR																																		2								
AU,IN,JP																					13														3							
AU,IN,KR																													4													
AU,IN,MX																																	7				1	6	1			
AU,IN,MY																																									8	
AU,IN,PT																																					15	22			4	
AU,IN,SA																																	4									5
AU,IN,US																										6													4	3		
AU,IQ																																									7	
AU,IQ,TN,TR																																										
AU,IR																							3		9				24	4	38	15	18	8	10	20	37	9	41	22	20	10
AU,IR,IT																																									6	
AU,IR,PL,RU																																							3			
AU,IR,TR,US																																								15		
AU,IR,US																																					18		3			
AU,IS																																								8		
AU,IT								8	8			6	33	10				18	2	31	28	40	18	34	93	38	140	12	8	20	21	27	32	55	32	17	90	36	19	37	33	59
AU,IT,JP																																					3					
AU,IT,NL																																				5						
AU,IT,NL,UA																					1																					
AU,IT,NZ																											4	4		9	15								4			
AU,IT,PT																																		14								
AU,IT,RO																											5															
AU,IT,SE																																						1				
AU,IT,TW																																		1								
AU,IT,UA																						2												3								
AU,JO																		3																								
AU,JP									5	3			2							2	1	2	18		2	30	9		8		9		32	3	12	15	29	34	13	31	19	3
AU,JP,KR																																						9			4	
AU,JP,MY																												6														
AU,JP,NZ,null																													8													
AU,JP,SE																																					1					
AU,JP,US																						5							7										13			
AU,KR																					51	2			6			15	9			2		1	9					3		
AU,LB																																13										3
AU,LK	2																																	2								8
AU,MY				1	2				3	3	16	2			4	4				7							2				3	1		3		5	13		9	22	1	
AU,MY,SG											3																			5												
AU,MY,US										2																																
AU,NG					5																																					
AU,NL																	19	6				2		3		3					1				4					12		
AU,NL,PL,UA																						5																				
AU,NL,UA																					2																					
AU,NL,US																													1													
AU,NO,US																																			6							
AU,NZ	1	6	10	5	3			12	5		12	7					1	36	1	10	5	41	14	38	28	80	11	57	37	30	25	52	32	19	38	15	24	10	9	36	49	105
AU,NZ,TH																												1	4	8			7		8		6	7	2	6		
AU,NZ,TH,null																													9													
AU,NZ,US																					5											9	15		2	7	4		3			
AU,PH																															11				3					12		
AU,PK																																2	12	1		2		3	19			
AU,PK,US																																				2						
AU,PL	3	1																											6								3			8	4	
AU,PL,RU,UA,US																													1													
AU,PL,UA																													2	3								4				
AU,PL,UA,US																									1		2															
AU,PT																																		1								
AU,PT,UA																																						2		2		
AU,QA																																				1						
AU,RS,US	7																																									
AU,RU																							7																	11		2
AU,RU,US																																								24		
AU,SA																						9											7			14	1			8	10	8
AU,SA,SK,TN																																										1
AU,SA,TN																																										1
AU,SE					1	2														4	2				4	1		28						1			5		3	9		
AU,SG																			4			1	24	55	74	14			46						1			12				
AU,SG,null																												2														
AU,SK																													7													
AU,SK,TN																																									1	
AU,SK,UA																																							1			
AU,SK,UA,US																																					1					
AU,TH																							4						5											5		10
AU,TR																																2		9	4	12	6					
AU,TW																																	2				1			1		
AU,UA																						1	6		3	1			1				1			4						
AU,US	41	31	13	15	10	13		17	2	4			11	5	4	8	3	19	5	20	21	61	2	1	4	17	26	27	42	109	36	63	23	47	11	34	56	21	61	28	42	78
AU,VN																																						1				
AU,ZA														4		2									10	3				3		9	11								6	14
AU,null													2												4			1														
AZ		1	1	1					1			1											5		4		1		3	1	1						1	5	5	1		2
AZ,CN,TW																																					7	9				
AZ,ES,IR,PL,RU																																				8		2				
AZ,ES,IT																																					3					
AZ,FI,PT																																1										
AZ,FR,RU																					37																					
AZ,GE																																				1						
AZ,IR																																		1								
AZ,IR,PT																																						1				
AZ,IR,RU																															1											
AZ,IR,US																																					1					
AZ,IT,RU							5																																			
AZ,PT																																3	1				2					
AZ,PT,RU																																	3	1			6	1				
AZ,RU						1	4	24	8					8		17														3	3					4			3			
AZ,RU,SA,TR																																										1
AZ,TR																								8		1	21					3						3		1		1
AZ,TW																																9										
BA																																	6			2						
BA,GB,RS																															5											
BA,HR										2																5											12	3	3		7	
BA,HR,RS,US																																										
BA,HR,TR																																										
BA,IT,RS																						5																				
BA,RS																																									4	
BB					1																	2	1	4																		
BB,GB																															11											
BB,JM,US																	2																									
BD	4			9		6	9		21		53	46	14		10		4	6		3		12			14		45	14			5	34	3		11	15		19	14	19	38	35
BD,BE,CA,IR,IT,PT																																									16	
BD,BN																					2																					
BD,BN,CA																6																										
BD,BN,CA,US																5																										
BD,BN,US																	2	2			3																					
BD,CA								4			8																					8										
BD,CA,CH,DE,IR,IT																																									6	
BD,CA,CH,DE,IR,IT,PT																																								12		
BD,CA,DE,IT																																				8						
BD,CH,DE,IR,PT																																										10
BD,CN,GB																													10													
BD,DE																					6			3	6		5		6		4		6	16	2	21	17	17		2	27	
BD,DE,GB			3															12											19			7										
BD,DE,GB,IN,US																																					10					
BD,DE,GB,US																			7																		8					6
BD,DE,IT																																		8	15			8			6	3
BD,DE,IT,US																													9													
BD,DE,JP																										5						1				8						
BD,DE,US																													6													
BD,EG																																										3
BD,EG,MY																																										
BD,EG,US																																										4
BD,FI,GB,SE																																	4	8	12							
BD,FI,GB,SE,US																																							4			
BD,FR																																							5		3	
BD,FR,MA,QA,SA																																									1	
BD,GB	1																2			6	5	10	12	4	26				1	5	21	21	6	4	8	7	7		6	10	3	
BD,GB,IN																																						8			11	
BD,GB,IN,US																																						10				
BD,GB,IQ																																										19
BD,GB,IT																													4													
BD,GB,JP																									4																	
BD,GB,MY																												5														
BD,GB,NZ																													1		6				3							
BD,GB,SE																								7	12	8	8	27	4	8	14											
BD,GB,SE,US																										6			28					31		10						
BD,GB,US												6			9			4	5	5	6	5	6	6	8	6		14		22			9	18	8	10	18	15	27			
BD,IN																																								8	1	
BD,IN,KR,SA																																								1		
BD,IN,LY,SA																																							12			
BD,IN,US																																			5							
BD,IQ																																				4						
BD,IQ,MY																																				4						
BD,IT																														1												
BD,IT,JP																																		5	2	6	6		1			
BD,IT,JP,SA																																										
BD,JP																							1	4					10					18	14	7		14	12	2	8	6
BD,JP,SA																																				2		1				
BD,KR,MY																																					2					
BD,MY																																3	5									
BD,MY,SA																																							3		3	
BD,NZ																													3													
BD,NZ,US																												5														
BD,OM																																	12									
BD,RS																																							1			
BD,SA																																						3				
BD,US																4								17			9	9	11			5			5					21	13	9
BE	65	126	42	40	136	70	42	45	61	28	17	36	11	63	14	88	105	62	87	57	32	108	123	93	147	49	87	25	131	42	46	57	135	79	91	207	91	61	69	114	67	48
BE,BG																																		1								
BE,BG,RS																																		19								
BE,BR																											2										2	3				
BE,BY																														3												
BE,BY,SE																																		12								
BE,CA														4						1											45		10	29	3	9	1	22				4
BE,CA,CN																																1										
BE,CA,FR																													1									18				
BE,CA,FR,GB																																		2								
BE,CA,GB																														10												
BE,CA,GR,PL																													1													
BE,CA,IE,PT																						16																				
BE,CA,PL,US																																			9							
BE,CA,PT																												3														
BE,CA,SA																																										6
BE,CA,US																																	5		16		12					
BE,CH																							1	9		10	9			12		18					1					
BE,CH,CN,SE																															1											
BE,CH,CZ,FR																											18															
BE,CH,CZ,IN																									6																	
BE,CH,CZ,IN,NL																								8																		
BE,CH,ES,NL																									4																	
BE,CH,FR																						1									2								5			
BE,CH,FR,PL,SE																																			1							
BE,CH,GB																														12												
BE,CH,IN																			1																							
BE,CH,IN,IT																													7													
BE,CH,IT																																						4		12		
BE,CH,NL																							14						3			9										
BE,CH,PL,SA																																										
BE,CH,SI																																										2
BE,CH,US																																					3	3				
BE,CL																										1																
BE,CN										14		26			16											6				7		1		2	5			2		2		8
BE,CN,DE																																		2		6					1	
BE,CN,DE,FR,JP																																										
BE,CN,DE,NL												6																														
BE,CN,FR																																	2			6	2					
BE,CN,IE,RO																																									3	
BE,CN,NL																																									1	
BE,CN,RU																																						3				
BE,CN,RU,TZ																																						5				
BE,CN,SE																																									4	
BE,CN,SG																																								2		1
BE,CN,US																														24	18		8	6								
BE,CO																							20																			
BE,CY																																										5
BE,CZ											1													7	3			4	4	9	14	4	6	8	51	48	27	12	11	5	7	14
BE,CZ,DE																													2				12				8				5	
BE,CZ,DE,SE,US																														1												
BE,CZ,FR,GB																													6													
BE,CZ,GB																																					7					
BE,CZ,GB,US																														3												
BE,CZ,IN,US																										6																
BE,CZ,NL																																	9									
BE,CZ,NL,PK																											2															
BE,CZ,NL,PT																													50													
BE,DE		4			2	9	2		9	24	26		6	3		4	20	2	25	16	12		14		1	6	1	12	5	11	22	14	8	18	22	11		12	38			12
BE,DE,ES																	1																			1				2		
BE,DE,ES,FR,GB,IN																																					2					
BE,DE,ES,US																																						7				
BE,DE,FI,FR																																					4					
BE,DE,FI,RU																																						10				
BE,DE,FR																					9			2						4											12	
BE,DE,FR,GB																																		3	5							
BE,DE,FR,NZ																																	2									
BE,DE,FR,RU																																							2			
BE,DE,GB																								1						3	1	2										
BE,DE,HU											1																															
BE,DE,IE																				17	32																					
BE,DE,IN																																	2	4			6					
BE,DE,IN,PL																																	1									
BE,DE,IR																																				5						
BE,DE,IT																										10				4								7				16
BE,DE,IT,NL,PK																														9												
BE,DE,JP,SG																																								1		
BE,DE,KR								5																																		
BE,DE,KR,LU,NO																																					2					
BE,DE,PF											1																															
BE,DE,PL																																1	4									
BE,DE,PL,RU																																				1						
BE,DE,RO																															4											
BE,DE,RO,US							7																																			
BE,DE,RU																																			13							
BE,DE,SA																																	41								16	
BE,DE,SI																																								3		
BE,DE,TN																																										1
BE,DE,US																													2				5					3				
BE,DK																																							3			
BE,DK,ES,FR																																						7				
BE,DK,FR																																			3	33						
BE,DK,GB																																										2
BE,DK,SE																																							2			
BE,DZ																																					19	1				
BE,EG									8	3																					4											
BE,ES		1		5											10	4	1	6	30	1	13									13	12	5	8		1			1		7	38	28
BE,ES,FI																							5																			
BE,ES,FR																												1								1				3		
BE,ES,FR,SA																																										
BE,ES,GB,PL,US																																	11									
BE,ES,GB,SA																																										10
BE,ES,GB,US																														16												
BE,ES,HU																					10																					
BE,ES,IR																																		4								
BE,ES,IR,IT,PL,RU																																									1	
BE,ES,IT																																						2				
BE,ES,MX																														4												
BE,ES,NL																															3											
BE,ES,SA																																								1		
BE,ES,SE																																			6							
BE,ES,US																	3																				2			8		
BE,FI,FR																																					9					
BE,FI,IN,TW																																1										
BE,FI,KR																										1																
BE,FI,NL,US																										1																
BE,FI,PT																																	3									
BE,FR											2		7	6		4	23		10	6	12	8	11		14	11	7	12	62	15	17	20	61	15	42	40	32	20	11	59	3	14
BE,FR,GB																										7			1													
BE,FR,HU																															15											
BE,FR,IE																																						4				
BE,FR,IR																								2																		
BE,FR,IT																								1								2	2									
BE,FR,NL														3																3												
BE,FR,PT																							8																			
BE,FR,RO																																				15						
BE,FR,RU																																					3					
BE,FR,RU,US																													1													
BE,FR,SE																			9																			4				
BE,FR,SE,US																																	29									
BE,FR,UA																			1																							
BE,FR,US																													7	1		3								5		
BE,FR,US,VE																													9													
BE,GB					35							2				4	12		6		10		1		13		4	11	8	34	74	37	4	18	1	6	18	27	1	29	10	24
BE,GB,IE																																8										
BE,GB,IT																																									11	
BE,GB,IT,JP																																							2			
BE,GB,KR																																6										
BE,GB,MA,RO																																										4
BE,GB,NL,SG																																					9					
BE,GB,OM																4																										
BE,GB,RU																	7	1																								
BE,GB,SA																																					12	5	8	1		
BE,GB,SG																																						8				
BE,GB,US																							18						29	11	11	6		10		25	9		19			
BE,GR							10		118					5	15	32			5	12	2	25	8				2						1									3
BE,GR,IT															10	13						7											1									8
BE,GR,NL																														3												
BE,GR,US									16																																	
BE,GR,ZA																																1	1									
BE,HK																																								1		
BE,HK,TH,TW																																								4		
BE,HK,TW																																							7			
BE,HR,HU																																		5								
BE,HR,NL																						7																				
BE,HU																																1	3		5	34			4		4	
BE,IE																					24			2								1										
BE,IL																							9																			
BE,IN												12																		3			14		7	11	8	3			1	1
BE,IN,MA																																										3
BE,IN,TW																																	1									
BE,IN,ZA																																		2								
BE,IQ																														1												
BE,IR																																					3			7		
BE,IR,IT																																									15	
BE,IR,PL																																				3						
BE,IR,RU,US																																							3			
BE,IT					9														9							5			16	28	9	10		5	10		3	7	4	46	7	47
BE,IT,MX																																	1									
BE,IT,NL																					9													5								
BE,IT,NL,PK																												10														
BE,IT,PL																															1											
BE,IT,PT																		7																								
BE,IT,RO,US													7																													
BE,IT,RS																																							5			
BE,IT,SA																																								8		26
BE,IT,SI																							6																			
BE,IT,US																																	1	3	20							
BE,IT,VE																		5																								
BE,JP																	25							1							3	4		10								
BE,JP,PL																																									6	
BE,JP,RU																																									11	
BE,JP,US																					10															7						
BE,KR				7					7																										1							
BE,KW,SA																																								4		
BE,LU																																		11								
BE,MA																																			2						6	
BE,MA,RO																																									4	
BE,MA,RO,SA																																						3				
BE,MA,US																																							2	2		
BE,MY											1	2				1	1					3																				
BE,NL			12			1			11		4		2				2			2	1								3	7			1		1			2		9		
BE,NL,PT																									3																	
BE,NL,US																													1													2
BE,PL		2						18														3						1	2	3		6	3		8	5	2					4
BE,PL,RU																																							2			
BE,PT																					13		1			7	29		17													
BE,RO																																								4		
BE,RO,US							8																																			
BE,RS																																					52			3		
BE,RS,VN																																			56							
BE,RU																8	7			14	2							8	7	3			7	4	1	4	13		6	1	2	
BE,RU,SE																																		2								
BE,RU,TZ																																			15							
BE,SA																																							8	10	7	
BE,SE																			9						2					1	28							20				
BE,SE,US																								5																		
BE,SI																														20	2		2									
BE,SK																					18																					
BE,TN																																		6								
BE,TW																																								7		
BE,TZ																																			7							
BE,UA,US,null																												6														
BE,US												2	2		2					1	1	8		2		7		12	19	10	31	21		14	1	2	13	7		50	27	2
BE,US,VN																																					3					
BE,VN																																			31			16	16			13
BE,ZA			21	5			2																				7					1	12	11						20		
BF,FR												35												1																1		
BG	12	14	19	32	16	4		18	20	3	6	20	17	14	14	18	7	1	4	1	29	13	12	32	12	6	30	9	11	10	2	13		17	12	39	18	10	19	3	25	12
BG,BR																																	1									
BG,CH										11		7			1	6							2	1	4					2									4			
BG,CH,DE																												4														
BG,CH,HR																																							12			
BG,CH,MX																															2											
BG,CZ									3																				2			3				2						
BG,CZ,DE																																							14			
BG,DE				9	3	1			5					6		25				1	3	4				6	3	46	17	4			2					6	8		4	
BG,DE,DK																										1																
BG,DE,GB													1		1																											
BG,DE,IN																														2												
BG,DE,JO																																					10					
BG,DE,JP																																									1	
BG,DE,KR																							1																			
BG,DE,RU																																2										
BG,DE,US																																								3		8
BG,DE,null			4																																							
BG,DZ,IT																																									2	
BG,EG																													4													1
BG,ES																				1													3				2					
BG,ES,US																									2																	
BG,FI,RU																																										8
BG,FR	1														1		4													8						32					7	44
BG,FR,GB,RU																											10															
BG,FR,RU																																					21					
BG,FR,RU,UA																																									4	
BG,FR,RU,US																																	2		6							
BG,FR,UA																																		2								
BG,FR,US	8																																									
BG,GB															6		7	9	6	2																						
BG,GB,IE																																				11						
BG,GB,IN																																			2							
BG,GR								1				1			2				4																							
BG,GR,PL																										3																
BG,HU																																								7		
BG,IE																													8		6									3		
BG,IN																																	2		4							6
BG,IT																						1	1						11							2					13	
BG,IT,SI																															8											
BG,JP					1		3																							1		9				4						
BG,MK																					1																					
BG,NL																		1																								
BG,PK,SA																																				2		2				
BG,PL		13			3													1		4	6	8			4			3		2										2		
BG,RO																																										2
BG,RS																																								1		
BG,RU				12	8				3		1																		3									10			11	
BG,SA																																		1						5	3	
BG,SA,TR																																			1							
BG,SK																																				3						
BG,TR																																							2	8		
BG,UA																												1														
BG,US																				3	1					2							6									1
BG,ZA																							1																			
BG,null				1	6										4																											
BH												4	2	1	6	5																					1					
BH,DE,PK																																									4	
BH,DE,PK,SA																																										1
BH,GB,IE																																	3									
BH,IN																		17																								
BH,IN,SA,TR																																										4
BH,KR,SA																																				1						
BH,TR																																							3			
BH,US									18		30																															
BI,CN																														7												
BI,FR																															6		2									
BN																																2									4	
BN,FR												4																														
BN,GB																															11											
BN,GB,MY																								3			3															
BN,JP																																							1			
BN,MY,US																					1																					
BN,SG																															8	10										
BN,SG,TW																															4											
BN,US											8					20		4	2		2																					
BO,CO																																						3				
BR	98	26	47	24	14	24	35	77	22	12	13	12	34	44	51	89	66	102	123	122	175	148	222	214	308	277	168	181	125	159	178	186	163	325	227	303	327	265	295	357	200	227
BR,CA				6									2	7	4	25		27	7	6	4				4		7		1			37	101	10			36	7	1	3	6	25
BR,CA,CN																																						10				
BR,CA,DE,GB																																							1			
BR,CA,FI																																							3			
BR,CA,FR																1																										
BR,CA,KW,US																						1													10							
BR,CH																									8										2	12	1					
BR,CH,DE																																					18					
BR,CH,GB																																								4		
BR,CH,KR																																		1								
BR,CH,MA,PK,SA																																	9									
BR,CL																													12				2				2	4	7	5	10	3
BR,CL,DE																																				1						
BR,CL,ES																																									1	
BR,CL,FR																																						1				9
BR,CL,FR,IE																															1											
BR,CL,IT																																							4			
BR,CL,US																													2							1						
BR,CN																					30		16	3					10						5		3					
BR,CN,DE																													1													
BR,CN,GB,HK,OM																																										2
BR,CN,GB,HK,OM,TR																																									1	
BR,CN,IT																															8											
BR,CN,JP,US																																					1					
BR,CN,KW																																	56									
BR,CN,NL,PT																																									4	
BR,CO																																			6		1			6	8	
BR,CO,DE																																										3
BR,CO,GB,US																														2												
BR,CU																				4	6											2		7	8	8	27	18		19		12
BR,CU,ES																										1																
BR,CU,MX																											3															
BR,CZ																																					1				3	
BR,CZ,GB																																								3		
BR,CZ,IT,US																																							3			
BR,DE					4		22	1	1		4	4	1	4	4	9	4	7	2	10	8	6	38	23	25	7	6	9	37	2	5	19	7	23	23	11	17	8	58	41	27	10
BR,DE,EG																														10												
BR,DE,ES																				1		1		2															1			
BR,DE,ES,FR																																									1	
BR,DE,ES,RO																																						1				
BR,DE,FR																																								3		
BR,DE,GB																												2								2						
BR,DE,IE																																										1
BR,DE,IL																																				1						
BR,DE,IN																																										1
BR,DE,JP																																									3	
BR,DE,MD,RO																																									6	
BR,DE,PL																																3	7									
BR,DE,PT																																								1		
BR,DE,US																	6				4																					
BR,DE,UY																																	4									
BR,DE,VN																													9			20										
BR,DK,GB,IN																																	7									
BR,DK,IE																																					7					
BR,DZ																					3																					
BR,EG																														4												
BR,ES						1		7		2	2	26	11	10	4	7	6	2		12	8	8	5	15	3	7	13	8	9	19	17	3	8	6	7	11	12	14	7	27	4	1
BR,ES,FI																																									17	
BR,ES,FR									1															1				8		2		5										1
BR,ES,GB																									6			4					3				4					
BR,ES,GB,US,UY																																							9			
BR,ES,IN																																		5								
BR,ES,IN,PT																																		7								
BR,ES,IT														2																									7			
BR,ES,IT,RO																																				6						
BR,ES,IT,UY																																				4						
BR,ES,MY																															1											
BR,ES,PL																															1											
BR,ES,PT																																			4			5				5
BR,ES,PT,UY																																	5									
BR,ES,RO																						4						2														
BR,ES,US									7											4								5														
BR,ES,UY																																			1							
BR,FI					3																													1								
BR,FI,IN,SE																																										12
BR,FI,SE																																								2		
BR,FR			17			3					1				4	4	1			10		6		9		13	6	13	12		12	6	7	10	15	7		19	3	7	4	
BR,FR,GB,IT,PT																																										1
BR,FR,GB,US																																				3						
BR,FR,JP																					2																					
BR,FR,PT,VE																																									2	
BR,FR,SN																																	4									
BR,FR,TR																																				2						
BR,GB		6	5										3	4	4	1	4		15	17	16	36	15	17	7	9	4	15		13	7	20	6	27	1	1	10	1	20	10	2	3
BR,GB,IT																						14		4							3							1	2	1		
BR,GB,PK																						2																				
BR,GB,PT																													9										4		6	
BR,GB,SN																																	3									
BR,GB,US																				2					2		5														1	
BR,GB,ZA																												3														
BR,HU,IE,PL																																							1			
BR,IE																																				9					9	1
BR,IN																4									4		4		2		9				8							
BR,IN,IT																																									4	
BR,IN,IT,KR,SA																																						3				
BR,IN,US																																									7	
BR,IR																																							1			
BR,IS,US																																						3				
BR,IT									1	4		15	5	9			7			2	16	3	5	2	11	2	9				2		3	7		5	9	12	13	3	11	15
BR,IT,PL																																										6
BR,IT,RO																																							13			
BR,IT,US																																				5						
BR,IT,UY																																			4							
BR,JP																					1			1														4				
BR,JP,TW																																								3		
BR,KW,US																															31											
BR,MX															2					1										2												1
BR,MX,SE																																								3		
BR,MX,US																				2																						
BR,MY																																		4								
BR,NL																	4					1	2															2				
BR,PE,UY																																										3
BR,PK																																					3	8	2	1		
BR,PK,SA																																								12		5
BR,PL																					1		2	1			2	2			8	3		4	1		15					2
BR,PL,PT,UA																																										7
BR,PT															11					3	3		1		3			44			13	43	24	14	31	3	18	1	31	15	12	32
BR,PT,RU																														7												
BR,PT,TR																																							9			
BR,RO																																	4	5								
BR,RO,US																																						3				
BR,RU																					3				1																16	
BR,SE																1															2									4		5
BR,SN																																1										
BR,SS			7																																							
BR,UA																						1			1																	
BR,US													2						8	15	2	7		17	29	20	3	15		12	1	5	27	27	9	39	25	27	27	32	17	6
BR,UY																													2		6			14	6		7	14		12	28	15
BR,VE				1																															2		5		7			
BR,ZA																																	10								2	
BR,null														1		1				1																						
BW																	4	4	1	4	4	5	3	2	4	39							4							3	3	4
BW,ET																																										
BW,ET,IN,MY,ZA																																										
BW,GB																				2	2							4	2		5											
BW,GB,ZA																																										
BW,US													14																													
BW,US,ZA																													14													
BW,ZA																					17							3	3	6											4	
BY	1	15	20	1	14	1	1			19	19	11	24	2			15	1	6		23	6	2	5	14	15	5	10	45	18	8	3	33	1	41	4	4	29	8		1	6
BY,CH,DE,FI,RU																																						8				
BY,CH,RU																									7																	
BY,DE																22						18	1		3	3	2	16	4	3			5	7	3	12		1				
BY,DE,EE,LU																												1														
BY,DE,FR																																			10	8						
BY,DE,MD																														6												
BY,DE,RU																																	6							6		3
BY,DZ,FR																																						24				
BY,ES,PL																																							2		3	
BY,FR																						1															7				59	48
BY,FR,IN,SA																																									36	
BY,FR,RU																								9			5															
BY,GB																														20				6								
BY,PL													2		3	1																				6						
BY,PT																							1																	2		
BY,RS																																	2									
BY,RU			8	1							1			3							2	4		6		2	1		3	7		5		5		17	9	37	4	17	9	5
BY,RU,US																																						2				
BY,US																																			2							
CA	590	333	280	353	403	278	378	614	320	268	152	246	275	163	296	1459	1049	1224	1070	1296	1233	1073	1318	1133	1520	1194	1039	1582	1881	1768	1669	1676	1433	1207	1038	1059	1164	1011	1023	508	757	738
CA,CH												8	6				20	4													36	20	55		9	3	16	8			1	
CA,CH,CN																																								15		
CA,CH,CZ,IN,IT,NL																											5															
CA,CH,DE																																		7			1					
CA,CH,DE,ES,IT																																41										
CA,CH,ES																																						2				
CA,CH,FR																				9											7											
CA,CH,FR,NL																																	3									
CA,CH,GB																											1								2							
CA,CH,IL											3																															
CA,CH,IR																																									4	
CA,CH,IR,IT,PT																																								13		
CA,CH,IR,PL																																			2							
CA,CH,NZ																			16																							
CA,CH,US															4																2			7								
CA,CL											4			23					1	1											25	1										
CA,CL,DE																																	11	4								
CA,CL,FR																																14										
CA,CL,US																												11														
CA,CM,DE																																								2		
CA,CN				2	2	3				4				1			10			1				1	15			18	19	25	30	1	12	37	25	3	43	15	71	34	3	40
CA,CN,DE																																4									5	
CA,CN,DE,FI																																	6									
CA,CN,ES,US																																						4				
CA,CN,FR																																									5	
CA,CN,FR,PT																																					1					
CA,CN,GB																												1		8						7						
CA,CN,GB,JP																																			1	2						
CA,CN,HK																				1																				4		
CA,CN,IN																										2																
CA,CN,IR																																							1			
CA,CN,JP																															2								10			
CA,CN,KR,SE,US																																								4		
CA,CN,MY																						4							3													
CA,CN,MY,TH																													3													
CA,CN,NL																																		7				8				
CA,CN,PK																																									4	
CA,CN,SE,US																																								5		
CA,CN,TW																																				4						
CA,CN,US			1																			5							7	21												6
CA,CN,null																																1										
CA,CY,GR,RU																																9										
CA,CZ													1																							2			1	1		
CA,CZ,DE																																								5		
CA,CZ,SK																													6													
CA,CZ,US																																				3		4				
CA,DE	1			1	1	2		5	4		3	1	2	2		11		4		3	36	2	2		2	11	3	9	7	30	34	31	66	63	17	61	32	27	89	116	101	30
CA,DE,DK,NL																																							2			
CA,DE,ES																																						3	3			
CA,DE,FI																																	1						2			
CA,DE,FR																											1		16	17		1			4			6		1		
CA,DE,FR,GB,US																																	27									
CA,DE,FR,US																													1		14						1					
CA,DE,FR,null																												5														
CA,DE,GB																										2							2	2					11	10		
CA,DE,GB,US																																	6									10
CA,DE,GB,null																													4													
CA,DE,GR											31																															
CA,DE,HR																																					1					
CA,DE,HR,IT,PL																																									1	
CA,DE,HR,US																																							1			
CA,DE,HU																9																	2							3	2	
CA,DE,HU,IT																							2																			
CA,DE,IE																													20													1
CA,DE,IE,NL																															4	5										
CA,DE,IL																																				1						
CA,DE,IN																											4															
CA,DE,IT																			6			3									18											
CA,DE,JO																												14														
CA,DE,JO,SA																															6											
CA,DE,JP																																							11			
CA,DE,JP,RU,US																								2																		
CA,DE,NL																								7			12	4		8	9											
CA,DE,NL,RU,US																								1																		
CA,DE,NO																												14														
CA,DE,PK																																	4				13					
CA,DE,PL																																				1						
CA,DE,RU																													2								3			1		
CA,DE,RU,TR																																		4								
CA,DE,SE																											1															
CA,DE,UA,US																					1		16					6														
CA,DE,US																1														5	24		20	7	8				22	9		
CA,DJ																												2														
CA,DK																					1									5												
CA,DK,EE																																							1			
CA,DK,FR																																		7								
CA,DK,NL																																								2		
CA,DZ																															10											1
CA,DZ,GB																														4												
CA,EG														4																5		9	16	42		15		21	17	27	5	
CA,EG,ES																																									1	
CA,EG,SA																																									2	2
CA,ES										5			4	6		8		29	8	16	41			11	11	3	4			4	9		7		6	24	62	1	7	4		8
CA,ES,FR																		2											1										6			
CA,ES,GB																1												5					4	6								
CA,ES,GB,IN																																				2						
CA,ES,GR																																		8								
CA,ES,GR,PT,US																																	3									
CA,ES,IR																													1													
CA,ES,MX,null																														2												
CA,ES,PT																																				2						
CA,ES,US																																1			5				2			
CA,FI																										19	1	11	44	15	3	12		3	10	8	22	4			8	7
CA,FI,GB																																						3				
CA,FI,GB,RU																							2																			
CA,FI,IE,US																																	3									
CA,FI,JP																																							6			2
CA,FI,JP,US																																										4
CA,FI,PL																																		1								
CA,FI,RU,SE																							13																			
CA,FI,SE																																				12						
CA,FI,SK					1																																					
CA,FI,US																														4	1											
CA,FR	5		11	4	3	2	3	5	8	5	6			2	9	12	3	17	1	9	43	33	3	9		25	22	22	82	93	65	58	69	45	25	53	27	60	12	49	26	64
CA,FR,GB																								38		16														2		1
CA,FR,GB,IN																													10													
CA,FR,GB,TR																															2											
CA,FR,GB,US																																		1								
CA,FR,HU														3			9																20									
CA,FR,IE																											5															
CA,FR,IN																												3	5													
CA,FR,IT																	3					4							12		4		3		9							
CA,FR,JP																																9										
CA,FR,MA											1		4				3																									
CA,FR,PK																																										8
CA,FR,RU																														3	5											
CA,FR,TN																																		3								
CA,FR,TW																																						2				
CA,FR,US										6												1										21	6		2		1		5		16	14
CA,GB	2		16	16	3	9	15	1	10	3	7	8	17	25	32	10	55	9	26	2	24	31	10	43	26	8	14	12	29	58	45	11	28	60	61	49	18	15	26	37	16	22
CA,GB,HK																																		11								
CA,GB,IE															5				5																							
CA,GB,IN					6															2		14	35	7	15	48	23	2	9					19								
CA,GB,IN,MX																								7																		
CA,GB,IN,US																					4	5																				
CA,GB,IT																28								2								2		6			1					
CA,GB,JM																														20												
CA,GB,JP																				4																		7				
CA,GB,KE,ZA																																									4	
CA,GB,MY																																				9						
CA,GB,MY,PK,US																																								2		
CA,GB,NZ,US													15																													
CA,GB,OM																																							1			
CA,GB,PK																																										1
CA,GB,PL																																			1							
CA,GB,PT							6		15																																	
CA,GB,RO																							4		10																	
CA,GB,RU																									15			10	48	6		8	15	14		3						
CA,GB,SA,US																																	4									
CA,GB,TR																									3																	
CA,GB,US									2					1										11	16						18		32	1	4	19		1				
CA,GB,ZA																														5												
CA,GB,null																												3														
CA,GR									1		15				4		1		4								11															
CA,GR,PL																												7														
CA,GR,PT,US																																		18								
CA,GR,RU																											4															
CA,GR,US																																	2	3								
CA,GR,null																												3														
CA,HK																															6									7		12
CA,HK,US																					1																					
CA,HR																						2												3						2		
CA,HR,IN																																					44					4
CA,HU									2									1				1																	2			
CA,HU,IT																15																										
CA,HU,UA,US																									2																	
CA,HU,US																																5										
CA,ID,JP																													4													
CA,IE				1	2	5		2		58	11				4		1	2					1		2			7								9				26		
CA,IE,IN																								19																		
CA,IE,US																																	3									
CA,IL										3						1				3						1		1	2	3		12	6						1			
CA,IL,US							11																																			
CA,IN					20			21				10					3	3		15		9	13			33	12	6	11		18	5	5	15	49	48	11	10	10	24	15	9
CA,IN,IT																																		6								
CA,IN,IT,US																						10																				
CA,IN,JP																																		2								
CA,IN,MX,VE																																			6							
CA,IN,NZ														12																												
CA,IN,US																				2									6	10							6					
CA,IR				8							7							8		17		7	10		13	5	4	3	10	58		72	15	1	1	1	9	4	12	15	6	3
CA,IR,KR,PL,SI																																				2						
CA,IR,PL																																				2				1	6	
CA,IR,PL,SI																																					4					
CA,IR,RU																																									3	
CA,IR,US																													4										4			
CA,IT					13		8			2			2	3		9			2	3			17	4	4	12	7	24	4	10	11			20	8	22	18	11	26		21	8
CA,IT,JP																									6													1				
CA,IT,NL																				1																	17					
CA,IT,RO																	7																									
CA,IT,US				2																										5										22		6
CA,IT,US,VE																													6													
CA,JM																																		33		1				1		
CA,JM,US																																								3		
CA,JO																					3					9	42	11		20		10							1			
CA,JO,JP																																						4				
CA,JO,US																																						2				
CA,JP	22			1	3				4								1	2			4	2			4	6	4		6	32	33	33	10	4	11	25	14	14	9	34	6	3
CA,JP,RU,US																					2																					
CA,JP,US																				4									7				3					2		5		
CA,JP,null																												1														
CA,KR																		3		2	5		4	2	2	1	2	4	2	3	4	2	17	6		5					1	3
CA,KR,US																				3																						
CA,KW																																							4			
CA,KW,TR																																							4			
CA,KW,US																																					4					
CA,LB																																							3			
CA,LY																																	1									
CA,LY,PL,US							3																																			
CA,MD																										24		18														
CA,MD,RO																													8	10			32	18								
CA,MD,US																												2		3												
CA,MX																							2			8			2							2		24	8			
CA,MX,US																							14																			
CA,MY		2			12	1	14		2																										3							
CA,MY,US									2	4																																
CA,NG																													1													
CA,NG,US																																				18						
CA,NL		1						9				9									6		6	8	9	3	2	16	3	9	35	26		8	2	14			3	1	9	
CA,NL,PK																												2	10		19	8										
CA,NL,TW																					2																					
CA,NL,US										4												1						2														
CA,NO																										15		8	2								5	7			15	
CA,NZ																			1									8									3					
CA,NZ,PK,SA																																										5
CA,NZ,US																			12	7																						
CA,NZ,US,VE																																	4									
CA,OM																																					4	13	1			
CA,OM,PK																																							2			
CA,OM,US																																										
CA,PK						20										2				1		8			7		17		3		6	5	18	4	9	17	4	31	10	5	5	9
CA,PK,SE																																						6				
CA,PK,US																																14				3			2			8
CA,PL				1								1			2														10		2						10	5	5	8		
CA,PL,SK																				5																						
CA,PS,PT,SA																																					2					
CA,PT																					6				12				35	14	5	3			3							
CA,PT,RU																													5													
CA,PT,US																																		3	6							
CA,QA																																		9								
CA,QA,SG																																			15							
CA,QA,US																																	7									
CA,RO																	1	5		10		5	6																2			
CA,RU													9			16		13			14			6	4		1		4	7	2	15				14	7					
CA,RU,US																																11								2		
CA,SA																																		12				1	1		3	
CA,SA,US																																										6
CA,SD				1																																						
CA,SE														3			3					2	6						2	2					8				12	1	11	16
CA,SG																		11		16	13		8	3		6																
CA,SK						4										1													5	3												
CA,SK,US																															1											
CA,TH,US																																						10				
CA,TR																							15										6		5	5		5	3	3		
CA,TT,US																					3																					
CA,TW																		4						5									10		1	2	42					
CA,TW,US																											6															
CA,UA																																					5			11		
CA,UA,US																						2								5									13		1	
CA,US	27	21	29	10	4	20	12	21	38	5	2	66	4	21	2	51	54	31	3	53	39	36	33	14	69	32	78	104	237	179	175	96	163	174	161	123	181	77	60	160	93	134
CA,US,null																													11													
CA,VE																											2	1														
CA,ZA				1			2	6	5																10	4					11	37	12									
CA,null						1															17								5													
CD,ZA																																									3	
CH	273	194	249	240	190	170	224	247	236	264	254	290	207	152	83	357	567	358	606	548	616	390	446	791	836	782	560	881	666	572	573	483	734	865	771	511	388	427	482	545	626	532
CH,CL,DE																																			2			5				
CH,CL,DE,IT																																				4						
CH,CL,DE,NL																																								6		
CH,CL,ES,FR,US																																								3		
CH,CL,FR																			9																							
CH,CL,NL																																								4		
CH,CN														4							6					4		11	2	8		4	32	19		3	19	18	41	4		
CH,CN,CU																																									8	
CH,CN,CU,DE																																										8
CH,CN,DE																																			4							
CH,CN,DK,US																																								2		
CH,CN,ES																														2												
CH,CN,ES,IT																																									4	
CH,CN,ES,PT																																					8					
CH,CN,FR																																				1	7		7		14	
CH,CN,FR,GB																																							1			
CH,CN,FR,TN																																										
CH,CN,GB																																			1							
CH,CN,HU																																					3					
CH,CN,IN																							3																			
CH,CN,PK																																					4					
CH,CN,US																															2							3				
CH,CO																											1															
CH,CR,ES																																								1		
CH,CY,GR																						4																				
CH,CZ																								15		22	82	11	16		1	27	9	6		14						
CH,CZ,DE																				3																				2		1
CH,CZ,DE,HU																																		1								
CH,CZ,DE,IN,IT																											5															
CH,CZ,ES																																2										
CH,CZ,FR																														1	2	1										
CH,CZ,FR,TR																													1													
CH,CZ,GB																															1											
CH,CZ,GB,US																															3											
CH,CZ,IN																									1																	
CH,CZ,IN,IT																									1																	
CH,CZ,IN,IT,NL																										2																
CH,CZ,IN,IT,NL,US																										9																
CH,CZ,IT																																									12	
CH,CZ,IT,SE																																				10						
CH,CZ,SA																																			3							
CH,DE	12	35	3	33	6	13	3	59	57	41	2	27	81	62	42	36	56	18	43	57	48	20	4	52	45	42	48	19	107	82	110	90	94	16	66	42	23	147	74	40	109	60
CH,DE,DK													1			1															1	4										
CH,DE,DK,FR,RU																																	2									
CH,DE,DK,GB																									8															1		
CH,DE,DK,JP																																				4						
CH,DE,ES																							22									17	2	9	14		7			11		
CH,DE,ES,MD																														1												
CH,DE,FR						2					1				1							1												10	25	3	56	27	15	6		
CH,DE,FR,GB,US																																										1
CH,DE,FR,KR																								1																		
CH,DE,FR,NL																																	3									
CH,DE,FR,null					3																																					
CH,DE,GB																10		6	8					1							23	9	30	27					55			
CH,DE,GB,IT																																			2							
CH,DE,HU																																						14				
CH,DE,HU,IT																																									2	
CH,DE,IE																														11												
CH,DE,IT													5			9				3										5	10		9	7						37		
CH,DE,IT,MX																																										2
CH,DE,JP																													6													
CH,DE,JP,PL																																				1						
CH,DE,MD																															8	2							1			
CH,DE,NL																											4		18						13		7					
CH,DE,NL,US																															7											
CH,DE,PK,SA																																	1									
CH,DE,PL																																	12	18	18	1		18		11	9	
CH,DE,PT																								8		9																
CH,DE,RS																																13						5				
CH,DE,RU																		9													1									4		
CH,DE,SE																																			8							5
CH,DE,UA																							4																			
CH,DE,US													6			1			10		2	7										1					2	11		6	12	1
CH,DE,VE																																				7		2				
CH,DE,ZA																6														22				17								
CH,DE,null									10					6		2																										
CH,DK																			1										1												2	
CH,DK,FR																																			3							
CH,DK,FR,GB,IT																															4											
CH,DK,GB,US																																1										
CH,DZ																														1								3		3		
CH,DZ,FR																																						1				
CH,EC,US																																							1			
CH,EE																																							8			
CH,EG,US																														1	4											
CH,ES	14																5					4	21	52	2		1	61	3	60	23	38	41	39	47	57	60	70	36	57	26	12
CH,ES,FI																			2																							
CH,ES,FR																			9		16		9		3												3			19		
CH,ES,FR,IT																														4												
CH,ES,FR,MA																1																										
CH,ES,FR,NL																								9																		
CH,ES,FR,PT																																	2									
CH,ES,FR,US																																									14	
CH,ES,GB															1																	14	3								13	
CH,ES,GB,IN,JP																										1																
CH,ES,GB,IT																																	15									
CH,ES,GB,JP																																				13						
CH,ES,GB,PT																																			2							
CH,ES,IN																				3	1					2									14							
CH,ES,IN,IT																																										4
CH,ES,IN,JP																								1																		
CH,ES,IR																																			1							7
CH,ES,IR,PT																																										16
CH,ES,IT																						9						26	9			13	11			5						
CH,ES,IT,TW																																		5								
CH,ES,KR																											1															
CH,ES,NL																																5										3
CH,ES,PT																				3																						
CH,ES,RO																											1															
CH,ES,RU,US																																							1			
CH,ES,SA																																				1						
CH,ES,TW																																				3						
CH,ES,US																											1															
CH,ES,ZA																																		8								
CH,FI							2	3										5														2										
CH,FI,FR																																2										
CH,FR	2		1			4	1	4	4	4		3		2		3		6	23	23	43	77	58	33	97	84	35	33	32	8	52	53	42	23	69	23	39	32	16	83	67	44
CH,FR,GB																													15			2		11	13					2		
CH,FR,GB,IN,JP,US																										8																
CH,FR,GB,IT																																				3						
CH,FR,GB,PL																																									3	
CH,FR,GR										1																																
CH,FR,HU																					1																					
CH,FR,HU,IT																																								1		
CH,FR,IN,IT																															2											
CH,FR,IN,RO																																										1
CH,FR,IT																					2	1		5	1						4			12				4		3	17	
CH,FR,IT,PL																																							1			
CH,FR,IT,RU																																					40					
CH,FR,JP																																2										
CH,FR,ML																																								6		
CH,FR,NL																															3											
CH,FR,NO																													1													
CH,FR,PL																																									21	
CH,FR,PT																																		2								
CH,FR,RO																														1												
CH,FR,RU																																			2							
CH,FR,SI																										3																
CH,FR,TN																																	4									
CH,FR,US																			4				1		2				1	3		6		6		5	1	3		2	2	3
CH,FR,null																														2												
CH,GB		1		4			2					13			2	7		37		27	2	9	22	46	18		3	81	14	47	16	34	7	51	30	3	17	7	29	7	9	76
CH,GB,IE																														3	28	1							1		9	
CH,GB,IN																					8																3		1			
CH,GB,IN,JP																						1																				
CH,GB,IT			2										1																			5			2					4		
CH,GB,MD																								3																		
CH,GB,MD,null																												2														
CH,GB,NL																												68		6									9			
CH,GB,RU																											9									29						
CH,GB,SE																						2																		2		
CH,GB,SG																																					4					
CH,GB,SI																																1		8								
CH,GB,US																	12	1	6	4										6			7		1		51		3			
CH,GR																											3					3	4									
CH,GR,NL																																		2								
CH,HR			3																									1								3		5				
CH,HU												3	9		1	2								46	9								12			2	1			21		
CH,HU,IT											2																												11			
CH,HU,IT,US																							8																			
CH,HU,JP									2																																	
CH,HU,PL																																			4							
CH,HU,RU																1																										
CH,HU,US															3							14													18		2				7	
CH,IE																														8	80	9	9								1	13
CH,IE,SG																																						1				
CH,IE,null																												6														
CH,IL										1																9					11		1									
CH,IL,IT,SE																																								4		
CH,IL,US																																		1								
CH,IN																		1		4	2		3		1	22	58	69	27	49	42	4	24	43	23	2		13	5		5	
CH,IN,IR																															2											
CH,IN,IT																									7								16		6							
CH,IN,IT,TW																																		5								
CH,IN,IT,US																																					15					
CH,IN,JP																											2									1						
CH,IN,KR																																	5									
CH,IN,MX																																	8									
CH,IN,MX,MY																																	8	2								
CH,IN,NL																																										
CH,IN,PL																																							4			
CH,IN,PT																																		7		4						
CH,IN,SA																																			6							
CH,IN,US																										5	12		11	26			12	1								
CH,IR																					5	16			1	3	8		1	4	1	6	3	4	13	19	3	3	2	5	6	
CH,IR,IT																																										1
CH,IR,IT,PT																																									5	
CH,IR,PL																																				2						
CH,IR,SE																																								1		
CH,IR,US																																								3		
CH,IT	18	21	33	57	71	51	63	53	30	114	50	44	22	4	24	143	53	67	98	95	66	34	52	31	101	43	39	44	13	36	24	43	58	14	41	30	39	103	15	15	41	19
CH,IT,MD																										2																
CH,IT,MD,PL																										3																
CH,IT,MX,TH																												2														
CH,IT,NL																11																			4							
CH,IT,PL																																					7			4		
CH,IT,PT																													1			8								5		11
CH,IT,PT,US															10																											
CH,IT,RU																										4				18												
CH,IT,SE																															7											
CH,IT,TW																																	13									
CH,IT,US															10		21			3			8		38																	
CH,JP																				4				7		3	3	17	1	9	1	29	1		5	2	5		8	3	3	9
CH,JP,US																																		2								1
CH,KR																												2		6				1				1	4			
CH,KR,US																													7													
CH,KZ,US																																					4					
CH,MA																1																										
CH,MD																										2				12	2											2
CH,MD,PL																								6	9								3									
CH,NL	7			1								2		5				1		17	3	4	2				15	2		1	9	1	13	14	21		11	8	11	4	2	
CH,NL,SA,ZA																																										
CH,NL,US																											6															
CH,NO																								6				10								4						
CH,NO,US																																					8					
CH,NO,ZA																																									2	
CH,NZ		8				2			3			50																		9			4			15						
CH,NZ,RU																																			6							
CH,NZ,SG																																7										
CH,PK																														6				13			6	9			6	
CH,PK,SA																														8										4		
CH,PL																1	2	7					2	2			1					2	4	10		36	24	60			19	
CH,PL,RU																								3																		
CH,PL,SI																																1										
CH,PL,US																													1													
CH,PT																									9		4	5	18	3		15		2		6					14	
CH,PT,US																				12																						
CH,QA																																				8						
CH,RO																									3										16			1				
CH,RS							3									1																				4			2	20	69	17
CH,RS,SI																											4															
CH,RS,ZA																																							10			
CH,RU														2		17	7	9			6	14		21	25			4					2	1		17	2	3	14	8	24	3
CH,RU,US																																									3	
CH,RW																																									2	8
CH,SA																							3				2									4						
CH,SE			15						5								3		6					19		65		1												11		35
CH,SE,SG																																	2									
CH,SE,US																										1				5				1								
CH,SG																				3						4					4								3			
CH,SK																5																		1						7		
CH,TH																																			2							
CH,TR										5									18									15		13		4			8	24	13		1	2		
CH,TW																																	10	26								
CH,TW,US																																1					9					
CH,UA																							1	1					1		3											
CH,UA,US																																	1									
CH,US					2		4				5	4	43	1		5	37	3	4	20	4		24	1	23	23		21	12	40	4	61	25	32	23	16	38	41	7	41	9	53
CH,US,ZA																																7		8					7			
CH,UY																																										9
CH,VE																							2							26									8			
CH,ZA																													20		20		16	12	2	5	2	9	19		5	17
CH,null					3			16					3	4														32	22													
CI,RU																														1												
CL	7	3	16	13	7	18	21	16	54	34	51	11	43	32	50	64	62	30	53	26	23	74	85	116	17	46	27	15	50	31	58	11	42	29	41	18	57	4	17	40	42	17
CL,CN																																									2	
CL,CN,CZ,DE																															12											
CL,CN,IN,US																																									6	9
CL,CN,US																																									1	1
CL,CO																																						14			4	2
CL,CO,DE																																					1					
CL,CO,ES																																						1				
CL,CO,UY																																					1		9			
CL,CU																														5												
CL,CU,DE																																							56			
CL,DE			13		13			7		14		3											8	6			11	4			14	11	18			7	4		9	5	30	
CL,DE,EC,IT																																						5				
CL,DE,ES																																	2								8	
CL,DE,ES,MX																																								5		
CL,DE,FR																									3																	
CL,DE,FR,RU																																										2
CL,DE,IN																														11												
CL,DE,IT																																									11	
CL,DE,PE																														4												
CL,DE,US																														3											7	31
CL,DE,null										13																																
CL,DK																																										
CL,EC																																				2						
CL,ES	34	18		10	16		1	1								9	11			13	16	4		1	2	9	13	26	8	7	33		42	5	11	30	19	7	13	10	4	
CL,ES,FR																					3	29		26	7		5						10							4	3	2
CL,ES,FR,GB																							4																			
CL,ES,FR,VE																					5																					
CL,ES,GB																																				13					3	
CL,ES,IE																																		11								
CL,ES,IN																																			6							1
CL,ES,IN,JP																																						3				
CL,ES,IT,US,UY																																6										
CL,ES,JP																																						1				
CL,FR			1		6	3	12		7		4	9			7	11	21	4	9	7	4	11	29	2	13	8	20	17	3	42	21		13	12	20	8	34	11	33	12	7	14
CL,FR,GB																														1		3		2	3					1		
CL,FR,IN																										4																
CL,FR,IT																																			12							
CL,FR,JP,RU																																										18
CL,FR,MA																7																										
CL,FR,RO																															1											
CL,FR,US																														2												
CL,FR,UY																1																										
CL,FR,ZA																										2		2														
CL,GB																3			9										15									6			6	
CL,GB,IN																											3														2	
CL,GB,VE																	8																									
CL,HU,PT																									6																	
CL,IE																										1				2												
CL,IN																																	2		4		23	4		5		4
CL,IN,TW																																									1	9
CL,IN,US																																16									1	
CL,IQ,VE																																									5	
CL,IT																		2																				4	9	10		11
CL,IT,US																							17			2			3	9		11										
CL,MX																									6		4						2						2		6	
CL,PE,VE																																							5	5		
CL,PT,UY																																		8	3							
CL,RO,VE																	23																									
CL,RU																																		13								
CL,SI																																								1		
CL,US	12						5	33			1					3			9	5	6	5		10	1			4	17	11		11	9	7		1	16	39	10	41	13	17
CL,US,VE																				1																						
CL,UY																												8						1								
CL,VE	1																8	10		4		4			4									5	10	4		15				
CL,null						8																																				
CM									2						6	3																	3									7
CM,CN																																								2		
CM,DE							2			2	1		1															3	4													2
CM,DE,US																																				7		7				
CM,DE,ZA																												1														
CM,ES,GA,TD																																								2		
CM,ES,IT																																	1									
CM,FR																																				20		3				
CM,FR,GA																																										
CM,FR,GB																																									1	
CM,FR,SA																																										1
CM,FR,SE																																										2
CM,GB																		2																								
CM,GB,PK,ZA																																		1								
CM,GB,ZA																																						4			3	
CM,IN																																					1					
CM,NG,ZA																																	1									
CM,RO																																									2	
CM,SA,US																																										2
CM,TN																												10														
CM,US																																										1
CM,ZA																																				2						
CN	1	3	6	45	27	55	155	174	253	214	271	328	365	365	527	633	1095	950	949	1250	1412	1443	2044	2171	2481	3345	3532	3682	4077	3975	4825	4484	6124	6550	6540	6279	6464	5977	6386	5694	6241	6745
CN,CU,FR																																1										
CN,CY,GR,IN																																										2
CN,CZ																													5					5	5			6	4		4	6
CN,CZ,DE																							33					17	11	1											12	
CN,CZ,DE,JP																							4																			
CN,CZ,EG,RS,SK																																								4		
CN,CZ,GB																																				1						
CN,CZ,IN																						2																				
CN,CZ,JP,TW,US																																				4						
CN,CZ,LT,SE																																	1									
CN,CZ,PL,US																															9											
CN,CZ,SK																																		1								
CN,DE										4			14		1	1	7	16	5	1	3	21	39	13	25	15	26	62	89	35	105	110	152	69	93	148	196	152	193	147	167	160
CN,DE,DK																																					3					
CN,DE,DK,JP,US																																								2		
CN,DE,ES																					26													28		1		6			14	
CN,DE,ES,GB																																	3									
CN,DE,ES,HU																																										7
CN,DE,ES,US																																										
CN,DE,FI,FR																																								5		
CN,DE,FI,GB																																										4
CN,DE,FR																																4		14								
CN,DE,FR,RO																																			1							
CN,DE,FR,US																																	2									
CN,DE,GB																												9							5					4	14	2
CN,DE,GB,MY											13																															
CN,DE,HU																																							1			
CN,DE,IE																													4	2												
CN,DE,IL																																									2	
CN,DE,IL,IN																								1																		
CN,DE,IN																					1				2										1	4		1			4	4
CN,DE,IT														9										12									14									
CN,DE,IT,SA,US																																								1		
CN,DE,JO,PK																																							1			
CN,DE,JP																								3		6											3	8	13			
CN,DE,KR																																		5	1							1
CN,DE,MX																														2												
CN,DE,MY																	1					9																				
CN,DE,NG																																		12								
CN,DE,NL																																				6						15
CN,DE,PK																																				5						
CN,DE,RO																																				1						
CN,DE,RU																									3							7				6		9				
CN,DE,SG																																								25	1	
CN,DE,SK																							2																			
CN,DE,TH																																		2								
CN,DE,TW																																								2		4
CN,DE,TW,US																																					1					
CN,DE,UA																																						7				
CN,DE,US			2											1		1		14				4		1								6	4	10		32		1		23		3
CN,DE,US,null																														1												
CN,DE,null																													8													
CN,DK																																				6	2	1	21	19		2
CN,DK,ES																																			1							
CN,DK,KR																																								1		
CN,DK,KR,SE																																								1		
CN,EE,FR																																								6		
CN,EG				1		1		2		1		12	7																									1				7
CN,EG,IT,PK,SA																																										5
CN,EG,PK																																							3	2		
CN,EG,PL																	1																									
CN,ES																						7	19	17	7	9	10	8	7	2	7	7	27	28	1	19	5	41	14	4	1	46
CN,ES,FI,IT,NL,US																														1												
CN,ES,FI,LT																																								7		
CN,ES,FR																							19					1			2	2		1	3			5				
CN,ES,FR,IN,IR,US																														2												
CN,ES,FR,JP																																						8	28			
CN,ES,FR,JP,US																																		30								
CN,ES,GB																																										
CN,ES,GB,IN																									3																	
CN,ES,GB,IT																																									5	
CN,ES,GB,SG																																					4					
CN,ES,IN																							3			6		2		1	11											
CN,ES,IT																																						2				
CN,ES,JP																						1										8	18	17	57	24			3	6	31	
CN,ES,JP,US																																					4			1		
CN,ES,KR																																								2		
CN,ES,NL,RS																																							1			
CN,ES,PT																																			4							
CN,ES,US																														1						5	1	1		1	1	
CN,FI																																	1					22		5	3	7
CN,FI,GB																																					2	1	3	1		10
CN,FI,GB,RU																																	25									
CN,FI,NL																														1												
CN,FI,SE																																				5						
CN,FR														1				4						12	5	8	1	25	21	21	9	14	57	47	14	39	82	132	72	48	130	64
CN,FR,GB																																					29	13	3			
CN,FR,GB,PL																																				18						
CN,FR,GB,US																																	8					3				
CN,FR,HK																																						3	13			
CN,FR,HK,JP																																								1		
CN,FR,IE																																					3					34
CN,FR,IE,NO,SK																																					3					
CN,FR,IN,US																																							1			
CN,FR,JP																																						3		3		
CN,FR,JP,US																																					3					
CN,FR,MO																																	1			1					59	
CN,FR,MY																																									12	
CN,FR,NL																														1												
CN,FR,RU																																							1			
CN,FR,SI																																							2			
CN,FR,TN																																								1		
CN,FR,TW																															5			1								
CN,FR,US																															9		3	2			3	10		11	8	8
CN,FR,ZA																																						1				
CN,GB								1				3	1			16		1			5	12		1		8		68	41	27	174	183	142	124	66	70	111	77	72	114	124	64
CN,GB,GR																														5												
CN,GB,HK																								3	1								9		6	4					2	
CN,GB,HK,IT,OM																																										3
CN,GB,HK,OM																																							1			
CN,GB,HK,OM,US																																						9				
CN,GB,HU																																	2									
CN,GB,IN																						2	1								6							3		2	5	6
CN,GB,IN,IT																														3							1					
CN,GB,IT																														17		25		5								
CN,GB,JP																															1	4		5	11	6	5	17		4	4	1
CN,GB,KR																														6												
CN,GB,MY							6														4				3																	
CN,GB,NL																																						1				
CN,GB,OM																			5																							
CN,GB,PK																					12																					
CN,GB,PL																																			5							
CN,GB,RU																										3		5														
CN,GB,SE																																				2				6		
CN,GB,SG																																									8	
CN,GB,TW																																	4									
CN,GB,US																														9	14	7		1	28	6	17			11	12	
CN,GN																																1		1	1							
CN,GR																							1			1					3											
CN,GR,IN,RU																																		2								
CN,GR,JP,TW																																									3	
CN,GR,US																																								30		
CN,HK						6				9		1	6	1	13	30	30	17	39	40	42	47	41	73	7	21	19	37	62	86	37	29	21	40	62	42	61	99	109	97	163	141
CN,HK,IT																																		4								
CN,HK,IT,MO,TW																																				2						
CN,HK,JP																				1																						
CN,HK,JP,US																																					5					
CN,HK,KR																																										1
CN,HK,MO																																		27			7	17			18	
CN,HK,MY																			1																							
CN,HK,SA																																						5	9			
CN,HK,SE,US																																										
CN,HK,SG																		3															3						5			
CN,HK,SK,TH																																						5				
CN,HK,TW														1														5			2					7				15	3	2
CN,HK,US																							12								14					1		1	5	2		
CN,HR													6					3														1								1		
CN,HR,PL																																		5								
CN,ID																1																										
CN,IE																																	23		2	10		16		1	2	7
CN,IE,US																																					1	2				
CN,IL																													7	5	1		2		2		2	12	1	6	17	
CN,IN												7			1	2	12	1		3	11			16			3	7	9	2	4	37	4	17		20	49	11	20	3	10	24
CN,IN,IQ,LY,SA,UA																																									3	
CN,IN,IT																															2	2				4						
CN,IN,JO,PK																																								3		
CN,IN,JO,PK,PT																																								3		
CN,IN,JP,KR																																							2			
CN,IN,JP,SA																																										
CN,IN,KR																																2										1
CN,IN,MY																																			5							
CN,IN,PK																																									2	
CN,IN,PL																																								3		
CN,IN,PT																																								6	8	6
CN,IN,PT,US																									2																	
CN,IN,RU																																							10			
CN,IN,RU,TW																																						2				
CN,IN,RU,US																																								5		
CN,IN,SA																																							10			2
CN,IN,TH																																							3			
CN,IN,TR																							1																			
CN,IN,TR,US																												3														
CN,IN,TW																					4				8																	
CN,IN,US																															3										2	7
CN,IQ,MY																																								8		
CN,IR																														2			2	10		6		13	4	11	3	4
CN,IR,KR																																			1							
CN,IR,MY,SG																																			16							
CN,IT							2							2						17			12			16		2	13	10		7	8	1	1	2	2		12	8	4	2
CN,IT,NO																													11		6											
CN,IT,SA,US																																									1	
CN,IT,TR																																								4		
CN,IT,US																																1					2		1		1	
CN,IT,VN																																							3			
CN,JO,JP																																					1					
CN,JP								2	9		2		14	3	1	25	12	6	12	28	41	60	35	89	65	62	35	41	74	71	103	67	116	134	100	58	102	38	72	46	112	102
CN,JP,KR																																	3	8		2	18	2	3	1		
CN,JP,KR,SE																																							3			
CN,JP,KR,US																																				14	7					
CN,JP,PL																																				3						
CN,JP,SE																																	1	3	2					1		
CN,JP,SE,US																																			1							
CN,JP,SG																								5			2															
CN,JP,SG,TW																																								1		
CN,JP,SG,US																												1														
CN,JP,US												31								5	1							1		5	1		1	13	3						1	4
CN,JP,ZA																																			1		5					
CN,KR																2	4									17		11	20	30	2	1	15		17	19	10	12	39	11	7	11
CN,KR,PK,SA																																							6			
CN,KR,RU																																								4		
CN,KR,US																																				5		3		3	7	4
CN,KW															1																											
CN,MO																																6	1	22	3	26	15	9		2	5	1
CN,MO,SG																																									2	
CN,MO,TW																																		35								
CN,MU,NA																																							4			
CN,MY						28	7		16	1	5	2	3			13	6		14	13	9	7	27	1		5	17	5	4	4	4	8		2			2	1	9	7	8	4
CN,MY,SG																							2																			
CN,MY,TH																				4	4	1						3														
CN,MY,TH,TR																							11																			
CN,NA																																						1		1		
CN,NG																										1			7	20	1											
CN,NL										3	4	5							11	5						2	3	5	3	3			2		6		2	10	2		7	
CN,NL,US																														1			1		4					6		
CN,NO																															26				7							
CN,NO,NZ																																		15								
CN,NZ																											4			4							1		5	50	24	11
CN,NZ,SG																			12																							
CN,None																				1																						
CN,OM																																							3			
CN,OM,PK																																								9		5
CN,PK																														8						2	2	3	7	21	3	7
CN,PK,SA																										2									2		4		1		4	
CN,PK,SA,TR																																								1		
CN,PK,TR,US																																										6
CN,PK,US																																									1	
CN,PK,US,ZA																																									1	
CN,PL									8				25															2				4	4		4	10	13	11		24	21	15
CN,PL,RS																							1																			
CN,PL,UA																																										6
CN,PL,US																																		1							8	18
CN,PR																																	7	7								
CN,PT																								15					9		36	11	7	9	6	7	3	13	13	4	3	1
CN,QA,US																																						5				
CN,RO																																	4	4		3			1			
CN,RO,SA,TN,US																																										1
CN,RO,US																													30	31												
CN,RS																																	1				1		5			
CN,RU																			10	3	1					1			2	25	2	37	14	40	46		22	15	26	41	77	35
CN,SA																									1								7	16	6	8	14	8	3	10	2	1
CN,SA,SE																																		2								
CN,SA,SG																															17					7						2
CN,SA,SG,US																																								3		
CN,SA,TW																																									4	
CN,SA,US																																								1		
CN,SA,null																																						1				
CN,SE																					4	11		10	7	7	39	11	14	32	10	41	30	37	4	8	25	6	15	14	4	40
CN,SE,SG																																								2		
CN,SE,TH																																		23								
CN,SE,US																																			2		5				2	
CN,SE,null																													6													
CN,SG										11	3		2	18		3	10	8	6	12		3	4	2	20	18	13	7	43	9	37	18	30	30	13	61	20	19	26	50	43	46
CN,SG,TW															1	3																										
CN,SG,US																								1				1	18				2					4		2	1	5
CN,SG,null																				1								13														
CN,SI																								1							7					1		1	1	3	1	
CN,TH																					2														5					3		1
CN,TR																					4	1	5										1	4		2			2			
CN,TW									6	4	14		17			14			1	2		4	11	7	6	23	1	9	11	7	11	9	35	5	25	21	51	17	44	21	27	30
CN,TW,US																																2		1	1		9	3	47	12	1	6
CN,TW,null																													4													
CN,US			16			13		8	8		9	17	3	18	11	8	24	15	32	19	2	39	51	29	52	17	58	356	420	671	535	197	462	365	325	342	497	381	320	322	170	194
CN,US,ZA																																			3	9						
CN,UZ																																							1	6		
CN,VE																																										12
CN,VN																															1						9	16	10			
CN,YE																																							1			
CN,ZA																								5				2					1	2	8	6	19		1	6	12	9
CN,null														8														4	5	8			3									
CO																	1																	1		7	1		7	6	1	
CO,CZ																																								4		
CO,DE																				6																						
CO,DE,ES,US																																			12							
CO,DE,US																																		10								
CO,DO,DZ,GB,IN,IR																																									1	
CO,EC,VE																																									2	
CO,ES																				13														5					3			8
CO,ES,GB																						5																				
CO,ES,HR,IN,IR,US																																			4							
CO,ES,MX																																							2			4
CO,ES,US																																			10							
CO,FR																													3	1							6					
CO,FR,LT																																					2					
CO,FR,VE																													1													
CO,GB,VE																								1			5															
CO,MX																															2						3	8		2	13	
CO,PR																																		4								
CO,PT																																			1							
CO,RU																																										
CO,US									1																														5			
CO,UY																																									9	
CO,VE													4			7	10							5											12							
CR																1	12	2	9	2	16	5												23								
CR,DE,ES																											4															
CR,ES																																	12		4					1		
CR,ES,MX																																							8			
CR,ES,US														2																			3									
CR,MX																														3					15							
CR,US											3	2			4					6													3									
CU					1					7				1	3	6		3					11	6				1	2						4							
CU,DE																													1				2		3				48	18		
CU,DE,US																																							22			
CU,ES																								6	6			7	6		5											
CU,ES,IT																													13													
CU,ES,MX																																4										
CU,ES,US																																12										
CU,FR,US																																9										
CU,IT									7														6	2																		
CU,IT,MX																				1																						
CU,MX																				1			12				24	6	8		3				4							
CU,US																	6																									
CU,ZW																									2																	
CY																							20	7	9			21					4	5	10		1	5	5			
CY,CZ,DE,GR,PA																																										2
CY,DE,ES,GR,US																																3										
CY,DE,GB																																			4							
CY,DE,GR																													3				2		4							
CY,DE,GR,PA,PT																																										1
CY,EG																																										3
CY,EG,ES																																				2						
CY,ES,FR,GR,US																														3												
CY,ES,GB,GR																														2												
CY,ES,GR																														1	3		2			8	5					1
CY,ES,GR,US																											7															
CY,ES,IR,PL,RU																																						2				
CY,FI,FR																																			4							
CY,FR,GR																																				4						
CY,FR,GR,US																													4	7	2	1										
CY,FR,IR																																										1
CY,FR,US																												4														
CY,GB																																				8						
CY,GB,GR																					8													3				16		11	9	12
CY,GB,GR,PT																																										4
CY,GR																				2								13	7			21	26	1	2	19	4	39		9	7	8
CY,GR,HU,US																												6														
CY,GR,IE,US																																					10		2			
CY,GR,PL																														4		6		2								
CY,GR,PL,TR																																						7				
CY,GR,PR,RO																													3													
CY,GR,SI																															2	7										
CY,GR,TR																																				1		5	2		4	
CY,GR,US																										2						3	1	2								
CY,JP																															5											
CY,TR																																			5						9	
CY,US																												17		5												3
CZ	12	25	9	38	13	18	93	33	3	20	17	5	5	4	22	91	25	39	77	357	47	101	373	166	82	217	193	193	295	345	335	555	604	923	715	649	457	443	360	399	456	281
CZ,DE		1										11	1		10	36	18	50	29	30	72	5	50	87	15	2	72	75	44	136	84	115	67	51	58	18	56	97	67	49	67	21
CZ,DE,DK																																					9					
CZ,DE,ES																					9			4											5	3	9	7				
CZ,DE,ES,IN																													11		13	20										
CZ,DE,ES,IR,PL																																	5									
CZ,DE,ES,RS																																		1								
CZ,DE,FI																													11													
CZ,DE,FR																							37	43		29		22		7					8							
CZ,DE,FR,GB																															20											
CZ,DE,FR,IN																													3													
CZ,DE,FR,NL																														1												
CZ,DE,FR,NL,PL																										5																
CZ,DE,GB													1																					34				7				
CZ,DE,GB,NL																					1																					
CZ,DE,IE																																				4						
CZ,DE,IL,IT																																									8	
CZ,DE,IN																					21	6	7	12	31		37	16	24	16	17	12	11	14	3	8			7	22	9	5
CZ,DE,IN,IT																																										2
CZ,DE,IN,IT,NL																										6																
CZ,DE,IN,PA																																									4	
CZ,DE,IN,PT																																								8		
CZ,DE,IN,US																																						4				
CZ,DE,IR																																				1						
CZ,DE,IR,PL																																									5	
CZ,DE,IT									4											10																				1		
CZ,DE,IT,PT																						13																				
CZ,DE,JP																							5																			
CZ,DE,JP,SK																																	13									
CZ,DE,LT																																						5				
CZ,DE,NL																				10	9	8	4	8											6							
CZ,DE,PL												3																			6											
CZ,DE,PT																													5													
CZ,DE,RO																																				11						
CZ,DE,RU													5			4													3						7							
CZ,DE,SI,SK																																		5								
CZ,DE,SK											4												6						1		2		2		9					4		
CZ,DE,SK,US																													6													5
CZ,DE,TR																															9											
CZ,DE,US																												3												2		
CZ,DE,ZA																																2										
CZ,DK																																				1	4					
CZ,DZ,IR,NL																																					2					
CZ,DZ,MA,TR																																									1	
CZ,DZ,SK,UA																																	1									
CZ,EE,SK																																									4	
CZ,EG,KW																																										4
CZ,ES																			14		1						2		45		5		1		6	5	21		10	13	1	
CZ,ES,FI																												16						24								
CZ,ES,FR																						7																				
CZ,ES,FR,PT																																		8								
CZ,ES,GB																														6	12								16		7	
CZ,ES,IL																									2																	
CZ,ES,IN																																										
CZ,ES,IN,IR																																		2								
CZ,ES,IR																																					1					1
CZ,ES,IR,PL																																			3							
CZ,ES,IR,RU																																										2
CZ,ES,IT,PL																																										6
CZ,ES,PL																																									8	
CZ,ES,PT																																										7
CZ,ES,PT,UA																																										1
CZ,ES,TN																																									8	
CZ,ES,US																																	10									
CZ,FI																								10				4	8													
CZ,FI,GB																																						1				
CZ,FR																	24	2	20		8	11	12	3	3				15	4	15	21	1	19	29		3	18	18	8	38	
CZ,FR,GB																													7			7	1	1							33	
CZ,FR,GB,HU																																									5	
CZ,FR,HU																														4												
CZ,FR,IN																																								4	2	
CZ,FR,IT																9				6													5				5		1			
CZ,FR,KH,UA																																			8							
CZ,FR,KR																																		7								
CZ,FR,RO																																		16								
CZ,FR,RU																																						14				
CZ,FR,SK																										18	1													3		
CZ,FR,US																						4																				
CZ,FR,US,null																													3													
CZ,GB													2	5			2	5	13	13	11	2	1	9	11	4	5	13	7		13	34	7	12			8	13	64	50	5	7
CZ,GB,GR																		1																								
CZ,GB,GR,JP,RO																			1																							
CZ,GB,GR,MX																	1																									
CZ,GB,GR,PR,RU																																1										
CZ,GB,IE																		6										5					4									
CZ,GB,IN																								2			2		2		3										14	
CZ,GB,IT																																		6								
CZ,GB,IT,PT																						18		10																		
CZ,GB,MX																2	2																									
CZ,GB,NL																				4																						
CZ,GB,PR,RU																													1													
CZ,GB,PT																						27																				
CZ,GB,SE																																	9									
CZ,GB,SK																																				2						
CZ,GB,US																				1															6		1				9	4
CZ,GB,US,null																													2													
CZ,GR																								3					13		3	1			2			1			1	4
CZ,GR,NO																																			1							
CZ,GR,SK																																									1	
CZ,HR,IT																				4																						
CZ,HU								4																							1			1	18	3	11		16	4	8	
CZ,HU,MK																																										1
CZ,HU,SK																							1															2				
CZ,IE																																							4			
CZ,IE,SK																																1	1									
CZ,IL																																		5		1			1	10		7
CZ,IN			6	1	13	26	17	25	10			4											2			1	10			8	4			4		13	5	2	8		40	11
CZ,IN,IR																																									2	
CZ,IN,IT																																						4	1			
CZ,IN,MX																																							7			
CZ,IN,PL																								4																		
CZ,IN,PT																																							5			6
CZ,IN,PT,SI																																										15
CZ,IN,QA,US																								1																		
CZ,IN,RU																																										2
CZ,IN,TW																																	2									
CZ,IN,US																																	2									
CZ,IR																														2	4		39	37	11	22	23	11	22	24	15	11
CZ,IR,NZ																																				3						
CZ,IR,PL																																	2						2			
CZ,IR,TR																																			1							
CZ,IT	16												1								32				10			14				1			7	5	4		11	6		30
CZ,IT,PL																																	8									
CZ,IT,US																				32			7	15																		
CZ,JP																															26						83	21		3		
CZ,JP,NL																																			1							
CZ,JP,US																																							5			
CZ,KW																																15	2		8		9			2		
CZ,MX																			4										7									11				
CZ,NL									4	1		2			6	11	17	1													1											4
CZ,NL,SE																											4	8														
CZ,NL,US																4																										
CZ,NO																					2							5		4											13	
CZ,NO,SK																																						1				1
CZ,NZ											2																															
CZ,PH									3																																	
CZ,PL																2					5	4	11	6	5		3	5				5		149	2	10	13	3	32	16	49	9
CZ,PL,SE																												2							2							
CZ,PL,SE,SK																													1													
CZ,PL,SK																															5	4	3	9								
CZ,PL,null										1																																
CZ,PR																												8														
CZ,PT																				3			5								17	4		10		10						
CZ,RO																							2																			
CZ,RS,SK																																								3		
CZ,RS,SK,US																																									5	
CZ,RU	1	4		8		1				4	5	5	8										6	6	5	11		16	18	21	4		4		9	22	10	1				9
CZ,SA																																					6	1				
CZ,SA,SK																																										
CZ,SE																											3							2	3	1						
CZ,SI																												1														
CZ,SI,SK																																				7		9				
CZ,SK		14			2				8		8			7	1	1		2	2	1			11	25	18	6	7	4	9	2	7	43	4	16	15	24	12	42	19	31	18	
CZ,SK,UA																																		3				2	1			
CZ,SK,US																																			11							
CZ,TN																																						2	1			
CZ,TR																																24				12						
CZ,TW																							1										6							1		
CZ,US																			5	1			1	2			24			14	38		70	21	61	15	101	58	84	7		21
CZ,ZA																	18																									
D,DE,FI																						6																				
DE	2620	3094	3127	2486	3574	2800	2782	2971	2937	2914	3181	3011	3285	2469	3449	4317	4972	5158	4504	4185	4312	4394	4288	4167	3735	3441	3716	4021	4365	3610	3722	3591	4606	4701	4221	3716	4503	3716	3821	3949	4540	3726
DE,DJ,FR,MA																																										4
DE,DK															7				3	5	9	41			3				48	17				32	20	24		13			4	2
DE,DK,ES																								4								35										
DE,DK,ES,GB																																				11						
DE,DK,ES,IN																																		5								
DE,DK,ES,null																												7														
DE,DK,FR,IT																																										14
DE,DK,FR,MD																						1																				
DE,DK,FR,US																																							1			
DE,DK,GB,MD																							18																			
DE,DK,GB,NL																																						1				
DE,DK,GB,US																															1											
DE,DK,IE,SE																																								15		
DE,DK,IN,JP,US																																										
DE,DK,NL																																										
DE,DK,PL,SE																								3																		
DE,DK,PT																						20																				
DE,DK,SE																							23				5															
DE,DK,US																																2		11	4	2	30					
DE,DZ,FR																												24											1			
DE,EE																																									13	
DE,EE,FI																														1												
DE,EE,RU																																							4			
DE,EG								2												54	15			14	2		20	25	30	6	14	3	8	22	18	22	6	2	15	25	23	15
DE,EG,FI																																				6						
DE,EG,FR																													12													
DE,EG,GB																											2															
DE,EG,GB,IT																																	20									
DE,EG,IT																								6																		
DE,EG,PS																									7																	
DE,EG,RU																											1															
DE,EG,SA																																			3							
DE,ES	12		20	23	2	45	39	63	21	15	27	28	71	63	29	75	212	74	95	132	195	195	168	224	125	106	37	132	214	215	133	187	216	90	205	116	165	74	90	74	66	51
DE,ES,FI																											14		23		7				35							
DE,ES,FI,FR											2																															
DE,ES,FI,NL,QA,RU,SE,US																																			6							
DE,ES,FI,PT																																		10								
DE,ES,FI,RU																																							12			
DE,ES,FR												3			3										15	6	17		1					3	3	3		1		4		3
DE,ES,FR,IN																													4													
DE,ES,FR,IT,US																																								1		
DE,ES,FR,MX																																	5									
DE,ES,FR,NL,US																													2													
DE,ES,FR,US																																										2
DE,ES,GB													6			5									1				1	20	35	2		18		7		16	5			
DE,ES,GB,GR																																										
DE,ES,GB,IE																																	1	7								
DE,ES,GB,IN,JP																																							2			
DE,ES,GB,IQ																																				13						
DE,ES,GB,IT																													3													
DE,ES,GB,MX																						2																				
DE,ES,GB,RO																												1														
DE,ES,GB,US																														1							27				2	
DE,ES,GR																																						5				
DE,ES,HU																																		9	3							
DE,ES,ID																												2														
DE,ES,ID,IN,US																																									3	
DE,ES,IN																								3				2	1		40	2	3	14		10	19	13	8			4
DE,ES,IN,IT																																		3								
DE,ES,IN,RS																																							9			
DE,ES,IN,SE																																			2							
DE,ES,IN,US																																	13	5		11						
DE,ES,IQ																																									7	6
DE,ES,IR																													1						1				3	1		
DE,ES,IT														4												3				3	26		3	16	7				1	2		5
DE,ES,IT,KZ,RU																								8																		
DE,ES,IT,US																													2												6	
DE,ES,JP																														2	4				23				9			
DE,ES,JP,US																																				3						
DE,ES,KR,SG,US																																					14					
DE,ES,KR,US																																							10			
DE,ES,MX																				3																		4				
DE,ES,NL																													13			1		3	2			8	4	9		
DE,ES,NL,SI																														3	4											
DE,ES,NL,US																														6												
DE,ES,NO																1							3																			
DE,ES,PE																							7																			
DE,ES,PK,SA																																			2							
DE,ES,PL																																										
DE,ES,PT																								6		10		1	1		1	8										
DE,ES,PT,RS																																		6								
DE,ES,RO																							5							1		7					4	3	2		7	
DE,ES,RS																															6			4		4						
DE,ES,RU																							5				2						3	20			1		2			
DE,ES,RU,US																																					4					
DE,ES,SE																													25											2		
DE,ES,SE,US																															1	23										
DE,ES,UA															21											3			4		7		3									
DE,ES,US																	1		73	2		3	7		2	1	23	1			4	18	52	1	7	3		4		6	6	
DE,ES,UY																					2						3		1													
DE,ES,null																													3													
DE,ET																																								7		
DE,ET,SK																																										2
DE,FI		1		1			21			2		3	2	1		10	46	4	7	19	4	35	42	9	29	14	41	51	60	52	46	64	68	102	78	22	160	42	79	166	55	23
DE,FI,FR																				2																		2				
DE,FI,FR,TR																																									6	
DE,FI,GB																																	1				5			3		
DE,FI,GB,NL																																	4									
DE,FI,HR,HU																																							11			
DE,FI,HU																						4																	14			1
DE,FI,HU,IT,JP,SE,US																													4													
DE,FI,HU,NL																																	6									
DE,FI,HU,SE																														2												
DE,FI,IE																																									7	
DE,FI,IN																											6	6							2	6						
DE,FI,IT																	3																						2			
DE,FI,IT,SE																															8											
DE,FI,NL																			3																							
DE,FI,NO																										7																
DE,FI,PL,SK																								8																		
DE,FI,PL,UA																										10	1	5					5									
DE,FI,PL,UA,US,UZ																													5													
DE,FI,RU																					9															13				3	27	11
DE,FI,RU,SE																																			1							
DE,FI,RU,TW																																						13				
DE,FI,SE,US																																		3								
DE,FI,SE,ZA																																5										
DE,FI,TR																																				1						
DE,FI,UA																												3							3							
DE,FI,US																															2											
DE,FI,null			7																																							
DE,FR	5	42	8	7	10	19	5	22	51	38	74	53	17	88	24	77	29	73	91	31	90	169	53	87	56	96	48	60	187	122	101	147	140	155	172	110	142	108	96	107	68	113
DE,FR,GB										1	3				1				1	3		3	4						5	1	1	5	17	3	8	15	8	16		8	14	
DE,FR,GB,IE,PL,SK																																									32	
DE,FR,GB,IT																				6					1																	
DE,FR,GB,PL,UA,US																																			14							
DE,FR,GB,US																											2															
DE,FR,GR										6											25										2							13				
DE,FR,HU																												1				1			4							
DE,FR,IE																												9														
DE,FR,IL																							1								2											9
DE,FR,IN																										2				5	33		8				14	4	6		16	
DE,FR,IN,IT																													2													
DE,FR,IN,US																															14											
DE,FR,IT	1										7														2	36						2		2	39			2			17	
DE,FR,IT,US																																		1								
DE,FR,JO																																	1									
DE,FR,JO,PL,US																																					4					
DE,FR,JP																																3		11	2			4	3			
DE,FR,JP,KR																																		1								
DE,FR,JP,US																																	2									
DE,FR,KR																												3														
DE,FR,MA																				11											2										3	
DE,FR,MD																												3														
DE,FR,MD,PL,RU																					5																					
DE,FR,NL																					2			7		3						8		6	6		12	7	15			
DE,FR,NL,SK,US																																										10
DE,FR,NO																																			3							
DE,FR,NZ																													5						2			14				
DE,FR,PA																																										
DE,FR,PK																																				1						
DE,FR,PL					4																										7				1							
DE,FR,PL,RU																											4			3												
DE,FR,PT																																							2			
DE,FR,RO																			7	3	2		3			9	2						8									
DE,FR,RU																								3		5			1						2							
DE,FR,RU,US																																							1			
DE,FR,SA																																					2					
DE,FR,SE		7			2																									2							15			1		
DE,FR,SG																															9											
DE,FR,SI		1																																								
DE,FR,SK																					4			2	1	1			3	17			3		9			3				
DE,FR,SK,US																													8													
DE,FR,TN																																									6	2
DE,FR,TR																						8										1										
DE,FR,UA																																									3	
DE,FR,US													23	30			8	15				10			2				7	4	65	1	8		17	1	7	8		2	29	
DE,FR,null					2									1																												
DE,GB	15		10	5	17	8	13	9	37	67	18	24	14		29	40	36	84	56	80	72	57	45	66	16	104	49	61	58	90	86	95	103	97	141	69	133	98	45	80	97	131
DE,GB,GR																										11	6			1												8
DE,GB,GR,US																																6										
DE,GB,HR,PL																																					13					
DE,GB,IE																					30			41										10					2			
DE,GB,IE,JP																																	3									
DE,GB,IE,PK																																	4									
DE,GB,IL,IN,IT																																					5					
DE,GB,IN																							6						2				2	8	39	22	3	8	1	2		
DE,GB,IN,IT																											10															2
DE,GB,IN,JO,SA																																										4
DE,GB,IN,US																									4																	
DE,GB,IQ					1																											7	8	25	9		8	6	17	5		32
DE,GB,IQ,TR																																		2	11							
DE,GB,IQ,US																																	2									
DE,GB,IR																																			1							
DE,GB,IT																	5									10		12	11	1			1		8	7		7			33	7
DE,GB,IT,JP																															1											
DE,GB,IT,NL																																					10					
DE,GB,IT,US																																										3
DE,GB,JP																											5												11			
DE,GB,JP,OM																																								6		
DE,GB,JP,US																																				3						
DE,GB,MD,US																													2													
DE,GB,MX																								4									3	1								
DE,GB,MX,US																														2												
DE,GB,MY																																		61								
DE,GB,NL															1												7				4	7	24									
DE,GB,NL,PT																																					4					
DE,GB,NL,SE																																								39		
DE,GB,NL,US																																4				8						
DE,GB,NL,ZA													1																													
DE,GB,NO																	1	3		6		1																				
DE,GB,NZ											1													5							4							4			2	
DE,GB,NZ,US																																		6								
DE,GB,OM																						11									2			12								
DE,GB,OM,PL,US																																12										
DE,GB,PK																																		4								
DE,GB,PK,SA																																					1					
DE,GB,PL																																2			3						2	4
DE,GB,PT																		15	8				11																			
DE,GB,RO																														2												
DE,GB,RU																	11	1	11		5	13		1		21	7		8		8	3				2						
DE,GB,RU,SE																																							1			
DE,GB,SG																														8												
DE,GB,SI																			1																				9		2	
DE,GB,SK	3																										3										7					
DE,GB,SS			4																																							
DE,GB,TR																									2											8						
DE,GB,UA																	2						3	9			5	5		6												
DE,GB,US						2				7					6			3		3		1	13	3	5			6	2	4	63						9	22	12	9	3	2
DE,GB,US,null																												8														
DE,GB,null																														1												
DE,GR			12						6	13		13				1	9	3	6		2	2		17	8	9					2	12	1	29	8	2		5	7	18	11	18
DE,GR,HU,RO																																1										
DE,GR,IE																																									1	
DE,GR,IN																																				5						
DE,GR,IT																				3																						
DE,GR,NL																															1											
DE,GR,None																					4																					
DE,GR,PL											1																															
DE,GR,PT,UY																												13														
DE,GR,RO																																3										
DE,GR,US											18																													1		
DE,HK																															2		41							5		
DE,HR									2													1	18	3			40	21	14	7	12	11		4			21	6	6	3		34
DE,HR,HU,PL																																						5				
DE,HR,IT,PL																																										6
DE,HR,PL																																					5					
DE,HR,SE																																										1
DE,HR,SI																																		7			1		8		1	
DE,HR,US																		8																								
DE,HU		28					3		5		18		6	12	1	5	8	10	5	12	31	41		1	17	3	6		41	4			13	19	46	40	17	46	2	19	11	5
DE,HU,IL																2																										
DE,HU,IN																							1																			
DE,HU,IT									9		36										12				5								14	3								
DE,HU,IT,US																																						4				
DE,HU,JP																				9																						
DE,HU,KR,US																																							1			
DE,HU,NL											3																				4	2										
DE,HU,PL																							2										1									
DE,HU,PT																			4		29					1																
DE,HU,RO			1																														13									
DE,HU,RU																									20	3																
DE,HU,RU,SE																						1																				
DE,HU,SE																								3					1													
DE,HU,SG																																	13									
DE,HU,UA,US																						8																				
DE,HU,US																									10					13	1						13					
DE,ID																												1									3	1		3		
DE,IE											2							4		14	8	13	12	20		27	8	5	37	66	43		3	12	2	32	8	11	11	24	68	9
DE,IE,IN																														1	4	2										
DE,IE,IN,NG																																				5						
DE,IE,IR																													1													
DE,IE,JP				1																				9			2															
DE,IE,LB,PK,SA,US																																									1	
DE,IE,MD,PL																												4														
DE,IE,NL																						13									8		15			10						
DE,IE,NZ																										18																
DE,IE,PL																																			2							
DE,IE,RU																		2			2																					
DE,IE,SD																														9												
DE,IE,SG																																									18	
DE,IE,US																								2				3		2	1											
DE,IL			1	18	4	7			10	4	6	4	1	5	3	2	6	18	6	15	6	24	1	3	3		17	8	25	3	5	4	21	45	1	36	16	7	44	15	4	33
DE,IL,IN															13															1												
DE,IL,IT																			7												3				1							
DE,IL,NO																																				1						
DE,IL,NZ																																		1								
DE,IL,RU																						3											2	3	1							
DE,IL,SK,US																																					7					
DE,IL,US		1														3			1			12											1									
DE,IN	1			5	2	1	4		5		7	10		8	2	11	3	9	24	8	57	145	89	61	110	58	49	31	19	185	105	151	118	201	171	169	107	68	95	62	67	59
DE,IN,IT																											4	6		5								37		5		7
DE,IN,IT,PL,PT																																				10						
DE,IN,IT,US																																							18			
DE,IN,IT,null																												10														
DE,IN,JP																								1				1		4					2			14				
DE,IN,JP,PL																																1										
DE,IN,KR												1	1																										2			
DE,IN,MD																																										
DE,IN,NL																										7											2					
DE,IN,NL,PT																																							6			
DE,IN,PA																																									1	
DE,IN,PK																																									2	
DE,IN,PL																																						13				
DE,IN,PT																																					6		5			
DE,IN,RU																								2			2			7												
DE,IN,SA,US																																									2	
DE,IN,SE																																					5		3			
DE,IN,SI																																						9				
DE,IN,TR																																										2
DE,IN,TW																																	31									
DE,IN,US																						2		5	9	4			18	17		4				14	6	12	1	25	16	12
DE,IN,null																												4														
DE,IQ					5																											4					3					
DE,IQ,TR																																									8	
DE,IR			1							1								2	1	5	6	4		9	14	11	74	15	74	26	50	26	16	14	7	11	34	21	29	21	14	6
DE,IR,IT																																		3	3	2			36			
DE,IR,JP																																2										
DE,IR,LB,SA,US																																								1		
DE,IR,MY																								3																		
DE,IR,PL																														4		2	5		1							
DE,IR,PT																																		2								
DE,IR,ZA																																		4								
DE,IR,null																			3																							
DE,IS									10			4					3						1													3					6	
DE,IT	12	5	8	25	35	14	3	2	7	21	23	35	29	21	30	25	10	142	66	47	67	50	112	70	85	55	90	41	45	23	42	17	24	69	31	62	35	71	42	91	67	56
DE,IT,JP																																					8					
DE,IT,MX																	1																									
DE,IT,NL																	3				14	5	1												11							
DE,IT,NL,NO																																										
DE,IT,PL																																	4			6	4	1				
DE,IT,PT																												15														
DE,IT,RO																											2		4	17												
DE,IT,RU																1			16					1		1		3	12				5		4		10			6		
DE,IT,RU,US																																	33									
DE,IT,SA																																20	35	2		8		3	15			
DE,IT,SE																										11					4			1								
DE,IT,US							32							3						4				2						8	8			7		1				1	7	
DE,JO						19	11	11				5		6		6				9		20	22			34	18	3	25		5	22	17	18	16	20	51	28	31	25	5	4
DE,JO,MA,PS																																	1	3								
DE,JO,NL																																						4				
DE,JO,PL																															4									13		
DE,JO,PS																																	4	8	2							
DE,JO,PT																									11																	
DE,JO,RS																																							3			
DE,JO,SA																																7	13			2	4					
DE,JO,US									12																				14	9		1		6								
DE,JP			22	3	20	1			9	1	9	10		7	37	10	22		2	66	3	30	45	40	18	30	7	32	44	17	81	53	79	53	31	28	32	62	39	49	41	21
DE,JP,KR																																13										
DE,JP,KR,RU																														1												
DE,JP,NO																															5		13									
DE,JP,PL																																								1	3	
DE,JP,RU																			1																							
DE,JP,RU,US																													1													
DE,JP,SG																														1												
DE,JP,SK																																									25	
DE,JP,TH																																	2									
DE,JP,TW																																										
DE,JP,TW,US																																									2	
DE,JP,US																								2	8			4		1		9	12	4							19	
DE,KR			5					8			5	3						7		4	7	6	7	3			14		1			16		10	17	9			7			12
DE,KR,RU																														3												
DE,KR,SG																																				9						
DE,KR,US																		5											2												5	7
DE,KR,US,null																														1												
DE,KZ																																					2					
DE,KZ,RU																																							9			
DE,LT,PL																																								6		
DE,LU																																	3	6						3		
DE,LY																																								12	9	
DE,MA																																		12								
DE,MA,PT																																23										
DE,MD															6			1															5				10	3				9
DE,MD,NL,PL																																								1		
DE,MD,PL															4														1									2				
DE,MD,RO																							2															2				
DE,MD,US																													1		5											
DE,ME,RS																																								4	2	
DE,MN				3																																						
DE,MN,RU																												2														
DE,MX										9	14			1					2	42	4	52	5	12	10	10		6	2	14	12					22	4	75	8	6	15	5
DE,MX,NL																																										6
DE,MX,SE,SK																									1																	
DE,MX,US																															1											
DE,MY,PK,PL,SA																																					1					
DE,NG																				6											5			2	24			1	12	41	6	6
DE,NG,ZA																													12													
DE,NL	4	5	1	3		3	2	1	3	10	21	29	4	45	3	10	22	48	79	29	71	14	31	14	21	20	23	48	96	55	26	60	86	126	17	54	42	22	64	72	42	50
DE,NL,PL											1																															
DE,NL,PT,US																																			6							
DE,NL,RU																																										10
DE,NL,SA																																			3	4						
DE,NL,SI						1																																				
DE,NL,TW																														23												
DE,NL,UA																																	1		16							
DE,NL,US											22														3	10				1	1	5			8		9	5	8		8	
DE,NO							1			14			5	22		2				16				15	4	24		25	13	44	27	18	21	14	57	24	1	13	1	46	8	35
DE,NO,RU													3										10																			
DE,NO,US																	8																							1		
DE,NZ			4			23							1		24	3			4				1	5	3			1	69	14				18				7	1	1		7
DE,NZ,PK																																				6						
DE,NZ,PL																	3																									
DE,NZ,US																																		7		13					1	
DE,OM																																					1					
DE,OM,PK																																								3	5	
DE,PA																																									2	
DE,PE								18										2		2			5		1																	
DE,PF					1		8	1	18																																	
DE,PK												7		7	13		8	1	18			11	13					5		7	13	16		12		1	22	2	5		3	2
DE,PK,PL,SA																																						1				
DE,PK,RU																						5																				
DE,PK,SA																													1		5							3				
DE,PK,TR																																						1				
DE,PL			1		2	1	6		11	6	4	8	3	12	12	28		3	10	16	19	1	4	7	16	13	48	15	71	45	54	25	40	64	40	28	22	23	42	57	50	34
DE,PL,RU																						2	3				7	9	4	9		7									3	
DE,PL,RU,UA																																									1	
DE,PL,SA																																7										
DE,PL,SE																										1																
DE,PL,SK																	1						4				4															
DE,PL,SK,TN																																							1			
DE,PL,UA																									13					1		1		31	4		2					
DE,PL,UA,US																						14																				
DE,PL,US																	1			13							2						2	25						7		
DE,PR				2									3																		4											
DE,PR,SK																						5		1																		
DE,PS																1													1													
DE,PT		4					26				22	18	15		6	11	7	34	20	20	50	9	13	17	12	46		18	6	24	13	1	24	18	1			2	2	28	9	1
DE,PT,RS																												9														
DE,PT,RU,TN																																						3				
DE,QA																																									3	
DE,RO				8									11	3	1			1	6		8	6	15	8	6	21		71	24	8	24	30	15	43	21	20	27	17		16	3	2
DE,RO,RU																							1										13								1	
DE,RO,RU,US																															1											
DE,RO,SI																																					4	14				
DE,RS								4	3														1	3			3	24	10	7	5	64	10	34	60	7	4	8	16	4	56	37
DE,RS,SI																																	2							7		
DE,RS,SK																																					1					
DE,RU	1	1	2	14	5	8			9	3	10	6	11	10	13	33	21	94	28	50	60	212	83	59	83	127	96	86	111	182	105	74	130	110	106	117	98	114	85	77	121	77
DE,RU,SA																																								1		
DE,RU,SE																															2											
DE,RU,SI,UA,US																																										16
DE,RU,SK																														1												
DE,RU,UA																											13		14				4			3			6			
DE,RU,US																6		5							6			1	9	9	5	11	15	7				4				
DE,RU,ZA																										13																
DE,RW,ZA																																										1
DE,SA										1																			1	35	5	14	38	26	86	8	5	2	8	20	13	26
DE,SA,SG																																1										
DE,SD																																3										
DE,SE				2	4		1			5	1	1	1	2			34	2				2		7	7	2	1	16	6	10	36	17	14	8	5	20	17	14	20	15		73
DE,SE,US														3	1									2		3																
DE,SG																			2			1	3	3	3	2	2					4	14			2	10	12				
DE,SG,US																																					2					
DE,SI	22						8	8		13			1			5	2		1				11		3	3								18	21	5					4	
DE,SI,SK																													2				5									
DE,SI,US																																						12				
DE,SK							7	4		1	6				3	11	4	4	20	20	6	9	9	8	20	8	7	9	12	8	18	6	3	9		4	15		6		7	6
DE,SK,TR																										1							4	3								
DE,SK,UA																									1							3										
DE,SK,US																														11												
DE,SS		9																																								
DE,TH																												1												4		5
DE,TN																								3																		
DE,TR			34		34	6						15	1	6	4	1	1		15	14	43	8	13	5	13	25	19	15	28		9		2	14	3	4	17	6	46	11	5	
DE,TR,US																					10																					
DE,TW					3					9						13																2		11				11	10	18		
DE,TW,US																														9			32	40		8						
DE,UA													38			29	9	4	6	9	7	12	19	11	15	12	13	1	16	26	11		2	6	18		6	5	4	1	23	12
DE,UA,US																			6			10	7			2	3													43		
DE,US	17	23	23	43	42	48	44	61	55	80	115	27	66	52	68	104	34	83	190	108	213	131	63	55	31	19	35	177	155	315	323	363	288	275	305	251	163	259	315	202	274	229
DE,US,null		1		4	3									1	1													18	1													
DE,UY																				4										5										21		
DE,UZ																																				9						
DE,VE		7																2																							4	
DE,VN																	1												4		14	24			32	4	16	20		28		
DE,VN,ZA																																								11		
DE,ZA		4			10	7	1							16				21	7	8	14	11	32	14	27	18	13	11	114	23	15	27	33	11	10	22	16	9			8	22
DE,null	56	75	58	67	51	90	58	61	64	71	83	84	34	99	34	10	12	3	34	8	12	9						34									5				1	
DK	1	24	1		12	10	4			10		13		4		9	41	30	14	24	114	52	93	68	50	82	76	76	76	90	195	124	356	517	39	65	170	178	98	183	42	23
DK,ES								9			4														49							13	8					2	3	8		
DK,ES,GB																																					11					
DK,ES,GB,IE,US																															1	1										
DK,ES,NL																																						7				
DK,ES,NL,SE																																									2	
DK,FI																														8							1			7		
DK,FI,SE																																			1							
DK,FR																						19	15		1						1	1		1	1				5	10	7	
DK,FR,GB																																250									1	
DK,FR,GB,GR																															1											
DK,FR,GB,IN,PL																																4										
DK,FR,GB,IT																								1																		
DK,FR,GB,US																											2		2													
DK,FR,IN																																	1									
DK,FR,JP,US																															2											
DK,FR,UA,US																																										1
DK,FR,US																																		1						2		
DK,GB	1	6		1			18	4									3		5	2	1	6	8		13				1	2	73	6	18	1	3	6		2	19			23
DK,GB,IE																													6			5	2									
DK,GB,IL																																						1				
DK,GB,IN																								2														10			2	
DK,GB,JP																																							10			
DK,GB,JP,US																																										
DK,GB,MD,US																					9																					
DK,GB,NZ,null																						13																				
DK,GB,RU																																		29								
DK,GB,SE																																			1							
DK,GB,US															1	4															1									8		
DK,GR				8																																						
DK,HU,LV																													2													
DK,HU,TN																																								1		
DK,IE																					1						2							4				2				2
DK,IE,IN,IT																																				2						
DK,IL																																			1							
DK,IL,JP																															1											
DK,IN																									1			1				1										
DK,IS																				10																						
DK,IT																								3					2													
DK,IT,PL																																					1					
DK,IT,SE																	12												4													
DK,IT,US												1																														
DK,JP										6				4																10								4				
DK,JP,KR,US																																	5									
DK,KR																																								7		
DK,KR,US																																			3							
DK,MY,NZ																																			3							
DK,NL									2														2												3	4		8	5			6
DK,NO																																				9						
DK,NO,SE																								1																		
DK,NO,US																																		18						3		
DK,NO,US,ZA																																					10					
DK,NZ																								1																		
DK,PL													5						1			15				6								3	2	9		19				
DK,PT																							7		4	3	14					1										
DK,RU																													36	3									1			
DK,SE							1										2			4	1		3	2		8		13	5	4	9			8	37	11	3	15		32	2	12
DK,SE,US																																					3					
DK,SG																					1			2																		
DK,US		7		3		5		6	5	15		3	8	5				6			17		3		10	25		3	19	2	5	3		6	14	5	4	6	2	3	6	7
DO																																									2	
DZ								1	14				5						12						4		6	10	3	40	33	1		9	4	16	4	7	26	18	2	33
DZ,EG,ES,IR																																										
DZ,ES																																				2	14		3	4	6	1
DZ,ES,FR																																			2							
DZ,ES,GB,NL,PL,US																																							3			
DZ,ES,JO																																					5					
DZ,ES,VE																																						1				
DZ,FR									4								21	13		17	45	4	1	7	6	6	2	5	44	23	12	3	4	5	19	16	51	58	23	8	20	38
DZ,FR,GB																														3							3					
DZ,FR,IE																													10													
DZ,FR,IN																																			3							
DZ,FR,IN,SA																																										1
DZ,FR,IN,TN																																					4					
DZ,FR,IT																																						2				
DZ,FR,PL,SA,TN																																									1	
DZ,FR,SA																																		1								
DZ,FR,TR																																										4
DZ,FR,UA																										1																
DZ,FR,US																																			9							
DZ,GB,IR,PL																																					1					
DZ,GB,TN																																		1								
DZ,IE																																							2	6		
DZ,IN																																										1
DZ,IN,KR,SA																																										
DZ,IN,MY																																										1
DZ,IN,PS,SA																																							1			
DZ,IR,TR																																									6	
DZ,IT																																										
DZ,JO,KW,SA																																							1			
DZ,JO,US																																		1		1						
DZ,MA																																					1			1		
DZ,MA,TR																																								1		
DZ,PK,TR																																										3
DZ,PT																																								4		
DZ,QA																																					1					
DZ,RU																															2											
DZ,SA																						3																				
DZ,TN																																							2	3		
DZ,TR																																					5	7			11	
DZ,US																																							1			
EC																																			3							
EC,ES,ZA																																					2					
EC,FR																																					8					
EC,FR,MX																																						5				
EC,FR,VE																																							1			
EC,TR																																		12								
EC,US																																								4		
EC,US,VE																																							2			
EC,VE																																								4	2	
EE																			4				2					1	10		18			8	7	2	35	9	11		7	3
EE,EG,SE																												3														
EE,FI															4				1																							4
EE,FI,HU																								2			2		2													
EE,IT																																						2				
EE,RU																																								1		
EE,SE																						1	1	2					2													
EE,US																		1																								
EE,US,null																													5													
EG	56	36	113	140	57	138	99	167	197	106	255	194	187	135	94	78	108	105	178	143	289	192	260	300	190	152	216	212	164	204	354	322	313	319	374	289	433	396	312	385	276	277
EG,ES																	1				6						1						6									
EG,ES,FR																																								2		
EG,ES,JP																																		4								
EG,ES,MX,NL,US																			7																							
EG,ES,US																						33																				
EG,FI																																					2			2	6	1
EG,FI,IN,PK,SA,US																																										1
EG,FI,SA																																								8		5
EG,FI,SE																															3		4									
EG,FI,SE,ZA																																					7					
EG,FR				2																																6	3	3				
EG,FR,IN																																				21						
EG,FR,PK																																								1		
EG,FR,SE																												1														
EG,FR,TN																																			2							
EG,GB					4	14			2					5	7	25											4								4							4
EG,GR																					10																					
EG,HU,IT																												4														
EG,ID																														4		3								6	6	6
EG,ID,QA																																										1
EG,IE																																			10							
EG,IE,ZA								1																																		
EG,IN																												14		4												
EG,IN,KR,SA																																								1		
EG,IN,OM,SA																																										1
EG,IN,PL,SA																																								1		
EG,IN,SA																																									4	4
EG,IN,SA,TR																																									1	
EG,IN,SA,TR,US																																										1
EG,IN,US		28																																								
EG,IQ																																						11		15	7	6
EG,IQ,KR																																									6	
EG,IQ,SA																																										4
EG,IQ,TR																																							4			
EG,IT														1		5			2										15									3	4	5	14	13
EG,IT,SA																																										6
EG,JO																																		8				13				
EG,JO,SA																																									12	
EG,JP																					2		6	2	7						1	1						2	2		9	
EG,JP,PK,SA,TR																																										3
EG,JP,US																																					4					
EG,KR																																1				2						
EG,KW														8								17													11				1	8	10	
EG,KW,SA																																										1
EG,KW,US																																										
EG,LB,SA,US																																								2		
EG,LY																																								1	1	4
EG,LY,SA																																									3	
EG,MA																																							2			
EG,MA,SA																																										1
EG,ME																																										
EG,NG																															3											
EG,NO		5																																								
EG,OM																																			4			6				
EG,PK,SA																																							1	13		
EG,PK,SA,SE																																									6	
EG,PL						1	1																																2			
EG,PT																																									9	
EG,QA													14								17										3											
EG,RS,SK																																					11					
EG,RU																																										4
EG,SA																			4			8		41			8	5		33	8	11	38	84	70	56	90	29	72	98	158	117
EG,SA,SD																																							4		4	
EG,SA,TR																																							1			
EG,SA,TW																																				12						
EG,SA,US																																							2			
EG,SA,YE																																		4	4					3		
EG,SE																													1	2		9							11			
EG,SK																																										4
EG,TR																																	8							1		4
EG,US					13	1		19	20	7	6	39		6			23							12	14				3	2		12		2	2	2		9	4	8		10
EG,YE											16	42	14			15													8			12	4	12	4		11		3			3
EG,ZA																																9		1								
EG,null		1				3			5		3																															
ER,IN																													2													
ES	508	287	516	675	447	627	629	464	571	605	571	549	544	258	518	1332	1631	1691	1462	1918	1825	2160	2263	2003	2139	2713	3098	2722	2764	2703	2356	2311	2848	2561	1989	1711	1684	1555	1414	1282	1088	1081
ES,FI									3				2	6	2	25	13	6	4	5	2	19	8	1	3	4			7	15	64	17	25	60	14	28	3	25	11	14	37	23
ES,FI,FR																			2											3		2									1	
ES,FI,FR,US																														1												
ES,FI,GB																1								2								3							13			6
ES,FI,GB,IT																					13																					
ES,FI,GR																																								1		
ES,FI,IN																																				2		4				
ES,FI,IR,IT																									5																	
ES,FI,IT																										1					2											
ES,FI,KR																																									12	
ES,FI,KR,PT																																									4	
ES,FI,NL																											1		3				1									
ES,FI,NL,US																																	9									
ES,FI,PL																															1											
ES,FI,PT																													3								16	13		5	2	17
ES,FI,RU																													6		13	11	7			9				7		7
ES,FI,SA																																									3	
ES,FI,SE																																		1								
ES,FI,TN																																					1					1
ES,FI,US																																						6				
ES,FI,ZA																																								36		
ES,FR		2	1	16		9	8	25	34	69	73	43	20	21	36	67	111	117	56	65	111	115	135	102	101	71	25	77	115	47	94	71	68	73	72	139	87	122	77	11	30	46
ES,FR,GB																24							8		7	7		3		15	14		18	14			8	19		19	1	
ES,FR,GB,IL																																	4									
ES,FR,GB,IN																											2										3					
ES,FR,GB,NL																												5												1		
ES,FR,GB,SK																																	2	1								
ES,FR,GB,US																														2								7				
ES,FR,GR																								3			1											3		4		
ES,FR,HK																							4																			
ES,FR,HU																												1			24			6	1			12				
ES,FR,HU,IT																																					1					
ES,FR,HU,US																																									2	
ES,FR,IL,NL																												1														
ES,FR,IN																										2	3		3					7	7			10			2	3
ES,FR,IN,IT																																			3							
ES,FR,IN,IT,US																																	1									
ES,FR,IR									1												8																2					
ES,FR,IT								1				15	1	1						11	10	9	3			3		5					14	5	6		25	8	3			9
ES,FR,IT,NL																										5																
ES,FR,IT,US																																	2		1							
ES,FR,JP																									6							1					8		11	16	13	
ES,FR,JP,NL																												2														
ES,FR,KR																																										10
ES,FR,KR,PT																																									25	
ES,FR,LU																																						3				
ES,FR,MD																									1																	
ES,FR,MD,SK																													10													
ES,FR,MG																															17											
ES,FR,MX																							11										6	6		2	1	5				
ES,FR,MX,PT																															3											
ES,FR,NL											3																5			7		1					5					
ES,FR,NL,US																																		4								
ES,FR,PL																2						2	1	2		22	6	4	5							13				1		
ES,FR,PL,SA,TN																																										3
ES,FR,PL,US																																						6				
ES,FR,PT																	1													27		10		10	4	6	12		4			
ES,FR,PT,US																																							2			
ES,FR,RO																					6	2	4			3				7											3	
ES,FR,RU																		6					4			17							1	3	2							
ES,FR,SI																																2										22
ES,FR,TH																																										
ES,FR,TR																												4					6									
ES,FR,UA																																							1	6		
ES,FR,US																						11					1	14			1		3	13	13	18	1	2	6	12		
ES,FR,VE																								4		7		2													10	
ES,FR,ZA																																										2
ES,FR,null																												8														
ES,GB	1			14	13	72	10	7	24	25	77	41	91	20	17	123	85	89	35	122	68	204	95	133	112	73	78	88	45	53	129	117	50	81	141	95	84	60	48	48	58	26
ES,GB,GR																										1									4			7				2
ES,GB,GR,IE,PT																																				2						
ES,GB,GR,IN																													4													
ES,GB,GR,IN,IT																														3												
ES,GB,GR,US																												4	1													
ES,GB,HK																												5														
ES,GB,HR,IR,PL,PT																																				1						
ES,GB,IE															4											2		2														
ES,GB,IE,IN,PT																																						2				
ES,GB,IE,IT,US																																									3	
ES,GB,IN																					2			15	10	5	4	17	15	40	15	17	2	15	10		17	6	5	24	4	4
ES,GB,IN,IT																												2	1		5		1				2					
ES,GB,IN,KR																																					1					
ES,GB,IN,NL,null																														3												
ES,GB,IN,PT																																				1						
ES,GB,IN,TW																													17	2												
ES,GB,IN,TW,US																															12											
ES,GB,IN,US																																		3								
ES,GB,IR,RU																																							2			
ES,GB,IT													1				5		5				4		3				16	2	3	5	5	5				3	2		43	9
ES,GB,IT,PL																															2											
ES,GB,IT,PT																										5																
ES,GB,IT,US																																			12							
ES,GB,JP																				1																			2			
ES,GB,KR																																					3					
ES,GB,MA																		4					6																			
ES,GB,MD,MX																																		2								
ES,GB,MX																		2		6																2						
ES,GB,NL																					2						2		5													
ES,GB,NL,null																												10														
ES,GB,NO																																					1					
ES,GB,NO,US																						3																				
ES,GB,NZ,US																											3															
ES,GB,PL																																					9					
ES,GB,PT																			1							3			1								8		2			
ES,GB,RO																																						2				
ES,GB,RU																			2						7																1	
ES,GB,SA																																4	3						8			
ES,GB,SE																									1									4								
ES,GB,TH																																									1	
ES,GB,TR																																							8	1		
ES,GB,TT																												3														
ES,GB,UA																						4																				7
ES,GB,US		2								22										6	7		17		4				5	22	5	4	2	9		8		8	3			
ES,GB,US,null																														3												
ES,GB,UY																															4											
ES,GB,VE																					10																					
ES,GB,null																												2														
ES,GR																					4	1	4	11	26	1	74	9	10	27	40	4	40		10	10	4	16		2	5	
ES,GR,IN																																			2							
ES,GR,IR,PL																																								1		
ES,GR,IT																																	14					6				
ES,GR,JP,US																																							2			
ES,GR,MA																									4																	
ES,GR,PL,US																															1											
ES,GR,PT																																6	5						6			
ES,GR,SE																																					5					
ES,GR,US																		1			10	3		2							2							7	1			
ES,GR,US,null																												5														
ES,HK,IN																								2	11	1																
ES,HR																																								16		
ES,HR,IR																																		3								
ES,HR,IR,PL,RU																																					5					
ES,HR,IR,US																																		5								
ES,HR,PL,PT,RS																																										6
ES,HR,PL,PT,RS,TR																																										
ES,HR,PT,RS																																										6
ES,HU																				16	30	7					10	2		9					3			7				
ES,HU,IT																		4																5								
ES,HU,PT																									4	11					3	4				8						
ES,HU,SE																															3											
ES,HU,US																																										6
ES,IE					1								4			1										2			6	8	9			10			18	2	13		4	
ES,IE,IN																											5															1
ES,IE,IR																																							5			
ES,IE,IR,MY,US																																			2							
ES,IE,IR,PL																																							7			
ES,IE,IT,US																																									4	
ES,IE,NO																					4																5					
ES,IE,NO,US																								5																		
ES,IE,RS																																				5						
ES,IE,RU																							5																			
ES,IE,SE																																						1				
ES,IE,US																																			2	7						
ES,IL																9							3		29	11												1				
ES,IL,IT																											1															
ES,IL,US																																		10								
ES,IN						2				18	14		7			1	6	2		28	19	94		46	17	14	35	30	49	44	62	59	98	159	128	108	53	59	83	62	63	97
ES,IN,IR																																									2	
ES,IN,IT																					1		3	11		1	10	1	2				4	18	7		13	4	13	8		
ES,IN,IT,JP																																										5
ES,IN,IT,PL,US																																			4							
ES,IN,IT,TR,TW																																							1			
ES,IN,IT,TW																																		1				1	2	1		
ES,IN,IT,US																													1	3					4							
ES,IN,JP										3																				5							6		2		1	
ES,IN,JP,US																															8	6	15						13			
ES,IN,KR,US																								4																		
ES,IN,MX																		6																						3		
ES,IN,MX,SA																																										2
ES,IN,MY																									4																	
ES,IN,MY,TH																												8		1												
ES,IN,PL																																			3						12	4
ES,IN,PL,PT																																				1						
ES,IN,PL,RS																																				4						
ES,IN,PT																											2		26	18	15	11	15	3	18	21	7	2	11	10		
ES,IN,PT,US																																				1					6	
ES,IN,SG																																					1	3			5	
ES,IN,TW																				6		2	12			9		24		5			6									
ES,IN,TW,US																												6														
ES,IN,US																								1			6	7	26	3	9	16	17	7	10		33	21	2	27	9	21
ES,IN,null																								1																		
ES,IQ,TR																																							11			
ES,IR														10												51	1	9	10	2			18	3	1	14	19	8	43	2	2	10
ES,IR,IT																																			2	2				4		
ES,IR,IT,PK,PL																																							3			
ES,IR,IT,PL,RU																																								1		
ES,IR,IT,PL,TR,US																																				3						
ES,IR,IT,PL,US																																					3					
ES,IR,IT,RU																																								1	3	
ES,IR,IT,RU,US																																								2	1	
ES,IR,IT,TH,US																																		2								
ES,IR,PL																																	1	1		1	5		5	2		
ES,IR,PL,RU																																								3		2
ES,IR,PL,US																																			4	5						
ES,IR,PT																																	3									
ES,IR,RU																																								4		
ES,IR,RU,TR																																					6					
ES,IR,TR																														5			3									
ES,IR,US																																		5	18	5						
ES,IT	18	30	23	21	31	10	18	30	15	60	37	27	18	11	3	126	93	86	66	48	68	59	144	93	70	76	155	73	89	133	196	182	159	182	168	144	100	103	224	123	69	60
ES,IT,JP																																	2									
ES,IT,MA																																								4		
ES,IT,NG,TR																																						2				
ES,IT,NL													5								1									3										6		
ES,IT,NO																											2															
ES,IT,PL																																						2				
ES,IT,PT																				5			2				8			22			2					6		2		
ES,IT,RO																						2			4						17			5							6	
ES,IT,RS																																		2								
ES,IT,RU																														18	7											
ES,IT,SA																																10				1						
ES,IT,SE																																						4		2		6
ES,IT,SN																					3												5									
ES,IT,US																				2		4	2							11					3		2		30		6	12
ES,IT,US,null																													13													
ES,IT,UY																			7	4	4					7	13	12			1	5					2	2			1	
ES,IT,VE																						5																				
ES,JO																																										2
ES,JO,PK,US																																									2	
ES,JP												4						6							2	14	8	2	2	1	7	8	1	48	1		6		12	6	6	
ES,JP,KR												2																				4										
ES,JP,RU																																	6				15			24	16	
ES,JP,US																									2				2	5		5	20	17	3		2					2
ES,KR																																				6						
ES,KR,PT																																								4		
ES,KR,SA,SG																																1										
ES,KR,US																																								1		
ES,KR,US,null																													1													
ES,MA																				1		1	1	3	14	4	2			29		5	19	6							1	
ES,MA,PT																																4										
ES,MA,TN																																										1
ES,MA,US																																			7	7						
ES,MD,PL																													2													
ES,MD,PL,RO																					1																					
ES,MD,RO																					1							2														
ES,MD,RO,RU																									1																	
ES,MX							7			2					5	4	15	14	16		12		2	5	35		7	24	8	16	27	53	46	31	60	6	7	50	11	27	25	63
ES,MX,NO																												3	2		1											
ES,MX,TN																																						3				
ES,MX,US																			3	4			8															20				
ES,MX,UY																																4										
ES,NG																																										
ES,NG,US																												1														
ES,NL		11	5			10						2						11	9	8	10	23	3	4	5	12	16	7	3	19	40	12	12	6	16	32	24			34	2	
ES,NL,PT																							1															4	1		3	
ES,NL,SE																															6											
ES,NL,US																														5			1	11		5			14			
ES,NO																		2	4	7	4	15		14	5			3											1			
ES,NO,PL																																										6
ES,NO,US																							4														1			15		
ES,NZ,TH																																					3					
ES,NZ,US																												1														
ES,PE																																						7				
ES,PK																										2								6			3					
ES,PK,SA																																			9							
ES,PL				1														4				1				4	1			3	11	5	5	5	2	9	3	14	2	16	10	30
ES,PL,RU																							3																			
ES,PL,SA																																				1						
ES,PL,SE																																						1				
ES,PL,SI,UA																													2													
ES,PL,SK																	2																									
ES,PL,SK,UA																														4												
ES,PL,UA																																		4								
ES,PL,US																															1		4		1					4		
ES,PS																								4	2																	
ES,PT											3					6			5	8	21	10	19	43	29	24	3	71	59	69	22	41	93	78	33	64	23	45	33	66	25	14
ES,PT,SA																																			4							
ES,PT,SE																																							2			
ES,PT,TW																																								2		
ES,PT,US																																							4			
ES,PT,UY																																	10	4								
ES,PT,null																												6														
ES,QA,RU,SE,US																																					2					
ES,RO																				3	4		4	5			5	1	20	29	46	11	14	13	3		6	8	6	33	19	
ES,RO,US																														13												
ES,RS																								1			1		2	2		2	3	3								
ES,RS,SI																																		3								
ES,RU																3	2	12	6			9	4	26	57	5	19	13	25	43	16	26	24	17	37	15	3		2	10	5	2
ES,RU,UA																																				7						
ES,RU,US																										1													1			
ES,SA																															10		17	19	10	27	10	4	11			
ES,SA,TN																																				9						
ES,SE														1										1				9	11	2	32			1	11	10			6			
ES,SE,UA																																			1							
ES,SG																												3								3	8			3		
ES,SI																									2													2		17		6
ES,SK																								3									1	1			1		4	5	5	
ES,SK,US																																					4		7			
ES,TH																															7		3	4		4	2				4	
ES,TH,US																																	3									
ES,TN																																	1									7
ES,TR																											26							2	4			22			17	
ES,TW																							7									15	13	23								
ES,UA																		2			9				2										3			10			4	
ES,UA,US																																										
ES,US		6	14	22	1	2	2	16	7	14		2	7	2	15	24	18	65	19	63	91	35	74	65	29	39	11	18	49	53	33	90	129	119	85	211	73	136	93	62	96	90
ES,US,ZA																																				18					2	
ES,US,null																														6												
ES,UY																2					13		2			5	4	6		6			24	5	4	2		5			2	
ES,VE									2								14					2	1	8		5	5	32	4													
ES,ZA																									5						3		20	12	23	2	13	11		5	1	
ES,null	2				17	5																						64	33	20												
ET				1	10		3	2																								1		4					2		2	4
ET,FR,IT,NG																													16													
ET,IN																									12				7					9						2	3	4
ET,IN,SA																																						1				1
ET,IN,TW																																									1	
ET,IT,NG																													14													
ET,KR																																									1	
ET,SA																																								4		
FI	2	5	20	18	14	15	28	3	54	20	4	10	7	10	18	44	43	87	94	87	128	57	71	74	151	128	137	223	194	88	42	63	67	82	46	61	24	21	35	30	43	19
FI,FR																					21	4					7	3	3			4	10				1	3				
FI,FR,GB																							2													13						
FI,FR,LB																	2																									
FI,FR,NL																					2				2				7													
FI,FR,NL,US																												2														
FI,FR,PL																					1		8																			
FI,FR,SE																					2																					
FI,GB											2							7		26								6	20				40		7		30	7	13	26	6	8
FI,GB,JP																																						4				
FI,GB,MD																																		4								
FI,GB,PT																																		8								
FI,GB,PT,RU																									2																	
FI,GB,RU																								4			6						3									
FI,GB,RU,SE																							1																			
FI,GB,SE																																					8					
FI,GB,US																																								2		
FI,GR,PL																																	16									
FI,GR,SE																															1											
FI,HU																									4							5		1	3	2						
FI,HU,PT																																	2									
FI,IE					1		1																																			
FI,IE,IT						6																																				
FI,IL,US																																	12									
FI,IN																46	1					6	4	13		25							1	1	16	17	1	5		2		
FI,IN,NL																						6																				
FI,IN,RU																																							1			
FI,IN,US																												7														
FI,IR,RU																																							4	11		
FI,IT																							7	1			7	17		7			6	1	4	8	21	9	17			
FI,IT,NL																												5														
FI,IT,PT																											11															
FI,IT,SE																										7			5													
FI,IT,SE,ZA,null																																24										
FI,IT,US																																										3
FI,JO																				3		15	5	5																2		
FI,JO,US																												3														
FI,JP													5		1					1								3				14	2	2	6	2			2	4		8
FI,JP,PL,SK																										1																
FI,JP,US																															9											
FI,KR																							1																			
FI,LT,RU																																						8				
FI,MD,RU																												4														
FI,MX,SE																																								11		
FI,NG,TN																																										
FI,NL							8	1	13									3	4	4	8	7	5	13	10	15	18	35	20	9	7	9	21	2	9	3	11	1	11		12	1
FI,NL,PT												2																														
FI,NL,SA																																5										
FI,NL,SI,US																																				5						
FI,NL,TH																							3																			
FI,NL,US											19																						9									
FI,NO																									8																	2
FI,PK,PL,RU,TN																																										1
FI,PL																																										
FI,PL,PT																													3													
FI,PL,PT,RU																								8																		
FI,PL,SE																																	1									
FI,PL,SE,UA																																2										
FI,PL,SI,UA																																							4			
FI,PL,SK									1																		1	3														
FI,PL,UA																											4			13		6	2	5			9					
FI,PT																					16			8	14	22	12			6	14		2									
FI,PT,RU																				20	17	5	9	9	23	28	4	13	2	23	14	9	5	10		4						8
FI,PT,SA																																					11					
FI,PT,SE																																						2				
FI,PT,null																												24														
FI,RS																																5										
FI,RU												4			12	1		1			3	5	5	17	1	32	2	15	20	45	45	89	95	20	57	93	49	22	93	6	15	
FI,RU,SE																					1	5								1												
FI,RU,SI																												2														
FI,RU,TW																												23	19		4	9		56	8	8		27	23			
FI,RU,ZA																																									12	
FI,SA																																						1	6			
FI,SE				2															1				1	3				4		4			28			8						
FI,SE,US																																					3	1		23		
FI,SE,US,ZA																																7										
FI,SE,ZA																																8				3						
FI,SI																																										4
FI,SI,UA																																					2					
FI,SK																						8																				
FI,TH																											4															
FI,TN																																							2			3
FI,TW																																10					14	3				3
FI,UA																												1											8			
FI,US										2												2		10					3	24	2			5	12	24	8	8		8	14	13
FI,ZA																																								14	7	6
FI,null										1									1											4												
FJ					3																													8	5		2					
FJ,IN																								48				4		5												
FJ,NZ											2		13																													
FR	654	463	536	425	544	519	741	409	548	500	379	439	462	342	648	1270	1184	1261	1217	1265	1391	1768	1851	1584	1758	1907	2135	1669	1896	1878	1704	1554	1935	1773	1359	1165	1193	1121	941	1146	1095	753
FR,GA																			7												3				10							
FR,GB	14	3	15	1	11	12	42	27	2	2	11	2	2	2	16	28	36	19	58	53	57	74	86	63	70	110	85	70	80	44	140	128	86	84	77	79	80	75	60	33	48	63
FR,GB,GR																												6									1					
FR,GB,GR,PL																														4												
FR,GB,GR,US																											2		18													
FR,GB,HR,PT,ZA																															1											
FR,GB,HU																										15																
FR,GB,IE									6																											5						
FR,GB,IE,US																																								1		4
FR,GB,IL,PT																																8										
FR,GB,IN																											2	3		6			1									
FR,GB,IN,SG																												11														
FR,GB,IT																	13								13	4			1	7	15		6	6	3			2	11		2	
FR,GB,IT,PL																																					6					
FR,GB,JP															1				2				2	1								15										
FR,GB,LB																																							1			
FR,GB,MD																							2																			
FR,GB,MX																											13															
FR,GB,NL																								1						23					3							
FR,GB,NO,SA																																1										
FR,GB,PL							3																1							12								2				2
FR,GB,PL,US																																				2	2			14		
FR,GB,PT													21													1																
FR,GB,PT,RO																																								3		
FR,GB,RO																													5				1									6
FR,GB,RU																							1	1									20			22						
FR,GB,SE																				13																						
FR,GB,SG																																		4								
FR,GB,TR																																			4							
FR,GB,US												20	5										9		6			4		7					25			1				4
FR,GR									22		18	28			13	6	2	33	5			2	3	2	5	1	25	6	4	14		6			6	5	6	13			19	3
FR,GR,IE																									12																	
FR,GR,IN																																						9				
FR,GR,IT																															9			9								
FR,GR,MA																											4															
FR,GR,RO																									7																	
FR,GR,SE																																									3	
FR,GR,US																											4											1	6			4
FR,HK																									10		18						13	17	1		8	16				
FR,HR				1																												7				6	16		4	7		
FR,HR,MD,PL,RO																								8																		
FR,HR,RS																																							1			
FR,HR,SI																																		2								
FR,HR,SI,US																																					1	4				
FR,HU								12	1								17	1		8		8	8	4	2	11	3	7	2	8	38	17	50	5	11	10		2		7	13	
FR,HU,IT													4																					1								
FR,HU,JP																										3																
FR,HU,JP,US																																										1
FR,HU,MD,RO,RS																																							12			
FR,HU,ME																			9																							
FR,HU,NL																																		16								
FR,HU,PL																																		4								
FR,HU,RO																																						4				
FR,HU,UA																																		8								
FR,HU,US																								8				2					1					4				
FR,ID																																				5						
FR,ID,KR																																	1									
FR,IE	3																				3	1				1		8	37	16	11	24	5	21	19		20		42	16		
FR,IE,IT																																							2	3	2	
FR,IE,JP																											2															
FR,IE,NO,US																																					2					
FR,IE,PL																																		14								
FR,IE,US									1																											25						
FR,IL																	5		1	3	5	4	11	2									6				3			9	2	6
FR,IL,IN																																									1	
FR,IL,IN,US																	2																									
FR,IL,JP,RU																																				5						
FR,IL,TR																											8															
FR,IL,US											2																		6		3											
FR,IN			30								2			11	4	7	4			5	1	4	17	2	14	6	5	2	37	92	15	34	132	104	63	47	90	78	84	168	78	43
FR,IN,IT																					1								3	3	19		2				12					
FR,IN,JP																									8									2								
FR,IN,JP,MY																																	7									
FR,IN,MA																																		1								
FR,IN,RO																			1										2													
FR,IN,RU																		1																								
FR,IN,SE																																										4
FR,IN,SI																																										3
FR,IN,SK																																		2								
FR,IN,TH																																				3						
FR,IN,TN																																										2
FR,IN,TW																														2												
FR,IN,TW,US																									4															10		
FR,IN,US			12													3	5										2			3	4	2	7	7				2	25			12
FR,IR																									1	10	31	1		1	2	1	6			5		2				2
FR,IR,IT																														1							3				2	
FR,IT	7	7	5	1	10	2	11	6	23	7	32	6	28	2	9	27	26	20	13	97	40	44	65	69	81	59	90	88	34	62	22	120	117	140	50	93	70	65	44	97	26	62
FR,IT,JP																	2				3						2					3						2				
FR,IT,JP,PT																												21														
FR,IT,LB																																					2					
FR,IT,MA												1																														
FR,IT,MD,PL,RO																								5																		
FR,IT,MD,RO																														4												
FR,IT,MD,RU																									2																	
FR,IT,MX																																		9								
FR,IT,NL								2								3								2	1							24		3	12							
FR,IT,NL,US																													4													
FR,IT,PL							1										1																									
FR,IT,PL,TN																																					1					
FR,IT,PT																													22				7		1				4		1	
FR,IT,RO																														3										12		6
FR,IT,RS																																				1						
FR,IT,RU																																						5	18			
FR,IT,SA																																										2
FR,IT,SA,US																																								16		
FR,IT,SE																														13						1						
FR,IT,SG																												1								2						
FR,IT,TH																																			1							
FR,IT,TW																																										8
FR,IT,US											1				1						5	4	28						2	3			6	3				1		32		24
FR,JO																										10									6							
FR,JP						1				5	2	1	2	5	2			19	1	5	10	15	10	13	15	24	13	32	42	12	11	13	37	67	35	21	51	21	64	30	41	3
FR,JP,KR																					2											3	12				3					
FR,JP,KR,US																																5										
FR,JP,MA																														9												
FR,JP,MD																									1																	
FR,JP,MG,TN,US																																									1	
FR,JP,NO																															1											
FR,JP,NO,US																																									1	
FR,JP,PL																																							2			
FR,JP,RU																																	1	5	4						8	1
FR,JP,TN																																						1				
FR,JP,US																			2	10		2			1	1		15	11	2					8							
FR,KE																																		1								
FR,KR																			6						10	12	17	5	15	1					2							
FR,KR,SK,US																											1															
FR,KR,US																									21											2			6	2		
FR,KZ																															2			2								
FR,LB																																		5		1	6	6	21	10	4	
FR,LB,TN																																	9		17							
FR,LB,UA																																	12									
FR,LT																								4	5															1		
FR,LT,MX,RU,US																								39																		
FR,LT,MX,US																										15																
FR,LV,SE																																								6		
FR,MA				1					5	11	1		9	9	9	12	8	17	2		11	3	1	16	6	7	27	7	7		11	10			5			1	4	28	13	1
FR,MA,MX																														1												
FR,MA,QA																																								2		
FR,MA,SA																															1											
FR,MA,SA,TN																																										1
FR,MA,TN																																							1			
FR,MA,US																6														2												
FR,MD																									4			14			9					10	1				7	4
FR,MD,PL																														2	2											
FR,MD,PL,RO																								3																		
FR,MD,RO																					16			2																6		
FR,MD,RO,US																																		2								
FR,MD,RU																												4														
FR,MD,SK																																				1						
FR,MD,US																							3		3																	
FR,MG																							3																			
FR,MG,TN,US																																										1
FR,MR							4																																			
FR,MR,SN																																					2					
FR,MX		2					21	6	2	4	8			1	7				2	2	1			7	18	7					3		35	49	30	14	14	13	30	4	12	49
FR,MX,UA																																					9					
FR,MX,US																						6				2									4		6					
FR,MY																													2							4	5					
FR,NG,US																																			3							
FR,NL		3	5	10	13			5			1	6	1	9	20	5		12	17	1	13	17	1	4	8	3	2	33	15	13	3	1	26	13	11	14		11		6	40	
FR,NL,TH																								1	5																	
FR,NL,US											7	4																13											1			
FR,NO													2		1						1	1	1				7						2			18		3	4			
FR,NO,TR																																	3									
FR,NO,US																																						4	4			
FR,NO,US,ZA																																							3			
FR,NP																												110														
FR,NZ																							8				4		5		8		25	23		33	6		6	3	5	1
FR,NZ,RU,SG																																								3		
FR,None								1																																		
FR,OM,TN																																										
FR,PF																																					1				3	
FR,PK,SA																																					1					
FR,PK,SG																																		12								
FR,PK,TR																																						7				
FR,PL			1			1	7				3		3		4	5	5	2	9	20	25	11	15	3	4	36	13	26	90	52	13	13	42	7	41	37	28	11	1	10	25	61
FR,PL,RO,UA																																								1		
FR,PL,SA,TN																																										2
FR,PL,SK																															1											
FR,PL,TN																																	2			7	6	1	4	4		1
FR,PL,UA																				1									2													
FR,PL,US																															30			5	6		20	5		2		
FR,PT									3				4	1			3	23	1	10	4		3	5	23	3	1	17	20	10	69	17	115	14	7	22	20	10	6	8		9
FR,PT,RO,US																									5																	
FR,PT,RU																													1												5	
FR,PT,TH																																										
FR,PT,TN																																			4							
FR,PT,TN,UA																																						10				
FR,PT,US																																6				1						11
FR,RO															10		2			4	6		5		6	5	22		16	5	26	16	19	24	27	9	18	11	19	8	2	13
FR,RO,SI																																									3	
FR,RO,SN																																									1	
FR,RS																					6						15					5				2	24		1		2	
FR,RU		5	1		2				9					28	14	13	8	18	12	16	11	25	11	29	19	13	41	39	39	50	50	50	19	20	99	61	96	80	155	57	49	39
FR,RU,TR																														26												
FR,RU,UA																						9										3		5					3			
FR,RU,US																4																	6	27					1			
FR,RU,US,null																													1													
FR,SA																				1	3		7									1	22	5				1			4	
FR,SA,TN																																								11	9	2
FR,SA,TN,TR																																										4
FR,SA,TN,ZA																																										1
FR,SE	3	5					2				1					5			2		2	1	9		7	1	13	19	1	13	6	6	4	30							28	2
FR,SE,US																			1															43	2	1					2	
FR,SG																										13		9	6	6		35	4	453	20	2	124	18		3		
FR,SI																										3			15	10												
FR,SK								19						4		7		1								1	1	62		14	8		24	14	36	4	12	19	4	29	34	14
FR,SK,US																																		2	14							
FR,SN																																		1		8		17	5	4		23
FR,TH																																				1	3					4
FR,TN					1							3						6				6	5		6		8	15	1	9	12		11	13	12	7	42	8	13	6	6	76
FR,TN,TR																																				1					7	2
FR,TN,US																													1	6						2	1		3	5	9	2
FR,TR																	14		9	14	5			18	2	6	10	14	43	24	5	24	15	37	20	10	14	13	5			1
FR,TT																														3												
FR,TW																	1			5							2	12		10	4	5	6		2	2	4			4		
FR,TW,US																														3									5		1	1
FR,TW,null																													15													
FR,UA		1													2	1			17	4			1				3		3	6		17		3		8	25	9		6	7	
FR,UA,US																																8										
FR,US	8	2		12	25	8	14	4	23	25	14	22	4	13	20	47	81	44	45	122	69	138	100	30	51	47	52	127	75	172	145	52	89	135	72	72	124	74	61	79	85	95
FR,US,null																													6													
FR,VE															2		1		2							2						3			7		4	9	12			
FR,VN									1																				1											5		
FR,ZA			1																					4														7	13	41	2	
FR,null		11		10	2				2		34	11																7	24	22					1							
GB	982	936	1051	725	1056	897	919	1298	1189	1021	1032	1001	773	608	720	1145	1546	1533	1551	2833	2323	2384	2624	2666	2180	2935	2618	2245	2520	2556	2526	1952	2476	2294	2229	1800	1858	1932	1808	1283	1454	1136
GB,GH																																				1			3			
GB,GH,ZA																																						2				
GB,GR									23			5				1	6	19	6	14	9	2	7	32	63	28	9	41	16	10	9	10	27	8	21			5	1	4		4
GB,GR,IE																														6												
GB,GR,IT																					26							7														
GB,GR,MY																1																										
GB,GR,PL																													1	6	4				14	3		8		2		
GB,GR,PL,RU																													1													
GB,GR,PR,US																																					7					
GB,GR,SE																																		1								
GB,GR,TR																										4																
GB,GR,US																				3							8							3								
GB,HK													5													4				4						7			11		7	15
GB,HK,NL																																										27
GB,HK,PK																																	6	4								
GB,HK,US																				1														1								
GB,HR,IE,ZA																														2												
GB,HR,PL																																							7			
GB,HU		6				1			2			1		11			18		2	1		11			13			1							1			4	4	7	1	
GB,HU,IE																			2				11									4										
GB,HU,IT											4																															
GB,HU,RS																			5			7																				
GB,IE			6			8	6	13	1		19	7	5	7	1	57	15	3	9	11	13	23	27	50	66	23	33	41	17	31	19	39	17	27	25	11	34	31	13	25	8	79
GB,IE,IL											20						2									2																
GB,IE,IN																																		2								
GB,IE,IT																						13																				
GB,IE,LV																									1																	
GB,IE,NL																														4			6									
GB,IE,NL,US																																									9	
GB,IE,NZ																				3																			21			
GB,IE,PK																																					5					
GB,IE,SD																									7																	
GB,IE,SG																																							4			
GB,IE,TW																																		3								
GB,IE,US										2													4					14						1					6			9
GB,IL			8												1		1										2	8	7		13	6		11								
GB,IL,IN																					2																					
GB,IL,US																							1			8				6												
GB,IN			3	26	35	43	22	6	44	15	3	18		2		6	11	19	34	45	48	80	91	59	32	138	193	145	118	205	127	184	98	126	136	109	114	139	77	28	19	41
GB,IN,IR,TR,TZ,US,ZA																																										1
GB,IN,IT																												1	23	9		2				10		2	4			
GB,IN,JP																				6														4	1		5	2	3			
GB,IN,JP,US																												7														
GB,IN,KR																													13		1											
GB,IN,KR,SA																																										2
GB,IN,MX																						1																				
GB,IN,MY																															6											
GB,IN,NO																																			4							
GB,IN,NZ,US																																	13									
GB,IN,OM																																						2		2		
GB,IN,PT																																										6
GB,IN,RU																																		4								1
GB,IN,SA																																								9	6	10
GB,IN,SG,US																																								8		
GB,IN,TW																					1			15					8												4	
GB,IN,US							3																		6	2		26	6					6		11	25	38	35	44		4
GB,IQ										7																			5			9	15		5				9	6		
GB,IQ,ZA																																						8				
GB,IR						23	7												1	3	4	11		4	8	3	16	55	31	29	6		5			8	7	31	20	15	2	6
GB,IR,IT																									3				3		2				4							
GB,IR,IT,TR																																		1								
GB,IR,IT,US																																							5			
GB,IR,KR																													2													
GB,IR,LY																								3																		
GB,IR,MY																																						1				
GB,IR,NZ																																						3				
GB,IR,PL																																					6					
GB,IR,SI																															1											
GB,IS																																			4			1			5	
GB,IS,US													3																													
GB,IT	31	49	29	56	73	12	9	21	43	9	6	10	29	31	29	51	20	38	13	86	78	42	87	27	11	49	48	84	35	86	129	128	83	88	34	43	86	67	53	44	21	51
GB,IT,JP																			4																3					3		
GB,IT,KW,RU																								5																		
GB,IT,LT																																										
GB,IT,MD,PL																								5																		
GB,IT,NL,RS																																					4					
GB,IT,NO																								1																		
GB,IT,NZ	1																																									
GB,IT,PL																													2	3												2
GB,IT,PT													3						12			11									13		2	8					6			
GB,IT,QA																																					10					
GB,IT,RO																																		3								
GB,IT,SE																										7				7												4
GB,IT,SG																													2		6											
GB,IT,TZ																																			2							
GB,IT,US											3																4	2	17	4	1	5	1		3		1					
GB,IT,VE																				2				4		21																
GB,IT,null																													12	3												
GB,JM																											1															
GB,JP						4		3	2	18		4		1	2	3	12	23	7	12	6	2	8		12	11	4	7	16	7	28	28	16	7	42	54	14	49	31	16	3	15
GB,JP,MX																								3																		
GB,JP,OM,PL																																10										
GB,JP,RU																																				12			8	7		
GB,JP,SE																																		4								
GB,JP,TW																																	10									
GB,JP,US																														4			6				3		1	7	13	
GB,KE,ZA																																										4
GB,KR																	2											20	9	3	2			2		6						
GB,KR,NL,US																																2										
GB,KR,RU																		4																								
GB,KR,US																															2		1									
GB,KW																									2			7														
GB,LB																																						2	1			
GB,LK																																					2					
GB,LT																																	5									
GB,LT,US																							1							4												
GB,LU																																						1				
GB,LV																																										
GB,LY																						3						10						1								
GB,LY,NZ,TR																																		4								
GB,MA																																										1
GB,MD																					4	1												8	5		3					
GB,MD,PL																													2													
GB,MD,RO																												4														
GB,ME,RS																								4																		
GB,MR,SN																																							4			
GB,MR,TN																																							6		6	
GB,MT																																		8								
GB,MU																																			13		2					
GB,MX					2	4	2	20	5	7						33	3				11	14	10						16	5			2			1				9		
GB,MX,RO																2																										
GB,MX,US																						1																				
GB,MY	15				11		80						5		2				9									10		3		6	2	3							6	1
GB,MY,PK																																1										
GB,MY,US																															2	2	4									
GB,NG	12									4			2			20				5	2				3					3				10			9			2		
GB,NG,ZA																																								3	3	1
GB,NL	3	2	9		2	1			3	50		6					6	6		4	8	19	9	59	2	43	16	29		59	15	13	24	46	16	6	42	2	22			38
GB,NL,PL									2																																	
GB,NL,PT																							12																			
GB,NL,RS																																	6									
GB,NL,RU																																	10									
GB,NL,SE																																										7
GB,NL,US										7																				2												
GB,NO										1		1				3					9	8		9	1	14	19	5			1											13
GB,NO,SE																												1														
GB,NZ	3	1		2	10			8	1	3		7				8	2			7	1	12	20	28	15	5	11		8	14	14	14	12	50	10	15	7		87	40	26	30
GB,NZ,PL																																								8		
GB,NZ,SG																									26																	
GB,NZ,TH,US																																						2				
GB,NZ,US																										1																
GB,OM																		6	13	5		13	11	8	3	6		7		10			14	15		11			3	1	8	
GB,OM,SA																																									3	
GB,OM,US																																									1	
GB,PK															2									10		14		1	16	11	15	3	4	13	1	47	25	3	13	5	1	2
GB,PK,RO																																						2				
GB,PK,SA																																	2					3	36			
GB,PK,TR																																				1						
GB,PK,US																													6			4				3	4					
GB,PL	2									5	7	8	32		33	10	12	7	7	9		8	22		12	28	5	27	1		5	5	4	14	7					7	3	
GB,PL,PT																									2																	
GB,PL,RU																8																										
GB,PL,SE																																	1									
GB,PL,US																													9			4	4	9								
GB,PT		12	2	20	8	3	16	16	2	16	6	11	13		1	19	37	3	2	52	97	55	46	42	33	29	29	51	9	22	53	47	1	8	37	6	37	10	22		11	1
GB,PT,RU																								13																		
GB,PT,US			4																											1							3					
GB,QA,US																													2													
GB,RO																				58	5	9	3	5				24	2	6			19									
GB,RS									7																														1			
GB,RS,US											11																															
GB,RS,US,null																												21														
GB,RU													2	7		19	23	24	21	15	34	43	24	24	18	46	31	93	86	36	31		67		22	31	26	32	27	23	18	28
GB,RU,SK																																			2							
GB,RU,TR																											2				1	3		1	2	2						
GB,RU,UA																															25				1							
GB,RU,US																						5	3																			
GB,RW,ZA																																						3				
GB,SA											1														1	1					4	1		42	14	18	3	1	1		3	
GB,SA,SG					7																																					
GB,SA,US																																			1				1		1	
GB,SE							5	1						1						1	6	2		8	1		3	10	52	7	21	13	3	5	16	7	4	23	16	51	3	
GB,SE,US																						3																7		4		
GB,SE,UY																												1		1												
GB,SG									2	1	3					6	3	3	8		3	5											1	45	44		28		2	1	5	3
GB,SG,TH																																			5							
GB,SG,TW																																			5							
GB,SI																	1	3																8		1						
GB,SI,US																											1															
GB,SK											2							12		8	2																	19		24		
GB,SN																															2	1										
GB,SS			7	8			1																																			
GB,SZ											7																															
GB,TH																									1		6	11	9		11	8			15				15	20		
GB,TN																																				5	4			1		
GB,TR				2		4		5	1			7			3		17		1		2	44	6	7	15		17		24	3	1		6	13		7	4		2	1	15	1
GB,TR,TW																													1													
GB,TT														1					15		4			8																		
GB,TW																																		6	9	2	6	6		1		
GB,TW,US																																			2							
GB,TZ										1							5																1									
GB,TZ,ZA																																				2						
GB,UA																	5			14	50			10			15															
GB,UA,US																				7									5													
GB,US	58	83	42	67	70	21	37	28	51	19	24	41	25	39	23	71	18	44	52	46	95	124	94	120	198	46	91	115	164	81	145	129	96	152	134	97	181	101	110	153	146	255
GB,US,VE									5	2	7																															
GB,US,null													3																													
GB,UY																																		2								
GB,VE				5	17	8		19			15	25				4	5		8				5	23	10		2															
GB,ZA												12							1		18	23	55	34	5	19	26	7	17	13	19	2	14		1	4	1	7	5	12	5	1
GB,ZM				1																																						
GB,null		1		4					4			4		4														47	16	18	2											
GE																				1					10			3	24													
GE,IR																																										
GE,IT,SA,US																																							1			
GE,RU																						8					5		8	9	3							9	14	4		
GE,SE																									1																	
GE,US																																					13					
GH											1																		11	31				3	2							
GH,ZA																																						6			3	
GH,ZA,ZW																																							2			
GP						1																																				
GR	32	56	71	105	56	116	92	150	63	113	87	38	126	107	54	87	79	72	210	52	74	108	56	84	57	149	216	178	85	117	44	24	131	85	53	81	56	63	99	33	151	83
GR,HR												2																														
GR,HU																												37		3			9					4				
GR,HU,IT																				17						4			3													
GR,HU,IT,RS																												2														
GR,HU,RO																															2											
GR,HU,RO,US																												1														
GR,IE																																			1			3				
GR,IE,IT																																							8		17	
GR,IL																									19								8									
GR,IN																														3		11	7	10	16	10		8	3			
GR,IN,IR																																				1						
GR,IN,IT																																						3				
GR,IN,RU																																						1				
GR,IT													2		6		3	4			8		2	10	4	1					1											3
GR,IT,JO,PL																															8											
GR,IT,NL																																					2					
GR,IT,PL																					2			3								4	3									
GR,IT,RS																																					9					
GR,IT,RU																					3																					
GR,IT,SI																																	13									
GR,JP																										2	6	1														
GR,MX,US																		2																								
GR,MX,UY																																										2
GR,MY,NZ																																13										
GR,NL				4																					10																	
GR,NO																1	5																		3		3					
GR,PK,PL																																	6									
GR,PL								6			1		5	4						13	1	14	2		7	4		1	7	3	8	19	4	20	3	11			4		1	3
GR,PL,RS																																	2									
GR,PL,RU																														1												
GR,PL,SA																														24												
GR,PL,SK																										9			2													
GR,PL,TR																																										11
GR,PL,US																			2						3						2	8										
GR,PR																																11			9							
GR,PR,RO																													1													
GR,PT											1																															
GR,PT,SI																																						3				
GR,PT,US																																										4
GR,RO																							1					2		1	4		6		4	3			3			
GR,RS																										12	12		4		5						6	8				
GR,RS,SE																																					8					
GR,RS,SI																																							1	2		
GR,RS,US																								8																		
GR,RU											6										1			2		4				1				13		2			1			
GR,SE																													2		14	2	6				3					
GR,SI															3																6		22	19	11	24		3		4		34
GR,TR																														22						2	2			2		
GR,UA																				1																						
GR,US		2				3		1	10		2		9		25	1	8	15		16	2	3	6	7	7		16	8	8	15	22	2	13			11	17	2	3	3	38	
GR,US,null																												8														
GR,ZA																																			1						4	
GR,null															32		1											4														
HK								11		9			7	2	19	61	236	180	160	281	221	225	277	233	199	101	182	130	210	167	277	67	168	233	129	163	207	131	252	246	119	93
HK,IN																		3						1							2	12									1	
HK,IN,JP,TW																					59																					
HK,IN,US																							2																			
HK,JP																													7													
HK,JP,SG																																	5									
HK,MY																																										8
HK,NZ,TW																																										
HK,RO,UA																																										3
HK,RS																																										
HK,RU																																										7
HK,SG																					8		7	5			6			4			20					45	2			
HK,TH																																										10
HK,TW												6	5	1		17			3	5	7								20	19			3					17	9	7	5	
HK,US																			29	34						25										8				5		
HR	11	14	11	22	8	9	1	12	21	23	27	1	21		5	42	19	4	23	21	11	32	16	33	35	21	26	29	60	39	27	37	62	22	43	40	87	66	135	73	67	82
HR,HU			3	1																		1								2		6		6						8	1	
HR,HU,US																																2										
HR,IL,SI																																					1					
HR,IR																														4	6		3		1		1					
HR,IT											2						6	7				2						3		3			1	26	6	7	1					
HR,ME																																		4								
HR,MX,US																																							10			
HR,NL																																	10									
HR,NZ																																						1				
HR,None															9																											
HR,PL																																				6					3	
HR,PL,RS																																										6
HR,PL,RS,TR																																										
HR,PL,US																																				11	9					
HR,PT																																9										
HR,PT,SI																																	4									
HR,RS											3	4																								1		10		8		
HR,RS,US											8												9																			
HR,SI					5																		3	7				3			4		1	14	13	9	4		18	7	2	
HR,SI,US																							10	1																		
HR,US	4																	6								5				16		1				2		3				
HR,ZA																																								3		
HR,null																			4																							
HU	25	23	38	42	49	10	19	18	52	28	49	28	35	2	27	26	23	51	43	50	120	19	123	67	70	62	92	68	80	58	65	59	90	78	84	45	100	119	31	79	152	121
HU,IE																																							5	4		
HU,IE,NZ																														4												
HU,IE,RU																															5											
HU,IR																											5															
HU,IT	17									7	31	14	7	1	11	5	6	9	6	42	88	27	23	33	26	72	42	1	24	21	20	17	56	2	10	7	16	1	4	3		6
HU,IT,NO																								1																		
HU,IT,PL							3		24																																	
HU,IT,PT																																27										
HU,IT,RS																					7																					
HU,IT,RU															2																											
HU,IT,SI																																							4			
HU,IT,US																															1											
HU,IT,null																												21														
HU,JP												6			1								2			1			4					1								
HU,JP,PL																																						1				
HU,JP,US																																				6						
HU,MD,RO,SG																																					7					
HU,ME,RS																					10					3												4				
HU,NL																	4																								19	
HU,NO,SE																																							14	17		
HU,NO,US																				4																						
HU,PK																																							2			1
HU,PL		3					31		7	7	7																							4								
HU,PL,RS																																										4
HU,PL,UA																															1											
HU,PT																						22	1	7		1						1		5								8
HU,RO	18					13	5										1		25	3	15			5	23	6			14	2			22		1	1						
HU,RO,RS																																					3					
HU,RS			1														7						3	2		3	4	4	20		3			6	15	2		2				
HU,RU	49								2		1														9														1			
HU,RU,SE																					2		8					4														
HU,SE										1		10									1																		3	3	4	
HU,SG																																							4			
HU,SI													4																				1								3	
HU,SK				9	25																				2	1					1				11							
HU,SK,US																																							11			
HU,US			1	1		10		1	4	6	8	3			2	2	17			5	4		4	1	6			10		6	1					8		11	24	8	5	2
HU,ZA																													7	7											3	
ID				1	1																								1	1	2						5		4	2	1	3
ID,IN																																									2	
ID,IN,JP																																									1	
ID,IQ,IR,RU,TH																																										1
ID,IT																				14		7				14			5													
ID,JP																								2						6												
ID,KW,MX,US																												4														
ID,MY																														2		1					1					10
ID,SG,TW																																										1
IE	44	44	110	28	47	30	60	47	27	21	101	59	16	52	45	87	54	54	161	137	71	144	71	139	167	102	62	138	147	228	225	127	287	187	127	108	119	128	91	49	35	61
IE,IN																																	2		2	12	18	9				1
IE,IN,US		4																																								
IE,IR																											4							3	16	12	3	2	2	3		1
IE,IR,PL																																								3		
IE,IT							7									3			3			2		18			27					28	6	6	7	7	1	14	10	4	9	
IE,IT,JP																							8																			
IE,IT,NL											1																				6											
IE,JO,US																																										1
IE,JP																									8	4							18									
IE,JP,US																								6																		
IE,LY													25																													
IE,MY																														2									1			
IE,MY,SA																																				1	1					
IE,NL	5		11			2			7	4			25	4		3													40	13				24			21				2	
IE,NL,PL																														2												
IE,NL,US																																								13		
IE,NZ																							32		26			39			66	22		3	4					2	10	
IE,NZ,US																							11				22															
IE,PK																																4	2			2	4		27			
IE,PL																													4								8			4	8	
IE,PT																																			3		2					
IE,PT,US																																		6								
IE,RU																		1			2				6		8															
IE,SE																					12	1																				
IE,SG																															2							15	5		22	11
IE,SG,US																															4											
IE,TR																																			4	6	8				7	
IE,US									1			1								2										1	1	2		4	10	2	13	3	7	7	7	23
IE,VN																																							2	2		
IL	57	7	18	42	49	49	37	20	66	7	17	29	35		50	161	64	165	115	174	120	233	234	232	305	273	214	237	173	182	171	169	344	131	234	176	140	260	120	114	80	168
IL,IN																							8						1				4	9	1	7	8		5	3	10	4
IL,IN,MY																																		1						6		
IL,IN,RU																																			14							
IL,IN,TR																																										
IL,IT															1					4											12		8	17	3	8	34	8	18	14	1	
IL,IT,NL																																					2					
IL,IT,NL,US																																						4				
IL,IT,NO,PL																																										
IL,IT,RU																										7	6		9	18												
IL,IT,US																												1														
IL,JP																														3	1			9	12				4			
IL,JP,KR																														2												
IL,JP,RU																																							20			
IL,JP,US																														4												
IL,KR																												8	3	4		3	3		2					4		
IL,KR,PT																																					3					
IL,MD																															5											
IL,NL																		13		2																						
IL,None																				5																						
IL,PL																																					5					
IL,PL,UA																												1														
IL,PT																													1		5											
IL,RU															1									3	2	8										2	2		2	7	3	1
IL,SE,US																																							1			
IL,SG																																2							8	1		
IL,UA																																			1							
IL,US	2		1		5	12		1	2	5	3	6		24		4	31			1	20	1			14		5	7	17	17	64	47	20	14	22	24	18	15	6	54	22	35
IN	1007	701	950	816	1136	1156	1119	874	946	1230	969	1206	905	773	992	1078	1236	841	809	1033	811	1061	1337	1319	1368	1571	1551	1582	1634	1988	2219	2059	2556	3296	2913	2526	2808	2241	2593	2397	2203	2848
IN,IQ																																			2				1			9
IN,IQ,IR,SA																																										2
IN,IQ,JP,US																																									2	
IN,IQ,LY,RO,SA																																									7	
IN,IQ,MY																																		5	4		10					
IN,IR																															3								1			2
IN,IR,JO,PK,US																																										1
IN,IR,JP,US																																										10
IN,IR,TR																																							1			
IN,IR,TR,US																																			2							
IN,IR,US																																			4							
IN,IR,null																														1												
IN,IS																																										9
IN,IS,LK																																								3		
IN,IT	8	4	1	3	1		3	5	6	7		7	25	36	5		12		12	14	6	1	2	4	8	20	23	16	75	29	47	56	55	65	54	50	72	20	39	34	59	42
IN,IT,JP																																			6					4		
IN,IT,JP,TR,TW																																			1							
IN,IT,JP,TW																																					1					
IN,IT,KR,SA																																						3				
IN,IT,MY																																4										
IN,IT,NO,ZA																																										3
IN,IT,PL																									2							1				9	1		2			
IN,IT,PL,PT,US																																								6		
IN,IT,PL,SA																																								1		
IN,IT,PL,TH																																						3				
IN,IT,PT,US																																								5		
IN,IT,RU																																				6						
IN,IT,SA																																			3					4		
IN,IT,SI												2																														
IN,IT,TH																																			1							
IN,IT,TR																																		7	1							
IN,IT,TR,TW																																			1							
IN,IT,TW																							1																			
IN,IT,US																				1					9				1				2	2	1	12		35	19			6
IN,IT,UY																																										5
IN,JO,MA,PS																																			1			1				
IN,JO,MA,PS,SA																																					3					
IN,JO,PK																																										1
IN,JO,PK,PL																																										2
IN,JP		1	2			16	1	1	1			8	5	2	11	24	10	3		25	3	2	6	68	9	3	18	24	16	26	34	40	42	48	19	20	30	10	33	36	38	37
IN,JP,KR																												22					3				2			3		
IN,JP,MY																											8															
IN,JP,PL																																				3						
IN,JP,PT																															3	3										
IN,JP,SA																																1										
IN,JP,SG																																									3	
IN,JP,US																																4		12			7	13	12	23		
IN,KR													1									11				2	14		12	5	10	16	48	8	18	24	32	35	29	36	19	40
IN,KR,MY																												2														
IN,KR,NP,US																																					4					
IN,KR,OM																																									2	
IN,KR,PL,SA																																							1		2	
IN,KR,PL,SA,US																																									1	
IN,KR,RU,SA																																										1
IN,KR,SA																																		2				2	6	2	5	8
IN,KR,SA,US																																										2
IN,KR,TR																																				6						
IN,KR,US																														10	11	12	5		1		8		4	3	5	1
IN,KR,VN																																									2	
IN,KW																																									2	14
IN,KW,MY,SA																																				1						
IN,LB																																								1		
IN,LK																																		3	1	1	3		14	9		
IN,LK,OM																																					9					
IN,LK,SA																																				1						
IN,LK,US																																						3				
IN,LT																																								2		
IN,LY								14																			11											24				
IN,MA																																1										
IN,MA,PS																																						2				
IN,MA,QA																																								3		
IN,MT																																									1	
IN,MX																		10		11													3			23		10	8	3		4
IN,MX,US																								2																		
IN,MY																1				7	44	3	43	18	25	3	10	6	2	14	6	4	63	43	34	15	6	3	7	4	11	8
IN,MY,PT																																						3				
IN,MY,TH																														5	1										2	
IN,MY,TW																							13		13																	
IN,MY,US																								1			5			7				8	5							
IN,NG						17																				2		1		2	4				6					8	1	1
IN,NG,US																																								2	8	
IN,NL																																										5
IN,NL,PK																																						7				
IN,NL,PT																																										8
IN,NP																																									1	2
IN,NZ															2				1														3			6	14	14	4			
IN,NZ,US																																				4						
IN,OM																																				6	2				10	
IN,OM,SA																																					1					
IN,OM,TR,TW																																					5					
IN,PE																																										
IN,PG,US																															2											
IN,PK																														1			15	32	27		12			4	1	1
IN,PK,SA																																							2			
IN,PK,US																							9																8			
IN,PL																															2	6		14	13	9	11	44	30	30	12	21
IN,PL,PT																																									1	
IN,PL,SA																																2		1								3
IN,PL,TR,US																																										
IN,PL,TW																																		5								
IN,PL,US																																							2	4		
IN,PL,ZA																																				2		1				
IN,PT																										1	4	7	27		19	18	11	17	9	26	14	50	41	48	18	16
IN,PT,SI																																									6	
IN,PT,SK																																					5			3		
IN,PT,TW																																	5		4	3	3				2	
IN,PT,US																																			1					5		
IN,PT,ZA																																				3						
IN,RO																				3										12			10	16	34		15	4	12		13	
IN,RS																																				6	4	2	1	1	1	
IN,RS,RU,SA																																										
IN,RU				1					5		1																	3	17	12	1	20		16	7		7	10	1	6	18	19
IN,RU,SA																																										5
IN,RU,US																																										10
IN,SA																																9	16	9	22	21	22	45	30	15	30	61
IN,SA,SD																																									4	
IN,SA,TR																																										6
IN,SA,TW																																		3	1	1	2					
IN,SA,US																																15									5	2
IN,SA,ZA																																							8	3	1	
IN,SE									10																					2				5	5	9			3		2	
IN,SE,US																																4										
IN,SG																				1			15												12	25	10	8	1	8	5	3
IN,SG,TR																																							4			
IN,SG,US																																								3		
IN,SI																																	1	2		5	2			3		1
IN,SK					4					14																								8	2	2	2		16	4		6
IN,SK,US																																									4	
IN,TH																													1				8			9	6	4	8	10		
IN,TN																																							50			
IN,TR																																10					3	1		7	25	5
IN,TR,TW																																						2				
IN,TT																															17	14	9	12	22		4	11		2		
IN,TW																7	29	47	96	76	100	54	64	83	68	168	23	53	42	31	37	119	50	27	38	31	4	22	41	11	13	3
IN,TW,US																										1	7		8			18					6			1		
IN,US			55	17	12	8	7	11	45	45	3	27	3	73	43	41	60	44	58	76	102	34	134	146	131	151	159	195	199	180	187	169	201	232	361	324	350	353	314	273	212	249
IN,US,null																													3													
IN,VE											1																															
IN,VN																																									1	
IN,YE																																				1						5
IN,ZA																													4	2	9	1	29	18	15	30	15	37	24	48	16	7
IN,null													8								2			8					2													
IQ					6	4	21	8	2	74		18	3		36		19	17	17	12	12			1						18	22	6	11	12	7	16	26	64	58	87	120	91
IQ,IR,RS,US																																									1	
IQ,IR,SA																																										
IQ,IR,US																																				4						
IQ,JO																					21			13									20				5					
IQ,JO,SA																																				9						
IQ,JP											2																															
IQ,KR																																					6	10	15	4		
IQ,KR,SA,SY																																								9	3	
IQ,KR,SY																																							3		5	4
IQ,LY																						5																				
IQ,LY,US																												1														
IQ,MY																																	12			4	3					
IQ,PK,SA																																										1
IQ,RU																																								1		
IQ,SA																																				3		5	6	21	12	42
IQ,SY																																	3	6	5							
IQ,TR																																							21	15	1	
IQ,US																																		5							8	
IQ,YE																				2																						
IQ,ZA																																					4		1		1	2
IR	19	14	19		7		19		3	1				3			6	7	29	36	37	76	100	70	277	210	202	235	176	222	320	243	339	354	280	360	327	325	177	217	164	152
IR,IT																									4						30	33	72	47	27	5	5	19	15	10	8	9
IR,IT,KR																																									1	
IR,IT,KR,SI																																1										
IR,IT,MU																																		2								
IR,IT,PL																																	10	9		10		3	3			
IR,IT,PL,TR																																			12							
IR,IT,PT																																			3						2	1
IR,IT,RU,TR																																									2	
IR,IT,SI																																1										
IR,IT,TR																																										
IR,IT,US																																6				10		6				
IR,JP																															3	1										
IR,KR																										1								3	1	20	2					
IR,KR,PL																																										1
IR,KR,PL,RU																																										1
IR,KR,PL,SI																															8					2						
IR,KR,SI																																			1							
IR,KR,US																																3										
IR,LT																																										
IR,MU,US																																				4						
IR,MX																														12			10									
IR,MX,PL,RU,TR																																								1		
IR,MX,US																								2			1	1														
IR,MY																									3		7	2	39	11	2	8	4	15	4		17	19				
IR,MY,NZ,TR																																					6					
IR,MY,US																																					4					
IR,NL																								1			2											3	2	1		3
IR,NL,US																																									2	
IR,NZ																														6	3	5	6	2	4	18	6	3	4			
IR,NZ,PL																																			6							
IR,NZ,TR																																			19			4				
IR,NZ,US																																					3					
IR,PK																																					12	1	5	3	43	22
IR,PK,PL,UZ																																										
IR,PK,TR,US																														3	2											
IR,PK,US																																									5	
IR,PL																												4		4	23	4	46	30	12	15	57	31	40	32	13	23
IR,PL,RO																																								3		
IR,PL,SI																															3		20		3	7				3		
IR,PL,TR																																						2				
IR,PL,US																																				1						
IR,PL,ZA																																									3	
IR,PT																																	1	2				2	1			
IR,PT,RU																																						2				
IR,QA,US																																					3					
IR,RO																																							2			
IR,RS,US																															2											
IR,RU																																				22				16		4
IR,RU,TR																																								2	3	
IR,RU,US																																								8		
IR,SE																					3	8								7	5	5	1							7	3	
IR,SG																															1											
IR,SI																																						5				
IR,SK																																	2		9							
IR,TG																																									1	
IR,TH																																							3			
IR,TJ																																	2									
IR,TR																									1				2		4		5	3	17	10	1	3	2	6	4	3
IR,TW																																				2						
IR,TW,US						1																																				
IR,US					18																	3			8	4	3	2	6		2	17	19	20	12	12	16	31	57	32	25	25
IR,null																										3				1												
IS												1																					3			12		2		11	11	3
IS,SE																																									9	
IS,US										7																														6		
IT	477	506	708	691	546	417	452	646	410	455	588	443	509	292	536	1200	1121	1132	1153	1475	1071	1706	1329	1537	1590	1277	1320	1243	1196	1132	829	693	989	882	731	694	530	786	513	535	512	391
IT,JO																														1												
IT,JO,US																																					8					4
IT,JP								1	1						3	18	6	11		5		1	16	3		4			1	5	1	9	15	18	7	5	10	5	4	12		
IT,JP,KR																																					3					
IT,JP,PL																											2				2		24									
IT,JP,RU																																					5					
IT,JP,SI,TW																																						1				
IT,JP,TR																																			2							
IT,JP,US																				12				1	2									6								
IT,KR																									1	1						1				5	4				1	4
IT,KR,RU																							4																			
IT,KR,SI																																										
IT,KR,US																																										1
IT,KZ																							3																			
IT,LT																																									2	
IT,MA,US																																							10			
IT,MD																							3	3	1				20							4			1		11	
IT,MD,PL,RO																								1		3																
IT,MD,RO																						4							2												3	
IT,MD,RU																										2																
IT,MX																							21			8												8				1
IT,MX,RU																						11																				
IT,MY										2																																
IT,NC													16																													
IT,NG																																			7							
IT,NL			2	6		1	2		2	2			15			6		6	3	47	15	37		17	8	14	6	23	7		1	1		11	3	7	5	15	1	38	38	2
IT,NL,PL																		1																								
IT,NL,PT,US																																				8						
IT,NL,RU																																								1		
IT,NL,US																																						8	1			
IT,NO																						6						5	2	10	10											
IT,NZ										5						6												6	9		10				18							
IT,OM																																						1				
IT,PK																						24	15									7	8		2							
IT,PK,PL																																							7			
IT,PK,SA																																			2							8
IT,PL	3		1	3	1			2	6	1	3	6	6	6	6	1	10	5	7	1	52	7	19	29	17	21	5	51	6	12	17		1	12	5	2	26		11	5	2	13
IT,PL,PT																																	2			11						
IT,PL,RO																														5												
IT,PL,SI																																		6								
IT,PL,US																													4									1				3
IT,PT											9	13	6		39			7		1	6	49	3	3	2	4		1	65	21	36	9			3	1	1			7	1	4
IT,PT,RO,UA																																				1						
IT,PT,RU																	3		5			7	7																			
IT,PT,TN,US																																2										
IT,PT,TW																																							1			
IT,PT,US																															4											
IT,PT,null																				3																						
IT,QA,US																																		6								
IT,RO																	3								2					1			10	2		10		6	4	2	5	6
IT,RO,UA																																							4			
IT,RS															3			5			5			17	2		4	1	5				4	3		5	11	2		3	6	
IT,RS,RU																		9																								
IT,RS,SI																																13		33								
IT,RS,US																		2								3	5															
IT,RU			17		4							6	1	2		8	1	38		19	47	98	29	36	49	66	44	5	1	13	24	29	17	24	16		45	12	3	27	14	9
IT,RU,US																			2									3							22				19			6
IT,RU,null																			5																							
IT,SA																																			3	25						10
IT,SA,TN																																							1			
IT,SA,US													7																			4		4		5				1		
IT,SE							29									2			5	3	8			2		10	6		6	13		2	3	5		1						2
IT,SE,US																																	9									
IT,SI															10					3	6	3																6		3		
IT,SK	4		1											2	3		6							4					3								4					11
IT,SN													8																													
IT,SO				6																																						
IT,SS		4																																								
IT,TN																										3										4	1		1			
IT,TR																								4					1		2		3		1	3		11	14			
IT,TR,US																																		4	8							
IT,TR,ZA																																							1			
IT,TW																					9							10	11	8				1				3				
IT,UA																								6								2	5	8		8	10	4			9	
IT,US	29		4	3	13	8	6	29	16	16	3	2	14	24	20	52	59	59	5	29	24	103	98	39	37	20	76	104	125	149	163	55	90	83	94	111	117	92	58	47	56	11
IT,US,UY																																7										
IT,US,VE																													3													
IT,US,null																												13	22													
IT,UY																													13			1										
IT,VE						5									1		5		2	3																						
IT,ZA						2	18				6	2		1				6	3	2	3														9		3	25	4			
IT,null	1	16							4		5	1		3					8	2	2							32	7													
JM		2	2	6	10	6	1	1	2	4											2	3	22	1	7	2		2	9	3	5	4	4		4							
JM,MY																																							3	3		
JM,SE																																			2							
JM,US											4						25			3								2	3					1		6	1	3		13	1	
JO	3	6			1	11	8	26	30	48	35	15		18	19	14	28			11	6	48	25	7		37	5	28	2	18	8	25	19		8	14	12	34	37	21	41	8
JO,JP																																									6	15
JO,KW																																										3
JO,LB		7																																								
JO,LY,MA,PS,QA,SA																																									3	
JO,LY,MA,SA																																	1									
JO,MA,PS,QA,SA																																								2		
JO,MA,PS,SA,YE																																		4								
JO,MA,SA																																	3									
JO,MA,SA,TN																																	1									
JO,MY,PS,SA																																		4								
JO,NZ,US																																					2					
JO,None									5																																	
JO,OM,US																						5																				
JO,PK																																							9	6		6
JO,PK,PL																																							1			
JO,PK,PS																																		2								
JO,PS,SA																																		6								
JO,QA																																				3	17					
JO,SA																																12		3		5				1		
JO,SA,SG																														3						2						
JO,SA,YE																																										3
JO,TR																																										1
JO,US					1					6														1		4	1						3	37				1				
JO,null									8																																	
JP	2687	1600	1654	1631	1522	1152	1233	1391	1577	1291	1309	1464	1279	1272	1273	1917	2615	3065	2673	3591	3864	3684	3540	3578	3632	3514	3785	3722	4696	3366	2850	2853	3959	3359	3278	2849	2475	2522	2505	2231	2163	1739
JP,KR			1				4						1	6			4	15	6	24	6	10	24	14	15	12	34	75	45	53	44	42	71	43	71	143	63	34	30	41	33	26
JP,KR,PL																														6												
JP,KR,RU																															4											
JP,KR,SG																																			8							
JP,KR,TH																																4										
JP,KR,US										1																		14		29	4	13		2		6	14	7		9		
JP,LK,US																																									3	
JP,MA,TR																																										2
JP,MN														5																												
JP,MX					1		4																		3															2	9	6
JP,MY									4																						2	10	7		5		1		2		7	
JP,MY,PL																															15											
JP,MY,SG																																3										
JP,MY,US																																		12								
JP,NG									1	2	1																															
JP,NL							1					1								2			10	10								3				21			3			4
JP,NL,SI																								1																		
JP,NL,US														1																												
JP,NO																			4					1					9									4				
JP,NO,US																	22														20											
JP,NZ																			6				7		4									6							3	7
JP,NZ,US																						4	2																			
JP,None										1											3																					
JP,OM,ZA																						5																				
JP,PH							1																7	1					1	8	3											
JP,PK									2																						10											
JP,PL					1		1												4			1		2	4					4	1	14	15	5	6	1	11	20	16	9	17	6
JP,PL,RS																			3																							
JP,PL,US																																24										
JP,PL,null																											3		2													
JP,PT																8							4								32				4							
JP,RS											5							5	7	3	1		1																			
JP,RS,TH																																									1	
JP,RU							1						1	1			9	1		4		2	4	4	4		7	1	1	2	7	11	7	16	26	36	41	38	99	50	55	90
JP,RU,UA																					9																					
JP,RU,US																									3	17					4	2		1								
JP,RU,ZA																																	1									
JP,SA																															1						12					
JP,SA,TH																																										2
JP,SE																				4				5					8	1	2	2	17		1	2	5			1		
JP,SG											3			1	8	15	3	1												1			19	1	1	1		3	2	3		1
JP,SI																										1											8					
JP,SK										1											18							4														
JP,TH																									3					3	8	1			2				1	9	13	9
JP,TR																														23	4								2	2		
JP,TW			7			1						3	2				15	6		1						3	22	1	18		2	2	4	4	14	1	17	13	5	10	22	31
JP,TW,US																																							2			
JP,UA																				11										1			5									
JP,US	7	1	3	24	20	33	18	34	35	15	10	57	23	39	10	21	9	33	11	33	15	81	28	62	31	7	14	112	71	67	163	121	124	85	81	55	186	26	68	43	32	20
JP,US,null																												2		2												
JP,VN																																			1				8	1		10
JP,ZA								5		3								7											2	3			25	8	2	2	4	1	20			
JP,null	5	11	7	4	7	2		6	8		3		2	2	13					2	7		5	8	5		3	3	11	19	19											
KE																																9								5		
KE,MY	7																																									
KE,SE																																						9				
KE,SE,SG																																							5			
KE,US,ZA																																		2						4	1	
KE,ZA																															18	50	5						2	10	6	15
KR	1	10	32	16	26	2	20	25	39	26	15	49	49	37	103	158	182	177	348	352	321	441	350	366	437	537	468	478	490	735	602	785	626	843	828	696	528	701	578	425	536	370
KR,MA,QA,SA																																									4	
KR,MY																															1	2				1						
KR,NL																																									7	
KR,NZ,US																					11																					
KR,PK																																		2	16	24	22	43	60	10	28	8
KR,PK,SA																															2											
KR,PL																														10										8	1	
KR,PL,SA																																					1		2	1		
KR,PL,US																															6											
KR,RU								5						1							6	4			7	6	30	21						2		16						
KR,SA																																				2	5					
KR,SA,SG																																3			5						1	
KR,SA,TR																																										1
KR,SA,VN																																										5
KR,SE																		1																								
KR,SE,US																						2																				
KR,SG																														1	4	4	41		106			1		7		
KR,SG,US																																34			29							159
KR,SK								2																																4	3	
KR,TR																																			1		1			2		
KR,TW																																	1			1			22			
KR,TW,US																																					5					
KR,US		2		1	1			1		1	3	5	59	1	1	5	86	10	11	13	25	16	11	13	31	11	50	146	158	56	218	73	193	120	48	81	87	45	59	39	45	58
KR,US,null																											3	12														
KR,UZ																	2					4																				
KR,VN																													1			1										
KR,null								8																																		
KW		3		4	3	7	1		3									1	3							38			7		3			5	7	9	2	1	11	4	13	
KW,SA																																					2					
KW,TR																																							11	1	3	
KW,US																																		2								
KW,ZA																																7										
KZ											16	17														1	6			2	3			1							1	1
KZ,RS,XK																																								3		
KZ,RU																										8								1				1		1		1
KZ,TR																																		7					2	1		5
KZ,US																																	1	3		11	11					
LB			13			18											5					9	1	1				54	20	25	1	7		8	4	7		7			3	
LB,QA,SG																																					8					
LB,SA			3																																							
LB,US				16																					1										5		7	6	10		7	30
LK	2		5	3																																						
LK,TH,US									1																																	
LK,US																																	4						10	8		
LS									2																																	
LS,ZA																													2													
LT																				2			1												7				2	2		
LT,LV,TW																																							4			
LT,LV,UA																																								4		
LT,PL																																								2		
LT,PL,UA																																	2									
LT,RU																							2																			
LT,TW																																					1					
LT,US																														4												
LU																																										
LV			1																	3	1		1		2		1	15	1				1	2	2		29	26	16	34	2	26
LV,PL													1						15																							
LV,RU																										1															8	
LV,US																																			2							
LY,MA,MY,QA																																									1	
LY,MA,QA																																									1	
LY,MA,SA																																	2									
LY,MY,SA																																		6			6					
LY,PT,TN																																									1	
LY,US							23																																			
MA																			1	5	4	19	5		17	17					1					1			11	5	5	9
MA,PK																																1										
MA,PS,QA,SA																																								3		
MA,QA,SA																																								2		
MA,RO																																										
MA,SA																															1											
MA,SA,TR																																										
MA,US																							5						7	12	4			14								
MD	4					7	4		35	4		1					9			3	4	15	13	24	3	17	14	6	4	3	1	17	2	16	3	18	12	5	42	23	20	14
MD,MX																																	1									
MD,PL																9					8	9	1	9	3	4	2	4	5	8	7	1	3	4								
MD,PL,PT,RU																				2	4																					
MD,PL,RO																							2						3													
MD,PL,RU															9														2													
MD,RO																					7					23			4	9	8	8	7	2	6	11	18	6	12	8	6	
MD,RO,RU																													3													
MD,RO,SK																																		1								
MD,RS																								1																		
MD,RU												4									3	2	3				2			6												
MD,RU,US																												3														
MD,SE																																									2	
MD,UA													1																							2						
MD,US																								2			1	2	1	3	17		4		1							
MD,null				8																																						
ME,RS																				1					1	2									2	5				4		
ME,RS,XK																																							1			
MK						1							1				1		13				3																			
MK,SI																								2																		
ML																																				1						
MN,RU																													3													
MN,null																															8											
MO																																										3
MR,SN																																8										
MR,SN,TN																							6	3																		
MT																																	1	1	1	2	3	4	1		5	
MT,PL																																										1
MU																			8	12				14									12									
MU,NA																																					1					
MU,ZA																																	11		8	2					1	
MX	5	3	5		5	12	1	10	12	1	7	2	11	4	31	10	44	59	89	120	107	106	141	234	193	169	192	200	232	260	142	247	298	214	215	284	288	246	333	402	155	166
MX,NL																						1						8														
MX,NL,US																													1													
MX,NO,US																																							5			
MX,PT																				5																						
MX,PY																																								4		
MX,RO																4		2	2					6					10	1												
MX,RO,SK																																									2	
MX,RO,US																									9																	
MX,RU																21	16	45	28	14		9		6		12		21		13				14						13		
MX,SE																																17		4								
MX,US					1			1				2	3	5	25	9	7	9	38	14	34	49	7	19	13	17	1	56	13	82	7	25	3	21	7	18	36	49	14	34	14	4
MX,US,VE																																			8							
MX,VE																					21																	4				
MX,ZA																																		6								
MY		7	1	8	3		2	1			21	22	11	16	10	7	10	12	5	6	12	28	8	14	1	7	8	8	33	8	25	43	74	142	75	57	51	51	61	26	38	22
MY,NG																																						4				
MY,NG,PK,ZA																																										7
MY,NZ																																				5	15	7	5			6
MY,NZ,PK																																							3		4	
MY,PK																																2	5				4	3		3	4	2
MY,PK,PL,SA																																					3					
MY,RO,SG																					3																					
MY,SA																																		14	3	6				7		6
MY,SA,US																																				2						
MY,SD																																		3								
MY,SG																			4						2						1	16	4			1			5			
MY,TH																			5	2																						
MY,TR,TW																																										1
MY,TW																			2																							
MY,US					2				8	3			1															3	4		21		9				3		4	4		1
MZ														1								6																				
NA																																									1	2
NC																																		1								
NG	59	33	20	12	33	33	21	37	44	78		18	66	9	39	52	19						4						12	13		2	10	7		10	11			8	18	4
NG,NZ																																									3	
NG,NZ,TR,US																																									3	
NG,NZ,ZA																																							11			
NG,PK,PL																																										
NG,PK,PL,US																																									3	
NG,PL,US																4																									6	
NG,RO,ZA																																										3
NG,SA																																					2					
NG,SE,ZA																														3												
NG,TR																																		12					3			6
NG,TR,ZA																													1													
NG,TW																					4																					
NG,US						2	10																										1	3	6							
NG,US,ZA																																	3				4			1	9	
NG,ZA																					12	29	34	23				2		5					3	10	17	24	9	6	15	1
NG,ZA,ZW																																									4	
NL	324	193	219	145	204	191	158	270	243	189	179	119	178	103	203	626	661	459	400	501	331	513	467	328	416	332	274	351	534	363	250	136	221	298	215	102	121	125	114	121	82	66
NL,NO																29																										
NL,NZ																												4														
NL,None																	1																									
NL,PK																										2			10			12	6	8	1		6	4				3
NL,PL									8								2	14	1	2		4		3																		6
NL,PT				1				1		2				9				2	14	4	6				11						10		4			5						
NL,PT,US																													15													
NL,QA,US																																				5						
NL,RO																					3			3							3	1										
NL,RS																											7		7				13					8	1			
NL,RU									2						3		3	5		4	5	1	1	2	8	18	1		1										3	2		
NL,SA																															3	2	3	4		8						
NL,SE																								4									25					1				
NL,SG																																			5		6					
NL,SI																								10	1			2		5		2			2							
NL,SK																																							1			
NL,TH																					3	4	3	3	4	6	7	11														
NL,TR																		2																		4						
NL,TW																						5							53	16				21					7			16
NL,UA																																	2									
NL,UA,US																					3																					
NL,US	1		21	9	2	23	2	3	4	1	15	5	13	4	10	27	6	49	27	27	55	5	1	3	17			4	3	17	35	9	36	31	46	43	116	49	51	17	7	54
NL,ZA																															3	5	15	14		18		1	15	4		
NL,null						7				1	23																	3														
NO			3	4	1	5	1		8		15	14	1	2	1	4	24	73	37	47	117	88	49	58	56	99	97	53	48	63	137	23	6	8	13	25	34	58	22	181	51	26
NO,NZ																				2										6												
NO,PL		1																																		9					5	
NO,PL,US																															2											
NO,RU		1																					1										1			19						
NO,SE													8											1		1	5		14									16		8	23	
NO,SE,US								1																																		
NO,SE,null																														3												
NO,SI																		1																								
NO,US													1							2				4	5			5	8	9	15	4	4	32	65	31	53	16	49	9	52	18
NO,US,ZA																																				10	10	9	12		4	
NO,ZA																									9					10	4			7		1					8	
NP																																			2				2	4	1	6
NZ	74	173	158	51	38	96	93	211	39	259	122	82	35	50	119	239	214	287	107	380	237	236	328	206	229	178	223	63	92	237	255	164	228	146	164	286	135	117	210	171	88	76
NZ,OM																							3	7																		
NZ,PK																																		5		9	15	5	26			9
NZ,PL																																				22	59					
NZ,PL,TH																																										21
NZ,PL,US																																4										
NZ,RU																						2																				
NZ,SA																																			20							
NZ,SE																	8		8			1																				
NZ,SG								5							1			3		63	19	31	11	58		34	57	31	13	52	22	7	15									
NZ,SG,US																						7																				
NZ,TH																																			1	6						
NZ,TR																																										22
NZ,US	4						1			3		4		2	21	7	5				2		11	60	6	5	3		9	8	40	4	7	31	20	11	19	11	1	10	1	10
NZ,ZA																						7																				
NZ,null																																1										
None				6	3		7	3	5			7	2	1		18	7		7	2	6	2																				
OM									1																3	1	5			5				10		14			3	3		
OM,PK,SA																																										
OM,SI																																									1	
OM,TR																																							3			
OM,US																								1																		
PE																					3															4						
PH																																						4				4
PH,TW																																4						1	2			
PH,US																																								5		
PK			7						8				9	6		9			9	10	39	36	9	22	6	15	36	28	21	23	10	45	152	79	93	139	113	83	132	118	81	84
PK,PL																															2											
PK,PL,SA																																					2	1				
PK,QA																																					12		5			13
PK,QA,US																																							17			
PK,RO																																						8	4			2
PK,SA							1																						1		3			2	9	19	4	2	11	35	64	48
PK,SA,SE																																			10							
PK,SA,TR																																4									1	1
PK,SE																																									5	
PK,TR																																		10				4	5	33	12	17
PK,TR,US																															2								8			
PK,US					14										11				3	7				7				3	4				1		18		6	29	2	4	2	18
PL	87	80	141	117	142	73	75	194	153	188	150	116	137	75	46	129	83	206	137	320	340	351	447	456	391	486	442	335	429	346	567	465	499	511	409	551	510	451	414	489	387	441
PL,PT																					2		6	9			1				5	7	17		4		5	4	6	7	3	5
PL,PT,RU																																		9				4			1	
PL,PT,RU,SK,UA,US																																1										
PL,PT,SK,UA																															1											
PL,PT,UA,US																										3																
PL,PT,US																																		1				3				
PL,RO																				2								4								5						
PL,RO,UA,US																																							3			
PL,RS																				1	3	4	4		4		19	9	3	3		1	12	19	3	4	4	24		2		2
PL,RU	8						1	20	2				5	1		2	9	3	5	10	42	3	7	5	20	17	6	8	1		7		4	19	24		20		4	9		
PL,RU,SK,UA																																1						1				
PL,RU,TW,US																										23																
PL,RU,UA																											5		4			41	8	2		3	2	2		6	3	
PL,SA																																		2	10		2			10		1
PL,SE																5									1			12		4			15							1		
PL,SE,SK																											5															
PL,SG																																						5				
PL,SI																						3														2				1		
PL,SI,UA																												1									10		2			
PL,SI,US																																		1						14		
PL,SK				10												4		18		5	5	7		8	3	3	1	6		7	1									1	2	
PL,SK,UA																																				2		4				4
PL,SK,UA,US																														2												
PL,SK,US																																						3				
PL,TN																																						2				
PL,TN,US																																					2					
PL,TR																														13					5	2	4					3
PL,TW																													5													
PL,UA																	2		7	11	16	13	9	13	2	2	3	22	9	6	14	4			24	16	2	14	9	7	12	3
PL,UA,US																																						2			3	
PL,UA,UZ																				2																						
PL,US	8					8		1	1	2		2	4						7	16	17	11	8	2			6	40	13	106	8	39	88	48	15	21	41	35	20	13	39	8
PL,US,null																													2													
PL,ZA																															1		45									
PL,null										7				5														2										10				
PR						1	1	7	22	17	3	27	1	1			7	12	1	8		8	4	41	5	1	18		57	11	53	11	14	4	3		14	3	4	1		
PR,SK																								5																		
PR,US					1	1		7					1		1	4		17	1				1	2			4	1				1		3		1	6		16		1	10
PS																	9		19		8		19				3			3	2		2	12	6	23	19	1	8	7	2	
PS,SA,US																																						8				
PS,US											1		4																3				8		7							
PT	10	15	5		19	6	94	31	46	33	4	65	45	30	48	65	88	94	60	171	337	209	216	120	180	142	150	177	215	131	191	182	219	223	174	146	76	104	127	96	57	83
PT,RO																														1									1			
PT,RO,TR																																					2					
PT,RO,UA																																							3			
PT,RU																		1	3	10	3	1	3					16	11		11	45	5	19	20	11	10		19		14	25
PT,RU,ZA																																			14							
PT,SA																																							3			2
PT,SE																												4														
PT,SG																																			2							
PT,SK																																			3					4		
PT,SK,UA																																			1		1					
PT,SK,UA,US																																	5									
PT,TN																																		1			2	4	3			
PT,TR																																					2				9	6
PT,US																			8						29					13		1	19	5	5	8	1	4		5		
PT,US,null					8																																					
PT,UY																																			8		8		6			
PT,ZA																																							7	4	3	
PT,null																												13														
QA	3							2		7	14			9				1									12	7		5				3							5	
QA,RU,US																											2															
QA,SA																	4							2																		
QA,SG																												11			1				4		1	1		3		3
QA,SG,US																														8				9					2			
QA,TH																																1										
QA,TR																																									1	
QA,TW,US																																7										
QA,US																															9	22	13		17	16	1					
RO	1	25	3	1	55		74		25		70	3	25	9		22	7	6	17	22	17	4	16	10	25	13	14	48	39	81	15	12	44	19	57	33	52	64	52	51	76	95
RO,RS																																	1									
RO,RU																															2	2										1
RO,SE																																									1	
RO,SE,UA																													1													
RO,SG																				2																						
RO,SI																																								3		4
RO,SK																																		4			2					4
RO,TR																												7														
RO,UA																																						8		1	1	9
RO,US						2										12				3							16		1	4	43								1	2		
RO,ZA																																			1			5				
RO,null													4																													
RS		4		5		3	15	17	20	10		22	3			2	2	4	23	19	25	13	7	10	26	12	16	2	40	23	24	45	81	58	90	102	58	201	30	105	44	63
RS,RU									1	2		2																										1		6		
RS,RU,SI																																				2	1					
RS,SA																																										10
RS,SE																										6										2						
RS,SG,US																																					1					
RS,SI																								2							5			1	7	11	4	9	3	9	10	16
RS,SK																																		1	4		7		9			5
RS,TR																																										
RS,US		1						3	18		2	9	12	4			2												3	7											3	
RS,UZ																																						1				
RS,XK																																32		3								
RS,ZA																										2																
RS,null																			4																							
RU	851	752	720	849	855	458	649	839	515	402	450	230	320	335	321	483	594	441	368	617	1061	814	1192	924	1273	1170	1247	1258	1369	1357	1426	1162	1368	1206	1252	1314	1554	1646	1508	1902	1491	1879
RU,SA																																				1						
RU,SA,SG																																								6		
RU,SE																		10		9	25	16	15	30	7	1	31	29	2		4		1		1	3		3				
RU,SE,US																								9		8					2											
RU,SG																																									2	
RU,SI																																	2									
RU,SI,UA																																	1									
RU,SI,US																														3												
RU,SK								14	3			1			6	1														30					3							
RU,TJ					3		7	4		2																				3			12									
RU,TR																			1					4									1	9			1					5
RU,TW																										2	38			10			7	13	4	12	1		3			
RU,TW,US																									2																	
RU,TW,ZA																																		11								
RU,UA			2							10		11	14		17	7	27	15	9	9	89	38	25	46	58	60	68	23	70	62	92	60	96	72	39	29	20	51	23	3	7	4
RU,UA,US																								2				1				2		8	7		34					
RU,US	2			3		2	1	1				1	2	3		1	1	8	29	17	22		12	29	17	21	7	73	71	20	18	6	22	11	8	13	12	20	45	27	75	3
RU,US,ZA																										3																
RU,US,null																												4											4			
RU,UZ													1														1	1			8			3		5						
RU,VN																																		1						1		5
RU,ZA																	19									13						4				4	25	2		7		12
RU,null						4	5				11	5																1	37													
RW																																								5		
RW,US,ZA																																								1		
RW,ZA																																						15		33		
SA	4	15	9	25	23	34	55	39	36	37	1	14	1	6	2	19	12	11	17	11	4	15	42	8	6	24	38	18	31	7	81	39	81	105	71	84	78	118	155	130	105	104
SA,SG			1																											25	5		1			2	7	17				
SA,SK																																							6	2		
SA,SK,US																																					6					
SA,TN																																				16	7		5	15	1	
SA,TN,TR																																					4	2	18	17	11	5
SA,TN,ZA																																										
SA,TR																										2									1	4	1	5	1	16	5	
SA,TW																																						13				
SA,US					3	3	3	3	7																						7		11	10	14	15	9	9	2	3	10	2
SA,VN																																					2		7			
SA,ZA																			18													6	3	7								
SD																																		2							2	
SE	22	15	13	19	18	8	44	9	35	18	14	64	44	48	55	101	200	114	181	111	260	169	171	212	318	228	183	133	112	89	146	148	99	63	196	115	180	71	42	152	74	75
SE,SG																																	1	2							5	
SE,SK																													1													
SE,SK,UA																														1												
SE,SS								2																																		
SE,TH,ZA																																										2
SE,UA																								2															3			
SE,UA,US																																			2							
SE,US							1									1		2	3	10	7	9		2	2	1		1	48	15	4	9	15	4	8	4	14	4		13	3	5
SE,US,ZA																												5		9		14						3				
SE,US,null																														5												
SE,ZA																							3			1	18	12	1	22	14	13	2	23					16	8		
SE,ZA,ZW																																									1	
SE,null																													10	19												
SG				1	5		11	28	36	33	13	12	35	6	11	34	54	39	45	89	108	166	225	231	120	295	331	859	897	357	381	625	487	688	476	312	175	241	184	558	445	55
SG,TH																												1						1								
SG,TW										2	9					5	8		6	13	9			4		7																
SG,US																3					2	3		3	4	2	19	28	47	89	65	4		3		3	2	14	2	13		
SG,VN																																					8			20		
SG,null																			2									11														
SI	2					14		3	13	2			15	8	8	7	1		1	21		4		16	22	14	18	40	8	22	42	6	16	21	38	24	52	26	39	20	21	39
SI,SK																																						2				
SI,UA																											4	1				4										2
SI,US																				3	1	8	5		15														2			
SK	7	26	24	23	35	7	31	40	29	22	23	9	5	43	21	11	4	4	12	11	8	12	2	28	1	7	14	15	7	12	31	12	45	23	37	29	28	38	54	28	36	25
SK,TH,US																																				6						
SK,UA																																				8	2					
SK,UA,US																																2										
SK,US																				2		5		11	3		1						4			4	17	4	2	2		
SK,null								19			64																															
SN										11	8																															
SN,US																																										1
SS	37	28	22	2	49	8	17	22	9	3						1																										
TH				1					3	1			2			1	7				1	8	6	10	14	17	3	10	48	41	132	9	27	32	49	34	30	27	15	18	59	36
TH,TW																					1																					
TH,US																				1				1			1					13				13	3	3	1	1		11
TJ		4		4	20		8	2		6		1													4																	
TJ,null		1								1																																
TN																		2		1						26		5	15	6		3	24	15	3	7	11	14	4		3	5
TN,TR																																					2	11			7	
TN,US																														1				19	65				1			
TN,US,ZA																																									1	
TR		21	55		6	16	28	25	22	10	39	33	44	59	147	96	114	87	111	83	270	177	190	243	215	292	409	303	363	378	442	416	646	569	469	401	452	551	517	494	606	439
TR,TW,US																																2										
TR,US																			17				5	2	1	12		2	2	1	9	11	2	6	2	11	7		2	4		
TR,ZA																											8	5	2		31	6	1		3			2	1			
TT					2	1		4		2													1	2			7				2			6								
TT,US																																	3									
TW	2	1	18	15	28	40	22	32	87	64	73	62	109	117	141	479	630	559	615	279	403	418	418	580	542	583	587	768	742	698	834	567	634	478	478	436	425	298	293	168	279	214
TW,US								2		4	2	11		1			10			9	9		18	14	2			14	10	23	65	26	44	32	17	9	21	13	23	46		12
TW,ZA																																	9						7		2	
TZ																																					8					
TZ,ZA																																						10				
UA	9	23	26	7	32	13	13	9	8	6	16	11	30	22	17	16	13		24	40	43	45	54	45	32	44	30	40	48	27	34	27	30	40	33	37	51	19	14	38	30	23
UA,US														2	2			4	2					4	5		3	3		2	21		5	18	12	3		2	4	6	5	
UA,UZ																	2																									
UA,null									1																																	
UG							1			6																																
US	1452	1023	1322	1122	1172	1084	1522	2189	1793	1764	1206	1575	1522	1276	1594	7750	7478	7643	7588	7722	7845	8161	8411	8060	8157	8241	7680	9470	9009	8464	8034	7439	8373	7057	6275	6391	6722	5757	5774	5628	5243	4103
US,UY																	1																								8	1
US,VE											6																4															
US,VI																																				5	2					
US,VN					14																																	2				
US,ZA					5			3	7			5				2	8	1			27	24	19	17	23	1	45	13	44	12	23	6	45	19	48	26	11	7	4	16	5	
US,ZA,ZW																																		1								
US,null			1							4	2		7	12	3													44	71	35							8					
UY										7	4						10	4	4	7	3		4	11						5	2		1	8		6	1	11		1	11	
UZ									4			8									1	1	1										4	2	4	2	13		8	2	4	
VE	7		2	6	12	4	7	1	4			12	23	1	6	14	12	10	11	3	17	6	12	30	13	27	10	14	9	2		9	11	24	10	14	1	8		9		
VN																											12	3			4				6		13		11	31	10	26
YE									4	5		5																8													1	2
ZA	117	67	62	113	86	110	198	35	233	204	168	179	89	87	119	148	89	181	69	202	91	158	127	237	197	148	378	248	194	267	313	198	386	375	353	404	465	360	309	279	259	250
ZA,ZW																																								1		
ZM			7	4																																						
total	31406	29999	31744	29591	32434	31936	32319	36380	34501	36527	34497	35411	35539	26934	36023	38573	41011	41045	40898	40869	41806	42504	44290	44057	44192	45712	45811	51243	55351	52122	52579	49168	59915	58807	53094	49204	51949	47880	47488	46428	44187	40981
