1981	1982	1983	1984	1985	1986	1987	1988	1989	1990	1991	1992	1993	1994	1995	1996	1997	1998	1999	2000	2001	2002	2003	2004	2005	2006	2007	2008	2009	2010	2011	2012	2013	2014	2015	2016	2017	2018	2019	2020	2021	2022	
AE																										1																
AE,CN																																						1				
AE,EG																									2																	
AE,GB																																			8							
AE,IN																																								3		4
AE,IQ,IR																																										
AE,MY,PK,SA																																								1		
AE,PK																																								5		
AE,QA,SA																																										
AL,GR,IT																								4																		
AM												1			5		5		6																							
AM,BE,FR,NL																		8																								
AM,DE,PL,RU																										6																
AM,ES																					1																					
AM,RU				7																									6													
AR	20	21		1			1	9	1	9	1		1	19	7	1	17	2	15	7	30	35	12	16	7	5	7	18	6	16	4	3	1	3	1		4	8	18		12	10
AR,BE																																			3		1					
AR,BE,ES																																				3						
AR,BE,FR																																					5					
AR,BR																						18							3		5	16			9	4					2	
AR,BR,CL																												4														
AR,BR,CL,FR																																								1		
AR,BR,CO																																							5	4		
AR,BR,ES,FR																																				1						
AR,BR,ES,FR,PT																																						12				
AR,BR,FR																																					4					
AR,BR,IN,RU																																							5			
AR,BR,US																													1													
AR,CA,PT																																								10		
AR,CH,ES																															15				3							
AR,CH,ES,FR																																		4								
AR,CH,ES,PT																						10																				
AR,CL																		3		4		2	5			2	4		2		1	4										3
AR,CL,CO																													3													
AR,CL,FR																				8			9	5	9																	
AR,CO													4																													
AR,CO,FR,NO																																							2			
AR,DE																	3	5			6	1		1			6							1		4	5				2	3
AR,ES										4	3				3			2		6				4		4				2	6				1							
AR,ES,FR																													1	2												
AR,ES,GB																																						1				
AR,ES,JP,US																		1																								
AR,ES,NL												1																														
AR,ES,US																													5													
AR,ES,null																														5												
AR,FR													6	2			1											3	1			1		13	9	2				9		
AR,FR,GB																																									2	
AR,FR,MX																																									1	
AR,GB																								4		1																
AR,HR																																					6		9			
AR,IT																												1				1										
AR,MX								1															1	1																		
AR,NO																											1															
AR,RU																													5													
AR,SE																																	10									
AR,US								3			1	2				1																							2			
AT	8	32	6	1	22	45	30	29	41	51	14	49	32	54	43	42	27	13	12	16	4	16	18	14		11	2	2	21	37	7	3	11	42	1	21	26		26	4	14	16
AT,AU																		2																							1	
AT,AU,CH,IL																										1																
AT,BE,DE,FR,GR,PL																		7																								
AT,BG												3												1		3		4														1
AT,BG,DE,JP																								1																		
AT,BR														12																												
AT,CA		1																																								
AT,CA,CH																2																										
AT,CH							9		4	8			2	1	1		1			1			6														4			33		
AT,CH,CN,PL																														1												
AT,CH,DE											2																															
AT,CH,DE,GB,JP,KR,RU																									6																	
AT,CH,DE,UA																										9																
AT,CH,FR																									17				1													
AT,CH,PL																						1																				
AT,CN									4			1												3				1														
AT,CN,DE																1																										
AT,CN,DE,RU																						8																				
AT,CN,NL										1	7					8		6	5																							
AT,CN,TW									6																																	
AT,CU																5		5																								
AT,CZ					7									3			3	3											56													18
AT,CZ,DE,JP																											1															
AT,CZ,ES,RU,SK																												15														
AT,CZ,FR																1																										
AT,CZ,NL		4																																								
AT,CZ,PL						4																																				
AT,CZ,SE																											1															
AT,CZ,UA																																				3						
AT,DE					4					5	1	29	33	19	11	10		6	11				4	1	13	8	7	18	4	4	1	13	9		18	15	4	21	25	41		
AT,DE,ES																																					3					
AT,DE,FR							1	6		5										11	2			2		1		3			13											
AT,DE,FR,GR,IT																				32																						
AT,DE,FR,IE,NL																				10																						
AT,DE,FR,JP																		2																								
AT,DE,GB																	4				3																				6	
AT,DE,GB,JP																				6																						
AT,DE,HU																																			8							
AT,DE,IL,NL							1																																			
AT,DE,IT,PL																						3																				
AT,DE,JP																									5																	
AT,DE,MD																													1													
AT,DE,RU																1											1	1			3											
AT,DE,SI																					2																					
AT,DE,UA														15																						22			1			
AT,DE,US																														9							10					
AT,DK																						1																				
AT,EG																			3		9						2		6													
AT,EG,SA																																		1								
AT,ES										8									2																		1				6	6
AT,ES,FR																											2															
AT,ES,MX																																			4							
AT,ES,RO																	5																									
AT,ES,US																																								7		5
AT,FR					5		6	12	19	27	2	7	2		1	45	10	14		9	8	7	35	5	4	27	2								5	10	4			14		
AT,FR,GB										3															7																	
AT,FR,GB,JP										2																																
AT,FR,GR,IT																16																										
AT,FR,IL								2										6																								
AT,FR,IT																			5		7		5																			
AT,FR,IT,PL																								13																		
AT,FR,JP															1								2																			
AT,FR,JP,RU																										1																
AT,FR,MD,PL																								6																		
AT,FR,PL																		7				2		4							6											
AT,FR,PL,UA																						7																				
AT,FR,PT,UA																													6													
AT,FR,RS,SK																																			7							
AT,FR,RU																									3																	
AT,FR,RU,UA																								4																		
AT,FR,UA														39				2										13														
AT,FR,US																																			5							
AT,GB								1							9		12	13	6					2							6							4				
AT,GB,IN													1																													
AT,GB,PL																		18	1																							
AT,GR																						1		4																		
AT,GR,NL																																						6				
AT,HR										11																														4		
AT,HU					4														3											1			3		8							
AT,IE												10		6		17																										
AT,IL								1					2																													
AT,IN												3																						1			2				1	
AT,IN,QA,US																																			4							
AT,IR																									1																	13
AT,IR,US																															2											
AT,IT																1		14			3			5		2			16												2	
AT,IT,JP																								3																		
AT,IT,NO,RO																									4																	
AT,IT,PL																					17																					
AT,IT,PT																							4	2																		
AT,IT,PT,UA																								4																		
AT,JP								1				3				3	8				2	5	3														2	2		1		
AT,JP,RU													1														2							7				2				
AT,JP,RU,UA																																18										
AT,JP,RU,US																						4																				
AT,JP,SE																								4																		
AT,JP,UA																																	24	9								
AT,KR																			5																							
AT,LV																		2																								
AT,NL							5								3																											
AT,NL,PL																3																										
AT,PL					1										1					1	4					1				13	5											
AT,PL,RU																															1					1		1				
AT,PT																							8																			
AT,RO									3										2	2							15															
AT,RU			3										8			2	4	6	6		1			1	2			35	60	76			1							3		
AT,RU,UA																		5			7																	4				
AT,SK																						20																				
AT,SK,UA																														1												
AT,TW									5	2																																
AT,UA															59					8				17			3	6	13	3	8			4	1	20	4					
AT,US	12		27	34	5					14		1																					1				9			2		
AT,VN															3																											
AU	2	8	2	8	4	3	17	21	5	7	29	26	46	16	28	34	22	83	65	71	46	131	45	65	117	92	56	30	70	155	72	85	83	147	74	127	70	97	100	134	67	126
AU,BE																																			7			3				
AU,BE,GB																																	1	9				1	10			
AU,BR																																							5			
AU,BR,DE,IN,US																		1																								
AU,BR,IT																																								1		
AU,CA					1																1											3										
AU,CA,CN																														1												
AU,CA,DE,JO																																										
AU,CA,FR,US																																				2						
AU,CA,IT																																		2	19			10				
AU,CA,NZ								6																																		
AU,CH											3																3									7				3		
AU,CH,CN,DE,FR																																					6					
AU,CH,DE																													5													
AU,CH,DK																																		3								
AU,CN								2	1			2		5	14	2	6	2	61	48	1	7	40	29	2	11	7	9	28	30	22	11	5	31	17	16	47	29	26	3	33	19
AU,CN,DE																					20																		4			
AU,CN,DE,SG,TW																																									1	
AU,CN,DE,SK																																								1		
AU,CN,DK,FR																																						1				
AU,CN,DK,IR																																						1				
AU,CN,FR																													6										8			
AU,CN,FR,US																																									9	
AU,CN,GB																																					4					
AU,CN,GB,NL																																								1		
AU,CN,JP																									2							1	1									
AU,CN,MY																																								1		
AU,CN,NL																	2																									
AU,CN,NZ																																			1							
AU,CN,RU																																								20		
AU,CN,TW																																							2			1
AU,CZ							9																															4	2	2		
AU,CZ,IT																										1																
AU,CZ,IT,NL,PT,US																								2																		
AU,DE									4				5	1		27	5		11	9	13	5	13	6		2	24	25	6	4		5	1	18	24	22	14	7		4		15
AU,DE,DK,IN,US																																	3									
AU,DE,EG,GB,GR,US																																										2
AU,DE,FR																															11						32					2
AU,DE,FR,IN,SA,TR																																										5
AU,DE,GB																							3																			
AU,DE,GB,ID,SG																													15													
AU,DE,GB,IN																																						7			10	
AU,DE,IN																																		1								
AU,DE,IN,SA,TR																																							5			
AU,DE,IT																															5											
AU,DE,JO,US																																										5
AU,DE,NO																																	14									
AU,DE,SA		1																																								
AU,DE,SA,TR																																								3		
AU,DE,SI																									3																	
AU,DK,ES,FR,US																																			1							
AU,DK,JP																																2										
AU,EG																																						1				
AU,EG,SK																															1											
AU,ES																											3												1			
AU,ES,FR																															1											
AU,ES,FR,US																																									12	
AU,ES,GB																																		6								
AU,ES,GB,IN,IT																																		1								
AU,ES,GB,SG																															3			1								
AU,FR											4					10		1										11	5	41				2	11					21		8
AU,FR,GB																															2									7		
AU,FR,GB,NL																							1																			
AU,FR,NO																																2										
AU,FR,TW																																	15									
AU,FR,US																					1											5									1	
AU,GB					11	3	2	1						5	1		1	4		19	6		5	4	12	5	13		7	22	3		13	5	6	19	9	4	4	23	5	
AU,GB,GH,HK,RU																																									3	
AU,GB,IN																																					15	9	6		6	
AU,GB,IT																																					19					
AU,GB,JP																											1															
AU,GB,JP,TW																																		5								
AU,GB,NZ												1																														
AU,GB,SG																																		15			3					
AU,GB,US																						6		1	1			3														1
AU,GR																											1															
AU,ID																				6																						
AU,ID,JP																										2																
AU,IE																																			8							
AU,IE,IN																																				1						
AU,IL																	1											2														
AU,IL,PL,RU																									3																	
AU,IL,US																										1																
AU,IN					36													35															5	12	9	4	17	1	2		19	16
AU,IN,IQ,SA																																								5		
AU,IN,RU																																									1	
AU,IN,SA,TR																																										5
AU,IN,US																																						4		2		1
AU,IQ																																6										
AU,IR																																						1				1
AU,IT																						6									4	5	2		5		47	14				20
AU,JP															4			2	1		5	5		3		2	25	14	20		7	1		3		30	6			7	1	
AU,JP,KR																							7																			
AU,JP,KR,TW																													1													
AU,JP,PL,RU,TW																																								14		
AU,JP,RU																				3																						
AU,JP,TW																																		25							2	
AU,JP,US																										4								2								
AU,KR																																1					6					
AU,MY																											5	2		2		3	1				13			3	2	
AU,NL																					1																					
AU,NZ										2	2																		6													3
AU,NZ,SG																					2																					
AU,PK,US																																				8						
AU,PL										5																															4	
AU,PL,TW																																									1	
AU,PT																													2			4										
AU,PT,RU																																								6		
AU,RU																										1								9					11	7		
AU,SA,TR																																							6			
AU,SG																			4			1									1				2							
AU,SK																													6													
AU,TR																																			4							
AU,TW																												20					13		1		1	1			1	
AU,US				7					1				2			5	14	4		3	13		6	1	8		15	42	25	3	3	2		8	2		12	2	31	12	2	
AU,US,UY																															4											
AU,ZA																										2							1									
AU,null																									4																	
AZ	2	2	3		13	2					1									14	29	5	38	11	6		11	13	51	11	10	1						40	15	5	7	2
AZ,DE,RU																																										2
AZ,FR																														15				28								
AZ,PT																																						1				
AZ,PT,RU																																			3							
AZ,RU								27						2																							6					
AZ,TR																															19											
BD																											2			2	5		4	7						5	7	5
BD,GB																															1											
BD,HK																																								4		
BD,IN																	4			6							6									1						5
BD,IN,JP																																					4					
BD,JP																													10									1		1		
BD,JP,US																																										
BD,KR																																5										
BD,VN																								3			2		5													
BE	2	1	1		1		10	26		21	2	4	8	3	25	3	13	2		110	13	29	24	52	29	42	24	28	11	13	18	36	76	16	36	28	32	58	83		10	1
BE,BG																4																				1						
BE,BR,DE,PL,RU																																		12								
BE,BR,RU,SE													3																													
BE,CA																																	11	5	3	10						4
BE,CA,CN																																1										
BE,CA,FR																													1		1											
BE,CA,FR,GB																																		2								
BE,CA,NL																																										2
BE,CA,US																																			15							
BE,CH										3												13																				
BE,CH,CZ,FR																											19															
BE,CH,DK																																				3						
BE,CH,EE,RU																																			3							
BE,CH,ES,NL																									4																	
BE,CH,FR,RU																																1										
BE,CH,IT																					1																					
BE,CH,NL																							15																			
BE,CH,RU																		3																								
BE,CH,US																																						3				
BE,CN																				1							1	1	6	7	14	10	14	19	4		1	22		9		
BE,CN,DE																																		2				1				
BE,CN,DE,ES																																			3							
BE,CN,DE,ES,US																																								1		
BE,CN,DE,US																																			3							
BE,CN,FR																																	2		2	7	3					
BE,CN,GB,US																																							1			
BE,CN,RO																																									8	
BE,CN,SG																																								2		1
BE,CN,US																																		9								
BE,CO,FR																																								9		
BE,CZ																								5					5								4					
BE,CZ,DE																													4													
BE,CZ,GB,US																																										
BE,CZ,HU																										32																
BE,CZ,NL																													6													
BE,CZ,NL,PT																													50													
BE,DE				2								7			1			3	5	15			14		1	6		1		8		2						1	44		5	
BE,DE,DK																															1											
BE,DE,EE,FR,RU																																		5								
BE,DE,ES,FR,GB,IN																																					3					
BE,DE,FI,FR																																					5					
BE,DE,FI,RU																																						10				
BE,DE,FR																								2		9				1												4
BE,DE,FR,GB																																		3								
BE,DE,FR,NZ																																	5									
BE,DE,FR,RU																																							2			
BE,DE,FR,SK,US																													2													
BE,DE,GB																														3	1	2			8							
BE,DE,GB,LT																										3																
BE,DE,HU																											3															
BE,DE,JP,SG																																								1		
BE,DE,LV,RU																										2																
BE,DE,MD																						2																				
BE,DE,PL																			3																							
BE,DE,PL,RU																																				12						
BE,DE,RU																														3			1		27			5				
BE,DE,US																									3			1		1			2									
BE,DZ																																										3
BE,EE																																		2								
BE,EG																															2											
BE,ES,FR																																								3		
BE,ES,FR,IT																																								2		
BE,ES,GB																										1				3												
BE,ES,IE									1																																	
BE,ES,IR																																		4								
BE,FI													36																													5
BE,FR							11	3	10	5		11	2	4	7	3		11	12		5	1	8		4	5	4				9	13	22	4	4	8	12					
BE,FR,GB																								2		2																
BE,FR,IT																										2																
BE,FR,IT,NL																																								1		
BE,FR,JP,RU																												15														
BE,FR,NL									4																																	
BE,FR,NL,US													2																													
BE,FR,RO																																				16						
BE,FR,RU																																					3					
BE,FR,TN																																					5		1			
BE,FR,US															5				2				1	1								7										
BE,GB												6								1											3	11			1	1	9		3		4	
BE,GB,HR													1																													
BE,GB,IE																																							5			
BE,GB,JP,null																												2														
BE,GB,RU																			35																							
BE,GB,US																													7		4	1			1					2		
BE,GB,null																													6													
BE,GR																							8			1																
BE,HU																													2													
BE,IN																					1																					
BE,IR,PL																																				26						
BE,IT																																			6		9		2		4	
BE,IT,PL																															1											
BE,IT,US							12																																			
BE,JP																								1										4						1		
BE,JP,PL																																									6	
BE,JP,RU																																			10		14				11	
BE,KW,SA																																								4		
BE,LT																		8	1																			6				
BE,MX														1																								2				
BE,NE										2																																
BE,NL									8	9			6				1									8																
BE,NL,PT																									3																	
BE,NL,US									3							8	3	5																								2
BE,PL																									9	2		3	1			4							2			
BE,PL,TN																																	4	1								
BE,PL,US																														1												
BE,PT																																		8								
BE,PT,US																					3																					
BE,RO													1																													
BE,RU																		1	3	16	2	1	2			1		8									17	1	31			
BE,RU,SE													1																			20										
BE,SE																											1											16				
BE,SK																																								2		
BE,TN																										2																
BE,TW													1																													
BE,US													2	4		2		2							3					6				10			1	3		38	4	
BF,FR																																								1		
BG		8	2	2	15	7	7	6	7	6	8	5	9	15	20	19	4	2	2	9	14	10	7	13	7	3	54	5	8	9	5	9	1		2	4	7		2		1	
BG,BR																					1					1																
BG,BR,GR																				1																						
BG,CA,CZ,RU																															1											
BG,CH,MX																															2											
BG,CN,ES,IE																		1																								
BG,CZ																							5																			
BG,CZ,DZ																																		6								
BG,CZ,RU																				2																						
BG,DE				9												1	1		14	14	3		5			6		7	17		5										4	
BG,DE,FR																	1																									
BG,DE,IN																														2												
BG,DE,US																		3																								
BG,DZ,IT																																									1	
BG,EE,PL																																		1								
BG,ES																			3											3												
BG,ES,IT																			2																							
BG,ES,IT,JP															1			1																								
BG,ES,PL																					11																					
BG,ES,US																				1																						
BG,FR									2							1	1	2								11																
BG,FR,HU																										1																
BG,FR,US	7																																									
BG,GR														7																												
BG,HR,RO																																										12
BG,IN											10																													1		
BG,IT,PL																																1										
BG,JP																3															1											
BG,KZ																																					3					
BG,MX																																	2									
BG,PL												2														9				1												
BG,RO,SK																																									1	
BG,RS																				1																						
BG,RU				2									3																							2						
BG,RU,UA																																4										
BG,UA																												1														
BG,US																4		1					1																			
BG,null								6																																		
BH											5																		2							1						
BH,CN																																							2			
BH,IN,SA,US																																										4
BH,UA																																						1				
BH,US											2				2																											
BI,FR							1																																			
BI,MA								1	3																																	
BN,GB,SG																																			2							
BR	90	2	113	15	27	22	13	39	64	58	26	46	98	61	72	40	46	103	60	99	85	206	54	108	74	106	62	73	63	53	46	72	60	41	40	73	67	41	90	40	62	20
BR,BY,CN,IN,RU,SA																																								6		
BR,CA																1					1												4							3	9	2
BR,CA,DE,GB																																							1			
BR,CA,FI																																							3			
BR,CA,FR																																					3					
BR,CA,KR																																										1
BR,CA,US																																									10	
BR,CH															10										8																	
BR,CH,FR,PT																									4																	
BR,CH,KR																																		4								
BR,CH,US															4																											
BR,CL																																					2	1	7	5	10	
BR,CL,ES																																				1					1	
BR,CL,FR																																										11
BR,CN																			9																2		3					
BR,CN,CU																																						2				
BR,CN,ES,RU																																										3
BR,CN,FR,IN,RU																																					7					
BR,CN,GB,HK,OM																																										2
BR,CN,GB,HK,OM,TR																																									1	
BR,CN,GB,IT																																										1
BR,CN,IN,RU																																						10			28	
BR,CN,JP																		23																								
BR,CN,PK,US																																							4			
BR,CN,RU																																						2		22		
BR,CN,US																						1																				
BR,CO																					3								6	6		1				2					5	
BR,CO,GB,US																														2												
BR,CU																		4		6	7				3					3									6			8
BR,CU,GB,MX																													2													
BR,CU,MX																											2															
BR,CZ																																									6	
BR,CZ,US																																				12						
BR,DE	5																6	2			11					3		10	8		10		1	8		1		65				
BR,DE,IL		6																																								
BR,DE,JO,NP																																										1
BR,DE,LB																																							31			
BR,DE,MD,RO																																									11	
BR,DE,PL,RU																																						5				
BR,DE,RU													1																													
BR,DE,US																	6																								1	
BR,DZ																					3																					
BR,ES																6	6				2						4				2						16		7	9	3	1
BR,ES,FR																		5								13	11	2														
BR,ES,IT																																							4			
BR,ES,IT,RO																																				6						
BR,ES,PT																											2															
BR,ES,US																1																										
BR,ES,UY																																			1		7					
BR,FI					3																																					
BR,FR			1							2		1			4				1	5		7	2	9	1		1	2	3					15			2			1	14	6
BR,FR,GB																																					3					
BR,FR,IN,RU																														2												
BR,FR,IT																														1												
BR,FR,LB,PL																																6										
BR,FR,TN																																							4			
BR,FR,US																																							3			
BR,GB															5			1		4										8		12							6			4
BR,GB,IN																									1																	
BR,GB,PT																																							4		6	
BR,GB,US,UY																			8																							
BR,HU,US																																							6			
BR,IL																			1																					4		
BR,IN																9	8								8		8	9		2	12	5				1	4	4	1	4		
BR,IN,IT,RU																																				28						
BR,IN,JP																								3																		
BR,IN,KR																																				1						
BR,IN,RU																																				66	3		2			
BR,IN,US																			6	8				3																		
BR,IN,ZA																																					3					
BR,IT												18	13	16	2		5	3			12		3														3	11	4	3	6	19
BR,IT,RO																																							13			
BR,IT,RS																																		4								
BR,IT,US																																				5						
BR,JP																						5		1		2			1												4	
BR,KR																																							7			
BR,LB																														1												
BR,MX,RU																9																										
BR,NL												4				1	4															2										
BR,NL,US																																										
BR,PE														3																						7						6
BR,PE,US																					5																					
BR,PK																																										
BR,PK,SA,US,UZ																																										4
BR,PL																					1			4									2	4			4	11			1	
BR,PL,PT																																				4						
BR,PL,PT,UA																																										7
BR,PL,UA																																					6					
BR,PL,US																				2	2																					
BR,PT															11					3	4	2		4	1								4	16	2		7			15		7
BR,PT,US																					4																					
BR,RO																																	3	7		5						
BR,RO,US																																						3				
BR,RS																													6				4									
BR,RU																			6							1															16	
BR,RU,US																				9																						
BR,TN																																	1									
BR,UA																					1																					
BR,US										4		2	3					1	4	4	8	3	1	12	12	4	5	1	5					1	29	3	12	5		2	5	6
BR,US,UY																									1																	
BR,UY																							3																			
BW,SE,ZA,ZW																																								1		
BY	1		8	2		1	1		13	5	4	8	3		19	12		30	4	29	10	5		13	8	39	29	27	7	1	31	1			4	5						11
BY,CH,RU																									19											9						
BY,CH,SK,UA																													3													
BY,CN																																								4	6	
BY,CN,DE																				9																						
BY,CN,DE,ES,FR,TN																																									2	
BY,CN,RU																																										11
BY,CN,RU,UA																																							1	4		
BY,DE																				1					2	2																
BY,DE,FR,PT,RU																																							11			
BY,DE,FR,RU																																						6				
BY,DE,MD,NL,RU																							3																			
BY,DE,PL																					8	19					6															
BY,DE,PL,PT,RU																																							3			
BY,DE,PL,UA																					5																					
BY,DE,PT,RU																																	4									
BY,DE,RU																						2												5								
BY,DE,UA,US																								1																		
BY,ES,PT																								4																		
BY,FR													1																													
BY,FR,PL																		1																								
BY,FR,RU															1									10	5		7															
BY,GB,LT,PT,SK,UA																																					1					
BY,GB,PT																																					7					
BY,GB,PT,SK,UA																																							12			
BY,GB,US																									1																	
BY,GR,PL,UA																									7																	
BY,ID,KR																																										1
BY,IT,RU																																							12			
BY,KZ,RU,SA																																								5		
BY,LT,PT,RU																																			8							
BY,PL																17	69	24	40	11			16		2	13	2															
BY,PL,RU																													1													
BY,PT																				4	1	2	14		1	9					10											
BY,PT,RU																						2		5																		
BY,PT,SE																																					4					
BY,RU											6	10								3				1		6		10	9	6	3						14	5	7	3		3
BY,RU,TW																																									5	1
BY,RU,VN																																				1						
BY,null					14																																					
CA	2	30	19	2	9	10	43	32	42	20	43	64	40	47	69	64	77	122	56	120	141	116	96	43	95	86	60	122	90	88	130	161	237	131	216	67	64	56	58	40	42	35
CA,CH,DE																							1																			
CA,CH,DE,JP,US																													1													
CA,CH,JP,NL																	1																									
CA,CH,US																														2												
CA,CN														1									9		3	1	1		1		6	8	5	5	4	12	18	20	24	10	6	1
CA,CN,ES,PT																																				6						
CA,CN,ES,US																																					4	4				
CA,CN,FR,PT																																					1					
CA,CN,GB																																				8				2		
CA,CN,GB,US																													3													
CA,CN,RU																																									1	
CA,CN,SA,SG																																1										
CA,CN,SE,US																																								2	17	
CA,CN,US																									2				7	9										9	6	
CA,CZ,DE,ID																					3																					
CA,CZ,DE,US																															2											
CA,DE							1							5									3				1	5				19	8		8	11	3	1	6	9	2	
CA,DE,DK,NL																																							2			
CA,DE,FR,GB,US																																	23									
CA,DE,FR,IT,SK																																										
CA,DE,FR,US																															14											
CA,DE,NL																								6				5														
CA,DE,NO																												14														
CA,DE,NZ											2																															
CA,DE,NZ,US														2																												
CA,DE,RU																																					3					
CA,DE,US																			1							1					3					1						
CA,DK,FR																																		7								
CA,DZ																												1														
CA,EG																																				2	10			5		
CA,EG,SA																																										2
CA,ES													4	6																	3								2	8		
CA,ES,FR																																										4
CA,ES,FR,GB																																										1
CA,ES,GR																																	1		5							
CA,ES,GR,PT																																			3							
CA,ES,GR,PT,US																																	3									
CA,ES,IT																																									6	
CA,ES,PL,SE																																			2							
CA,ES,US																																									1	
CA,FI																			1																		6				3	
CA,FR					1				1									1				1		3	3		7	3	9	5	15	23	17			1	3	17	7	4	9	10
CA,FR,GB																																								2		
CA,FR,IN,IT,RU																														2												
CA,FR,IN,RU																													9													
CA,FR,IT																																			4							
CA,FR,IT,RU																																		17								
CA,FR,NL,US																							1																			
CA,FR,PL																9																										
CA,FR,RU																													1		5	1										
CA,FR,TW																				1																		2				
CA,FR,US																		14																	1							
CA,GB					1	4				4														24		1	9		14								9		5			4
CA,GB,ID,NL																																			4							
CA,GB,JM																														65												
CA,GB,OM																																							5			
CA,GB,RU																												9														
CA,GB,US												1																			22					21	2					
CA,GB,ZA																			7																							
CA,GR,PT,US																																		18								
CA,IN			3														2	5							8					4		1					2	2				
CA,IN,RU																														5			3								4	
CA,IR																								6					4			6	12						3			
CA,IR,MA																																										2
CA,IT																			3	2		5	3		3					3			1									
CA,IT,RU																																	25	42	36							
CA,IT,SK																															2											
CA,IT,US															6																											
CA,JM																											4															
CA,JM,US																																	9									
CA,JP								1											4				1		1	6	3		4	21	5	6	14			6						
CA,JP,KR,US																											1															
CA,JP,NO																				8																						
CA,JP,US									2					3																												
CA,JP,null																												1														
CA,KR																															1					4						
CA,KR,PK																																										1
CA,KR,US															1																											
CA,KR,US,VN																																								1		
CA,MX																						1	4																			
CA,NL																									1						8	3					8					
CA,NO																										15		6	2													
CA,NZ														1																												
CA,NZ,US																				1																						
CA,OM,US																																										
CA,PL																															1							4				
CA,PL,UA																											5															
CA,PT																					6														3	1	4					
CA,PT,US																																		3			3					
CA,RS																											1										2					
CA,RU																																7	1		18							
CA,RU,SE																																							1			
CA,SE																																			8							
CA,SE,US																																				9						
CA,SI																																							2			
CA,TR																																								2		
CA,TW																																			3							
CA,TW,US																				2																						
CA,UA																											3															
CA,UA,US																															2			6			12					
CA,US			5				1			4		4		8	1	4	8		4	7	7	10	3	3		115	8	4	20	6	29	15	30	48	3	16	30	131		7	25	9
CH	87	179	71	55	78	12	53	19	28	58	35	62	83	90	110	84	74	72	111	179	47	93	102	136	88	128	57	154	116	82	35	31	36	23	22	69	31	28	22	32	128	17
CH,CN														4					18		2								1		3											
CH,CN,DE																																						4				
CH,CN,FR																																2										
CH,CN,US																													3													
CH,CZ															1											4									2							
CH,CZ,DE,RU													5																													
CH,CZ,ES,IT,RU													2																													
CH,CZ,GB,NO,UA,US																		3																								
CH,CZ,JP																													1													
CH,CZ,US																																	7									
CH,DE	1							6	4		1	1		10	4	10	6	3	3		1	4			1	6	22		14	2	11	2	1	2		16	12	15		1	2	
CH,DE,DK								1																								3										
CH,DE,DK,NO																																				3						
CH,DE,ES																																					2		13			
CH,DE,FI,RU,SE,TW																															33											
CH,DE,FR					3						1	2					3								1						9							15				6
CH,DE,FR,GB,US														9																												
CH,DE,FR,MD																																										
CH,DE,FR,US					1																																					
CH,DE,GB																														2												
CH,DE,GB,IT																																			2							
CH,DE,HU																				1																						
CH,DE,HU,US																		1																								
CH,DE,IL														5																												
CH,DE,IT																																						2				
CH,DE,IT,PL																																										
CH,DE,IT,RU																													1													
CH,DE,JP																															1											
CH,DE,MD																												19											2			
CH,DE,NL																		3									2															
CH,DE,NL,US																	1																									
CH,DE,PT																																					9					
CH,DE,RU																		2							3																	
CH,DE,TR																									4																	
CH,DE,UA																										14	2															
CH,DE,UA,US																											1															
CH,DE,US					4		1	14										1			42					2			2													1
CH,DK																															1						4					
CH,DK,KR																																			12					13		
CH,DK,SE																														2												
CH,DK,SI																																			9							
CH,DZ																				1																						
CH,EG,FI,FR,RU												6																														
CH,ES																		3						3	1	15			1	11	6				4	1		6			5	
CH,ES,FR														1																										17		
CH,ES,FR,MA																																	6									
CH,ES,GB,PT																																			2							
CH,ES,IT,US																				1																						
CH,ES,NL																																5										
CH,ES,PT																				10																						
CH,ES,RU,US																																							1			
CH,ES,US																											2															
CH,FR				2	5	11	2		6		3	1	6		3			4	5	21	13	8	18	10	51	7	29	33	31	12	27	34	8		62		24	28	11	42	13	17
CH,FR,GB																			1	1						3							19	5								
CH,FR,GB,IT																															2											
CH,FR,GB,JP,RU																						2																				
CH,FR,GR																																				4						
CH,FR,HU,PT																											1															
CH,FR,IL														1																												
CH,FR,IT														1												1												2				
CH,FR,JP													1																													
CH,FR,JP,US																																								1		
CH,FR,KR																																				4						
CH,FR,MA																																						1				
CH,FR,MD,PL																									2																	
CH,FR,NL													6			2	13	3	2	7	7	4	2	7		8	3		2	2	7	5		2								
CH,FR,RU											1		8			1		2																					1			
CH,FR,UA																				1																						
CH,FR,US															2		4		1	1			18						2			6		6		4						
CH,GB		1			2					4					1		1		12		1						2	2	4												2	
CH,GB,GR																										1																
CH,GB,HU,IT																											2															
CH,GB,IL																							1																			
CH,GB,JP																				1																						
CH,GB,RU											2																															
CH,GB,US																																						4				
CH,GR																	8			1									7													
CH,HU									1											1																						
CH,HU,IT																											1															
CH,HU,NL								3																																		
CH,IL		1			1									5																												
CH,IL,PL,US																							7																			
CH,IL,US			1																																							
CH,IN																									4					5				4	2							
CH,IN,KR																																	5									
CH,IN,SK																																		2								
CH,IN,US																															1											
CH,IR																																3										
CH,IT	3	1						2	2					2					2								1			1	2		15	13	3	7	3	52				7
CH,IT,MD																																								1		
CH,IT,PL																													7													
CH,IT,PT,US															10																											
CH,IT,RU																														18												
CH,JP																		8	4					3	2	7	2	1				1			4			11			2	
CH,JP,US									2							2																										
CH,KR																														6			3									
CH,KR,RU																														4												
CH,MD																										4											1					
CH,MD,PL																								1																		
CH,NL	9	5	1	1		6	5		12	12	2	10	2	14				1						2			4															
CH,NL,US																						1																				
CH,NO																			3													5										
CH,NO,US																												2														
CH,PL																														1						2						
CH,PL,RU																1			5																							
CH,PT																													11													
CH,PT,US																				12																						
CH,RO																																										
CH,RU	4										3	1		2		5		7		7	7			13		3		3	8	15	2	20	2		2							
CH,RU,UA																							11																			
CH,RU,US																													3													
CH,SE																																										35
CH,UA															3		3			10			12		13	5			2		3	11		10	3							
CH,US	2		6		13	2	4	2		5	1	5	7					2	4	6	16	24	7		1		8		5	9				13	18			17				
CL					1										1	3						1				14		16	1		18		3	5	21	2	9	1	5	14	8	3
CL,CO																																									4	1
CL,DE																			1					1																		
CL,ES																																							4	4		3
CL,ES,GB																																				13				5		
CL,ES,IN,JP																																						3				
CL,ES,PL																																										4
CL,FR																							2															5	3			
CL,GB															4																											
CL,GB,IN																													7													
CL,HU,PT																									6																	
CL,IE																										1																
CL,IN																													16							9	1			5		
CL,IN,LK,ZA																																								1		
CL,RU																																		11								
CL,US								24																														8	2			
CM														1																												
CM,CN																																								9		
CM,FR						10																																				
CM,NG,SN,ZA																													5													
CN	1	21	21	63		31	243	265	300	244	244	556	406	455	744	645	857	666	667	626	512	580	894	1425	1266	1455	1709	1559	1984	2264	2187	2223	2818	2962	3881	3632	3892	3275	3852	3145	3354	3380
CN,CU																																		2								
CN,CU,IT										9																																
CN,CY,DE,RU																														2												
CN,CY,GR,IN																																										2
CN,CZ																											1								2				2	2	4	3
CN,CZ,DE,ES,TW																																			2							
CN,CZ,DE,RU																																			3							
CN,CZ,EE,IT																																1										
CN,CZ,FR																																	6									
CN,CZ,GB,SK																																								1		
CN,CZ,IT																									8																	
CN,CZ,JP,TW																																								7		
CN,CZ,JP,TW,US																																				4	12					
CN,CZ,RU																															1											
CN,CZ,SK																																	4	3								
CN,CZ,US																																					4					
CN,DE				28					5	7	1		12	1	1	1	15	28	6	1	1	14	1	5		14	37	7	14	14	43	49	12	68	9	22	38	19	27	14	11	7
CN,DE,ES																																									14	
CN,DE,ES,FR,TW																																								1		
CN,DE,ES,GB																																	4									
CN,DE,ES,IT,KR,RU																																								1		
CN,DE,ES,TW,US																																				1		8				
CN,DE,FI,GB																																										4
CN,DE,FR,JP,TW																																									2	
CN,DE,GB,JP																																					2					
CN,DE,IN																																			1							4
CN,DE,IT														9																												
CN,DE,JP																																					1					
CN,DE,JP,TW																																										7
CN,DE,KR																																		7								
CN,DE,MY																																						10				
CN,DE,RU																															7	7										
CN,DE,SA,TR																																								1		
CN,DE,SE																																		126								
CN,DE,TW																																						11		1		1
CN,DE,US									1					1		4			1								1		14	2									2	10	1	1
CN,DK,ES																																			1							
CN,DK,JP																																										
CN,EG,FR																																						4				
CN,EG,PK																																										
CN,ES																										4			3	2	2	26	9	2	4	2	2	11	7	8	2	1
CN,ES,FR																																2		5								
CN,ES,GB																																										4
CN,ES,GB,SG																																					4					
CN,ES,IL,IN,PL																																							8			
CN,ES,IN																																							8			
CN,ES,IT																																						8				
CN,ES,JP														1																												
CN,ES,PK																																				3						
CN,ES,RU																																										
CN,ES,SA,TR																																								8		
CN,ES,US																																		2		10	10		3			
CN,ET																																							7			
CN,FI																																								7	3	
CN,FI,GB																																					3	1		4		12
CN,FI,LT,LV,RU																																								4		
CN,FR					1								1				1	4	8		1		9	1		12	12	9	23	11	10	13	31	27	23	14	46	126	18	23	82	10
CN,FR,GB																																							3	1		
CN,FR,GB,US																																	8					3				
CN,FR,IT											1																														3	
CN,FR,JP																				1																		4				
CN,FR,MY																																									12	
CN,FR,NL																														1												
CN,FR,PL																																								19		30
CN,FR,RU																																							3			
CN,FR,SG																																						4				
CN,FR,US																																		11					1	1		
CN,FR,ZA																																						1				
CN,GB						5					2					3	1				3	11		6		2		6	17	14	1	8	49		4	9	20	9	50	43	14	15
CN,GB,HK																																	6								2	
CN,GB,HK,IT,OM																																										3
CN,GB,HK,OM																																							2			
CN,GB,IN																																									4	
CN,GB,IT																																25		5				1				
CN,GB,IT,SK																																						3				
CN,GB,JP																																					13			11		
CN,GB,JP,SA																																								18		
CN,GB,JP,US																																					4					
CN,GB,KR,US																																					1					
CN,GB,NZ																							1																			
CN,GB,PK																																								7		
CN,GB,PK,SA																																								6		
CN,GB,PL,UA																																								5		
CN,GB,SE																													2											2		
CN,GB,SG																																									7	
CN,GB,SI																														1												
CN,GB,SK																																				1				1		
CN,GB,TW,US																																					3					
CN,GB,US																																							10		6	
CN,GR																														15	9			1	16		3	16				
CN,GR,JP,TW																																									3	
CN,GR,TW																																								11		
CN,GR,US															2																											
CN,HK												2	1		4	2	3		12	5		14	10	43	9	4	15	4	8	2	26	17	5	51	34	38	49	20	3	31	18	22
CN,HK,JP,US																																					5					
CN,HK,KR																																								1		
CN,HK,MY																					2													6								
CN,HK,NZ														1																												
CN,HK,RU																									1																	
CN,HK,SG																																					14					
CN,HK,US											12																		1	1						4			4			
CN,HU,SA																																									1	
CN,ID																5		2																								
CN,IE																																	2		1							
CN,IE,JP																						2																				
CN,IL																																		1			2			4		
CN,IN																1									2	2		1					1	16	12	7	7	2	9	15	23	35
CN,IN,JO,PK,PT																																								3		
CN,IN,JP																																										1
CN,IN,JP,SA																																										5
CN,IN,PT																																								6		6
CN,IN,SA																																							10		1	
CN,IN,SA,TW																																									1	
CN,IN,US																								8																		
CN,IR,KR																																								1		
CN,IT						2	2																					1	14	2	1	1	2			17						
CN,IT,SA,US																																						2			1	
CN,IT,US																																					6				1	
CN,JO																																					4	2				
CN,JO,JP,PK																																					1					
CN,JP											1		14		1	15	24	2	3	11	33	65	22	82	32	41	9	43	46	86	73	37	36	72	22	51	52	13	99	103	58	44
CN,JP,KR																																	3			17						
CN,JP,NL											5	5																					12									
CN,JP,RU																																				19	17	13				
CN,JP,SA																																			1							
CN,JP,SE																											4															
CN,JP,SG,US																												1														
CN,JP,US																												5			1		14	4					1			
CN,JP,null																														2												
CN,KR														1		8	15	1	4	5	6	8			6	11			23	16	90	49	59	66	27	52	28	60	41	26		43
CN,KR,PL,SA																																								5		
CN,KR,TW																																	13									
CN,KR,TW,US																																								1		
CN,KR,US																													10											2	2	
CN,KZ																																				1						
CN,LT,SE																													4													
CN,MO																																										1
CN,MX,MY,PL																																				10						
CN,MX,US,VN																																							1			
CN,MY																					2			1	2			3	3	7	3	1		8	1	5	8	9		4		2
CN,MY,US																																			1							
CN,NL										11	17	9	15	12	10	9	30	35	74	44	30	17		4	7	6	9		10	5		5	31	3	10		28	25	13	10	8	12
CN,NL,RU,TW																																				20						
CN,NL,SE											2																															
CN,NL,TW																																				7						
CN,NL,US																					2									2		1	5									
CN,NO														1																									1		1	
CN,NZ																				1							3														5	18
CN,NZ,RU																																								14		
CN,OM																																							3			
CN,PK																																					10	12		34	3	15
CN,PK,SA,US																																										7
CN,PK,US																																						21				3
CN,PL									10																			10			3					11	15	21	3	1	19	6
CN,PL,RU																																					1					
CN,PR																																					4	1	2	1		
CN,PT																										3						3		6	6	32	26	8		14		17
CN,PT,TN																																									4	
CN,RO																5																			6	4		3	14		5	4
CN,RO,RU																																							8			
CN,RS																																						32				
CN,RU																				4	1					5				9	2	6	6	20	83	16	27	47	65	25	97	45
CN,RU,SE																																								2		
CN,RU,TW																																					21					
CN,RU,TW,US																																							5			
CN,RU,US																																			5	2				5		
CN,SA																									1								4	1	9	3	14	35	38		20	
CN,SA,TW,US																																									3	
CN,SD																																									2	
CN,SE								6							1	2	10	3		4						3	8	3	1		48								6		4	
CN,SE,US																								6																7		
CN,SG																			2		8		1	6	17		12	3	9	4	71	3		11		32	2	5	5	3	5	17
CN,SG,TW																								7																		
CN,SG,UA																													1													
CN,SG,US																									4																	
CN,SI												15			8																											
CN,SK										1																			1													
CN,TR																						1																				
CN,TW										2	3		26			14		6	7	5	3			6		2	1	6	6	4		21	5	1			10	1	27	6		10
CN,TW,US																															5								1	10		4
CN,UA																													2											1		
CN,UA,US																														1												
CN,US			16		8			7	3	2	3	2	4	2	16	1	1	26	3	32		20	41	23	27	24	17	99	108	63	158	100	113	134	111	178	103	135	110	205	61	83
CN,VN																																					2		3			
CN,null					14																							1														
CO																											7	12	10		3	7			4					15	11	
CO,DE																													4	1				1								
CO,DE,IN																																										
CO,ES																													2					5						1		6
CO,ES,US																																										
CO,FR																																					3					
CO,FR,LT																																					5					
CO,MX																																								4	8	
CO,US																																									1	
CO,VE																													13													
CR,ES,JP																																		5								
CU					1			8		2						3	3		6		6				2				1													
CU,ES																						30	16																			
CU,ES,MX																											2	3														
CU,FR,IT										4		2																														
CU,IT									8			8							4																							
CU,MX																8	2		2	4	4																					
CU,MX,PT																							4																			
CY																																	7									
CY,CZ,DE,GR,PA																																										2
CY,DE,ES,GR,US																																1										
CY,DE,GR,PA,PT																																										3
CY,ES																								3																		
CY,ES,GR																															2											12
CY,FR,GR,US																														3												
CY,FR,US																												7														
CY,GR																				2	3	2						1				14	39	12		6						5
CY,GR,IE,US																																					8					
CY,IR																																					1					
CY,US																																								6		
CZ	17	10	4	3	34	12	2	7	14	6	9	13			3	28		7	4	8	4	10	3	20	39	21	17	44	24	17	25	4	34	37	35	25	42	9	18	31	1	4
CZ,DE						17			8		16	15	1			3	3	1	2	4				4								17	8	13		2		1				
CZ,DE,FR																		1																	5							
CZ,DE,FR,NL																														1												
CZ,DE,HU																																						1				
CZ,DE,IN																																								11		
CZ,DE,IN,PA																																									4	
CZ,DE,IT,RU																																									1	
CZ,DE,PL		11																																				3				
CZ,DE,PL,RU																																					7			12	3	
CZ,DE,PL,SK																																								1		
CZ,DE,RU																																	1					8		2		6
CZ,DE,SK					10																																					
CZ,DE,TR																																									2	2
CZ,DK,SE																													3													
CZ,DZ																												5		2												
CZ,DZ,PK,SA																																			1							
CZ,EE																							18																			
CZ,EE,GR,PL																													1													
CZ,EE,PL,UA																																									13	
CZ,ES					1							2		3	7															1				4								
CZ,ES,FR																						1																				
CZ,ES,FR,PT																																		8								
CZ,ES,GB																																							7			
CZ,ES,IT															1																											
CZ,ES,MA																																									1	
CZ,FI,PL																								1																		
CZ,FR													6			2			10	3		5	3	18		1	6				6		6	3						1		
CZ,FR,GB																																	1				4					
CZ,FR,JP																											2															
CZ,FR,JP,PT																																1										
CZ,FR,MF								7																																		
CZ,FR,PT																																21										
CZ,FR,RU																			5				1																			
CZ,FR,SK																		1																								
CZ,FR,TN																						1																				
CZ,FR,UA																				2									5													
CZ,FR,US																								1																		
CZ,GB																				1									1													
CZ,GB,GR																		1																								
CZ,GB,IN																																									14	
CZ,GB,IT																								1																		
CZ,GE,IT																										6																
CZ,GE,RU												14																														
CZ,GR												9																										1				
CZ,HU						1			1						1																											
CZ,IL,IT,UA																																					2					
CZ,IN						19																												4				2	6			4
CZ,IN,PL																													1													
CZ,IN,PT,SI																																										15
CZ,IN,UA																																										1
CZ,IR																																					2		3	1		
CZ,IR,PL																																							5			
CZ,IR,VN																																								1		
CZ,IT																				7					2														4			
CZ,IT,JP,KR																								5																		
CZ,JP																1	1		5	15	6	1	7	5	7		2		1												5	4
CZ,JP,RU																	4									1			14													
CZ,JP,TJ																									1																	
CZ,JP,UA																					1																					
CZ,KR,RU																																	1	1								
CZ,LT																																								7		
CZ,LV,UA															2																											
CZ,NL							4						3																													
CZ,NL,RU										4																																
CZ,NL,VN																		1																								
CZ,NO,SE																								1																		
CZ,PL		3	3														2								2		14	8		4							5					3
CZ,PL,RU																									1	4								29							4	
CZ,PL,SK,US																																						5				
CZ,PT																															3											
CZ,PT,SK																																										1
CZ,RU										1		1		1	2						1	1		2							2	2										1
CZ,RU,SE																																					4					
CZ,RU,SI																	1																									
CZ,SI																											1															
CZ,SK											2					2				1			1	4		1				2		8									4	
CZ,TJ						24																																				
CZ,TN																									1						1	2										
CZ,TR																																							2			
CZ,TW																																	6									
CZ,UA														2			17	1	2		3	1			4		9		1		7			14	13	6			1		6	10
CZ,UA,US																																					2					
CZ,US			1																	8															1		1		5			
CZ,VN												8					8																									
CZ,null	10									3		6																														
DE	499	252	344	239	342	245	268	370	234	343	333	477	441	388	639	747	881	612	678	512	488	571	410	477	424	554	560	420	525	438	339	202	332	322	409	292	560	500	450	381	387	235
DE,DK			1		1						2			1		2	1													3								22				
DE,DK,ES																																32										
DE,DK,ES,GB																																				11						
DE,DK,ES,IN																																		3								
DE,DK,FR,GB,US																			1																							
DE,DK,GB																									2																	
DE,DK,NO																			1																	2						
DE,DK,US																	1																									
DE,DZ																																										5
DE,EE,FI																														1												
DE,EE,FR																																			10							
DE,EE,PL																																	6	1								
DE,EE,RU																8																										
DE,EG																												1				1	3		1	12						2
DE,ES							1	7	3		5					21						22					1	3		18	15		26	22	4	7	6	23	12	9		
DE,ES,FR																				11							3								6							3
DE,ES,FR,IN																													4													
DE,ES,FR,MX																																	5									
DE,ES,GB																															1				2	1			4			
DE,ES,GB,GR																																										
DE,ES,GB,IN,IT																																						3				
DE,ES,GB,PT																																							1			
DE,ES,GB,SG																																				3						
DE,ES,IN																																		5		3	4					
DE,ES,IN,NL																																	2									
DE,ES,IN,RS																																							9			
DE,ES,IT																																							19			
DE,ES,JP																														6	9	3										
DE,ES,NL																																						4				
DE,ES,PL																																										
DE,ES,RO																														1									2		7	
DE,ES,RU																	3																					1				
DE,ES,RU,US																																					4					
DE,ES,TR																												2														
DE,ES,UA																																	1									
DE,ES,US																												1	11		2										8	
DE,ES,UY																												13														
DE,ES,null																													3													
DE,ET																																								7		
DE,ET,SK																																										2
DE,FI																														4										2		
DE,FI,IE																																									7	
DE,FI,IN																																				6						
DE,FI,PL																								2																		
DE,FR	10	3	3	13	20		5	9	39	13	2	3	9	9		8	9	11	31	13	17	22	5	10	28	10	42	42	22	35	51	34	27	40	29	33	9	31	45	18	32	20
DE,FR,GB																										1			6		1	4	15					5		6		
DE,FR,GB,JP																					2																					
DE,FR,GB,US																			1																			1				
DE,FR,GR																			1																					23		
DE,FR,IL																		6	4																							
DE,FR,IL,RU														3																												
DE,FR,IN																																	8					16				
DE,FR,IT												1	1													2			2					2								2
DE,FR,IT,LT,SE																							2																			
DE,FR,IT,NO																																							2			
DE,FR,IT,SE																																										
DE,FR,JP													1				2											5							2			2				
DE,FR,JP,UA																																									1	
DE,FR,MA																				7												1										
DE,FR,NL																2					2																					
DE,FR,NZ																																						3				
DE,FR,PA																																										
DE,FR,PL																								1								3										
DE,FR,PL,UA																																						35				
DE,FR,PT																2																										
DE,FR,RO																					2				1		2						14									
DE,FR,RU																							8		3		3															
DE,FR,RU,US																																				8						
DE,FR,SE																																										4
DE,FR,SK																														16			2									
DE,FR,SK,US												2																					6									
DE,FR,TN																						2	3	8																		
DE,FR,TR																											1															
DE,FR,TW																																					1					
DE,FR,UA																					20				3		3			1											3	
DE,FR,US	1	1											2	2			2			1		1		20	1						3		8					4			13	
DE,GB				1					1							30	5		4	3	1	2		2	6	1	41	2	2		12	15	18	17	11	15	20	1	4	19	17	9
DE,GB,GR,SI																					8																					
DE,GB,HU,IT																																	16									
DE,GB,IT																																						6				
DE,GB,IT,LT,PT,UA																																								1		
DE,GB,JP,RU																							1												1							
DE,GB,JP,TW																															2											
DE,GB,MX,US																														2												
DE,GB,NL																				2																				1		
DE,GB,NZ																1				1											14											
DE,GB,PL																	14	2		5																						
DE,GB,RU														9																				1						1		
DE,GB,SE																																									20	
DE,GB,SK	4																																									
DE,GB,UA																												8														
DE,GB,US																							13	1							4			7						3		
DE,GR																	10	2		11	2	4	1								1	1			8					7	5	
DE,GR,IN																																				5						
DE,GR,PL,null																				1																						
DE,HR																			15			1																				
DE,HR,HU,RS																																									3	
DE,HR,IT																																					3					
DE,HR,US																			4																							
DE,HU									1																											6						
DE,HU,IT																																	1									
DE,HU,IT,US																																						2				
DE,HU,SE																								3				1														
DE,ID																												1														
DE,IE																					1						3														4	1
DE,IE,US																								1																		
DE,IL		1		17	4	1			1		3		3	4	5					2												1		1								
DE,IL,US																																	1									
DE,IN														3	3		3	2	12	11	9	25	11	9	20	21	2	20	6	41	5	23	24	6	32	1	27	15	11	6	6	4
DE,IN,IT																																								5		7
DE,IN,JP																		1	3														1									3
DE,IN,MD																																										
DE,IN,PA																																									1	
DE,IN,PL																						1																				1
DE,IN,RU																	1									1																
DE,IN,SE																																			1							
DE,IN,TW																																			2							
DE,IN,US																														3												
DE,IR																									1				3		26					4		2			3	
DE,IR,US																																									3	
DE,IT					12								7	2	3			13	2					2	6		3		2	7	10		2	2		1	4	1	4	12		16
DE,IT,MD,RO																																							3			
DE,IT,NL																			2		14																					
DE,IT,NO,RO																								1																		
DE,IT,PL																								2																		
DE,IT,RU																								1				3														
DE,IT,RU,SG																																									37	
DE,JO																	3																				1					3
DE,JP							11	1	1		5	3	1	2	1	34	13	2		71	6	29	23	2	1	1	1	1	2	7	5		9	4	15	1	12	23	22	11	23	6
DE,JP,NL												1																														
DE,JP,NO																																	11									
DE,JP,PL																									1		2															
DE,JP,RU											2												2													2						
DE,JP,RU,US														2																												
DE,JP,SE,US																	3			3																						
DE,JP,SI																									6																	
DE,JP,TW																																							2			
DE,JP,US																	3				1			3																		
DE,KR								2	1																			1			9											2
DE,KR,SG																																				1						
DE,LB																																										6
DE,LT																										5			1		6											
DE,LV																																										10
DE,LV,PL																	2						1																			
DE,LV,RU	1																																									
DE,MD																															8		5				16					
DE,MD,PL,US																												5														
DE,MX,US																															1											
DE,NG,SA																																										1
DE,NL	1			3		3	8	11	3	2	14	11		3		4	6	1	10	3	1	8			1	2		12	29			10		6	1	10		5				7
DE,NL,PL											6	6																											5			
DE,NL,RO																	1								4																	
DE,NL,SE																																								2		
DE,NL,US		2									3																				1											
DE,NO																3									6	23		20	12	30	24	6	23	16	45	27		8		13		35
DE,NO,RU													2																								4					
DE,NO,US											4																															
DE,NZ																	1			9																						
DE,NZ,US															2																											
DE,PE,US				1																																						
DE,PK																																14										
DE,PL				1			7	3	3	7	2			2	14	18	16	12	21	12	35	28	13	16	9	19	14	13	8	16	12	8	5	3	7	1	3	3	35	1	3	12
DE,PL,RU																	2						3		3								5				2				11	
DE,PL,SE																																								7	1	
DE,PL,SE,US																																									3	
DE,PL,SK																					1						1							8								
DE,PL,UA															8						4		14	1				5		2	1			31	16		2			8	6	
DE,PL,US																								12																		
DE,PT																		6					4	3			1	3					3					6	1			
DE,PT,RU																												5														
DE,PT,TN																																										3
DE,RO			3										10	1	10	7	4	1			8	3		1			5	18		9										7		2
DE,RO,RU																																	14									
DE,RS																														5			6									3
DE,RU		1	2	1						3	2	5	8	11	15	28	14	26	28	31	180	22	43	5	32	21	12	9	29	56	18	18	1	2	9	64	103	36	28	5	58	24
DE,RU,SE															2		1		2																							
DE,RU,SI,UA,US																																										27
DE,RU,UA																											3															
DE,RU,US																		3							5											2						
DE,SA	6																																						2			
DE,SE													2				1			5		4	1	2		1			5	4								1	5	3		
DE,SE,US														4												2												5				
DE,SG																																				5						
DE,SI																			1		2		3	1						4												
DE,SK																														1					2							
DE,SK,US																														2												
DE,TJ											1												8	4																		
DE,TN																											1		3				1						4			
DE,TR																					18	22		8	26	4	50						1	1	6	2	3					
DE,TW													34	15								1	5	1				15										20		2		
DE,TW,US																											3															
DE,UA									3				1				1	8		24		28	13	56	23	67	73	4	54	1	14	50				8	23		2	9	4	112
DE,UA,US																																								44		
DE,US	10	3		12	17	21	7	12	3	6	7	7	23	9	20	17	54	41	19	10	20	16	7	18	23	11	22	18	39	41	51	24	23	5	41	23	31	38	18	32	24	14
DE,US,null																													1													
DE,VE																													2													
DE,VN																											4								24	3				10		
DE,ZA																												5														
DE,null		10			1			2	1		2	13		5	1	5																										
DK	1				2		1		1		3			4	7	9	2		9		6	1			8	2	13	1	8	16		12	12		9		9	8	43	29	40	19
DK,ES														15			13														1	13										
DK,ES,FR																		6																	2							
DK,ES,GB																																			5							
DK,FI																								1																		
DK,FR																																								9		5
DK,FR,GB								1													2																				2	
DK,FR,GB,US																				3																						
DK,FR,IN																																	1									
DK,FR,JP																				1																						
DK,FR,JP,PL																																						1				
DK,FR,JP,US																															2											
DK,FR,NL					7																																					
DK,FR,US														1																												
DK,GB			2												3		2			7	3														3	5		7	6			4
DK,GB,IT,US																									2																	
DK,GB,PT																											1															
DK,GB,SE																		3																								
DK,GB,US															1	4																								6		
DK,IT																				4																						
DK,IT,PL																																					12					
DK,IT,US												1																														
DK,JP																				2	7																					
DK,KR																																				2				5		
DK,LV																		3																								
DK,NL																2																										
DK,NO																															1			18								
DK,PL,US																						1																				
DK,PT																										3																
DK,RU			1													1						4																				
DK,SE									6																																	
DK,US									3		3							5													1	1			1			2	4		6	2
DZ																					5	18		2		5	12	5	2	16	5				3	1	1	4				6
DZ,ES,FR																																									9	
DZ,ES,IT																																								6		
DZ,FR																		2		1	13	1		2		1	12		16	6		1		3	21	3	15	13	4	22	47	47
DZ,FR,MA																																									9	
DZ,FR,PL																														3				1								
DZ,FR,TN																																					1				2	
DZ,FR,TR																																										4
DZ,FR,US																																			3							
DZ,IN		1																																								
DZ,IT																																8										
DZ,SA																																										
DZ,SA,TN																																					2					
DZ,TN																														6	2				2			1	4			
DZ,TR																															9			8		1			4			
EE																								2	1						3	7							5			6
EE,EG																														6												
EE,FI																																										
EE,FI,SE																														1												
EE,HU								1																																		
EE,IN																															7										3	
EE,IN,PL																																	3									
EE,JP																																							2			
EE,NO																																					6					
EE,PL																																2										
EE,PL,SA																																5										
EE,RU																																			1						1	15
EE,RU,SE																																								2		
EE,US,null																													5													
EG	3	9	17	18	17	4	25	1	110	20	4	37	19	7	3		22	28	20	6	43	8	37	71	19	39	11	56	29	30	14	14	17	12	23	17	33	7	43	58	33	36
EG,ES																																	1			1	3					
EG,FR				8																																	6					
EG,GB									8		5																															
EG,IQ																																						1		3		
EG,IR,US																																								1		
EG,IT					1																							1										7		1		
EG,JO																																									1	
EG,JP																																					5		6		4	
EG,KR																																							1			
EG,KW																												1				7							5			
EG,LB																																5								2		
EG,LY																																	1									
EG,OM																																									4	
EG,PK,SA																																					5					
EG,PL							1																																	1		
EG,QA																															3											
EG,RU								9																																		
EG,SA			6																					12			8			5			4	6		13	3			10	11	3
EG,SA,YE																																		1								
EG,TN																											4								5		1					
EG,US		3	6	5														1					1		14																	2
EG,YE																										14		7		1				12	4							
ES	6		19	3	10	14	50	32	20	37	36	40	54	107	109	85	114	137	128	56	57	152	83	35	132	151	136	133	86	103	139	103	73	42	128	89	74	82	91	104	89	64
ES,FI																																2		4								
ES,FI,FR,PL																2																										
ES,FI,IN																																						4				
ES,FI,SE																											1															
ES,FR	1	2	8	20		3	8	8	4	1	16	10	1	4	15	12	22	9	34	22	8	43	4	21			3	4	17	16	6	12	52	27		15	19	6	27	10	6	14
ES,FR,GB																	1			1											3		18		3	10	5	1		8		
ES,FR,GB,IT,US												1																														
ES,FR,GB,PL																								3																		
ES,FR,GR																																								4		
ES,FR,HU																								2							24			6	2	1	4	23				
ES,FR,HU,IT																																					9					
ES,FR,IN																							1			7	1								8				2			3
ES,FR,IT									3	1		1									1							1					7		9		17			1		
ES,FR,IT,JP																																							4			
ES,FR,IT,NL,US																													6													
ES,FR,JP																					1											2							4		2	
ES,FR,MD																									1																	
ES,FR,MD,SK																													10													
ES,FR,NL											5				11									1						14												
ES,FR,NZ																							5																			
ES,FR,None,RU																						3																				
ES,FR,PL																																					3			2		
ES,FR,PT																																				1						
ES,FR,PT,US																															4											
ES,FR,RU																		7										5														
ES,FR,SK																			1																							
ES,FR,TN																																			4							2
ES,FR,TW																													1													
ES,FR,US			2						4			1												1								22			19	21		2				
ES,GB				2		3			9		2	6		3		4	39	134		33	15	1	1	10	2	32	3	5	22	12	10	18	10	19	20	27	49		16	3	6	
ES,GB,GR																																4				9						
ES,GB,GR,PL																																							2			
ES,GB,HK																												5														
ES,GB,IE,PL																			1																							
ES,GB,IN																									1									22					4			
ES,GB,IT																																										9
ES,GB,IT,PL																																				8						
ES,GB,IT,US																															2											
ES,GB,KR																																					3					
ES,GB,NL																												4														
ES,GB,PL																								3																		
ES,GB,PT																										29															2	
ES,GB,US																																4	1									
ES,GB,US,null																														3												
ES,GR																											19		5	17	4				7			16			5	
ES,GR,PL																																				9			1			
ES,GR,PT																																	5						7			
ES,GR,US																							3																			
ES,HU																														10					1							5
ES,HU,IT																																		5								
ES,ID																																						2				
ES,IL																																						6				
ES,IN										18	14							4			1						4		2		7	6	31	30	16		11	17	22	30	18	14
ES,IN,IT																										1	7							3								
ES,IN,IT,SK																																										1
ES,IN,IT,TW																																				3						
ES,IN,JP																						3															4					
ES,IN,PL																																							5			
ES,IN,PT																																							1			
ES,IN,SK																																					2					
ES,IN,TW																														4												
ES,IN,US																																			1				15			2
ES,IR																																					8			8		3
ES,IR,US																																			1						1	1
ES,IR,ZA																																								3		
ES,IT									1	1	3					1	5		8											1			1	7	27	8	5		19	2	18	15
ES,IT,JP																																					4	1				
ES,IT,PT																																								1		
ES,IT,RO																																			7						4	
ES,IT,RU															1																											
ES,IT,UA																																					2					
ES,IT,US											1																															
ES,IT,US,null																													9													
ES,JO,PK,US																																									3	
ES,JP															3			2		1	3	1				1	11				9	3	5				2			2		
ES,JP,PL,TW																																									3	
ES,JP,RS																																	1									
ES,JP,UA														2																												
ES,JP,US																									2																	
ES,KR																																		7		6						
ES,LT																																			1							
ES,MA																														11												
ES,MA,PT																													2													
ES,MD																																		3						1		
ES,MD,RO																																	2	1		1						
ES,MD,RO,US																																							1			
ES,MD,UA																																						6				
ES,MX																							4	6		10	1			2	6		4		4			10	1	1	1	
ES,MX,PL																										8																
ES,MX,PL,US																																						16				
ES,NG																																						1				
ES,NL												1		2											7			28			2					2				19		
ES,NL,PT																							1																			
ES,NL,US																														5												
ES,NO																										1				1								27				
ES,NO,PL,US																																										
ES,PE																								2		7				5												
ES,PK																																3										
ES,PL																			5						1				1	4									5			
ES,PL,RU																						7																				
ES,PT															1										4	6	5	4	1	10	18	28	12	15	6	5	21	19		4		17
ES,RO																												1			1	3	7	5		1	5	4				
ES,RO,TR																																				16						
ES,RU																				2		9			1	1		12					3			1	4	1	2	19		7
ES,RU,TW																																										6
ES,SE								1																										2					3	2		
ES,SG																														7												
ES,SK																																		2	2		3		3	1		
ES,TN																																		4	2		4	5		1	2	3
ES,UA																																			7			10				
ES,US			4						16	8			2		1	1			4			6	7	4	2			3	13	12	9	28	30	16	32	27	11	30	6	2	1	8
ES,US,ZA																																								1		
ES,US,null																														3												
ES,UY																					2		4			6	3				2		9									
ES,VN																																						4				
ES,null										1																			10													
ET					31																																					
ET,IN																																							7			2
ET,IN,NP																																										3
FI	2			6	3		16				17	4	4	11	29	6	32	4	16			3				3	5			18	2			3	3	1	25					
FI,FR																																	10				1	3				
FI,FR,NO																																									1	
FI,GB,JP																																						2				
FI,GB,NO																							13																			
FI,GB,US																																	3									
FI,HU																						1	1																			
FI,IN																																2										
FI,IN,IT,SE																													6													
FI,IN,JP,US																						1																				
FI,IR																																							1			
FI,IT																																									1	
FI,JP																			4	23		11		3							1											
FI,JP,SE																			10																							
FI,JP,TW																						1																				
FI,LT,SE																4																										
FI,MD									1														5																			
FI,MD,RU																							3								1											
FI,NL					2																												1		11							
FI,NL,RO																												6														
FI,NL,US																																	9									
FI,NO																		24	9						1		19			6												
FI,NO,US																							5																			
FI,PK,SE																																							1			
FI,PL												1	1							2		5		17															7			
FI,RU									1	3	3																									3		3	33		12	
FI,RU,SI																												2														
FI,SE													1																													
FR	186	152	181	201	374	179	238	326	401	509	283	293	363	284	341	394	503	555	514	457	451	673	411	330	466	316	253	331	396	374	333	306	316	281	206	220	251	222	337	265	195	295
FR,GB	2								7		13	11		2	3	16	8	13		23	1	12	13	17	6	36	8	17	18	22	4	8	18	25		50		12	2	5	16	14
FR,GB,GR									6																																	
FR,GB,HR																									6																	
FR,GB,IE								6																																		
FR,GB,IL,RU																				4																						
FR,GB,IN																												3														
FR,GB,IN,SG																												11														
FR,GB,IT																									3	4					1	4				5					2	
FR,GB,JP																						2															1					
FR,GB,JP,KR																						1																				
FR,GB,MA																						2																				
FR,GB,MA,SK														1																												
FR,GB,NL												1																		22					3							
FR,GB,NL,US															5																											
FR,GB,PL																		1		1																						
FR,GB,PT																		1															3				4					
FR,GB,RO																																										6
FR,GB,RU														1																						5						
FR,GB,SE																				14				1																		
FR,GB,SK																2																										
FR,GB,US								2															2		28												3					
FR,GR		1	1	1					3	3	2		9	9		5	3	28									5						6				5					
FR,GR,IT																																										
FR,GR,RO																										4																
FR,GR,RU																						2																				
FR,HK																					1						2				2											
FR,HU																																			1	12		7			8	
FR,ID																29																										
FR,IE	4				1	1		5																						1					9							
FR,IE,IT							5																																			
FR,IL								5			8						11		3	1	1													2							2	
FR,IL,IN,US																	2																									
FR,IL,NO																				1																						
FR,IL,PL																											3															
FR,IL,RU																							2																			
FR,IN				1			12	10		5	1	10	16	24	7	22	5	13				3	14	10	4	1	2	1	13	25	13	67	10	60	17	14	3	14	12	18	18	22
FR,IN,IT																			1			2							7		12											
FR,IN,IT,RU																										1		3														
FR,IN,JP																												1														
FR,IN,KR																																								1		
FR,IN,MA																6																										
FR,IN,MD																																		3								
FR,IN,RU																									3																	
FR,IN,RU,SE																																					3					
FR,IN,US																3	5																									
FR,IN,VN															1																											
FR,IR																											6	11	2		1											
FR,IR,US																													2													
FR,IT		2	2	1			24		1		5		3			2		13	1	2	3	21	14	1	5		8	9	7	32	2	18	6	8	1	13	4	3	2	11	1	10
FR,IT,JP									1		1									3																						
FR,IT,MD,PL,RO																								4																		
FR,IT,NL								2																																		
FR,IT,PT																				1													5									
FR,IT,RO																																								8		
FR,IT,RU																	13									1							1					6				
FR,IT,SE																														13												
FR,IT,SE,US																																									6	
FR,IT,US								3													11																					8
FR,JP	2		1	5	5		3	1				3		1	1	1	5	12	9	5	3	2	1	5	2	1	19	5		2		18				2	17	20	1	9	8	
FR,JP,KR																																	1									
FR,JP,KR,TN																																								37		
FR,JP,MA																				1																						
FR,JP,PL									1														4																			
FR,JP,PL,RU																																								7		
FR,JP,RU																									1																	
FR,JP,TN																								1																		
FR,JP,US								1			2											3				1				3							6					
FR,KR								1	3	4	3	4																					1	3								
FR,KR,VN																										4															4	
FR,KZ,RU																																							1			
FR,LB					10																									4						1		1				
FR,LB,PL																						4																				
FR,LT																																						7		10		
FR,LV,SA,TN																																										
FR,MA	9						12	6	1		31	9	10			28	48	15	29	9	33		15	16	7					8	2		1			1	2	5	22	1	4	1
FR,MA,PT,RO																12																										
FR,MA,TN																							2														3				2	
FR,MA,US											1							2																								
FR,MD																												17								6	11					
FR,MD,RO																								2																		
FR,MD,SK																																				1						
FR,MF								2																																		
FR,MG																							6																			
FR,MR							4																																			
FR,MR,SN																																					2					
FR,MX												13							1						2			3			3			6				1	4			6
FR,MX,US																																								9		
FR,MY																													4													
FR,NG																1																										
FR,NG,SN,ZA																														1												
FR,NL						1			5			4	6	2		10		1	11	4		7		4		7		4		4					10							
FR,NL,NO																							1																			
FR,NL,NO,SE																											1															
FR,NL,NO,UA																							1																			
FR,NL,PL										1																																
FR,NL,RU																				4																						
FR,NL,TW,VN																							2																			
FR,NO																							1		7		5				3		2								6	
FR,NO,SE																																				4	8					
FR,NO,SE,UA																																										10
FR,NO,UA																							2												22							
FR,NZ																																	4						8		5	
FR,OM,TN																																										
FR,PK,TN																																						1				
FR,PL		5			2			5	1	2		1	9	12	14	45	12	13	9		4	19	4	10	7	46	2	12	13	2		2		16		7	12				4	
FR,PL,RS																	7											3														
FR,PL,RU																										3				3	4		5									
FR,PL,TW																								1	6																	
FR,PL,UA													4	5					1									1	9									2				
FR,PL,US																																1										
FR,PT											2	3		4	2		8	4	8	9	4		3				3		1	1		2	2	16			5	2				
FR,PT,RU																													10		4	4									5	
FR,PT,US																																				2						11
FR,RO													4		8	20	2				9	8	10	3		1	4			1	24	4	16	4	23	21				3		3
FR,RO,TN																																	4									
FR,RU												3	24	11	7	18	15	29	10	2	32	64	11	3	2	12	20	21	16	16	27	6	9	12	48	19	32	15	100	28	17	20
FR,RU,SE																		1				3																				
FR,RU,SK																																						1			4	
FR,RU,TW															6																											
FR,RU,UA																									1						5											
FR,RU,US																																		3								
FR,SA					15	4										1																2			1	3			5			
FR,SA,TN																																						2	4	1	2	
FR,SE											2						6	6		12		1				1		3		6	7		2									
FR,SE,VN																								3																		
FR,SG																													4													
FR,SI																							1															4			1	1
FR,SK																6	9	19	11		1						9	53	9	14	9		8	11	19				7			
FR,SK,TN																									4																	
FR,SN																																					53	24				
FR,TH														1										8	3																	
FR,TH,US																								1																		
FR,TN								1						1				3		33	31	24	9	28	9	22	10	17	14	29	10	13	22	14	24	75	63	37	43	16	10	
FR,TR																																3		4								
FR,TW																																								3		
FR,UA															2	2	9		34	26	9	6	1	7	11	1	8	3		7				10	14					2	32	
FR,UA,US																																					12			4		
FR,US	3	7	1	7	3	3		8	13	18	9	27	1	14	5	29	13	3	1	21		7	3	3	7	26	28	5	31	60	8	20	26	76	7	10	73	59	14	47	6	28
FR,US,null																													2													
FR,VE																																						5				
FR,VN																		7				12		4																		
FR,ZA														1																										4		
FR,null		3	7						5	1																																
GB	93	107	22	139	36	28	42	97	185	135	174	224	255	248	123	249	216	179	150	378	179	279	323	542	257	227	314	210	195	223	135	161	202	259	238	147	184	267	158	155	115	142
GB,GR															1																											1
GB,GR,PL																																			16	3		6				
GB,GR,TR																										4																
GB,GR,US																											3															
GB,HK																														4					2	7			11		7	13
GB,HR																		6																								
GB,HU,IN,US																																										5
GB,ID																																							3			
GB,IE								1			1									2		16	8						2	17	2	12	13		25	10	8	5	2			
GB,IE,NZ																																							8	2		
GB,IE,RU																																		1								
GB,IE,SG																																							4			
GB,IL													6																											6		
GB,IN				8				11	2				1		6	3	2	1				2		4	8		16	10	3	10	5	1	1	5	23	12		8	6	3		11
GB,IN,IT																																			4	7						
GB,IN,JP																																					5					
GB,IN,KR																																									1	
GB,IN,NL																									4																	
GB,IN,US																	1																							7		
GB,IR																																									1	
GB,IR,SI																															1											
GB,IS																							1	5																		
GB,IT	3			14	1		1	1	12	2						2	6			1	9	10	3	8		24	14	14	10	2	75	1	8	1	6	4	1		5		4	8
GB,IT,JP																	16																									
GB,IT,NL											2		1					7																								
GB,IT,US																																						4				
GB,JO																						1																				
GB,JO,PK																																						1				
GB,JP			1		1							6	1		5		4	3	8	8	3	4		7	1	2	2		6	3			9	1	4	1	1	19	24	13	20	12
GB,JP,KR																									1																	
GB,JP,NG																																								13		
GB,JP,TW																																	11	15								
GB,JP,US																	1																1								4	
GB,KR																										2			2						4				5			
GB,KR,RU																		8																								
GB,KR,UA																																1										
GB,KR,VN																										2	3															
GB,LT,PT																																							1			
GB,MX																							4																			
GB,NL									4												1			3				6		2												
GB,NL,PL													4		2		11																									
GB,NL,PL,SK												3																														
GB,NO																																					3			4		
GB,NZ										1	5			12	2		9			1	1		1																		13	
GB,NZ,TW									1																																	
GB,OM																																		4						1		
GB,OM,US																																									1	
GB,PK																															7	2			7							2
GB,PK,SA																																						2			5	
GB,PL																3			1	7					6	1	2			2	3				1	4				3		
GB,PL,RU																																			21							
GB,PL,RU,TW																																				3						
GB,PL,SE																																							1			
GB,PL,TR																	1																									
GB,PL,US																											8															
GB,PT		2			8								1						1		2		28	12	1	3	3			1	30				10		7	12				
GB,PT,RU																												1														
GB,RO,US																																								1		
GB,RS																																										3
GB,RU														3		1	3	7	19			1		1	1	7	2							3	15	13	25	111	20		2	3
GB,RU,SE																																3										
GB,RU,SK																								1																		
GB,RU,US																							3																			
GB,RU,null																												9														
GB,SA	5																						4																			
GB,SE												1		2								13						1	5			5		8			11					
GB,SE,US																																						1				
GB,SG																													14								13	13				
GB,SI														6																												
GB,TH																																4		1								
GB,TR						1														1				3										1						1		
GB,TT																			7		7																					
GB,TW										19			1	3	2						8											15			4					1		
GB,TZ										1																																
GB,UA																	5		8																							
GB,US				13		1	11	5	1	4	4	3	6	5	3	7	2		3	6	11	5	3	2	67	22	5	25	22		16	25	1	17	6	13	37	29	13	32	17	71
GB,UY																		1																								
GB,null				1							2	1																		3												
GE				2					1																																	
GR	11	14	12	17	5	18		2	39	146	59	41	11	38	54	54	2	22	163	15	16	21	9	24	18	49	20	11	8	8	10	1	6	10				7	11		13	3
GR,IE									1																																	
GR,IR																																			8							
GR,IT																							6							15												
GR,IT,JP																								2																		
GR,IT,RU																					6																					
GR,JP,US																																		4								
GR,PL															2			1		11											5											
GR,PL,US																								5								33										
GR,PT																																				1						
GR,PT,US																														2												4
GR,RO																							3				3														12	
GR,TR																														40												
GR,UA																		4																								
GR,US								3					2	7				4			8	9						6			3											
GT		1																																								
HK										7					2	21	7		15	5		7	18	4	8	3	3	6	3	4	1	4	4	10	9	4	21	16	6	2		
HK,IL														2																												
HK,IN,NZ														3																												
HK,NL,RU																															1											
HK,RU,US																	4																									
HK,SG																																	2									3
HK,TW																									1		1															
HR	2	1										1		9	19	8	9	18	11	9		3	35	10		6	1		2													
HR,HU,IL																				2																						
HR,IR																																	1				1					
HR,JP,KR,SI																																		1								
HR,MK																		12																								
HR,SI																																1										
HR,US													4									1							1							5						
HU			2	17			7	12	3	17	11	1	2					1	6	4	1		2	3	8	7				15	2	8		1	2		9				2	1
HU,IN																											4															
HU,IT																							2				5		4	10		9		5	5		1			3	8	
HU,IT,US																															1											
HU,IT,null																												8														
HU,JP												6																														
HU,NL					7			1			1					1				25			24																			
HU,PK																																							5			
HU,PL		7	2	11					2																									4								
HU,RO																						10		8																		
HU,RU							1				9		1				1																									
HU,SE																									9																	
HU,SI						5																																				
HU,SK		6																																								
HU,US																											3										7					
ID																													1	1									3	8	9	6
ID,IN,KR																																					2					
ID,JP																																								1		
ID,JP,NL																													1													
ID,KR,VN																																					1					
ID,MY																																1										
ID,NL																						2	1																	1	2	
ID,NO,RU,US,ZA																																								3		
ID,TH																																				6						
IE						1	1	9	5	23	13	34		4		3			3		7	2	14		19	18	14	5	9	3	7	15		6	9	16				7		
IE,IN																																								1		
IE,IN,KR																																				4						
IE,IT									4																									1							1	
IE,JP															7																											
IE,KR,TW																																									1	
IE,MY																																							1			
IE,MY,PK																																						1				
IE,PK																														3		10										
IE,SE																											5															
IE,US																																1										
IE,ZA																																									10	
IL	23	15	16	27	34	26	15	25	25	9	5	25	39	10	60	21	12	11	11	13	3	4	30	5	24	55	38	23	6	11		6	20	2	4	1	1	3		1	11	4
IL,IN																		1														1								7		
IL,IN,JP																								2																		
IL,IT																																									1	
IL,JP																				1																						
IL,KR																												2														
IL,PL															3					1	1													1								
IL,PL,UA																												1														
IL,RU																			2				5		3			1														
IL,SG																																					13					
IL,UA																							3																			
IL,US	1		8	2						6	7		2							38	2	5		2	1						10							4		11		
IL,ZA																	1																									
IL,null	10																																									
IN	510	151	131	54	188	122	297	220	231	258	253	337	420	295	400	354	380	390	406	334	195	250	216	486	354	336	370	349	419	454	351	249	305	458	471	598	601	619	522	556	602	769
IN,IQ																																										5
IN,IR,JP																																4										
IN,IR,KR																																				1						
IN,IT											5		9		4		1			4	10	16	2	6	5			10	4		1		1	4	3	7	4	3			1	2
IN,IT,JP																			5								5															
IN,IT,RU																									4																	
IN,IT,TW																								1							4			3								
IN,IT,US																																1		2								
IN,JO,PK																																										2
IN,JO,PK,PL																																										2
IN,JP							1	14	1		20	1							1			6	1	12	6	2	4	1	2	6	2	6		6	3	16		7	9	4	13	13
IN,JP,MX																							4																			
IN,JP,RU																										1																
IN,JP,RU,US																						1																				
IN,JP,SA																																			4							
IN,JP,US																					1		3	2																		
IN,KR																							4			1	4	1	1	2	9	7	11	11		25	57	13	8	4	39	28
IN,KR,MY,SA																																								3		
IN,KR,PK																																			2							
IN,KR,SA																																						1				
IN,KR,TH,VN																																										
IN,MX																																			3					3		
IN,MY																															4		18		11							
IN,MY,SA																																									5	5
IN,MY,SG																																					2					
IN,NL											8									2													1	2					3	8		2
IN,NL,SE																																						4				
IN,OM																																			6							
IN,PK,US																																					11					
IN,PL																										1				3	6	12		7		14		15		8	5	7
IN,PL,PT																														3												
IN,PL,US																																							1			
IN,PR																														4												
IN,PR,PT																																						1				
IN,PT																														2		2	4	8	2	5	1		4		4	
IN,PT,SI																																									1	
IN,PT,TW																																					1					
IN,PT,US																																				4	1					
IN,QA																																						2				
IN,RS																																		6								
IN,RU																					1				12		6		6						5		7	2	7	13	4	4
IN,RU,SE														2																												
IN,SA																																	5					4	8	11	9	1
IN,SD																									3																	
IN,SE										1					17											1					1										2	
IN,SG																				11														2		2	1					
IN,SG,US																																									4	
IN,SK					11																													6	2	3			4		1	
IN,TH																																										4
IN,TN																																		6				1				
IN,TW																							10	5	6	2	5		4	10	7	10	15	1	10	10	10		20	19	1	44
IN,TW,US																								3			2															
IN,TW,ZA																														4												
IN,TZ																																		3								
IN,UA																														5												
IN,US	1	4				2	1	6	7	20		6	2	10		24	3	14	4	34		21	14	10		3	20	10	22	24	15	5	2	4	1	55	24	22	9	15	28	12
IN,US,VN																																									1	
IN,US,ZA																														3	2						2					
IN,ZA																																6	5	14	1	7	24	18	1		20	4
IQ	4	3	5	4				4										3																		8			2			
IQ,IR																																							2		3	
IQ,IR,MY																																								1	1	
IQ,LY																																										
IQ,RU																																					6					
IQ,UA,US																																				171						
IR				1	4		3								1	2	11	1		1		2	18	4	19	4	9	23	7	37	12	12	10	20	19	70	41	43	17	15	17	26
IR,IT																																			4				3			2
IR,JP																							11				4								6	2						
IR,KR																															6	6										
IR,MX,PL,RU,TR																																								1		
IR,MY																																				1	2		1			
IR,MY,US																																					4					
IR,NZ																																				10						
IR,OM																												3														
IR,PL																																		2			1					
IR,PL,US																																									2	
IR,RU																																				9						
IR,SE																									2																	
IR,SY																																				1						
IR,TN																																					3					
IR,TW																																	9									
IR,US																						3		1					3				2							1		3
IR,ZA																																							6			
IS																																	1									
IT	136	90	86	149	58	17	84	22	49	153	109	127	122	102	73	79	86	139	89	76	125	130	73	220	212	115	67	60	138	75	56	123	57	107	98	114	91	78	41	70	22	48
IT,JP									1							33	6	7		13	2	8	16	9			7	19			1	2	12	10		11	12		1	3	11	
IT,JP,PL																											2				2		24							6		
IT,JP,TR																																			2							
IT,JP,UA																					1																					
IT,KR																				4																						
IT,LT,RO																																									2	
IT,LT,RU																					1																					
IT,MD,PL																											12															
IT,MD,PL,RO																								1																		
IT,MX																																								4		
IT,NL						2	10			1					4	8		8														1								2	2	
IT,NL,PL																																								2		
IT,NL,US									6																																	
IT,NO																																						19				
IT,NO,US																							4																			
IT,PL					1									1								3				3	2			6	1					23					1	1
IT,PL,UA																										12																
IT,PT																				1			6										5				30					
IT,PT,RS																																									3	
IT,PT,UA																									2		3															
IT,RO																1							2				3	5		3					13	10						
IT,RS																																										
IT,RU						3			1							4	15			2		27	9	16		15	14		10	7	5		12	11	27		5			16	12	16
IT,SA,US																																								1		
IT,SE																							1						1					1				23				
IT,SE,US																																										
IT,SI											16	2									3																					
IT,SK																																			4						1	3
IT,SK,ZA																																					3					
IT,SN															5																											
IT,TN																																					3					
IT,TR																									3												2					
IT,TW																																					1					
IT,UA																							4																			
IT,US				1		2		8	16	4	1		9	3	27		13	3		28	1	24		13	15				21	56	6	5	24	8	4	5	26	16	8	1	4	7
IT,UY																																							3			
IT,null														3																												
JM																			33		22		16																			
JM,US																																							13			
JO							6				6					3				2	5					8				1	17	9	2				9	18			20	5
JO,NL																						3																				
JO,OM,SA																						2																				
JO,OM,US																						4																				
JO,PK																																										4
JO,SA,YE																																										3
JO,US													3									1																1				
JP	222	329	306	210	284	254	575	613	646	937	748	628	718	692	1039	1047	954	1258	940	981	1055	917	1044	750	769	959	788	876	634	608	580	336	371	267	276	281	346	373	344	423	269	319
JP,KR														2	1	7	16			4		2		1		1	2	3			4		1	13	1		1			4	2	
JP,KR,PL,US																																					3					
JP,KR,US																						2	5					2							1							
JP,MX																																										8
JP,MY																														5												
JP,MY,SA,SD																																								5		
JP,NL			4							3	2			1	1			1		3														1								
JP,NL,PL,RU															3																											
JP,NL,SE,UA																2																										
JP,NL,SK													7						2	4																						
JP,NL,US														1																												
JP,NO																										9	2	4	9													
JP,NO,SE																											2															
JP,NO,TW																										9																
JP,NO,US									1																																	
JP,NZ																9	2		26															2								9
JP,None																				4	3																					
JP,PK																							1								5						5					
JP,PL			1					7			2		10		5	6					3			1			4		2				3	9	23	3	14	10	19	2	2	8
JP,PL,RU													2																													
JP,PL,US												5								3																			4			
JP,PL,null																											3															
JP,PT														3	1	1																										
JP,RO																						1									4	5										
JP,RU		1												7	22		9	16	25	3	2	21	9	2	10	31	3		1		1				1		1	2	40	12	11	42
JP,RU,US																				1																						
JP,SA,TH																																										20
JP,SA,TN																																							10			
JP,SE						1				4	19		2	3		1		1	9	8		8			2	7																
JP,SE,SK																								1																		
JP,SE,null																			2																							
JP,SG																									12																	
JP,SI																													9													
JP,SK	4																																									1
JP,TH																	5										15			2		4					4	10		9	28	6
JP,TR																			1															1								13
JP,TW																	9	3					5	1	6	5	3		7		3				1	4						5
JP,TW,US																														4												
JP,UA																										1							5									
JP,US		1		1	5	20	1	17	14	19	7	9	12	16	14	6	21	19	8	23	7	7	4	14	15	14	15	53	12	10	22	17	9	4	2	5	14	8	1	3		9
JP,VN																						2	3		3				9										7			
JP,null																									1				3		6											
KE,US																										22																
KR		2		1				18	2	15	18	19	18	12	10	53	45	51	82	128	104	112	111	46	135	62	163	51	149	116	60	131	109	89	72	96	225	87	112	98	123	58
KR,MX																																			3						6	8
KR,MY																																								7		
KR,MY,PK,SA,US																																										5
KR,NZ																							5	8																		
KR,PK																																					5			9		
KR,PK,SA																																										1
KR,PK,TH																																					6		6			6
KR,PK,US																																										
KR,RO																														2												
KR,RO,US																														1												
KR,RU																	6				4					6		8							8	7	12		4	5		
KR,RU,VN																																1							4	2		
KR,SE																		1																								
KR,TH																																					20	4		12		
KR,TW																													5													6
KR,UA																						1	1																			
KR,UA,US																						2																				
KR,US									12							1	3		1	3	17	4	12	5	2	8	17	16	23	15	120	21	10	1		11	18	12	32	16	13	30
KR,US,VN																																				3						
KR,VN																		6					2		1	3									3	5	3	1	3		5	3
KR,ZA																																					6					
KR,null										1																																
KW																						1																				
KZ			2																					2		3	10	5	9	6		3			2	4	5	3	1	4		3
KZ,RO																																				2						
KZ,RU																																				12	16			7	23	12
LB																																								5	4	4
LI								1																																		
LK	2		5																																							
LS															26																											
LT			1									3								1							5								3		9					18
LT,LV																																									2	
LT,PL																																							1			
LT,PL,RU																	1	1	3																							
LT,RU																																							4			
LT,TR																																		8								
LT,UA																					2																					
LU																																	8									
LU,MX																																									2	
LV		1				1		5								2																						19	6			
LV,PT,RU																									1																	
LV,RU																																					6		8		8	
LV,SE																5																										
MA							3							1	1		8		4	5			11	8			1			2							4			5	3	6
MA,RO																																								2	6	
MD									2															16																		
MD,PL																						4																				
MD,RO																													2													
MD,RO,UA																																									8	
MD,SE																																									2	
MD,US																							2																			
ME,RU																											2															
MK				2													4																									
MK,SI																	30		25																							
MN,RU																																					2	1				
MR,SN																																8										
MR,SN,TN																							10	3																		
MT																																					4					
MU																								6																		
MX				4		8	2	28		9	7	2		5	1	1		5		2	6	7	11	30	17	8	1	18	3	37	6	7	1	1	11		30	51	22	18	9	12
MX,PL																																3										
MX,PT																											7															
MX,PY																																										2
MX,RU																	16	7						1																		
MX,RU,UA																													3													
MX,UA																																		2								
MX,US				3					8				2		2				5							3		2				16		6		1	1	1		4		
MX,VN																																								5		
MY							1										1	3	4	3	2		6		5		12	11	16	1	10	2		15	21	5	7	15		5		
MY,NZ																																			1							
MY,PK																														19	3			1		7	5					
MY,SA																																							6			
MY,SA,UA																																					1					
MY,TR																						5		3																		
MY,TW																																					4					
MY,TW,US																																						3		3		
MY,US																												3														
MZ												6																														
NG		13	9										2		1																										8	
NG,PK																																										
NG,SA																																					1					
NL	74	50	82	95	39	85	96	143	118	118	74	135	120	107	88	88	84	76	43	43	36	33	25	50	32	66	49	95	38	4	3	10	2	4		1	2	1	3			2
NL,NO																								1																		
NL,NZ																											2															
NL,PL					1																	9																				
NL,PL,RU,UA																				2																						
NL,PL,VN																2																										
NL,PT											1							5										5		6											6	
NL,PT,US																													15													
NL,RO																			6				6								5	2		4								
NL,RU													8		2					10			3	6	3					4												
NL,RU,UA																						4																				
NL,RU,US																	2																									
NL,RU,VN												8																														
NL,SE									1																					1												
NL,SI																														3												
NL,TH,VN																																							4			
NL,TW											12																															
NL,UA																									5																	
NL,US	2	2	11		8	14	6	10	9	12	9	14	6	15	2	11	3			2				3	1	16		2	1				5			3	9			1		
NL,VN		4			4			9	9		1	6	13		9	3	1	6	10			3	5																			
NO	5		1	1				3	20		25	1		16	15	17	8	47	22	9	3	24	25	47	17	25	61	27	29	7	22	10	12		19	17	2		1	8	28	29
NO,PL,UA																											2															
NO,RU																			1												3					20						2
NO,SE																					5				2						1	3			4							
NO,SE,UA																				1					21	4																
NO,UA																						9	1		3																	
NO,UA,US																					1																					
NO,US												1	2					14		6						6		5														9
NP																																									9	
NZ			7						3	12	12	7			28	8		6	5	8		26	1			2										5					6	
NZ,PL																										1																
NZ,TW																	3																									
NZ,US														2						1																						
OM																									4											13			3	9	6	2
OM,PK,SA																																										
OM,TR																																							3			
OM,US																								4																		
PH																															1			2								
PH,PL,US																																										3
PH,US																																								5		
PK	1																				5	3		1	9	4			8	8	13	11	21	25	18	19	18	14	17	25	3	3
PK,RO																																										1
PK,RU																																								21		
PK,SA																																		3	11		6			10	10	
PK,SA,TH																																										2
PK,SA,TR																																							1		2	1
PK,SE																										6																4
PK,TH																																						7	5		5	
PK,TR																																		4								
PK,US			3	4	14						8																	7							3		13				3	2
PL	63	154	46	34	78	56	207	265	276	252	70	68	68	105	153	188	120	217	156	239	230	194	188	199	98	174	203	246	93	135	183	168	112	111	123	148	83	139	139	149	83	100
PL,PT																														5					10					6		
PL,RO																												3														
PL,RO,US															1																											
PL,RS																																									2	
PL,RS,RU,SK																																										1
PL,RS,SE													4																													
PL,RU				6			1	3	24	16	12	12	16	29	21	10	3	10	1	17	28	14	8	13	38	8	12	28			3	1	31	8	12	4	30	5	4	24	7	11
PL,RU,SE																																										
PL,RU,UA																		1	1	5															4			2		1		
PL,RU,US																								1			3											21				
PL,SA																																1										
PL,SE																						1						1		2												
PL,SG																																					8					
PL,SI																																								1		
PL,SI,SK																																				9						
PL,SI,US																																								15		
PL,SK									1													3			1	3			1					3						3	1	
PL,TN																																1	1									
PL,TR																																								1		
PL,TW																																				1		6				12
PL,UA														8	16	19	14	9	27	66	19	11	13	38	36	50	59	30	20	12	4	46	6	28	48	15	13	74	14	112	5	1
PL,UA,US																				2																						
PL,US				1	1		5		7				3	2				3		11	14	10		1	1		6	26			15		8	2	11	5	8	4	1	9	22	25
PL,US,null															7																											
PL,VN									2																																	
PL,ZA																			14						11	12			8	30					8	14	30	3		3		
PR																		1				3					6	1														
PR,TR																																								6		
PR,US																																				1						
PS,US																																	7		7							
PT	4		1			6	8	6	14		8	6			13	5	10	8	23	16	22	43	39	40	16	46	30	33	60	27	29	16	69	55	13	25	28	12	10	46		23
PT,RO																																			2					1		
PT,RU																						1		8			9	2		2										8		
PT,RU,TN																																							4			
PT,SA,SE,TN																																										1
PT,SA,TN																																									2	3
PT,SI																												2														
PT,SI,SK																																					12					
PT,TN																															1				10		2		2	4	5	4
PT,UA																											4														2	
PT,US									1		4	5										6																2		1		
PT,ZA																								3																		
PT,null																													8													
QA																																										2
RO	10	22		2	6	5	35		4	2	26	9	27	19	3	49	18	12	55	34	10	22	9	9	42	6	12	19	43	18	22	12	3	5	27	4	8	18	12	19	29	21
RO,RS																																	3									
RO,RU																																	4	6	2				1			1
RO,RU,VN																																				1						
RO,SE																																									1	
RO,SI																				3																						
RO,TR																																1										
RO,UA																																						2				1
RO,US						4	9											5									6	2			1											
RO,null						2					7																															
RS						2																					4	3	6	1				3	7	10			1		4	
RS,SI																													1										1	20		
RS,US																																					11					
RU	115	75	113	64	147	58	42	90	90	103	141	121	115	112	135	204	192	175	197	326	579	319	301	347	403	578	669	407	416	587	642	411	340	284	388	562	548	721	743	609	775	809
RU,SA																																							4			
RU,SE											17	3		21	4		12	13	4	1		9			20		2	19								11		7		1		
RU,SE,TR																										12																
RU,SI																									1																	
RU,SK						1		5					2																										7		3	
RU,SK,UA																																							1			
RU,TJ		1	11			5																									2											
RU,TJ,US																																				66						
RU,TN																																					2					
RU,TR																							3											1								
RU,TW																																				9						
RU,UA									6			3	4	2		27		29	23	10	7	1		4		5	3	7	6		14	16	19	3	4	4	6	29		3	7	
RU,UA,US																																1			7		31					
RU,US										1		1			2	2		19	10	1		10	2	1	5	1	1		4	1		1	2	24	1	9	3	8	3	3		
RU,US,VN																																								1		
RU,UY																								2																		
RU,UZ																																		7		3						
RU,VN																																						2	3	6	5	2
RU,ZA																																	2			10	5		5	7		
RU,null					1	6	4				11																	4														
SA		3				10	15			8			4	5		7		3			4		12		4		1	3	4	13	49	7		1	27	6	5	5	11	6	11	3
SA,TN																																					2		4	3	3	21
SA,TR																																								5		
SA,TR,US																																										
SA,US																																	7	3			6	5	10			
SD											1																															
SD,ZA																																							3			13
SE				1	9	1	13	10	67	2	22	46	8	18	21	12	40	35	29	69	5	20	9	10	22	6	41	15	7	2	59	44	7	2	38	7	88	21		69	37	2
SE,SK																									1																	
SE,UA																						1		2																4		
SE,UA,US																																			2						1	
SE,US	1								3	1			2		3		1		2	1							4		10									13		2		
SE,VN																					5									1												
SE,ZW																																										
SE,null																												6														
SG																2		4	3	11	12	37	11	2	12	6	6	11	4	31	8	9	62	10		13		32	4	11	3	
SG,US														3									1																	2		1
SI		3	1		1		8					2	12		9	14	31	26	3	54	16	2		11	11	5	2	26	22		3	6		4	3	2	2				26	
SI,UA																									2																	
SI,US	2																					6																				
SI,null									1																																	
SK	9	27					13	1	1	6	1	4									2	1	2		2		3	1	2		7					18	1	5			3	
SK,UA													1																			1							7			
TH											8								4	8						6						3	24	13		4	24	14	14	15	3	1
TH,TR																																							2			
TH,US																											4				1											3
TH,VN																																			2				6			
TJ						4		2		19	2			11		19																	2									
TJ,US																																		4		18						
TN	6		6	2	4									2	1	1		6	2		16		23	27	10	4	10	9	40	17	18	4	14	8	10	22	43	17	30	11	12	10
TN,TR																																									1	
TN,US																							5								3											
TN,ZA																																										
TR			1			2					3	1	1	1	3	4	4		10	4	5		11	100	36	13	17	35	22	37	3	37	20	22	28	18	14	31	24	10	51	20
TR,UA,US																										1																
TR,US			2									5								1									1		6	4	5		1						16	8
TR,US,null					3																																					
TT																							7				6															
TW	4		1	41	15	4	9	61	116	52	117	39	72	69	103	144	193	64	96	70	75	47	53	61	103	64	149	148	139	191	303	83	61	87	51	34	26	38	29	4	8	27
TW,US					1			7	4	2				4	1		28	10	1	10	17	10		13			2	2	4		1											
UA			1			16				11	7	48	59	36	97	83	63	33	51	62	77	19	44	179	112	74	85	45	40	60	80	20	27	75	58	44	34	18	5	18	44	23
UA,US											2									2	3					12	1	13		12	7			7		19		2		6	1	
US	289	324	410	310	411	367	588	802	780	689	648	571	535	586	550	785	744	953	1372	954	616	885	639	725	669	801	772	767	691	852	760	517	655	638	608	660	685	558	607	704	520	573
US,UY																																									5	
US,VE		4																																								
US,VN																								1	6																1	
US,ZA			5							1																															1	
US,null		1										2		2							12									16												
UY																																							4			
UZ										1	6																			4									1			
VE									1				3										3	4																		
VN		4	3						6			10			2	13	9	6		3		12	56	6		1	6	2	3	3		8		3		5			1	24	15	5
ZA	4	9		1				5	2			1		1		8	14	1	7		8				6		13	10	6	7	7	17	1	5	3	10	25		9	62	10	7
ZA,ZW																																										
ZM				4																																						
total	4633	4312	4095	3860	4073	3844	5199	6578	6824	6854	5957	6703	6381	6035	7460	8069	8290	8744	8989	8363	7553	8619	7449	8729	7917	8328	8618	8508	8845	9383	9171	7612	8660	9150	10146	10475	11524	10624	10554	10301	9616	9690
