	1981	1982	1983	1984	1985	1986	1987	1988	1989	1990	1991	1992	1993	1994	1995	1996	1997	1998	1999	2000	2001	2002	2003	2004	2005	2006	2007	2008	2009	2010	2011	2012	2013	2014	2015	2016	2017	2018	2019	2020	2021	2022
AD,FR																																										1
AE							13				3		2		15	7					11	3		7		21			11	65	17	2	19	1	16	3	74	1	115	225	56	243
AE,AT,EG																										5	2															
AE,AU,CN,FI,FR,GB,IT,US																																			11							
AE,AU,IT																																					8					
AE,AU,KR																																						1				
AE,BD,IN,MA,SA																																										
AE,BE,IN,SA																																			1							
AE,CA																				4	1		25	1				9		2												
AE,CA,EG																							7																			
AE,CA,EG,KR,PK																																										
AE,CA,EG,PK																																							41		17	
AE,CA,IR																																						4				
AE,CA,JO																																3										
AE,CA,KR,PK																																								6		
AE,CA,PK																																										
AE,CA,PK,SA																																										2
AE,CA,SA																																							10	7		
AE,CH,DE,GR,KR																																										
AE,CM,ES,FR,US																																									9	
AE,CN																																		1				1	4			
AE,CN,DE,FR																																		12								
AE,CN,EG,PK																																										1
AE,CN,GB																																							2			
AE,CN,HK																																					2					
AE,CN,IN,MY,SA																																										14
AE,CN,JO,PK,RU,SA																																									1	
AE,CN,JP																																									4	
AE,CN,PK																																										19
AE,CN,PK,TR																																								13		
AE,CN,US																																									14	2
AE,CZ																																			1							
AE,CZ,SE																																			2							
AE,DE							2	1								2		1												18			42	14	1	17	28					
AE,DE,DK,PT																																		10								
AE,DE,FR																																	2			4						
AE,DE,GB,SE																																							6			
AE,DE,IN,JO																																		19								
AE,DE,IQ				3																																						
AE,DE,IT																																									10	
AE,DE,JO																							14				12	3	21	31	4						18					
AE,DE,JO,PS																										6																
AE,DE,JO,US																													15													
AE,DE,PL																																						24				2
AE,DE,SG																																		6								
AE,DE,US																																								33		
AE,DK,FR																																	3									
AE,EG							36					1	3	20			29		8	16	12			24	20	13		15				36	16			9	15	84	52	53	44	111
AE,EG,FR,SA																																										
AE,EG,GB														17																										36	13	
AE,EG,GB,RU,SA																																									1	
AE,EG,GB,SA																																										
AE,EG,JP,SA																																									5	
AE,EG,KR																																							21		69	
AE,EG,KR,SA																																										12
AE,EG,MA,SA																																										
AE,EG,PK																																							22			
AE,EG,SA																																						41	36	16	11	19
AE,EG,US																																									15	9
AE,ES																																2					4					
AE,ES,FR,US																																	1	10				18	1			
AE,ES,GB																																	11									
AE,ES,IE,US																																				9						
AE,ES,IN,JP																													14													
AE,ES,PT																																					1					
AE,ES,QA,US																																				4						
AE,ES,US																																									1	
AE,FR										20																					1											
AE,FR,GB																															4											
AE,FR,GB,IT																																					5					
AE,FR,GB,RS,TT																																							1			
AE,FR,KR,US																																									6	
AE,FR,LB,US																																					4					
AE,FR,QA,SA,US																																						3				
AE,FR,US																																			1							
AE,GB																			2			3							1	1						13		3	6	25		
AE,GB,GR,US																																								15		
AE,GB,IE																										2																
AE,GB,IN,JP																																			10							
AE,GB,IN,JP,SG																																				15						
AE,GB,IN,SG																																			20							
AE,GB,IN,US																																								21		
AE,GB,IT																																			6							
AE,GB,JO,US																															17											
AE,GB,KR,PK																																										1
AE,GB,LB																																										1
AE,GB,MR,TN																																								16		
AE,GB,MY																																									10	
AE,GB,PK																																										2
AE,GB,PK,SA																																										
AE,GB,US																																								3		
AE,HK																																					50					2
AE,HR																																					4					
AE,HU																																				11						
AE,HU,IQ,MU,QA,TR																																										11
AE,ID,SG																																								38		
AE,IN																														31					4		10	3	81	22	62	16
AE,IN,IT																																					8					25
AE,IN,JP																																								55		
AE,IN,KR,SA,TW																																										1
AE,IN,MA,PK,SA																																										1
AE,IN,MA,PS																																							2			
AE,IN,PK,SA																																										6
AE,IN,SA																																								1		
AE,IN,US																																								30		
AE,IN,YE																																									1	
AE,IQ																																									10	8
AE,IQ,MU,MY,PK,SA																																									2	
AE,IQ,SA,UZ																																										1
AE,IR																																									1	1
AE,IT,MU,MY,PK,SA																																									2	
AE,IT,QA																																										1
AE,JO									4													2								87	43		8				6			51	5	
AE,JO,PK																																									15	
AE,JO,SG																																										42
AE,JO,US																																							83			
AE,JP																														11						1	12		1			
AE,JP,PT																														18												
AE,KR																																				3	24			3		
AE,KR,PK,SA																																										
AE,KR,US																																1										
AE,LB																												1		2				2								
AE,LB,MD,US																															1											
AE,LB,QA,US																																										
AE,LB,SA,US																																			2							
AE,LB,US																																1										
AE,MA,QA,SA,TR																																										3
AE,MX,US																															4											
AE,MY																																			4						5	
AE,MY,OM																																			13							
AE,MY,PK																																								33		1
AE,MY,PK,SA																																										
AE,MY,US																																1										
AE,NL																																						9				
AE,OM																																									1	
AE,PK																																	3				18		3	1	1	8
AE,PK,PT,SA																																					14					
AE,PK,SA																																				1						30
AE,PK,TR																																							2			
AE,PL																																	6	31						53		
AE,PS,PT																																								12		
AE,PT																																7					24					
AE,QA												1																														
AE,QA,US														7																												
AE,RU																																							5			
AE,SA																															1										18	14
AE,SA,US																																										8
AE,SG																																							13		4	22
AE,SI																																										
AE,TH,US																											8															
AE,US																	2	10	50				1												59	44	171		79	33	65	105
AE,ZA																																									2	
AF,DE																															2											
AF,PK,SA																																									2	4
AG,CA,GB																															4											
AG,CA,US																																2										
AG,TR																																										
AL,AR																																					14					
AL,DE,IT																																		31								
AL,ES,IT,SI																																								40		
AL,GB,IT,US																																									22	
AL,GR																																					1					
AL,GR,IT																																					1					
AL,IT															8					14																9	56					
AL,IT,RO,UA																																										
AL,IT,US																																								38		
AL,JP																							5										7									
AL,NL																																	1									
AL,RU																		2																								
AM	263	231	423	240	160	254	152	261	218	294	183	123	86	84	133	131	113	90	67	155	338	160	264	261	320	335	247	310	242	288	336	498	354	334	412	462	459	418	645	563	195	310
AM,AT																														7		8	5		5	1		3	3	5	6	6
AM,AT,DE,RU																																										
AM,AT,IN,MX																																						1				
AM,AT,SK																								19																		
AM,BE,US																																2										
AM,BG																				11																						
AM,BG,IT																																										6
AM,BR,DE,GB								12																																		
AM,BR,KW,UY																																		8								
AM,CH,DE,JP																		4																								
AM,CH,RU																							2																			
AM,CN,GE,US																																							4	5		
AM,CZ,FR,GB,RU																					11																					
AM,CZ,GR,IT,RU																																										17
AM,CZ,RU																					3																					
AM,DE					20						6												27									45	119	128	96	13	70	57	67	16	9	
AM,DE,FR																																		16		23						
AM,DE,HU																																	21									
AM,DE,JP																											1															
AM,DE,KZ																																	10	29								
AM,DE,PL																																										1
AM,DE,RU																								1								41										
AM,DE,US																10	53																									
AM,DK																								19																		
AM,EG,SA																																									17	
AM,FR																																	45					1				
AM,FR,IT																																							16			
AM,FR,JP																																										
AM,GB																							5																			
AM,GB,RU																				8																			4	2		
AM,GR																																							14			
AM,GR,IN,IT,RU,UA																																										31
AM,GR,IT																																	61	32	31	29	61		91		26	
AM,GR,IT,RS,RU																																									17	
AM,GR,IT,RU																																		40								21
AM,GR,IT,US																																				86			38		56	22
AM,GR,US																																									16	
AM,IN												1																											3	1		
AM,IR																															5	1										
AM,IR,TW																								7																		
AM,IT																																					5					
AM,IT,JP,RU																																										
AM,IT,PL																																								9		
AM,KR,RU,UZ																									5																	
AM,KZ,US																																	38									
AM,LV																			6																							
AM,NL,RU																																18										
AM,NL,RU,US																																										12
AM,PL																																							28			
AM,RU			35	31	9						18		16				2		1		6	33		44	18	39	8			30	8	11	44	1	51	157	19	67	28	14	33	79
AM,SA																																									1	
AM,UA																																					20					
AM,US																				14	2	4	8	4	7	21	1	13		43	6	64	52	31		2	47				13	
AO,AT,DE																																						6				
AO,BR,PT																														5	5											
AO,PT																								15			49			3	1	7	3									
AR	63	74	75	68	116	176	281	153	206	142	213	156	174	156	314	320	274	275	388	608	346	529	431	285	425	509	359	526	429	589	714	768	576	677	351	612	509	692	572	496	344	312
AR,AT																																2	35	3								
AR,AT,DE,US																																7										
AR,AT,FR																				22																						
AR,AU													1			8				1		6			7								4									
AR,AU,BR,US																																			1							
AR,AU,CL																																										26
AR,AU,ES																								9																		
AR,AU,IT,US																																								1		
AR,AU,US											9																															
AR,BD																																	3									
AR,BD,DE																																			10							
AR,BE											1	1				2	1	2	3			2			4	2		2	16				16	3	38		1	32	10		12	
AR,BE,BR,CO,FR,PE																																						2				
AR,BE,CU,ES,MX,PE																																		5								
AR,BE,ES																			3												3					3						
AR,BE,FR																																			3		5					
AR,BE,GB																						19																				
AR,BE,MA,PK,RO																																									1	
AR,BE,MA,RO,TR																																								1		
AR,BE,PL																																				8						
AR,BG,CL																							2	2			20															
AR,BG,FR																																										10
AR,BH,KR,PK																																									9	
AR,BO																																				11	8					
AR,BO,ES,PE																							6																			
AR,BR				5		2				1		1	3			2	2	11	24	15	19	32	32	12	11	50	5	14	76	33	45	88	25	165	125	96	87	68	87	19	13	25
AR,BR,CA,IR																																			1							
AR,BR,CL																												4	1						2							6
AR,BR,CL,DE																															1											
AR,BR,CL,FR																											1															
AR,BR,CO																																					1		5			
AR,BR,CO,CU																																						1				
AR,BR,CO,PY,SV,UY																																		80								
AR,BR,CU																																					1		2		2	
AR,BR,CZ																																							1	2		
AR,BR,DE																													1						3	14				9		
AR,BR,DK																													1													
AR,BR,EC																																									7	
AR,BR,ES																																									4	
AR,BR,ES,MX,null																									2																	
AR,BR,ES,US																																						10				
AR,BR,ES,UY																									21		10															
AR,BR,FR																								3																		
AR,BR,GB																			1		1			4	1	3			2		3											
AR,BR,HU																																					6					
AR,BR,JP																														4		9										
AR,BR,JP,UY																								7																		
AR,BR,MX																				1																						
AR,BR,PA																															14											
AR,BR,PT,UY																															7											
AR,BR,US																															6	1		11	20			1	17	50	2	
AR,BR,US,UY																									5																	
AR,BR,UY																	1			2			6		7	3	1	1	1				10	2							2	
AR,BR,UY,VE																							2																			
AR,CA					1													7	2								6	4							3		2	6			16	
AR,CA,ES																									4																	
AR,CA,MX																										3					6				1							
AR,CA,MX,US																															6											
AR,CA,PK																																						12				
AR,CA,PT																																								10		
AR,CH																		1		9	3			3				19		7												
AR,CH,CL,US																																	43						1			
AR,CH,CZ																																										
AR,CH,DE														3																											15	
AR,CH,ES																																							3			
AR,CH,ES,PT																						10																				
AR,CL	5						10	14							5	2		3		16	23	11	27	10	39	32	24	16	28	17	8	36	2	12	52	14	7	46	6	9	8	4
AR,CL,CO																													3												15	
AR,CL,DE																																						2				
AR,CL,ES										8										1	6					1				6						1				22		
AR,CL,ES,FR																												5														
AR,CL,ES,HU																													2													
AR,CL,ES,PY,UY																										20																
AR,CL,ES,UY																								11					9	11												
AR,CL,FR													2						2	9			16	5	9	4	4	1									5					
AR,CL,FR,PE																									10																	
AR,CL,FR,UY																5																										
AR,CL,GB																								5																		
AR,CL,IN																																										3
AR,CL,IT,US																						11																				
AR,CL,MX																												1		1	2		2	3					2			
AR,CL,PE																								4	2																	
AR,CL,US																					2			4	1			4			1										2	
AR,CL,US,UY																																								5		
AR,CL,UY																												14														
AR,CM																							1																			
AR,CN																												8					7									2
AR,CN,DE																															1	3	2					1				
AR,CN,DE,PK																																								1		
AR,CN,HU,US																																						11				
AR,CN,RS																																			5							
AR,CN,SI																																						4				
AR,CN,US																																				1			5			
AR,CO																				4						7		44		7		1	3	23	26		49	10		10	3	18
AR,CO,CZ,ES,SK,US																																					30		4			
AR,CO,DO,DZ,GB,IR,TR																																										
AR,CO,ES																				2			82		9	36	6			5	9	9	19		10	2		46		44		
AR,CO,ES,GB																											9															
AR,CO,ES,PA																											8															
AR,CO,ES,US																																							37		37	
AR,CO,ES,VE																																						79				
AR,CO,MX																																									4	3
AR,CO,PA																												30														
AR,CO,PT																																						4				
AR,CO,US																																				30			32			
AR,CR,PA																																	2									
AR,CU																								7			21		1	4							3					
AR,CU,DE																																										45
AR,CU,DE,PK																																					3					
AR,CU,MX																																								3		
AR,CU,NZ,PK																																							3			
AR,CU,UZ																								4																		
AR,CZ																													31	15							22			16		
AR,CZ,DE																			25	6				8				27		5												
AR,CZ,DE,SK,US																																								1		
AR,CZ,PL																																								6		
AR,CZ,PL,SK																																									15	
AR,CZ,SI																																							15			
AR,CZ,US																																								11		
AR,DE			2					12	43			2	5		10	30	23	22	12	4	1	10	24	5	6	25	24	20	12	14	14	36	6	31	43	32	16	33	28	11	6	18
AR,DE,EC																																							2		7	6
AR,DE,ES																		3		3					6								4							45		5
AR,DE,ES,RU																											1															
AR,DE,FR												1																			4		56				4	3				
AR,DE,GB																																		1								
AR,DE,GB,US																																										
AR,DE,HU																									14																	
AR,DE,IN																																	2									
AR,DE,IT																																		5	2							
AR,DE,IT,MX,UY																														2												
AR,DE,JP											2									2																						
AR,DE,MX																																		6								
AR,DE,NO																			2																							
AR,DE,PK																														2		1	2	2					1			
AR,DE,PK,TR																																									2	
AR,DE,RU																																		68								
AR,DE,TH																																				4						
AR,DE,US																																					3	12				
AR,DE,ZA																							3																			
AR,DE,null																			2																							
AR,DK,ES																											105															
AR,DZ,ES,GB,IR,RU																																									1	
AR,DZ,IT																																									3	
AR,EG,US																																									21	
AR,ES								4	1	3	2		6	5		29	10	31	2	14	62	21	4	38	25	4	36	67	59	115	68	78	165	156	81	178	131	180	87	60	66	41
AR,ES,FR																				20									11												5	2
AR,ES,FR,GB																																				4						
AR,ES,GB																					2																					
AR,ES,HU																											3					4	3			12					10	
AR,ES,HU,null																							5																			
AR,ES,IN																																								1		
AR,ES,IN,PK,TR																																										1
AR,ES,IR,US																																										3
AR,ES,IT																	1									93										2				46		
AR,ES,JP,PT																																										
AR,ES,MA																																				11						
AR,ES,MX																																			16							
AR,ES,PE																																							2			
AR,ES,PT																									8					8			2						2			
AR,ES,PT,UY																																	10									
AR,ES,RU																																								15		
AR,ES,US																1				2									6		2			22				2				1
AR,ES,UY																				13																				15		
AR,ES,UY,VE																								1																		
AR,ES,VE																					20							64														
AR,FI,GB,US,UY																																								5		
AR,FR			1						1	3	2									16		35			7	10	20	30	6	24	52	3	47	41		6	20	96	45	8	9	127
AR,FR,GB																																						14				
AR,FR,GB,IT																														10												
AR,FR,IN																																		2								
AR,FR,IN,US																																					73					
AR,FR,IN,ZA																																	16									
AR,FR,IT																																			1							
AR,FR,PT																										7																
AR,FR,RU,SA,TN																																										1
AR,FR,SK,US																																1										
AR,FR,TN																																						1				
AR,FR,TN,TR																																							1		1	
AR,FR,US																																	69						7			
AR,GB													1					4			9	1	9			5	4			1		4			10							
AR,GB,GR																														16												
AR,GB,IN,PT																																		2								
AR,GB,MX																															1											
AR,GB,US																																30	22									
AR,GB,US,UY																																									8	
AR,GR																																					1					
AR,GR,IT																														3												
AR,HR																																					7		11			
AR,HU																					1				6	5	17	31			9	11									9	
AR,HU,NL																													7	14												
AR,HU,NL,UY																																						4				
AR,IL						1		1																				40					7				5			15		
AR,IL,US																																		22								
AR,IN																																10	2		4					2	50	2
AR,IN,JO,MU,SA,ZA																																										14
AR,IN,JO,SA,US,ZA																																								11		
AR,IN,JO,SA,ZA																																								4		
AR,IN,JO,ZA																																									29	
AR,IN,SA																																							7			
AR,IN,TW																																										2
AR,IN,US,VN																																								17		
AR,IN,ZA																																				5	8	2				
AR,IR																											1	4		2		5	1		4	4				1		
AR,IR,IT																									2																	
AR,IR,PK																																									2	
AR,IT									20		11	4	6	2		1					19	29	3		9	4	7			1	11	4	26	10	23	29	20	14	5	62	25	7
AR,IT,JP																																				2						
AR,IT,RU																	1																									
AR,IT,SE																																	3									
AR,IT,SI																																								157		
AR,IT,US																					1												1									
AR,IT,US,UY																																5										
AR,IT,US,null																													1													
AR,IT,UY																																										
AR,JP																			11	6		10	2					25	4	20	4	5		2			7					6
AR,JP,UY																																3										
AR,KR,PK,SA,SE																																							12			
AR,KZ																																				1	2					
AR,MA																																										1
AR,MA,MY,TN																																										1
AR,MA,TR																																									1	
AR,MX						8	25									16	8	12	9	3	14	8	8		4						6				6	21	8	4	3			8
AR,MX,None																			3																							
AR,MX,PK																																						39				
AR,MX,PT																														2												
AR,MX,US																																				3						
AR,MY																																					1					2
AR,NG																											4			1												
AR,NL																																			6					7		3
AR,NZ,PK																																					2					
AR,PE																						1													11		3			3		
AR,PK																																			1			10	2	9		
AR,PK,SE																																						17				
AR,PK,TR																																								1		
AR,PL																																										35
AR,PL,SK																																						3				
AR,PR																																					11					
AR,PT																																		14	4	3	2	1		5		4
AR,PT,TH																																							1			
AR,PT,UY																																							31			
AR,PY																				2																						
AR,RU																					2												1					7				
AR,RU,US																																							6			
AR,SE									4				3															11					10									
AR,SE,UY																																									1	
AR,SI																																						10			1	
AR,SI,UY																																									7	
AR,SV																																								5		
AR,TN																																								2		
AR,TR																																	15									
AR,UA																				1																						
AR,US				7	11	6	26	33	17	16		24	32	4	11	38	28	21	7	9	4	7	28	11	1		67	25	10	14	57	44	134	45	59	68	149	122	102	61	42	39
AR,US,UY																															19											
AR,US,VE																																										13
AR,UY																4	3	3	11	6	5	1	5	1			37	28	59	49	22	8	1	1		39	42	1	25			2
AR,VE	1																		3		3					4		2											10			
AR,ZA																														2			6						2	4		
AR,null				3																									20								6					
AT	1150	1131	949	959	1487	763	882	1371	1039	1378	1172	1098	922	1296	860	1426	1184	1445	1207	1197	855	1022	1033	1257	1381	1127	1286	986	1064	1246	1149	1052	1028	1303	1220	1164	1537	1338	1687	2079	1560	1261
AT,AU												7	24		8		1					5	18	18				10				9		19	5	11	8	1	16		88	7
AT,AU,BE,CA																																19										
AT,AU,CA,CN,SE																																									1	
AT,AU,CA,NZ																																										46
AT,AU,CZ,US																																	1									
AT,AU,DE																										15														5		
AT,AU,DE,FR																																									2	
AT,AU,DE,IT																															1											
AT,AU,ES																																									33	30
AT,AU,ES,GB																																										
AT,AU,FR,MD,PT,RO,SK,UA																																					2					
AT,AU,GB																																			44							
AT,AU,IN																												2														
AT,AU,IR																																		1								
AT,AU,IR,IT,PL,US																																			8							
AT,AU,NZ																																								1		
AT,AU,PL,UA,US																												1		1												
AT,AU,SG																					8																					
AT,AU,UA																		10						2																		
AT,AU,US																															3											
AT,BD,JP																						4																				
AT,BE																					16			2			95	43		35	3	9	67		1	50	68	16	11	63		
AT,BE,BR,CH																																										1
AT,BE,CA,FR																														6										12		
AT,BE,CH																																		51						5		
AT,BE,CH,DE,FI,GR,IT,PL																																	1									
AT,BE,CH,SI																																		84								
AT,BE,CL,DE																																						37				
AT,BE,CN,DE,RU																																		13								
AT,BE,CN,RU																																			32	19						
AT,BE,CU																															2											
AT,BE,DE																				2							5										14					
AT,BE,DE,ES,FI,FR,IT,NL																																						2				
AT,BE,DE,FR																																				33						7
AT,BE,DE,IR																																					1					
AT,BE,DE,IT																																								9		
AT,BE,DE,NL																					6																					
AT,BE,DE,RU																																			12							
AT,BE,DE,SI,US																																				1						
AT,BE,DK																																	44									
AT,BE,DK,FR																																			11							
AT,BE,DZ																																					13					
AT,BE,ES																								4							6		27						1			
AT,BE,ES,HU																																7										
AT,BE,ES,JP,KR																																					3					
AT,BE,FR																																				26						
AT,BE,FR,GB																					58																					
AT,BE,GR,IT																																			10							
AT,BE,HR,PL,US																																			21							
AT,BE,IN,US																																	1									
AT,BE,IT																																			39					12		
AT,BE,KR,LU																																					18					
AT,BE,LT																										41					17											
AT,BE,NL																																				14	33					
AT,BE,RU																					11																	38				
AT,BE,RU,UA																																								60		
AT,BE,RU,US																															33											
AT,BE,US																																						6				
AT,BF,GB																																			2							
AT,BG				18									4				4	6	3				8	2		8		6						8				2		1		2
AT,BG,BR																														3												
AT,BG,DE																																		2								
AT,BG,DE,GR															5																											
AT,BG,DE,JP																								1																		
AT,BG,DE,RO																															1											
AT,BG,DE,TR																		2																								
AT,BG,DK																				4																						
AT,BG,PT																																	8									
AT,BG,SK																																	21									
AT,BR																														15	10	6	6	5	22	7	69	55	7	2		17
AT,BR,CH																																								50		
AT,BR,CH,DE,ES,FR,GR,IT,LV,US																																										1
AT,BR,CN,DE														2																												
AT,BR,DE																																	15								23	
AT,BR,DE,IT																					1																					
AT,BR,DE,VN																																	11									
AT,BR,ES,NL																										4																
AT,BR,FR																																							13			
AT,BR,GB																																			2							
AT,BR,JP,US																																		12								
AT,BR,PE																																		1								
AT,BR,RU																																					67			147		
AT,BR,US																																							1			
AT,BY,NL																																		16								
AT,CA																	5			26	5	5			10	19		22	21	42			3		15	80	96	26	75	33	11	41
AT,CA,CH																											39															
AT,CA,CN																					16																					
AT,CA,CZ,ZA																																					11					
AT,CA,DE											1												4							9	12	8			29	21		15	6			
AT,CA,DE,DK																	26																									
AT,CA,DE,FI																																									71	
AT,CA,DE,FI,US																																										6
AT,CA,DE,JP																																						15				
AT,CA,DE,RU																																										
AT,CA,DK																								28																		
AT,CA,FR																																		5		15						
AT,CA,GB																																				16				18		
AT,CA,GB,US																																						2				
AT,CA,IN																													4			8										
AT,CA,IR,PL,US																																			6							
AT,CA,LI																																						1				
AT,CA,NZ																														5	10											
AT,CA,NZ,SG,US																																					3					
AT,CH	33						21	10	72	29	1		7	27	59	77	13	26	20	1	29	15	61	140	68	120	115	137	348	240	175	123	89	161	48	82	124	90	88	231	121	94
AT,CH,CN																																	20									
AT,CH,CN,SI																																									1	
AT,CH,CZ																																			1							
AT,CH,DE														2			21						6		3	4				2		13	2		12					6	19	12
AT,CH,DE,ES,NL,US																																										47
AT,CH,DE,FR																													8							3						
AT,CH,DE,GB															2									8																		
AT,CH,DE,IT																																									137	
AT,CH,DE,JP																					11																					
AT,CH,DE,JP,PL,RU																						1																				
AT,CH,DE,PK																																									21	
AT,CH,DE,US																													8													
AT,CH,EC																															5						2					
AT,CH,ES																													17						14						1	
AT,CH,FR																				18												6	14	31	19		4				2	
AT,CH,FR,IT																									1																	
AT,CH,FR,PL																															1											
AT,CH,GB																																	35	11	98			39				
AT,CH,GB,IT																															3											
AT,CH,GB,NL																																	10									
AT,CH,GB,US																													68													
AT,CH,GR																																						52				
AT,CH,HU															18																											
AT,CH,IE,US																																			1							
AT,CH,IN																														31												
AT,CH,IR																																	3	4	2							
AT,CH,IT																								13			4						4			23						29
AT,CH,LI																													3				8			1						
AT,CH,MY																																							29			
AT,CH,NL																																				7			5			
AT,CH,NZ,RU																																						13				
AT,CH,PA																																										9
AT,CH,PK																																			35	51		39			22	
AT,CH,PL,SI																																									4	
AT,CH,SI																																	48								59	
AT,CH,SK																																						5				
AT,CH,US																						6							12	65						2	13		1			
AT,CH,US,null																												2														
AT,CH,ZA																																					4					
AT,CH,null																													13													
AT,CM																																				7	2					
AT,CN								33	2						6	2			8					4		30	14			1		43	33	54	112	6	74		50	60	29	52
AT,CN,CZ,NL																																			11							
AT,CN,CZ,TH																																							5			
AT,CN,DE																															2							22	157			
AT,CN,DE,HU,US																																	6									
AT,CN,DE,IN																																		2								
AT,CN,DE,IT,PK																																										9
AT,CN,DE,IT,RO																																								3		
AT,CN,EG																							1																			
AT,CN,GB																																						8	8			
AT,CN,HR																																					3					
AT,CN,IN																																			7							
AT,CN,IN,US,ZA																																		4								
AT,CN,IR																																										
AT,CN,NL										1	7																															2
AT,CN,PT																																		22	27							
AT,CN,RU																																									22	
AT,CN,TH																																									5	11
AT,CN,US																																				4	11		4			
AT,CO																																2	1									
AT,CO,US																															1											
AT,CU																4		4																		1						3
AT,CU,DE																																										7
AT,CZ															19	27	37			6			4	47	34	8			7		3				4	4	13	12	94	104	57	127
AT,CZ,DE														2														4										4	23			
AT,CZ,DE,DZ,IT																																					1					
AT,CZ,DE,MD,SK																																	5									
AT,CZ,DE,SK																															14											
AT,CZ,DZ																																				7						
AT,CZ,FI																																	1									
AT,CZ,FR																																									6	
AT,CZ,GB																																			4							
AT,CZ,GB,IL,SK,US																							4																			
AT,CZ,GB,PL																																									3	
AT,CZ,HR																																										44
AT,CZ,HR,US																																				9						
AT,CZ,HU																																							15			
AT,CZ,HU,IT																																					1					
AT,CZ,IT																								3																		
AT,CZ,JP,RU,UA																																		17								
AT,CZ,JP,US																																			2	3						
AT,CZ,LT																																		13				37		42		
AT,CZ,NL		1																																								
AT,CZ,RU																																							6		5	1
AT,CZ,RU,SE																																						4				
AT,CZ,RU,SK																																							21			
AT,CZ,SK																																		3				10	1	2		
AT,CZ,UA																																			7	4						
AT,CZ,US																						2											1		11	9		7	15	4	16	
AT,DE	64	33	58	108	40	143	85	33	80	53	112	20	44	118	206	141	236	241	136	85	86	44	80	136	81	121	231	135	314	161	324	198	539	364	247	475	171	312	329	241	532	491
AT,DE,DK												7	26															1							1							
AT,DE,DK,GB																																									1	
AT,DE,DK,GB,KR,US																																										11
AT,DE,DK,IT																																										7
AT,DE,DK,US																																								9		
AT,DE,EG																																										36
AT,DE,EG,ES																				2																						
AT,DE,EG,ES,FR																									1																	
AT,DE,ES																																	19				37			2		
AT,DE,ES,FR,GB,IT																																										
AT,DE,ES,IT																																8										
AT,DE,ES,IT,US																																										3
AT,DE,ES,NL,SE																																							13			
AT,DE,ET																			7	2																						
AT,DE,FI																												18				39					64			4		8
AT,DE,FI,SK																						3																				
AT,DE,FR						70	37													10								3		30			97	6		6			1		30	
AT,DE,FR,GB																															11								1			
AT,DE,FR,IT																																									56	
AT,DE,FR,SI																				1																						
AT,DE,GB								2													2	1						5		3				24	68		35		3	76	8	
AT,DE,GB,HU,IT																																5										
AT,DE,GB,JP																				6																						
AT,DE,GB,SE																																					1					
AT,DE,GB,US																																				55						
AT,DE,GE																																						2				
AT,DE,GR,IT,PL,SI																																				1						
AT,DE,HK,RU,SG,SK,US																																									4	
AT,DE,HK,US																																										15
AT,DE,HR																																									20	
AT,DE,HR,NL																1																										
AT,DE,HU		8															12																		20							
AT,DE,HU,IT																								15	2																	
AT,DE,HU,MD,RO,SK																																		5								
AT,DE,HU,RO																																					47					
AT,DE,IE,IT																																										15
AT,DE,IE,PK,ZA																																			5							
AT,DE,IL																						1							42													19
AT,DE,IL,IT																																21										
AT,DE,IN							4																	51						7	2				11			10		15		
AT,DE,IN,US																																						4				
AT,DE,IT							9										3				5						2			43	6	20				16	65	148				5
AT,DE,IT,NO																																							8			
AT,DE,IT,PK																																										
AT,DE,IT,US																												6														
AT,DE,JP					2								23														2											3	22			
AT,DE,JP,SK																				8																						
AT,DE,LI																																						2				
AT,DE,MD																									6			8	5													
AT,DE,MN																												2														
AT,DE,MX																													16													
AT,DE,NL																							2				6		1	52			3		4	9	4		1		6	
AT,DE,NL,SK																						1																				
AT,DE,NL,US																																										44
AT,DE,NO																							2																10	22		
AT,DE,OM																																				22			7			
AT,DE,PL															4														12	14										2		
AT,DE,PT																									3												7					
AT,DE,PT,RO,SK,US																																	16									
AT,DE,RO																												2														
AT,DE,RU																							4								6									5	1	1
AT,DE,SE																																							2	55		
AT,DE,SI																					5																					
AT,DE,SK																	1	4	2	16		13			6							14	1		9				1			
AT,DE,TH																																									1	
AT,DE,TR				7		5		9				6																		15												
AT,DE,UA																												53									3		31			
AT,DE,US														1						22				20					1	9	9	2			20	18		38	107	4	1	18
AT,DE,VN																																									5	
AT,DE,ZA																																						10				
AT,DE,null							4																																			
AT,DK								25											2	35	10			1	1	20		16		2			30	19	61		91		18		85	67
AT,DK,ES																																					2					
AT,DK,ES,US																																2										
AT,DK,GB																					8																					
AT,DK,GB,TR																							5																			
AT,DK,IE																																								2		
AT,DK,IS																												3														
AT,DK,NL,SE																																										115
AT,DK,NL,SE,US																																						1				
AT,DK,PH																													5													
AT,DK,US																																	1									
AT,EE																														28												
AT,EG	12	13		12				74	46	1	29	7	15	3	35	73	55		17	16		3	25	6	35	4	2	13	44	2	1	41		15	11	19	3	13	2	20		4
AT,EG,ES																				1		2			1		1			3												
AT,EG,ES,KW																					2	6																				
AT,EG,ES,SE																									2			1														
AT,EG,GB,IT																																						1				
AT,EG,GB,MG,US,ZA																																							14			
AT,EG,GB,NZ																													2													
AT,EG,IQ																																					4					
AT,EG,JP,US																																										
AT,EG,KW																1	2	2	6																							
AT,EG,LY																																									2	
AT,EG,RO																																			4							
AT,EG,RU,SK																																					3					
AT,EG,SA																																		2	1	21				6		2
AT,EG,SA,TR,UZ																																										1
AT,EG,SE																											9									2						
AT,EG,SK																																		3								
AT,EG,US																																								7		10
AT,ES						8							5			3		3	11	33	22	53	117	46	12	32	7	21	37	12	76	156	150	50	90	11	82	4	20	10	6	60
AT,ES,FR																					2	5	3	1	6		21															
AT,ES,FR,IT																																			1							
AT,ES,FR,RO																					1																					
AT,ES,GB																							6		13					32						6		5			1	
AT,ES,GB,IN																						5																				
AT,ES,GB,IT																																	5									
AT,ES,GB,IT,US																															1											
AT,ES,GR																									4						4											
AT,ES,HU,NZ,RS,SG,SK																																							25			
AT,ES,IN																													8		5		5			29						
AT,ES,IN,IT,TW																																1										
AT,ES,IT																							3			10				21	7	9						2		2	19	
AT,ES,JP,US																																4										
AT,ES,KR,US																																					3					
AT,ES,KW																		2																								
AT,ES,MX,US																										5																
AT,ES,NL																16																6										
AT,ES,NO																																				4						
AT,ES,PL																																				15						
AT,ES,PT																						7	9	2												23				38		
AT,ES,RU																																		27								
AT,ES,SA																																		10								
AT,ES,SE																					1								1									1				
AT,ES,US																				6				3		10	6	18	6		14	14	29	7	8	13	8	11	10	8	5	5
AT,ES,ZA																																						3				
AT,ET																				8											8											
AT,ET,GB																									5			2														
AT,FI																						27							6	53	22	13					1			6	26	32
AT,FI,NL,RU																																								7		
AT,FI,PT,RU																						9			5																	
AT,FI,RU																																							74			
AT,FI,SE																																					6		5			
AT,FI,SE,UA																																									1	
AT,FI,SE,US																																									4	
AT,FI,US																																								1		
AT,FJ,HU																																								3	10	
AT,FR	1							6			6		47		56			62	13	19	10		37	1	12	30	29	1	13		1	32	16	10	30	82	8			60	30	185
AT,FR,GB																																	1									
AT,FR,GB,NL																																							1			
AT,FR,HU																																8	6			13						
AT,FR,HU,IN,SG,SK																																						14				
AT,FR,HU,SK																																					13					
AT,FR,ID																								2																		
AT,FR,IL									1									6																								
AT,FR,IN																															3				5	4						
AT,FR,IT																			20						1				64													
AT,FR,IT,JP,NZ																													1													
AT,FR,JP																										32							5									
AT,FR,KR,VN																																										11
AT,FR,MD																																	25									
AT,FR,MD,PL																						4		10																		
AT,FR,MD,PT,SK																																				11						
AT,FR,MD,RU																														2												
AT,FR,NL,SE																															3											
AT,FR,NZ																																						6				
AT,FR,PL																																	6				6					
AT,FR,PT																													6													
AT,FR,RO																					1															1						
AT,FR,RS																																				16						
AT,FR,RS,SK																																			7							
AT,FR,RU																									7														18			
AT,FR,SK																									1				3		3	16						4				
AT,FR,UA																							4																			
AT,FR,US										13																						1										
AT,GB	1		23					3	5			4	18	8	2		2	1				17		5	21	22			78	25	80	37	54	28		18	10	46	40	20	53	18
AT,GB,HU																	5					1																				33
AT,GB,HU,ME,RS																									3																	
AT,GB,IN																																								19		
AT,GB,IN,US																																		2								
AT,GB,IS																																2										
AT,GB,IS,NZ																																			1							
AT,GB,IT																		17								6	3											11		1		8
AT,GB,IT,US																																							114			
AT,GB,JP,RU																																		4								
AT,GB,KW																							1																			
AT,GB,KW,US																									5																	
AT,GB,MG																																					10					
AT,GB,MG,US																																								4		
AT,GB,NL																																							1			19
AT,GB,NL,UA,US																					3																					
AT,GB,PL																																										2
AT,GB,PL,UA																																5										
AT,GB,RU,TW																													8													
AT,GB,SK																	33	61								5																
AT,GB,TH																												19														
AT,GB,UA																											18															
AT,GB,US																															4					22		1	5		7	
AT,GE																									2									8		3	11	2	2	4		
AT,GR																																1	16			2			5			
AT,GR,NL																																						21				
AT,GR,PL																																2										
AT,GR,RO																																			2							
AT,GR,SG																																						2				
AT,GR,SI																																4										
AT,GR,US																																								8		
AT,GT,HU																																									8	
AT,HK,HU,LI,NO,RO,RS,SK																																									23	
AT,HK,SG,SK																																										20
AT,HR															3					2	21	35		2			3	15	4			2	7	11		18			28	7	1	3
AT,HR,HU																																				5						
AT,HR,SI																																		1								
AT,HU			23	21	7				18	18	6	25	33	12	7	18	61	6	14	45	38	7		19	10			11	16	46	5	18	28	13	16	34	15	37	35	51	17	8
AT,HU,IR																																										1
AT,HU,IT,MD,RO,SK																																								8		
AT,HU,IT,US																																		5								
AT,HU,NO,RS,RU,SK																																									24	
AT,HU,NZ																																		3								
AT,HU,RO				15																5		2						1	1													
AT,HU,RS																																				3						1
AT,HU,RS,SG,SK																																								10		
AT,HU,RS,ZA																																					7					
AT,HU,RU,SE,TH																																1										
AT,HU,SE																								2											2							
AT,HU,SE,US																															8											
AT,HU,VN																												40														
AT,HU,null																												1														
AT,ID,TH																																								10	3	
AT,IE																															17					1						
AT,IE,IT,US																																									4	
AT,IE,RO,SE																																	1									
AT,IE,US																																	21	15								
AT,IL					11	4														12	1		7	2	46	3		6											5			
AT,IL,IN																																			2							
AT,IL,PL																																									74	
AT,IL,RU																									1																	
AT,IL,US																4																			17							
AT,IL,ZA																															16											
AT,IN								2					6	44	24							6	13		75	45		57	15	47	24	79	44	5	54	84	41	10	82		5	
AT,IN,IT																																					5	8	42			
AT,IN,NZ																																					4					
AT,IN,PL																																			1							
AT,IN,RU																																					6					
AT,IN,US																		24	16															5					47			
AT,IR																									6	18	27		7	11	30	7	8	30	46		3	4		10	16	24
AT,IR,IT																								2																13		
AT,IR,JP																																								12		
AT,IR,NL																																									18	
AT,IR,PT																											1										3					
AT,IR,SE																																8										
AT,IR,TR																																								16		
AT,IR,US																																										2
AT,IR,ZA																																								1		
AT,IS,RU																														3			2		1							
AT,IT															1	6		3	17	38	47	33	21	13	126	16	66	48	20	8	139	26	1	229	78	72	236	20	134	121	226	83
AT,IT,JP																																	1		4							
AT,IT,LT																																		15								
AT,IT,MD,RO,SG																																							14			
AT,IT,NL																						17											2					25				2
AT,IT,PL																																			8		4					
AT,IT,PL,US																													5													
AT,IT,PT																																				2		17				
AT,IT,PT,RO,RU,SK																																										14
AT,IT,PT,RO,SK																																							6			
AT,IT,RO																																										9
AT,IT,RS																																								11		
AT,IT,SE																				5			5																			
AT,IT,TR																																		7								
AT,IT,US																														31						10						
AT,IT,VN																																									1	
AT,IT,null																												96	11													
AT,JO																											4															
AT,JO,MD																												7														
AT,JP							17	43		4					7				3	3	15				58	108	16	17	8	3		64			15		19		85	98		1
AT,JP,MN																																					14					
AT,JP,PT																																					3					
AT,JP,RU																																		7								
AT,JP,RU,UA																																23					7					
AT,JP,TH																																						2				
AT,JP,UA																																	24	9								
AT,JP,US																													7	7	2	12	5	5	4		4					
AT,KR																					5											19					5	6	54			
AT,KR,RU														11																												
AT,KR,US														1																												
AT,KR,VN																													3													
AT,KW															4	7	15	8	14	11																						
AT,LB,SA,US																																				11						
AT,LI																							1														4	3		10	10	
AT,LT	1																												24	5	88	36	25					58	17			
AT,LT,SE																																	12									
AT,LV																		5																								
AT,LY																																	5									
AT,MA														1																					1							
AT,MD																												26														
AT,MD,PT,RO																																	3									
AT,MD,UA																											1					9										
AT,ME,RS																							1			1	3									12	4		3			
AT,MN																					3		5								7					1						
AT,MX																																	13						15			2
AT,NG,PL																						2																				
AT,NL									3	11	4					10		1	11	45	36	3	43			7	63	21		5	33	78	96	1			48	28	69	17	47	20
AT,NL,US																																					2			17		
AT,NL,ZA																																							2	9	6	
AT,NO																			2										3													
AT,NO,NZ,RO,RS																																					17					
AT,NO,PT																																							13			
AT,NO,SI																																										3
AT,NO,US																				3																				6		
AT,NP															4																											
AT,NZ																					19	3								19		3	3		20	8	7					
AT,NZ,PK																																		8								
AT,NZ,PL																																			9							
AT,NZ,US																																1										
AT,None			7																																							
AT,OM																																				15						
AT,PK																					3											6	8							2		
AT,PK,SA																																			1							
AT,PL													24			14				3			27	4			6	10	2	20	1	8	11	8			30	11	15	19		30
AT,PL,RO,UA																																									17	
AT,PL,RU																																					4					
AT,PL,SE																					9																5					
AT,PL,SG																																								1		
AT,PL,SI																						1																3				
AT,PL,SK																								10																		
AT,PL,TR																																										
AT,PL,TW																																								5		
AT,PL,UA																											1															
AT,PL,US																																								1		
AT,PL,VN																																						2				
AT,PT																							20		4	13	4		34	37		23	7	41	83	97	78	62	23	16	49	3
AT,PT,RO																																		12								
AT,PT,RO,SK,US																																	7									
AT,PT,RU																												7														
AT,PT,RU,SK																																								9		
AT,PT,US																																			51							
AT,RO														1				5		3				5		8			15				2		6							
AT,RO,SE																							1																			
AT,RO,SK,US																																			6							
AT,RS																						5		3	10				11	47		9	8	9		3				4	33	38
AT,RS,SE,SK																																	6									
AT,RS,SE,US																																		13								
AT,RS,SK																																		18								
AT,RS,TW,US																																						58				
AT,RS,US																																				2						
AT,RU		3				1	4	3								11	6	8	45	25	8		5		112	20	20	73			12	15		9	17	16	14	7	7	2		6
AT,RU,SE																																										
AT,RU,SK,UA																																	6									
AT,RU,UA																															3				11			5	6	9	3	
AT,RU,US																							13											6								
AT,SA																																					3			1		
AT,SD																						2																				
AT,SE						3										1						5								1			11	33	5			4	61	2	1	
AT,SG																																2										10
AT,SG,SK																																							8			
AT,SG,UA																																						7				
AT,SI				9								20							3	7	11	9	1				1				9	1	2	2	24			11			18	1
AT,SI,UA																																			11							
AT,SK									43				16	34	41		1	4		49	1		7	12	17	1	25	44	6	1	46	7		10	8	4						42
AT,SK,TW																																					33					
AT,SY,UY																																						1				
AT,TH															7		12						10	7	5			10	11	2	3	7	5	22	7			41	43		13	13
AT,TR								42	15	13	6						16										4			1	3		6									
AT,TR,UZ																																							2			
AT,UA																12	1			3			3			1	80								1					26	22	
AT,UA,US																																		1								
AT,US		19		1		5		3				5		23		43	57	88	16	55	25	22	11	25	20	22	24	37	21	25	93	39	37	38	46	99	71	231	176	103	25	123
AT,US,ZA																															1											
AT,UZ																																						7				
AT,VN																												90						3				5	19			
AT,XK																																	17									
AT,ZA																							9					5							10					3	1	
AT,ZW																						6																				
AT,null																									10				4	4												
AU	1104	772	630	748	966	798	795	956	942	881	808	1026	1089	1073	1049	2039	2847	2529	1669	2632	2854	2401	2626	2740	3258	3552	2921	3326	3979	4440	4090	3784	4335	4763	4544	4336	4067	4043	4748	3769	3766	3225
AU,BD																					4				1	2												1		4	2	3
AU,BD,BN																							5		3																	
AU,BD,FR,JO,MA,SA																																										5
AU,BD,IN,IR,MY,PT,TH																																										1
AU,BD,JP																										4																
AU,BD,KR,MY,SA																																										8
AU,BE										4			2	21	2	7	21	14	10	36	23	11	8	10	3	11		7	36	100	7	8	2		8	8	1	40	6	81	2	25
AU,BE,CH,ES,GB,IN,US																																										25
AU,BE,CN													2																									11			1	
AU,BE,CN,LK																																								7		
AU,BE,CZ																																	35		99		95	19			5	
AU,BE,DE																															3					1				17		
AU,BE,DE,FI,KE,SE																																								8		
AU,BE,DE,NZ,US																																									15	10
AU,BE,FI,NZ																																										
AU,BE,FR												5																														
AU,BE,FR,NL																																					4					
AU,BE,GB																																	1	9								
AU,BE,GB,IT																																							3			
AU,BE,GB,KR,NL																															3											
AU,BE,GB,US																														41												
AU,BE,GR																																									12	
AU,BE,IR																																						4	4		1	
AU,BE,IT																													23													
AU,BE,IT,JP,US																														20												
AU,BE,IT,NL,US																															6											
AU,BE,IT,US																																									13	
AU,BE,JP																							16																			
AU,BE,JP,NL																				4																						
AU,BE,NL																7	16																					3				
AU,BE,NO,SG																		4																								
AU,BE,NO,US																																										
AU,BE,PL																																						25				
AU,BE,RU															1																											
AU,BE,SI,US																																		6								
AU,BE,US																														1										23		
AU,BG,HR																																						10				
AU,BN																							2	9	5	7		4	12	3	22	29		2								
AU,BN,CN,DE																																					10					
AU,BN,DE																																	4									
AU,BN,US																									5			2		2	4	8	5	7		6						
AU,BR																					19								3	17		4	3	46	8		7	92	7	13	2	
AU,BR,CA																7																							1			
AU,BR,CH																																					58					
AU,BR,CH,ES,GB,US																																									6	
AU,BR,CH,ES,IN,UG,US																																									371	
AU,BR,CN																																			8							
AU,BR,CY,FI,US																																						21				
AU,BR,DE,GB,JP																																							4			
AU,BR,DE,IN,PL,US																																								4		
AU,BR,DE,US																													6													
AU,BR,DK,US																																						16				
AU,BR,ES,IE																																						2				
AU,BR,ES,US																																							56			
AU,BR,GB																																				6						
AU,BR,IN																																					3				2	1
AU,BR,IT																																					3					
AU,BR,MX																																							5			
AU,BR,US																																					3				71	2
AU,BS,DE,GB																																									1	
AU,BY																																	12	15								
AU,BY,CA,RU,US																																							15			
AU,CA	1	10					28	4		23	13	1	8	40	13	26	12	36	5		11	14	4		8		26	24	47	120	22	66	77	113	41	70	95	64	149	2	113	23
AU,CA,CH																4																										
AU,CA,CH,CN																																9										
AU,CA,CH,DE																																			18							
AU,CA,CN																														1			2									
AU,CA,CN,TH																																								6		
AU,CA,CN,US																																									5	
AU,CA,CZ																																							21			
AU,CA,DE																																3										
AU,CA,DE,JO																																										
AU,CA,EG																																			24					3		
AU,CA,ES																													74	34					17							
AU,CA,ES,GB,US																																				127						
AU,CA,FI																																7								4		
AU,CA,FI,SE,TZ																																					14		1			
AU,CA,FR														22																												
AU,CA,GB							10																				58						2				15	3		6		
AU,CA,GB,IQ						18																																				
AU,CA,GB,IR																																										8
AU,CA,GB,JP											22																															
AU,CA,GB,NZ,US																																									99	
AU,CA,GB,US																																8					25					
AU,CA,GR,PL																																										
AU,CA,IL,SE																																										
AU,CA,IN																											6														8	
AU,CA,IN,IT,US																					24																					
AU,CA,IN,RS																																								4		
AU,CA,IT																															8			2	20			10				
AU,CA,JP								1				6									3																					
AU,CA,MY,PK,YE																																								1		
AU,CA,NL																								9																		
AU,CA,NZ																				15																						
AU,CA,NZ,US																																										22
AU,CA,PK																																			6							
AU,CA,SE																							10																			
AU,CA,SE,TZ																																								6		
AU,CA,SG																																				1				5		
AU,CA,TH																																					26	16	59	4		
AU,CA,US														7	24							27										1	32			8	23	36		7		4
AU,CH	1				2		2	10		7	18	15		3		8			4		67	13	37		2		24	27	26	16	38	130	278	16	146	53		3	35	91	143	6
AU,CH,CN																																				5			14			
AU,CH,CN,DE,FR																																					16					
AU,CH,CN,DE,SE																																1										
AU,CH,CN,ES,JP,NL																																									160	
AU,CH,CN,HK																																										1
AU,CH,CN,IN																																						140	113			
AU,CH,CN,IN,TW																																									2	
AU,CH,CN,JP																														28												
AU,CH,CN,LU																																		8								
AU,CH,CN,US																																	1									
AU,CH,DE																							19		14							11	6	33			32					
AU,CH,DE,ES,TH,US																																			49							
AU,CH,DE,FR,GB,IL																																	27									
AU,CH,DE,GB,IN,TH,US																																					293					
AU,CH,DE,GB,US																																					33					
AU,CH,DE,HU													1																													
AU,CH,DE,IT																																				12						
AU,CH,DE,SA																									2																	
AU,CH,DE,SG																																		16								
AU,CH,DE,TR,US																																			39							
AU,CH,DE,UA																																	3									
AU,CH,DE,US																																						7				
AU,CH,DK																																		2								
AU,CH,EE,ES																							2																			
AU,CH,ES,GB																																						19				
AU,CH,ES,GB,ID,NL,US																																			4		1					
AU,CH,ES,GB,US																																		160		108			46		88	
AU,CH,ES,IN,US																																				60				144		
AU,CH,ES,IN,US,ZA																																				82						
AU,CH,ES,US																															120										100	
AU,CH,FR																																								4		
AU,CH,FR,NZ																																						1				
AU,CH,FR,US																															14											
AU,CH,GB																													16		67	2	214				1		4			
AU,CH,GB,GR,IT,US																																								4		
AU,CH,GB,IN,US																																										
AU,CH,GB,MY,NZ																																								7		
AU,CH,GB,NZ																																								26		
AU,CH,GB,TH																																1										
AU,CH,GB,US																																				58						
AU,CH,GB,ZA																																23					24					
AU,CH,HU													30																													
AU,CH,IL,US																																									7	
AU,CH,IN																										1									3							
AU,CH,IN,MX,US																																					9					
AU,CH,IN,ZA																																51	51	59								
AU,CH,IT																													5			69									57	
AU,CH,JP														3																												
AU,CH,JP,ZA																																		19								
AU,CH,KR,PT																																			2							
AU,CH,NZ																	5																									2
AU,CH,PL																																		1								
AU,CH,SE																												30						85								
AU,CH,TH																												3														
AU,CH,US																						44	1			93	33	15	7	110	47		27	134	1	66	62	55		59		
AU,CH,VE																																13										
AU,CH,ZA																															65			69								
AU,CH,null																			5																							
AU,CL,DE																																										
AU,CL,IN																																										3
AU,CL,IN,IR,TW																																										
AU,CL,IN,US																																										
AU,CL,NZ,US																																									2	
AU,CN		1	1	1	9	5	11		1	1	5		8			12	2	15	61	49	7	12	59	42	22	62	10	32	63	266	97	198	248	149	268	465	596	743	502	469	665	522
AU,CN,CZ																																						5				
AU,CN,CZ,SG																																				22						
AU,CN,DE																					15				2									1					7			50
AU,CN,DE,GB,SI																																										1
AU,CN,DE,HU																																					11					
AU,CN,DE,IT																																								14		
AU,CN,DE,SA																																										8
AU,CN,DE,TH																																										
AU,CN,DE,US																																						3				
AU,CN,DK,FR																																						1				
AU,CN,EG,SA																																			9							
AU,CN,ES																						2					3												10	2		
AU,CN,ES,IT																																								23		
AU,CN,ES,JP																								2																		
AU,CN,ES,US																																										
AU,CN,ET																																								69		
AU,CN,FR																													6									70	30	23		
AU,CN,FR,IN,RE																																								65		
AU,CN,FR,IR																																										
AU,CN,FR,US																																						2			9	
AU,CN,GB						1																										13		1	17	9	29	42	18	7		6
AU,CN,GB,IN,US																																		2								
AU,CN,GB,IT																																										5
AU,CN,GB,TW																																				13						
AU,CN,GB,US																																						23				
AU,CN,HK																					1	2								4			2						84		8	
AU,CN,HK,IT																																						20				
AU,CN,HK,MO																																										
AU,CN,HK,MY																				1																						
AU,CN,HK,TW																																							14			
AU,CN,HK,US																					5																20					
AU,CN,HR,MY																									1																	
AU,CN,HU																																						24				
AU,CN,ID,US																																							40			
AU,CN,IE																											33															
AU,CN,IL																																						1				
AU,CN,IN																																				1	14	2				
AU,CN,IR																																								131		
AU,CN,IR,MY																																1										
AU,CN,JP																								4						9		1	1			1		2	14	1		
AU,CN,JP,SA																																									1	
AU,CN,JP,SA,TR																																				5						
AU,CN,KR																																						1		2		
AU,CN,KR,SA																																						6				6
AU,CN,MO																																							4			
AU,CN,MO,SG																																			55							
AU,CN,MY																										9														1		
AU,CN,MY,PL																					1																					
AU,CN,MY,US																					2																					
AU,CN,NL																																									11	
AU,CN,NL,US																																						1				
AU,CN,NZ																																							3			
AU,CN,NZ,US																																		8				62	80			
AU,CN,PT																																							1			
AU,CN,RS,SA																																										20
AU,CN,RU																																2										
AU,CN,SA																																			2				2		44	
AU,CN,SA,US																																				1						
AU,CN,SE																																					5		15	9		
AU,CN,SG																				2										1						109	10			114	34	1
AU,CN,SG,US																																					2					
AU,CN,TH																										4																
AU,CN,TH,US																																							29			
AU,CN,TW																					2																		3			
AU,CN,TW,US																																							2			
AU,CN,US			2															1				3		5				9	1		1		29		23		48	81	193	281	92	193
AU,CN,null																													6													
AU,CO,US																				2																						
AU,CU,US																																								85		
AU,CZ							7												2		5			1					87	14		190	34	9	79		136	26	28		35	97
AU,CZ,DE,NO																																										5
AU,CZ,ES																							7																			
AU,CZ,GB	6																																					4			7	
AU,CZ,IE,SK																														12												
AU,CZ,IL																																							11			
AU,CZ,IR																																					5					
AU,CZ,IR,KR,LB																																					2					
AU,CZ,IT,NL,PT,US																								13																		
AU,CZ,PL																											18			10				36								
AU,CZ,PL,SK																											4															
AU,CZ,UA																																									2	
AU,CZ,US																																									4	
AU,DE		10		25	10	9	1	16	4		8	5	19	13	18	79	67	64	38	39	95	12	71	126	41	46	88	151	54	170	158	388	278	286	280	152	288	398	378	437	303	214
AU,DE,DK																															23		20						4		2	
AU,DE,DK,FR																																						4				
AU,DE,EG,GB																																		2								
AU,DE,EG,GB,GR,US																																										8
AU,DE,EG,LB																																							23			
AU,DE,ES																			13						3						4				5				3			
AU,DE,ES,GB																																									16	
AU,DE,ES,IR,IT,RU																																								3		
AU,DE,ES,RU																																								6		
AU,DE,FI																																										8
AU,DE,FI,KE																																			5							
AU,DE,FJ,FR,NC,PF																																11										
AU,DE,FR																							8	1		2					29				12		143	13		2		2
AU,DE,FR,PL																																								4		
AU,DE,FR,SK,US																																									4	
AU,DE,FR,US																									7			8														
AU,DE,GB														6	6							33	6			61		3	19		4			21	30	2	9	47	31	3		4
AU,DE,GB,IE																																			7							
AU,DE,GB,IN					6																																	7			10	
AU,DE,GB,IT,US																																				7						
AU,DE,GB,JP,NZ																														1												
AU,DE,GB,NZ																																				6						
AU,DE,GB,NZ,US																												7														
AU,DE,GB,US																										18						10							44		1	
AU,DE,GH,JP																										1																
AU,DE,GR																						4													5		1					
AU,DE,HK,JP																																15										
AU,DE,HR																																	4								4	
AU,DE,HR,PL,US																																1										
AU,DE,ID																								4																		
AU,DE,IE																																30								16		
AU,DE,IL																							18														22				13	
AU,DE,IN																																	16	11	3							
AU,DE,IN,IT																																					9					
AU,DE,IN,IT,NL,US																																1										
AU,DE,IN,MX																																					10				13	
AU,DE,IN,NZ																																4										
AU,DE,IN,US																										19																
AU,DE,IR																																		14					5		98	
AU,DE,IR,PL																																									4	
AU,DE,IT																		5													5											
AU,DE,IT,JP																		31																								
AU,DE,JO																																								7		1
AU,DE,JO,US																																										5
AU,DE,JP															9				31				10							8		3							6	2		
AU,DE,JP,NL																																						2				
AU,DE,JP,PL																																					9					
AU,DE,KE																										3																
AU,DE,KE,SE																																					4					
AU,DE,KR																								12																		
AU,DE,LI																																									1	
AU,DE,MX																																		14								
AU,DE,NL		3																		1										15												
AU,DE,NO																																	19									
AU,DE,NZ																								1		21		16				16							32	14	18	
AU,DE,OM																																				3						
AU,DE,PH,US																									3																	
AU,DE,PK,SA																																			20							
AU,DE,PL																												3				10					5					
AU,DE,PL,US																																						1				
AU,DE,RO																																3										
AU,DE,RU																						39													7	7						
AU,DE,SE																												9				1										
AU,DE,SE,US																																						36				
AU,DE,SG																								35													9				16	
AU,DE,SI																									1																	
AU,DE,TH																																									3	
AU,DE,TW,US											3																															
AU,DE,UA																									9																	
AU,DE,US							19	41																		2	74	13		10			19	32			125	39	100	9	32	9
AU,DE,ZA																																		9						11		
AU,DK	5							13						1						24	1	33	8	9				2		15	10	14	96	93	12	3	20	47		32	17	30
AU,DK,EG															3																											
AU,DK,ES																																			48							
AU,DK,ES,GB																																			3							
AU,DK,GB																						19			20											4						1
AU,DK,GB,IN,SE																																				6						
AU,DK,GB,IT,US																													5													
AU,DK,GB,JP,PL																																								13		
AU,DK,GB,NL											5																															
AU,DK,GB,NL,SE																																				14						
AU,DK,GB,NZ																						5																				
AU,DK,GB,SE																																	1									
AU,DK,GB,UA																									5																	
AU,DK,GB,US																										4								2								
AU,DK,GR																																						5				
AU,DK,IT,SE																																	1									
AU,DK,NL																																			81							
AU,DK,NZ																																							1			
AU,DK,RU															3																											
AU,DK,SE																																						39	15			
AU,DK,SE,US																																							3			
AU,DK,SI																											1															
AU,DK,US																					5										1			1					3			
AU,DK,US,null																												7	1													
AU,DZ,ES																																				28						
AU,DZ,FR																																						3				
AU,DZ,FR,PL																																									6	
AU,DZ,GB,NL																																			1							
AU,EE,ES,HR,NZ																																				4						
AU,EE,SE,US																																1										
AU,EG	1																														18	29	8	46				1	16			
AU,EG,ES,GB,NZ,PK,SA,TR																																										
AU,EG,GB,IE																															1											
AU,EG,IT																																								21		
AU,EG,JP,NZ																																								13		
AU,EG,KW																																							17			
AU,EG,PK,RU,SA																																									2	
AU,EG,PK,SA																																										12
AU,EG,SA																																	1								1	1
AU,EG,SK																															1											
AU,ES														2				9			10	8	16	12	16				55	4	27	14	14	5	7	8	40	75	102	24	53	24
AU,ES,FR																		5								1																3
AU,ES,FR,US																																									13	
AU,ES,GB																																	15	8	10		12			3		57
AU,ES,GB,IN,IT																																		1								
AU,ES,GB,IT,NZ																																								4		
AU,ES,GB,PT																																						8				
AU,ES,GB,SG,US																																							2			
AU,ES,IE,PT																									8																	
AU,ES,IN																										2	3													1		
AU,ES,IN,IR,IT,RU																																										
AU,ES,IN,IR,PL,RU																																									3	
AU,ES,IN,SK																																				1						
AU,ES,IR																																										
AU,ES,IR,IT,PL,US																																				7						
AU,ES,IR,IT,RU,US																																									1	
AU,ES,IR,PL,PT																																					5					
AU,ES,IT																				1	4			2																		
AU,ES,IT,SI,TW																																1										
AU,ES,NZ																																				3						
AU,ES,PL																																						3				
AU,ES,PL,RU																																			15							
AU,ES,PL,UA																													1													
AU,ES,PT																																									1	
AU,ES,RU																																							10			
AU,ES,SE																																					1					
AU,ES,SE,UY																												5														
AU,ES,SG																																								11		
AU,ES,SG,TH																																			1							
AU,ES,US													1																							3				4	12	
AU,ES,UY																							17				13															
AU,FI																																			24							15
AU,FI,FR																															14	43										
AU,FI,GB																																										
AU,FI,GB,NL																									2																	
AU,FI,GB,SE																																					10					
AU,FI,GB,SE,US																																									5	
AU,FI,GR																																									17	
AU,FI,JO																																										5
AU,FI,JP,US																										5																
AU,FI,NO																							5																			
AU,FI,SE,TZ																																								5		
AU,FI,US																																		11								
AU,FJ														3											1				2													
AU,FR	1	5	27	1		1	2	2	7		5	6	1		2	6	9	1	6	25	26	21	47	54	19	86	23	20	127	150	120	117	71	89	84	151	40	43	310	102	55	29
AU,FR,GB										3		5	3			2					1							7		5	26	48	21		5	1		13		12	8	
AU,FR,GB,IE																																									25	
AU,FR,GB,IN																																				6						
AU,FR,GB,JP																																									7	
AU,FR,GB,KR																																22										
AU,FR,GB,MY,US																																			3							
AU,FR,GB,NL																																										3
AU,FR,GB,PL																																					84					
AU,FR,GB,US																																								60		
AU,FR,GB,ZA																																										
AU,FR,GB,null																												37														
AU,FR,ID,IT,KR																													4													
AU,FR,IE																															1											
AU,FR,IL											2																															
AU,FR,IN																									3		4						10									
AU,FR,IN,NZ																																					9					
AU,FR,IR																																								1		
AU,FR,IT																														4	32											
AU,FR,IT,JP																																								4		
AU,FR,IT,NL,SK																																						3				
AU,FR,IT,SE																																							51			
AU,FR,JP																									1						36				10			4				7
AU,FR,JP,KR																																8	9									
AU,FR,JP,MX																																							2			
AU,FR,KR																						2	1	13	12	17				8												
AU,FR,ML																									2																	
AU,FR,MY																																		5								
AU,FR,NC																												2														
AU,FR,NL					4																												1			6						
AU,FR,NP																																					1					
AU,FR,NZ																		1																		18			5			
AU,FR,PL																																3			17							
AU,FR,PT																																			1							
AU,FR,SN																																					14					
AU,FR,TN																		13					1	4																		
AU,FR,TW																																15										
AU,FR,US																			11						17	57		2	6		15	85					32	9	4			
AU,FR,null																												3	5													
AU,GB	35	53	58	73	14	2	48	78	12	33	33	45	14	41	54	150	45	66	39	131	320	144	226	97	134	193	167	272	192	449	353	254	236	133	346	279	207	301	397	490	432	244
AU,GB,GR																																					18			3		
AU,GB,HU																																		42								
AU,GB,IE				10																			5						3		1		1				10	6			2	
AU,GB,IE,NZ																															2											
AU,GB,IL																														17												
AU,GB,IL,US																					2																					
AU,GB,IN																																	33	199			28	9	9		6	
AU,GB,IN,SA																																										
AU,GB,IN,SE																																										4
AU,GB,IN,US																												7														
AU,GB,IQ																																				8						
AU,GB,IR																																							1			
AU,GB,IR,NZ,SG																																								30		
AU,GB,IT																	8										4				4		5				21			35		
AU,GB,IT,NZ																															6	11	12	12								
AU,GB,IT,US																															15	22										
AU,GB,JP										22																					10			6			21					7
AU,GB,JP,PT																																				5						
AU,GB,JP,SI																																								8		
AU,GB,KR																															6											
AU,GB,KR,US																															3											
AU,GB,LU																																7										
AU,GB,MY																				1													3									5
AU,GB,NL																																6				4		22				
AU,GB,NZ																										6	17			16		25	39	8	14		7		8		54	9
AU,GB,NZ,TH																													7					4		6						
AU,GB,NZ,US																																							6			
AU,GB,PH													1																													
AU,GB,PL																																						5		5		
AU,GB,PT																												2											8	32		
AU,GB,SA																																						6				
AU,GB,SA,SE,US																																									11	
AU,GB,SE																										3		18					2	89								
AU,GB,SG																																				118	79					
AU,GB,TH																									2					1			29	5			2				6	
AU,GB,TW																																			5							
AU,GB,UA																						3			14																	
AU,GB,US		2					1								17	17		46	2	6		6	30	42	35		25	5		5	2	11	9	26	8		73	50	4	87	128	48
AU,GB,ZA																											5		17	4	8											
AU,GB,null																													2		49											
AU,GR																											2			8							14	4	6			
AU,GR,IR																																									1	
AU,GR,IR,JP																																										2
AU,GR,JP																					3																					
AU,GR,NZ																											4															
AU,GR,PL,RU,US																																9										
AU,GR,PR																			5																							
AU,GR,RU,UA,US																																		45								
AU,GR,SG																																									43	
AU,GR,SI,US																										8																
AU,GR,SK,TR																												13														
AU,GR,US																																					16					
AU,GU,NL,US																																9										
AU,HK																				19																			44	4		126
AU,HK,NZ																						14																				
AU,HK,TW																																							20	18		23
AU,HR																										3						46	30	17	36							
AU,HR,JP																															27											
AU,HR,NZ																													13													
AU,HU									3							33	2	3	1		1							3	1				8		9		10					48
AU,HU,IN,US																														3												
AU,HU,IR,IT																																						50				
AU,HU,IT																																			4							
AU,HU,SK																																			5							
AU,HU,US																																					30					
AU,HU,US,null																													13													
AU,ID													3									5	2	4					2	2		26		6			9	8	39	5		14
AU,ID,IQ,MY																																										
AU,ID,IT																									16																	
AU,ID,JP																	26					1																				
AU,ID,MY																										4																
AU,ID,NZ	1																								58						3											
AU,ID,TH																																			4							
AU,IE		21	10				11			35				18			6			3		15	24	5	3	15	9		52	67	7	18	12	7	14			32	7		8	
AU,IE,IR																																	6									
AU,IE,NZ																																	2							3		
AU,IE,PK																																					116					
AU,IE,US																																									2	
AU,IL							5										2	3							6	1		1		9	10	3		15			3	3		32	5	
AU,IL,IN																																							12			
AU,IL,IT																																					8					
AU,IL,JP,US																																										2
AU,IL,LV																																									1	
AU,IL,PS																																	22									
AU,IL,US																			3																							
AU,IL,ZA																																3										
AU,IN		2		3	36				2	21	51	10		14			15	7	22	4	42	1				1	16	18	39	155	44	42	50	199	269	191	161	132	182	194	148	73
AU,IN,IT																																		9							2	
AU,IN,IT,NL,US																														2												
AU,IN,IT,TR																																		2								
AU,IN,JP																					13									1			2	1	4	1	3			1		
AU,IN,JP,SA																																			2							
AU,IN,KR																													4										2			
AU,IN,KR,US																																										146
AU,IN,MA,SA																																	36									
AU,IN,MX																																	9				8	8	5			
AU,IN,MY																																						2			9	
AU,IN,MY,RU,SA,UZ,ZA																																										3
AU,IN,NZ	5																																									
AU,IN,PS																																						1				
AU,IN,PT																																					19	25			4	
AU,IN,SA																																	5								3	6
AU,IN,SG																																		1	2	2				2		
AU,IN,US																								5	6	28				30	12	15	45		9		15	1	4	5		
AU,IN,VN																																						8		3		
AU,IQ																																									12	
AU,IQ,SA,TR																																								3		
AU,IQ,TN,TR																																										
AU,IR															17								4		9	23		7	54	40	66	47	74	60	16	55	150	36	89	48	67	46
AU,IR,IT																																	4	6	8						7	
AU,IR,IT,LB																															1											
AU,IR,IT,US																																					7					
AU,IR,KZ																																										
AU,IR,LK,MX			27																																							
AU,IR,MY,PT																																									40	
AU,IR,NZ																																										
AU,IR,PK,SA																																								15		
AU,IR,PL																																							7			
AU,IR,PL,RU																																							3			
AU,IR,PL,RU,TR																																									2	
AU,IR,PL,RU,US																																										3
AU,IR,SA																																										1
AU,IR,TH																																						2	2	5		
AU,IR,TR,US																																								22		
AU,IR,US																																					22		3			
AU,IR,VN																																										1
AU,IS																																								15		
AU,IS,PT																																						2				
AU,IT		5						8	8			6	33	10			3	21	57	31	39	59	37	49	139	107	149	41	36	21	71	112	82	99	126	144	145	106	91	74	40	88
AU,IT,JP																														1							3					
AU,IT,KR																										1																
AU,IT,NL																																				11						
AU,IT,NL,UA																					2																					
AU,IT,NZ																											7	6		14	16								4			
AU,IT,PL																																	13	37								
AU,IT,PT																																		15								
AU,IT,PT,US																																										28
AU,IT,PW,US																														8												
AU,IT,RO																											7															
AU,IT,RU																										1				1										32		
AU,IT,SA,SK,TN																																									1	
AU,IT,SE																																						37				
AU,IT,TR																															1										17	
AU,IT,TW																																		1								
AU,IT,UA																						3												3								
AU,IT,US																																4		27	60							
AU,JO																		3																	10							2
AU,JP			15	2	18		47	4	11	10	5		11	5	2	3	1	43	69	7	9	25	76	27	43	61	39	67	46	57	73	123	97	204	30	46	56	152	81	165	82	25
AU,JP,KR																																			2			25			4	
AU,JP,MY																												6														
AU,JP,NL																																								69		
AU,JP,NL,PT																																									172	
AU,JP,NZ																																						54				
AU,JP,NZ,null																													12													
AU,JP,OM																																									4	
AU,JP,PH																	2																									
AU,JP,SA,TW																																						1				
AU,JP,SE																																					4					
AU,JP,SE,US																																									1	
AU,JP,SG																																				18						
AU,JP,TH																										5		3														
AU,JP,US									2						2	23			1			7						14	7		20	8		13	3			27	21			
AU,JP,VN																																									3	
AU,JP,null																															6											
AU,KE																					3																					
AU,KR																			18	7	97	2	3	9	12	2		15	25	2	33	18	22	1	20	15	6	23	4	3		4
AU,KR,NZ																																								2		
AU,KR,US																														1				3								
AU,LB																																14										3
AU,LK	3														1			2	1	7														2								15
AU,LV																																										75
AU,MX																				3		7																	4			
AU,MY			4	1	2				7	5	18	6			5	4	1			9			4				5	3		41	9	28	5	45	49	31	16	2	37	46	2	
AU,MY,PL,SK																																										
AU,MY,PT,TH																																										
AU,MY,SG											3																			5												
AU,MY,US										2																																
AU,NG					5																										3											
AU,NG,ZA																																									2	
AU,NL				2				1	2		6			2		2	19	6				2		5		15	2	11			1			12	9		22		11	22		
AU,NL,PL,UA																						5																				
AU,NL,UA																					2																					
AU,NL,US																													3									4		42	3	11
AU,NO												2																													51	
AU,NO,NZ,ZA																																							6			
AU,NO,SE																																						29				
AU,NO,US																																			6							5
AU,NP																	1																									
AU,NZ	2	6	10	5	3		7	24	5	9	15	8		3	38	12	21	86	75	100	55	142	56	87	277	101	93	179	76	147	162	300	334	138	171	119	319	174	120	67	160	254
AU,NZ,PG																											2															
AU,NZ,PK																																							3			
AU,NZ,PL																											3															
AU,NZ,TH																												6	5	16			8		8		6	8	2	6		
AU,NZ,TH,null																													18													
AU,NZ,US			6	4	20											2					5							55				34	17		2	9	6		12	12		48
AU,NZ,ZA																																								66		
AU,OM																		21	26				11																			
AU,OM,PK,SA																																									3	
AU,PH																	5			25	3		2								11				3					12		
AU,PH,US																												4						1								
AU,PK																																28	60	26		3		4	79	19		1
AU,PK,SA																																							15	8	21	3
AU,PK,SG																																							2			
AU,PK,TH																																							1			
AU,PK,US																																				2						
AU,PL	3	1									1							1				10					3		11		7	10	4		2	21	16	2	7	8	8	2
AU,PL,RU,UA,US																													1													
AU,PL,SE																																									63	
AU,PL,UA																									3				2	3								5			24	
AU,PL,UA,US																									1		3				1											
AU,PL,US																			35																					28		18
AU,PT																																		22			54		6			59
AU,PT,UA																																					1	2		4		
AU,QA																																				1						
AU,QA,US																																									1	
AU,RO															11																											
AU,RS																														5		15										
AU,RS,US	8																																									
AU,RU												6			9		21			13	2	10	7									61	21	119		41	18		27	23	74	43
AU,RU,SG																																12										
AU,RU,US																																				7				26		
AU,RU,US,UZ															5																											
AU,SA																						16											8			24	11			11	78	38
AU,SA,SK,TN																																										1
AU,SA,TN																																										1
AU,SE					2	2			9								17	11		4	9				16	1		61			8	5		7	4	13	75	43	126	23	66	32
AU,SE,SG																																									6	
AU,SE,SI																																										9
AU,SE,US																								2										9								13
AU,SG															1	1			4	17		6	33	59	105	14			68	12	4	35	21	7	99	70	2	141	104	22	24	
AU,SG,US																											2															
AU,SG,null																												2	1													
AU,SI																															23											
AU,SK																													7										34	59	1	17
AU,SK,TN																																									1	
AU,SK,UA																																							3			
AU,SK,UA,US																																					1					
AU,TH									21				12	58	10	6	1	5	11	9	4	26	31	2	62	16	4	45	26	51	13	45	83	3	38	59	36		88	20	180	79
AU,TH,US																													6													
AU,TH,null																													14													
AU,TR																														2		2		12	4	20	11		21			
AU,TW																																	159		4		5		3	7		1
AU,UA																						2	6	1	3	1			1			15	1			7		2		20		
AU,US	87	39	16	15	24	36	6	38	28	6	11	9	11	22	9	94	49	63	43	77	60	125	49	82	11	140	224	383	307	493	416	371	511	558	320	267	385	470	379	857	326	632
AU,US,ZA													5			19															8											
AU,VN																			1					3														15	9		2	4
AU,ZA							28		2	25				4		13	1	18	8	4	17	35	31	59	35	19	32			6	49	13	29		35				13	17	77	14
AU,null													2												4			3	33	2							12					
AZ	38	5	27	41	9	14	19	12	17	80	29	4	2			16	5	7		6	88	133	141	73	166	71	218	202	402	192	72	139	113	68	67	34	157	178	71	139	65	61
AZ,BY																														6	11	37	24		35			20		2		
AZ,BY,UZ																															36	3										
AZ,CH,RU																																							13			
AZ,CL																																							3	6		
AZ,CL,RU																																							3		5	
AZ,CM,PK																																	5									
AZ,CM,PK,SD,US																														8	3											
AZ,CN,GE,US																																							4		11	
AZ,CN,TW																																		5			8	10		2		
AZ,DE															1																						8					
AZ,DE,RU,UA																																				18						
AZ,DE,US																																							4			
AZ,EG,NZ																																			9							
AZ,ES,IR,PL,RU																																				8		2				
AZ,ES,IT																																					6					
AZ,FI																																	1									
AZ,FI,PT																																2										
AZ,FR																												2							2			1				
AZ,FR,IT																																								1		
AZ,FR,IT,MA																																									15	
AZ,FR,IT,TN,TR																																									2	
AZ,FR,RU																					37																					
AZ,GE																																				2						
AZ,HU																																										7
AZ,IR																											1					24		4								
AZ,IR,PT																																	7					3				
AZ,IR,RU																															1											
AZ,IR,US																																					2					
AZ,IT,PT																																			1							
AZ,IT,RU							5																																			
AZ,IT,SA,TR																																				6	10					
AZ,IT,TR																																				2						1
AZ,JP																																13										
AZ,JP,TR																																								1		
AZ,PK,PL,RU																																										5
AZ,PK,SA																																										2
AZ,PL,PT																																5										
AZ,PT																															8	5	1			6	3	1	12			
AZ,PT,RU																																	3	1	9		8	13				
AZ,PT,TN																																	7									
AZ,RU		21				1	5	24	17					8		17					6	2						3	72	41	26	16	31		7	23	90	21	42	54	62	33
AZ,RU,SA,TR																																										2
AZ,RU,TR																			23																							
AZ,RU,US																																								14		
AZ,SA,TR																																					14		10	5	9	8
AZ,SE																																								2		
AZ,TR																			4					48		5	24	16				5				10	1	3		28	2	1
AZ,TW																														8		21										
AZ,UA																																				2						
AZ,US																																2										
AZ,UZ																										1		1	2													
AZ,null					43		2																																			
BA	5		4			1				20	8	17																					6			2			3			3
BA,BE,HR,SI																															2											
BA,CH,HR																																	20									
BA,CH,HR,SI																																	14									
BA,CZ,DE,FI,SI																															15											
BA,CZ,IT																																						19				
BA,DE																																									60	
BA,GB,RS																															6											
BA,HR										2																5	1										12	3	4		19	81
BA,HR,HU																																										12
BA,HR,IN,RS,SI																																						10				
BA,HR,RS																																			23					4	2	
BA,HR,RS,US																																										
BA,HR,TR																																										
BA,HU																																								14		
BA,IN,SA																																							2			
BA,IT																							1																			
BA,IT,RS																						5																				
BA,PK,SA																																								5		
BA,RS																																				14	3	5			6	1
BA,SI																																					12					
BA,US			20																																							
BB					2	2												9			2	2	15	13	1	9	1								9	6		2				
BB,CA															1		6	4						4	1		5															
BB,CA,GB																							3																			
BB,CA,GY													2		5																											
BB,CA,JM																1			7																							
BB,CA,NL,US																													1													
BB,CA,TT											7							6																								
BB,GB																					1										11											
BB,JM,US																	2																									
BB,TT																																					6					
BB,US																															7		13									
BD	36	5		14	21	6	16	3	27	42	61	63	14	4	12	18	10	8	1	5	11	15	19	14	31	18	47	15		18	19	40	4	34	13	28	1	45	29	50	87	97
BD,BE,CA,IR,IT,PT																																									20	
BD,BN																					3																					
BD,BN,CA																9																										
BD,BN,CA,US																6																										
BD,BN,US																	4	4			4										1											
BD,BR																																		2								
BD,BR,IN,MX,SA,US																																								3		
BD,CA								5		6	32																					10	5									
BD,CA,CH,DE,IR,IT																																									13	
BD,CA,CH,DE,IR,IT,PT																																								18		
BD,CA,DE,IT																																				8						
BD,CA,JP,SA																																									4	8
BD,CA,PK																								8																		
BD,CH,DE,IR,PT																																										14
BD,CN																				5						5								2	5						1	2
BD,CN,DK,GB,US																												1														
BD,CN,GB																													12													
BD,CN,IE																																							2			
BD,CN,IN																																										2
BD,CN,JP																					2																					
BD,CN,KE,PK,SA																																								3		
BD,DE										2	3				12						11			7	6		11		6	3	18		6	18	18	29	27	20		4	31	
BD,DE,GB			3															14											19			13						4				
BD,DE,GB,IN,US																																					10					
BD,DE,GB,US																			7																		8					6
BD,DE,IT																																		14	15			10			6	3
BD,DE,IT,US																													9													1
BD,DE,JP																										5						1				8						
BD,DE,PK																			8																							
BD,DE,US																													7													
BD,DZ,FR																												1														
BD,DZ,IN,IQ,MY,SA																																										
BD,DZ,MA,SA																																										
BD,EG										6																													17		2	3
BD,EG,MA,PK,SA,TR																																									8	
BD,EG,MY																																										
BD,EG,SA																																										1
BD,EG,US																																										4
BD,ES																																									2	
BD,ES,ID			1																																					6		
BD,ES,IT																																								6		
BD,FI,GB,SE																																	6	9	13							
BD,FI,GB,SE,US																																							4			
BD,FR																																							40		4	2
BD,FR,IN,JO,MY,SA																																										
BD,FR,MA																																6										
BD,FR,MA,QA,SA																																									3	
BD,GB	2			6					2	28	109				40	31	2		12	6	5	11	12	5	26	3		4	1	6	22	29	6	10	11	7	10	4	6	10	8	
BD,GB,IN																				1																		8			11	
BD,GB,IN,US																																						10				
BD,GB,IQ																																										22
BD,GB,IR																										1																
BD,GB,IT																													4													
BD,GB,JP																									4												1					
BD,GB,KR																																				5						
BD,GB,MX																								3																		
BD,GB,MY																												5						9								
BD,GB,NZ																													1		6				3							
BD,GB,SE																								7	15	8	8	27	4	9	14											
BD,GB,SE,US																										6			28					32		10						
BD,GB,TH										12																																
BD,GB,US												7			19			6	5	5	6	5	6	6	8	6		14		22			9	18	8	10	18	16	28			2
BD,IE,KR																																							4			
BD,IN										28															25											1				11	51	1
BD,IN,IR,MY,SA																																										
BD,IN,IT																																								4		
BD,IN,JP																																			7							
BD,IN,KR,SA																																							4	1		
BD,IN,LY,SA																																							14			
BD,IN,MY,SA																																										
BD,IN,NG,US																																						13				
BD,IN,RO,SA																																								7		
BD,IN,US																																			5							
BD,IQ																																				5				4	2	
BD,IQ,MY																																				4						
BD,IR																																	3									
BD,IT												1		2																2										6		
BD,IT,JP																															1			6	3	8	7		1			
BD,IT,JP,SA																																										
BD,JP				1																	13	1	1	4			28		11	11	7	16		26	29	26	2	27	24	60	49	66
BD,JP,MA,PK,RU,SA																																										8
BD,JP,PK																									3																	
BD,JP,PK,RU,SA																																										
BD,JP,SA																																				3		19				
BD,JP,TH																																			8							
BD,JP,US																			17						11	6																8
BD,KR																														1		4	11	16	16	5					1	4
BD,KR,MY																																					3					
BD,KR,SA																																						19				
BD,KR,US																																1										
BD,MA,SA																																										4
BD,MY																																3	5			4				2	7	
BD,MY,SA																																							3		4	
BD,NG																																								3		
BD,NO																									2																	
BD,NO,RO																										1																
BD,NZ																													3													
BD,NZ,US																												5														
BD,OM																																	27									
BD,PK																																							4			
BD,PL																																	7									
BD,RS																																							4			
BD,SA																																						3			3	
BD,SA,TH																																										4
BD,SA,US																																							1			
BD,SE													5	1							1																					
BD,TR																															4											
BD,US																4				2	15			18	8		9	12	11			12			7		11		24	21	13	10
BD,ZA																															1											
BE	837	809	1017	691	934	570	837	1454	936	896	1068	851	922	1096	1017	1713	1248	1021	1361	988	1067	1761	1332	1335	2465	2279	1828	2008	1979	1598	2085	2641	2705	2481	2002	2140	1828	2243	2046	1445	1130	1114
BE,BF																		2					3	3																		
BE,BG											21			22		1			2		1													1		2	8					
BE,BG,CH																																										
BE,BG,CM																																					1					
BE,BG,LV															26																											
BE,BG,NL														2																												
BE,BG,RS																																		19								
BE,BG,SA																																	2									
BE,BG,ZA																																					12					
BE,BI																						1																				
BE,BI,CD					4																																					
BE,BI,FR																																		1								
BE,BJ																						1											4									
BE,BJ,CM																																1										
BE,BR								3		2		1		1	1	2	1	1		5		17		1			4				4		1		99	13	8	36	63	22	66	50
BE,BR,CH																																								54	116	
BE,BR,CH,FR																																					5					
BE,BR,CZ,FR,SI																																					12					
BE,BR,DE																					3																				24	
BE,BR,DE,FR,IT,US																																			9							
BE,BR,DE,FR,IT,US,ZA																																			13							
BE,BR,DE,PL,RU																																		12								
BE,BR,DE,US																																									38	
BE,BR,ES,GB																																							30			
BE,BR,FR																							6						24				34							5		
BE,BR,FR,US																							58																			
BE,BR,GB,NL																																								1		
BE,BR,GR																																								8		
BE,BR,IT																		2																							82	
BE,BR,IT,MA																																										
BE,BR,NL																																							72			
BE,BR,SE																				2																						
BE,BW,CM																																			7							
BE,BY															12	4		35	32	33	10	11	35							12						4				8		
BE,BY,CH																											2															
BE,BY,DE													12																													
BE,BY,DE,JP,US																																					1					
BE,BY,IT																															15											
BE,BY,PL															10		12																									
BE,BY,RU																																1										
BE,BY,SE																																		18								
BE,CA														16	29					26	57					2	43	18			59		15	132	63	43	9	91	30		76	12
BE,CA,CN																																1				47						
BE,CA,CN,DE,GB																																								11		
BE,CA,CN,GB																																										10
BE,CA,CY,GR,RU																														8												
BE,CA,CZ,NZ,US																																									63	
BE,CA,CZ,US																																							18			
BE,CA,DE,FR																															2											
BE,CA,DK,HU,PL																																		15								
BE,CA,ES																											14															
BE,CA,ES,FR,PL																																				13						
BE,CA,FR												9										6							1		57						44	21				
BE,CA,FR,GB																																		2								
BE,CA,FR,GB,GR													20																													
BE,CA,FR,GE																																		2								
BE,CA,FR,PL																												2														
BE,CA,GB																														10												1
BE,CA,GR,PL																													1													
BE,CA,HU,JP,US																												4														
BE,CA,IE,PT																						27																				
BE,CA,IL,IT,SE																											31															
BE,CA,IN																															25				27							
BE,CA,IN,US																											18			14												
BE,CA,IT,PL,US																																					19					
BE,CA,IT,RU,US																																				38						
BE,CA,JP												1												21							6					27				16		
BE,CA,JP,SG																																					8					
BE,CA,JP,US																													3													
BE,CA,LB																																			2							
BE,CA,MY,PK																																									2	
BE,CA,NG,VN																																										
BE,CA,NL																																										7
BE,CA,PL								2																			32															
BE,CA,PL,US																																			56							
BE,CA,PT																												5														
BE,CA,SA																																										44
BE,CA,SG																																							12			
BE,CA,SG,US																															12											
BE,CA,US																	24					49	29	16			16		27	131	303	33	179	10	16		12			11	2	
BE,CD			13	2				3				4			21	3				1			2								25	8	2			2	1	3	1			
BE,CD,CM																																					3					
BE,CD,PL,RU																																						1				
BE,CH						16	5	14				22		19					27	13	7	40	1	11	24	14	106		16	63		106	1	9		8	8	3		1	24	41
BE,CH,CI,DE																		5																								
BE,CH,CM																														5												
BE,CH,CM,DE																																									2	
BE,CH,CN																														22	10				22					68		
BE,CH,CN,DE																																			14							
BE,CH,CN,GB																																			31							
BE,CH,CN,IN,US																																										
BE,CH,CN,SE																															4											
BE,CH,CN,US																																	9									
BE,CH,CZ																															11											
BE,CH,CZ,FR																											21															
BE,CH,CZ,IN																									9																	
BE,CH,CZ,IN,NL																								8																		
BE,CH,DE																	7			3					5										32			2				
BE,CH,DE,FR,GB																														5												
BE,CH,DE,FR,JP,SE																																						1				
BE,CH,DE,GB,PH																																		2								
BE,CH,DE,SE																																			2							
BE,CH,DK																																								6		
BE,CH,DK,NL																					2					3																
BE,CH,ES																															40							1				
BE,CH,ES,NL																									5																	
BE,CH,FR							1		22										6	3		25						6		17	2								7			
BE,CH,FR,GB,IN,KR																																					1					
BE,CH,FR,GB,IT																																	2									
BE,CH,FR,PL,SE																																			1							
BE,CH,FR,US																														68												
BE,CH,GB													54																	29	6						24					
BE,CH,GB,IN,NZ,US																																				121	170	145			60	
BE,CH,GB,NL																																34						34				
BE,CH,GB,NZ,US																																									52	
BE,CH,GB,US																														37											81	
BE,CH,HR																							4	15															3			
BE,CH,HU																													3													
BE,CH,IN																			1																							
BE,CH,IN,IT																													7													
BE,CH,IT																											3	31										11		14	41	
BE,CH,IT,US,ZA																																								4		
BE,CH,KR																																			10							
BE,CH,LT,RU,SA,TW																																									2	
BE,CH,LT,RU,TW																																									3	
BE,CH,MD																																									20	
BE,CH,NL																							17						11			11				16						25
BE,CH,NZ,US																																					61	21				
BE,CH,PA																															5											
BE,CH,PL,SA																																										
BE,CH,RS																			8																							
BE,CH,RU,SI																																										
BE,CH,SE																																										29
BE,CH,SI																																										3
BE,CH,TZ																								2																		
BE,CH,US																															2						3	3				1
BE,CI																																							1			
BE,CI,CM																																									1	
BE,CI,DE,IN																	1																									
BE,CL																					12					1	1		22				20	19	13	33	18		22	5		
BE,CL,HU																																	4									
BE,CL,PE																																										7
BE,CM																																16		3	4			1		6	9	5
BE,CM,CN																																		3								
BE,CM,DE,FR																														1												
BE,CM,DE,GB,JP																															10											
BE,CM,FR		9																															1									8
BE,CM,GH																																								4		
BE,CM,IN																																						5				
BE,CM,IN,US																																								2		
BE,CM,IT																																										1
BE,CM,IT,PK																																										1
BE,CM,MG																																										1
BE,CM,RO																																										1
BE,CM,RW																																									3	
BE,CM,TR																																										
BE,CM,ZA																																				4						
BE,CN										14		26			25		5					4	79	21	154	51	42	124	200	165	208	268	246	544	429	401	480	356	686	787	625	756
BE,CN,DE																											1						7	2		6		4			1	53
BE,CN,DE,DK																																							2			
BE,CN,DE,FR,JP																																										24
BE,CN,DE,FR,PL																																							102			
BE,CN,DE,GB,PL																																								17		
BE,CN,DE,HK,IT,PL																																										11
BE,CN,DE,NL												6																												128		
BE,CN,DE,US																																			3							
BE,CN,DK																																				2						
BE,CN,DK,ES,US																																							11			
BE,CN,EG,KZ,NP,SA																																									1	
BE,CN,ES																												16				17			5		45	26	57	3	98	50
BE,CN,ES,GB																																		28								
BE,CN,ES,SE,US																																							66			
BE,CN,FR																											23		22	65			5		4	6	3					
BE,CN,GB																																11	3		8							
BE,CN,GB,IT,US																															14		35									
BE,CN,GB,RU																											31															
BE,CN,IE,RO																																									3	
BE,CN,IN																																									21	
BE,CN,IN,US																																										20
BE,CN,IT																																	14								82	
BE,CN,IT,MD																																					11					
BE,CN,JO																																									57	
BE,CN,JO,US																																								45	18	47
BE,CN,KZ																																								105		
BE,CN,LT																														4												
BE,CN,NL																																									1	
BE,CN,NL,US																															1											
BE,CN,RO																																									8	
BE,CN,RS,US																4																										
BE,CN,RU																																			2			4			30	
BE,CN,RU,TZ																																						5				
BE,CN,SE																																									8	
BE,CN,SG																																								2		1
BE,CN,TW																																									5	
BE,CN,US																											1	2	8	119	49	43	60	35			1	23	16	80	234	65
BE,CN,US,ZA																																									63	
BE,CO																							20																			
BE,CO,ES																																							19			
BE,CU																				5												1							75		130	3
BE,CU,EC																																			6							
BE,CU,ES																			9	33		1	2		22	7																
BE,CU,IT																																									1	
BE,CY																																										13
BE,CY,GR																																		21								
BE,CZ	2	7			8	2			5		1		3	3	12	11	39	19	6	1	67	9		20	25	20	9	17	107	142	262	210	16	138	97	144	42	14	159	61	27	176
BE,CZ,DE										1																			6				12				8	17			5	
BE,CZ,DE,SE																																		3								
BE,CZ,DE,SE,US																														1												
BE,CZ,EE																														10												
BE,CZ,ES																																										11
BE,CZ,FR,GB																													6													
BE,CZ,FR,PL,SK																																										
BE,CZ,GB																																					18					12
BE,CZ,GB,US																														3						19						
BE,CZ,HU																										53										9						38
BE,CZ,IN																														1				1								
BE,CZ,IN,PL																																		2	1							
BE,CZ,IN,PL,SA																																			1							
BE,CZ,IN,SA																																			13							
BE,CZ,IN,US																										6																
BE,CZ,NL																													10				15									
BE,CZ,NL,PK																											3															
BE,CZ,NL,PT																							20						55													
BE,CZ,PT																																					13					
BE,CZ,RU																																							3			
BE,CZ,SE																																			1							
BE,CZ,SK																																			67							1
BE,CZ,US																														32			11					5				
BE,DE		4	1	7	23	35	18	5	103	52	161	63	25	15	46	76	189	10	76	71	91	75	111	146	22	98	98	116	137	207	217	170	147	256	185	187	47	188	287	380	193	137
BE,DE,DK																					7													1							3	
BE,DE,DK,NL																																							5			
BE,DE,DK,US																																							2			
BE,DE,EG																																										9
BE,DE,EG,JO																											7															
BE,DE,EG,KZ,SA																																										2
BE,DE,ES											15						1														3		4		36	1				2		132
BE,DE,ES,FR																																									7	
BE,DE,ES,FR,GB,IN																																					2					
BE,DE,ES,GB																										13																
BE,DE,ES,GB,IT,SI																																						15				
BE,DE,ES,IL,IT																																47										
BE,DE,ES,JP,SG																																								1		
BE,DE,ES,PT,US																													3													
BE,DE,ES,US																																						7				
BE,DE,FI																					2																36		131			
BE,DE,FI,FR																																					4					
BE,DE,FI,RU																																						10				
BE,DE,FR													6				10				9		12	19		3			2	20	1	1		3		1		6	2		12	4
BE,DE,FR,GB																															2			3	14	1						
BE,DE,FR,GB,IE																															5											
BE,DE,FR,GB,US					14																																					
BE,DE,FR,IE																																					3					
BE,DE,FR,IT																			13	17																						
BE,DE,FR,IT,TR																																					40					
BE,DE,FR,JP																														8											5	
BE,DE,FR,MA																							4																			
BE,DE,FR,NZ																																	5									
BE,DE,FR,RU																																							3			
BE,DE,FR,SK,US																													2													
BE,DE,FR,VE																																		15								
BE,DE,GB																								5						8	45	3			8					5	1	85
BE,DE,GB,IN																																						78				
BE,DE,GB,IT,NL,SE,US																													12													
BE,DE,GB,IT,SE,US																																										
BE,DE,GB,IT,US																													19		1											
BE,DE,GB,LT																										2																
BE,DE,GB,NL																																				20				69		
BE,DE,GB,RU																														1												
BE,DE,GB,SG																														3												
BE,DE,GB,TR																														1												
BE,DE,GB,US																											22								7							
BE,DE,GN															5																											
BE,DE,GR,NL																																				1						
BE,DE,GR,PL																															2											
BE,DE,HR																							12	3																		
BE,DE,HU											1											3					2										28					
BE,DE,IE																				17	32																					
BE,DE,IN																1																	9	4			7					
BE,DE,IN,PL																																	1									
BE,DE,IQ																																10	12		21					10		
BE,DE,IQ,PK																																				33						
BE,DE,IR																																				6						
BE,DE,IT																										10	2			8	19				23	6		52		3		17
BE,DE,IT,NL,PK																														9												
BE,DE,IT,NL,US																											1															
BE,DE,IT,US																					2																					
BE,DE,JO																		13		11							15	24														
BE,DE,JP																												4					5		11							
BE,DE,JP,SG																																								1		
BE,DE,KE																																						23	35	8		2
BE,DE,KE,TH																																										5
BE,DE,KR								5																																		
BE,DE,KR,LU,NO																																					6					
BE,DE,MA																																				34						
BE,DE,NL																6					2						6	15	13	7						23	10					10
BE,DE,NO																																			3							
BE,DE,OM																																								6		
BE,DE,PF											1																															
BE,DE,PK																																	7									
BE,DE,PL																									2							2	4								12	
BE,DE,PL,RU																																				12						
BE,DE,RO																															7											
BE,DE,RO,US							7																												4							
BE,DE,RU																					1									18		17			26			5				
BE,DE,RU,US																															4					27						
BE,DE,SA																																	85								21	
BE,DE,SI																																								15		43
BE,DE,TN																																										1
BE,DE,TW																		4																								
BE,DE,UA																																			31							
BE,DE,US							2			1							2	26											2		9	2	5					76		29	5	4
BE,DE,null																											38															
BE,DK											11					23		23			45				35				2	14	69			9		6	6	51	4			3
BE,DK,ES,FR																																						41				
BE,DK,ES,GB,NO,PT																																					6					
BE,DK,FR																																	26	31	15	79	11				23	
BE,DK,GB																																										5
BE,DK,GB,GR,IT,NL,NO																1																										
BE,DK,GB,JP																									11																	
BE,DK,HU																																						49				
BE,DK,IN,US																														48	29											
BE,DK,JP,SG																																		1								
BE,DK,MY														1																												
BE,DK,SE																																							2			
BE,DK,SG																			6		3																					
BE,DK,UA																																										8
BE,DK,US																																						18				
BE,DK,ZA																								5																		
BE,DZ			7							5																6		16			2	12		30		18	28	7	14	4	10	1
BE,DZ,FR																																			36	29			22	19		
BE,DZ,FR,IT																																						1				
BE,DZ,FR,US																																						69				
BE,DZ,IT																																							5			
BE,DZ,US																															114											
BE,EE,IT,UA																																								14		
BE,EE,US																																	1									
BE,EG				7				20	8	5											3		1					12	23	7	4							63				
BE,EG,ES,GB																																								19		
BE,EG,ES,GB,NL																																										
BE,EG,GB																																							18			
BE,EG,IT,NL																																	4									
BE,EG,IT,null																													2													
BE,EG,KR																																					1					
BE,EG,MA,SA,TR																																									1	
BE,EG,SA																																7		7								
BE,ES		1		6				2			28	6	2	11	49	38	142	51	199	5	64	277	70	81	55	62	114	13	43	198	377	232	129	238	201	262	146	262	139	241	131	170
BE,ES,FI																							7																			
BE,ES,FI,FR,GB,IT																																			15							
BE,ES,FR																				2	7				5		30	60		5	26	14		117	5	5		102		12	1	
BE,ES,FR,GB																																							21			
BE,ES,FR,GB,US																																								53		
BE,ES,FR,IT																											1															
BE,ES,FR,MA																								5																		
BE,ES,FR,NL																		1																								
BE,ES,FR,NL,US																											14															
BE,ES,FR,PL																																									27	
BE,ES,FR,SA																																										
BE,ES,FR,SG																																						30				
BE,ES,FR,TN																																						1				
BE,ES,FR,US																																					8	25			119	
BE,ES,GB														8									1					60	35	34				68		2		126	25	348		
BE,ES,GB,GR																												6														
BE,ES,GB,IT																																		25								
BE,ES,GB,IT,KR,US																															31											
BE,ES,GB,IT,PT																																					1					
BE,ES,GB,PL,US																																	12									
BE,ES,GB,SA																																										11
BE,ES,GB,US																														66		12										68
BE,ES,HU																					10																					
BE,ES,IN,PT																																								2		
BE,ES,IR																																		6								
BE,ES,IR,IT,PL																																					7					
BE,ES,IR,IT,PL,RU																																									1	
BE,ES,IR,IT,RU																																										2
BE,ES,IT											1											2						29			74	11	57		67			9		4		
BE,ES,IT,US																																						26				
BE,ES,MX																														4												
BE,ES,NL																								4						1	3		2	1	50		62		16	1		
BE,ES,PL,US																																			17							
BE,ES,PT																							8															9				
BE,ES,RS																																								43	18	
BE,ES,SA																																								2	4	
BE,ES,SA,US																																										11
BE,ES,SE															9						1			27						34	28				15							
BE,ES,SI																															8											
BE,ES,TG																																									1	1
BE,ES,US																	3											8		13	68		59	18	193	58	112	179	21	137	63	35
BE,ES,null			4																											18												
BE,ET,GB														2																												
BE,FI												124	101			52			9																		5			1		
BE,FI,FR																																		7			11					
BE,FI,HR																																										19
BE,FI,HU																							6			13						23										
BE,FI,IN,TW																																3										
BE,FI,JP																														5												
BE,FI,KR																										1																
BE,FI,NL								1																																		
BE,FI,NL,US																										3																
BE,FI,PL																								15																		
BE,FI,PT																																	3									
BE,FI,RU																		8																								
BE,FI,SI																																								7		
BE,FI,TR																														42												
BE,FI,US																				1																						
BE,FR	15	15	26	25		62	40	83	53	9	53	94	42	100	74	290	52	52	127	198	152	214	361	253	69	139	273	292	519	867	502	599	472	531	286	479	229	125	244	227	369	171
BE,FR,GB					1														4		40		74			26		18	1					100		13		80	17	24	108	
BE,FR,GB,HR																																				1	56					
BE,FR,GB,MX																																	2									
BE,FR,GB,NL																																					1					
BE,FR,GB,PL					4						38																															
BE,FR,GB,RO																																3										
BE,FR,GB,US																																	37									
BE,FR,GR																																1										
BE,FR,GR,NL																																										
BE,FR,HR																																		198				50			139	
BE,FR,HU																									12						48						13					
BE,FR,IE																																						4				
BE,FR,IL,RE																																			7							
BE,FR,IN,US																																		22	19							
BE,FR,IR																								11							21											
BE,FR,IT																				1		12		3					6			22	17	53		27	31	28	13	11		176
BE,FR,IT,JP																																								7		
BE,FR,IT,JP,SE																																					4					
BE,FR,IT,US																																										77
BE,FR,JO																9																										
BE,FR,JP																	119													7								20	8			7
BE,FR,KR																										3																
BE,FR,KR,SE																																165										
BE,FR,MA															14						48	14	22				18							21				25		12	14	
BE,FR,MA,US																																										
BE,FR,MG																																12										
BE,FR,MX,SE,SI																																										1
BE,FR,NL							11	12						3										3	2					114	48					3	101		4	4		
BE,FR,NZ,RE																																						2				
BE,FR,NZ,US																																					255					
BE,FR,PE																																				4						
BE,FR,PL																1																	2									
BE,FR,PT																							10																			
BE,FR,RE																																			2							
BE,FR,RO																													5							16				2		
BE,FR,RU																																					3					
BE,FR,RU,US																			1										2													
BE,FR,SE																			9												88							4				5
BE,FR,SE,US																																	46									
BE,FR,SI																															39											
BE,FR,SK																																	32									
BE,FR,SK,TR,UA																																					8					
BE,FR,TN															5																			24						12		
BE,FR,UA																			1														56									
BE,FR,US															3								87	22	11		26		7	30		8	6			15	14	4		188	47	
BE,FR,US,VE																													9													
BE,FR,VN																																		18								
BE,GB				1	91	1		3	2	5	3	6		1	31	119	83	25	67	33	148	3	130	126	89		89	254	228	142	249	77	343	279	144	201	547	289	44	191	136	173
BE,GB,GR																10											20	41		20												
BE,GB,GR,MD,RU																								7																		
BE,GB,GR,NO																																							3			
BE,GB,IE																																12										
BE,GB,IN												1									17																					31
BE,GB,IN,ZA																																28										
BE,GB,IT														1		20		6	8						9	33				2	37	1					98	71	87	14	17	7
BE,GB,IT,JP																																							2			
BE,GB,IT,NL																								1																		
BE,GB,IT,SG																																			23							
BE,GB,IT,SN																											3															
BE,GB,IT,US																												74	32	32	23									101		
BE,GB,JP														8	4																											6
BE,GB,KR																																7										6
BE,GB,KZ																					25																					
BE,GB,MA,RO																																										6
BE,GB,MR,SN,TN																								2																		
BE,GB,MY																														6												
BE,GB,NL																																	25			33	6					
BE,GB,NL,SG																																					24					
BE,GB,NL,US																																							32			
BE,GB,OM																4																										
BE,GB,PT																								17																		
BE,GB,RU																	7	2	38																							
BE,GB,SA																																					12	12	15	3		
BE,GB,SE																	1						1								18				59							
BE,GB,SE,US																															5											
BE,GB,SG																																						38				
BE,GB,SI																															20			39	30		16					
BE,GB,SK																																									1	
BE,GB,US					1		1									35					7		18	35	116	132	2		77	32	25	48	41	66	65	109	227	207	168		10	36
BE,GB,US,null																														22												
BE,GB,ZA																												3														
BE,GB,null																											6			43												
BE,GE																																										21
BE,GN																																			1	5					9	
BE,GR							34		124					80	16	43	17	17	16	66	40	54	50	12		75	23	25	54	103	91	56	55	37	79	39	13			73	29	4
BE,GR,HR																																35	14	29		52						
BE,GR,IT															10	38						8		12									3				16					8
BE,GR,JP																										20																
BE,GR,NL																														7												
BE,GR,PA																				1																				8		
BE,GR,SI																													15													
BE,GR,SK																							3																			
BE,GR,TH																																								2		
BE,GR,US									18																																	
BE,GR,ZA																																1	2									
BE,HK																																								39		
BE,HK,TH,TW																																								5		
BE,HK,TW																																							18			
BE,HR																										9	21	10	11	15	17	13		3		15		8	5	3	92	51
BE,HR,HU																																		6								
BE,HR,NL																						7																				
BE,HR,SI																									19			16				15	13		34							
BE,HR,SK																																						15				
BE,HU																	11	29			53	63	10		71	26		55	22	12	36	29	3	18	38	97	11	73	4	40	8	
BE,HU,KZ																																						14				
BE,HU,NL																											20															
BE,HU,NZ																										7																
BE,HU,PL																													47													
BE,HU,RU																					7		8																			
BE,HU,SI																								7																		
BE,HU,SI,SK																																22										
BE,HU,US						6																																				
BE,HU,UY																																					1					
BE,ID																													4													
BE,IE												3			19		5	1	3		39			3							31	1			92			28				28
BE,IE,IT																							25																	31		
BE,IE,PT																						13																				
BE,IE,US																																	4									
BE,IL				2																			9			39							13									
BE,IN	17	15		41	4	31	62	58	37	47		12	6	4			12	9	40	18	6	11		10	21	21	125	16	77	77	272	142	262	367	171	107	57	109	145	29	51	201
BE,IN,IT													1																			3	20						2			
BE,IN,IT,NL																															4											
BE,IN,JP																																		1			11					
BE,IN,JP,US																																		10								
BE,IN,MA																																										3
BE,IN,MA,PL																																									14	
BE,IN,MY																														4			57									
BE,IN,MY,RS																																					2					
BE,IN,PL																														2				3	1					1		
BE,IN,PL,SA																																		2								
BE,IN,PT																																		2								
BE,IN,RS																																					7	1	4			1
BE,IN,RS,SA																																					2					
BE,IN,RS,SA,TR																																					2					
BE,IN,RS,TR																																					1					
BE,IN,RU																																						20			1	
BE,IN,RU,TW																																						42				
BE,IN,SA																																		2	4	1						
BE,IN,SA,TR																																				2	1					
BE,IN,SE																																42										
BE,IN,TR																																	1			14					28	
BE,IN,TW																																	1									
BE,IN,US																			12								5					3			16		72				14	
BE,IN,US,ZA																															11											
BE,IN,ZA																																	12	20	20							
BE,IQ																														14	15					20		14				
BE,IQ,JO																																18										
BE,IQ,PK																															4						26					
BE,IR			3						3																										1		9			41		28
BE,IR,IT																																							23		26	
BE,IR,PL																																				29						
BE,IR,RU,US																																							3			
BE,IS,TH																																						4				
BE,IT					9			3		17							7		29	9	29	90	92	44	1	5	54	80	424	220	170	126	94	235	217	208	180	49	76	152	73	141
BE,IT,JP																					3													9								
BE,IT,KR																																			54							
BE,IT,LT																																		18								
BE,IT,MX																																	1	1								
BE,IT,NL																					10													12								
BE,IT,NL,PK																												10														
BE,IT,NL,SE																																						75				
BE,IT,NL,US																																15					10					
BE,IT,PL																														1	5											
BE,IT,PT																		7																								
BE,IT,RO																								25								2										
BE,IT,RO,US													7																													
BE,IT,RS																											24												6			
BE,IT,SA																																								8		26
BE,IT,SE																					22							43														
BE,IT,SE,US																																	32	25								
BE,IT,SI																							7																			
BE,IT,TN																																								1		
BE,IT,TR																																							40			25
BE,IT,TW,US																																			24							
BE,IT,US							12													17					14	35		38	44	22			87	92	44	17		22			15	3
BE,IT,US,ZA																															23	9		33								
BE,IT,VE																		8																								
BE,JO																					4																					
BE,JP	5			1			15	60		8				1		6	28		5		15	1		48		82	4	5	37	2	36	65	35	49		6	5	250	208	15	84	
BE,JP,LU,US																																					1					
BE,JP,NL																					2											1										
BE,JP,NL,PK																																6										
BE,JP,PL																											25		13												6	
BE,JP,RU																																									11	
BE,JP,UA																	2																									
BE,JP,US										2										11	11									54	29					56					77	
BE,KR				7				1	7																8	23			13	32				25	6		64	5				1
BE,KR,RU																																						2				
BE,KR,US																									17																	
BE,KW,SA																																								9		
BE,KZ																						6											1					1				
BE,LT															1													42			22	20			9	32						
BE,LT,TW																																5										
BE,LU																													5					12			3					
BE,LV																																										7
BE,MA																					1													4	5			22	34		52	
BE,MA,NG																																							13			
BE,MA,PK,SA,TR																																										4
BE,MA,RO																																									5	
BE,MA,RO,SA																																						4				
BE,MA,SA																																			7							
BE,MA,TR																																									2	
BE,MA,US																																							3	3		
BE,MC																				18	48																					
BE,MD																																							11			
BE,MG																								1											1			1				
BE,MY											1	4			8	1	1					5																				
BE,NL	1	1	12		1	5	3		155		14	8	2	19	24		17	2	9	4	14	15	29	9	1	5	5	17	32	62	131	66	30	117	7	78	83	209	127	221	140	37
BE,NL,PL																																			88							
BE,NL,PT																									5																	
BE,NL,SE																							7																			
BE,NL,SI																																			57							
BE,NL,US																											1		1						10							4
BE,NL,ZA																																	44									
BE,NO															50				5										62	107		61	58				7			22		
BE,NO,SE																																										2
BE,NO,TR																																		9								
BE,NO,TW																																						21				
BE,NO,US																																							15			
BE,NO,VN																																	20									
BE,NP,US																																		30								
BE,NZ				7	2					5														34							25	12	17									
BE,NZ,SA,US																																		8								
BE,NZ,US																																35										
BE,None																					16																					
BE,PA																																							2		9	
BE,PK																																					48	112		7		
BE,PK,SA																																										1
BE,PL	20	2		13	16	1		18	6						5		3		2		2	29	8		25	45	74	42	44	12	3	84	292	239	102	167	77	54	67	88	40	147
BE,PL,RO																																				1						
BE,PL,RU																												5											3			
BE,PL,US																											18				3										15	
BE,PL,null																												1														
BE,PR									19																																	1
BE,PT			4																	2	13		1			10	34	1	41	4				8	1			1			12	
BE,PT,TH																																4										
BE,PT,TH,US																																2										
BE,PT,US																					3																					
BE,RO																						2	7				1						6	3						6	17	
BE,RO,RU																																							23			
BE,RO,US							8																													7						
BE,RS							4	3				2	2	5									16		1							13	8				52		9	3		
BE,RS,SI																																								2		
BE,RS,US																													14													
BE,RS,VN																																			56							
BE,RU											75			3	11	25	81	48	80	44	56	129	139	19	19	45	59	98	118	36	41	5	65	35	123	45	39	38	213	144	129	192
BE,RU,SE																																1		6								
BE,RU,SI																																								17		
BE,RU,TW																													30		13				11			20				48
BE,RU,TZ																																			20							
BE,RU,UA																																11										
BE,RU,US																											4		1	6	38		77	30	120	28	13					
BE,RU,UZ																									3																	
BE,RW	1					1																																				
BE,SA																											7												17	18	7	
BE,SE																			9						2		8	190		184	151	72	189	50	9	55	6	43			2	
BE,SE,US																								5												53					14	
BE,SE,null																												17														
BE,SG																																									5	
BE,SI																					28			7						20	2	56	2	27		9		189	6	88		
BE,SK																					18							11														
BE,SY																	8																									
BE,TH																										7														1		
BE,TN					28	43	8																											9			19	4	8	3	1	
BE,TR																										20	20	23	9		1	12			27	98	154	36	88	44	12	40
BE,TR,US																																	24									
BE,TW																												58	19		119		18		35	65				75		19
BE,TZ																										1									10					3		
BE,TZ,US																																11										
BE,UA														11															1	17			56	21			43			4		
BE,UA,US,null																												8														
BE,US	2	13	6	10	1	3		13	1	105	2	21	51	51	23	42	9	294	84	64	151	61	124	60	35	96	228	258	88	390	369	457	234	378	87	227	309	314	368	352	321	720
BE,US,VN																																					3					
BE,US,ZA																				1										4						3		5				
BE,VN																								8					4	11	29	52		26	116	89		120	19		8	43
BE,ZA			21	5			2			1	1													7	67	2	64	32		4	22	4	58	26	40				29	46		
BE,ZA,null																													29													
BE,null					9		1		3																			44	58	31								17				
BF																	3								28								3									
BF,CH,GB																																										47
BF,CI																													2													
BF,CI,FR																												1														
BF,CM,FR																																								3		
BF,DK																												3	1													
BF,FR										2		35							4					4			5				1							2		1		
BF,FR,SN																															2											
BF,IT																																							5			
BF,IT,PT																																								3		
BF,PK																																										
BF,US																																										2
BG	609	754	606	807	517	430	1043	621	928	741	466	432	408	223	281	263	156	295	161	207	109	99	154	132	239	308	236	108	139	218	275	201	269	414	144	163	204	279	220	228	148	133
BG,BR																																	1									
BG,BR,CO																																								1		
BG,BR,FR																					1																					
BG,BR,US																																								1		
BG,BY													1																													
BG,CA			3																					8						5												
BG,CA,CZ																															1											
BG,CA,SK,US																																									1	
BG,CH						5				12	29	13		7	15	14			29		11		2	6	4	4	8		9	12	4	10			16	3			11	10		
BG,CH,CZ																																								1		
BG,CH,DE																								14	7			4														
BG,CH,DE,DK																																			1							
BG,CH,DE,MK																																		8								
BG,CH,DE,MN																6																										
BG,CH,DK																																						1			2	
BG,CH,HR																																							14			
BG,CH,IT													5																											34		
BG,CH,MN															4																											
BG,CH,MX																															4											
BG,CH,RS																																							7			
BG,CI,MU,TR																																									6	
BG,CN																													2	62					8						4	
BG,CN,CZ																																									5	
BG,CN,CZ,RU																																								10		9
BG,CN,DE,ES,SE																																										
BG,CN,DE,HK,SE																																										
BG,CN,FR																							1																			
BG,CN,GB																																							1			
BG,CN,IR																																								1		
BG,CN,RU																																								33		
BG,CU,ES																															3											
BG,CZ			3	23		3			5																				2	3		9				3	7	3	14	10	2	
BG,CZ,DE																																							14			
BG,CZ,DE,GR																																								31		
BG,CZ,DZ																																		1								
BG,CZ,FR,RS																																							1			
BG,CZ,HU																																				3						
BG,CZ,JP																																										
BG,CZ,PT																																					11					
BG,CZ,PT,SK																																					3					
BG,CZ,SI																																										19
BG,CZ,TR																																										3
BG,CZ,US																																							4			
BG,DE			17	11	19	8	52	22	27	4	3	23	37	6	64	25	3	94	67	84	3	14		84	16	37	34	70	36	47	34	8	12		17	24	8	12	28	3	42	29
BG,DE,DK																										1																
BG,DE,EG															5																											
BG,DE,EG,HU																	8																									
BG,DE,ES											1																								19		8					
BG,DE,ES,MX,SG			13																																							
BG,DE,ES,PL			16																																							
BG,DE,FI																																			10							
BG,DE,FR																																	17									
BG,DE,FR,MA															3																											
BG,DE,GB			2										5		8			7		16																			2			
BG,DE,GR																													15													
BG,DE,HR																														6											9	21
BG,DE,HR,IT										11																																
BG,DE,IN																3														2												
BG,DE,IR,TR																														1												
BG,DE,IT																																							6			
BG,DE,JO																																					21					
BG,DE,JP																																									7	
BG,DE,KR																							1																			
BG,DE,MK																											11															
BG,DE,PK,SA																																						2				
BG,DE,PL									1																									21								
BG,DE,RS																															6				5							
BG,DE,RU																																26							3			
BG,DE,US																																								3	30	8
BG,DE,null			4																																							
BG,DK																												7					1	1			1	5				
BG,DK,HR																																										
BG,DK,JP																																			2							
BG,DK,NL																											2															
BG,DK,RS																																								7	3	
BG,DZ																																						1				
BG,DZ,IT																																									2	
BG,EG																									2		3		15										1			6
BG,EG,FR																										2																
BG,EG,SA																															3											
BG,ES											11	2	6	1				2	36	1				2					2	16	9	4	10		3	4	6	4			21	
BG,ES,FI																			1																							
BG,ES,GB														30																												
BG,ES,IT													3																													
BG,ES,PL																					11																					
BG,ES,SA																																		4								
BG,ES,TR																																1										
BG,ES,US													12												2																	
BG,FI																																										22
BG,FI,HU																	59																									
BG,FI,RU																																										9
BG,FI,UA																																								8		
BG,FR	37		6						9	20	35		13		32	55	18	7	36	15	18	45	28	17	10	3	7	4	41	8	22	14	19	5		47		21			7	47
BG,FR,GB																											26															
BG,FR,GB,RU																									2		12															
BG,FR,JP								2																																		
BG,FR,PL																											1															
BG,FR,RS																																						3				
BG,FR,RU																														47				2			27				2	
BG,FR,RU,UA																																									12	
BG,FR,RU,US																																	4		7							
BG,FR,SD																																				1						
BG,FR,UA																																		3								
BG,FR,US	8																																									
BG,GB			2												6		7	9	6	21			2	14			3											1				
BG,GB,IE																																				32						
BG,GB,IN																																			3							
BG,GB,PT																																										1
BG,GB,RU																																										2
BG,GB,US																				10		13																				
BG,GE		10																																								
BG,GR								1		15	36	32	18	21	2	12		18	4					7		10			5									3				
BG,GR,IN,RS																														19												
BG,GR,IT,RS																																						3				
BG,GR,PL																										5																
BG,GR,RU										1																																
BG,HR																							1						8			12	7					11				5
BG,HR,MK																8				3																						
BG,HR,PL																																									1	
BG,HU		8				3	2																								4							2		8		
BG,HU,NL			2																																							
BG,HU,US																																			15							
BG,ID																															7											
BG,IE																													8		6				3					3		
BG,IL,NL																												1														
BG,IN						13				1	1																						5	5	6							7
BG,IR			41																													5									1	
BG,IR,IT																																2										
BG,IR,PL																												1														
BG,IR,US																																								5		
BG,IT			8	3	2		14											9		5	2	3	1	6	2	16	3		11	6						8					16	2
BG,IT,KR,MU,TR																																							6			
BG,IT,MU,TR																																									1	
BG,IT,NL																																				18						
BG,IT,RS																																				6	27			2		
BG,IT,RU		2																																								
BG,IT,SI																															8											
BG,IT,TR																						2																				
BG,IT,US																																						4			6	
BG,JP	2	6	4	10	2	4	7			7		29													3		1			1		9		1		4						7
BG,KE																														2												
BG,KZ					2																																					
BG,LC,null																										15																
BG,LT					1																																					
BG,MA																																										10
BG,MK																				6	8		1																2			
BG,MN											8			1															2				1							1		
BG,MT																															6											
BG,MU,RO,RS,TR																																						1				
BG,MU,TR																																								12		
BG,MX																																	4				3					
BG,MY,NZ,PK,SA																																					1					
BG,MZ																		16																								
BG,NG																				4																						
BG,NL																		1									3								1							
BG,PK,SA																																				2		2	2			
BG,PL		13			12				5		8				1		1	5		4	10	8			4			5		6		4							7	14		11
BG,PL,US																																		5			2					
BG,PT																																	15	8		1		3			9	
BG,PT,RU																																										6
BG,RO		3																9																								8
BG,RO,SK																																									1	
BG,RS																															1	3	7		8			13		2		
BG,RS,SI																																			1							
BG,RU	19	29	42	84	27	9	12	2	40	1	16			4		11			3	20	14	8	3	59		5		1	11								11	16	2		18	5
BG,RU,UA																					24																					
BG,SA																																		7	9			16		5	3	
BG,SA,TR																																			5							
BG,SE	2										6	7										2			6																	
BG,SK																					2														1	7						
BG,TR																			3																3		2		3	8	1	1
BG,UA																				16	4							1			32					18			51	5		
BG,US	7	8	7	5			1	6		1		8	4	10						3	2				13	16	2		83	9			14	1					2	3	9	1
BG,VE																								2																		
BG,VN																																							2		15	
BG,ZA																							1																			
BG,null				1	8						3				4									20																		
BH										2		5	2	1	7	5	19	5		4												8					2					
BH,CN,JP,KR,PK																																									11	
BH,CN,PK,SA																																										
BH,CZ,DE												2																														
BH,DE,PK																																									4	
BH,DE,PK,SA																																										2
BH,EG									2																																	
BH,EG,FR																																								1		
BH,EG,FR,PK,SA																																										22
BH,EG,KR,PK,SA																																									1	
BH,EG,NZ																																							21			
BH,FR																																						26				
BH,GB									9																																	
BH,GB,IE																																	7									
BH,GB,IT																																										35
BH,IN																		21																	1							
BH,IN,SA																																								1		
BH,IN,SA,TR																																										5
BH,IT																																								24	11	
BH,IT,US																																						3			19	
BH,KR,PK,SA																																									10	9
BH,KR,SA																																			1	1						
BH,PK																																									3	4
BH,PK,SA																																										11
BH,PK,TH																																									10	
BH,PK,TR																																										1
BH,SA																																						1				15
BH,TR																																							6			
BH,TW																																	3									
BH,US									18		33																															
BI,CN																														7											1	1
BI,FR																										6		40	63		6		2						32		4	
BJ,CG,FR																																										
BJ,DE																																										1
BJ,FR																																										19
BJ,GB,RO																																						4				
BN								16							5																	15									4	
BN,CH,KR																																		1								
BN,FR												4																														
BN,GB						16						2	10																		11				61							
BN,GB,MY																								3			3															
BN,GB,SG																																			3							
BN,ID,JO,MY																																										3
BN,ID,MY,TW																																										2
BN,IT																																										22
BN,JO																																										
BN,JO,MY																																									3	
BN,JP																																							3			
BN,MY,US																					2																					
BN,SG																															15	12										
BN,SG,TW																															4											
BN,US											8					23		5	2		3													6			8					
BO								35													6																					
BO,BR,ES																															20											
BO,CA																																								1	5	
BO,CL,FR,GB																	5																									
BO,CO																									6													5	40			
BO,CO,MX																																			1							
BO,DE																								2																		
BO,ES																						1				26	8	35	7	13		34			6			4				8
BO,ES,GB																		3																								
BO,ES,PE																					35																					
BO,ES,SE																												5						5								
BO,FR							4							9	2	5			2			1								3												
BO,GB,MX																															1											
BO,IT																		3	1																							
BO,IT,NC																		15																								
BO,MX								22																												11						8
BO,MX,SE																														2												
BO,NZ																											2															
BO,SE																																		4	17			3		66	18	1
BO,VE																					16														3							
BR	386	123	355	226	167	181	241	265	223	201	210	338	315	366	417	698	642	877	954	1162	1287	1443	1100	1272	1348	1412	1305	1820	1791	2103	2105	2618	2632	2721	3010	2701	3483	3425	3776	4163	3266	3054
BR,CA	8	45		18	2	15	7						22	7	14	28	11	53	28	8	4				6		8		6	2	2	78	117	18	14	57	89	33	5	58	55	54
BR,CA,CL																																		1								
BR,CA,CN																																						13				
BR,CA,CU,NL																																								8		
BR,CA,CZ,IT																																									10	
BR,CA,CZ,US																																								19		
BR,CA,DE																																							9			
BR,CA,DE,GB																																							1			
BR,CA,FI																																							3			
BR,CA,FR												2				1																										
BR,CA,GB																																			14			3				
BR,CA,GR,PL																						3																				
BR,CA,HU																																									6	
BR,CA,IN																																				24						
BR,CA,JP																																				1						
BR,CA,KW,US																						1													10							
BR,CA,PK,SA																																										7
BR,CA,PK,US																										5																
BR,CA,PT																							1																			
BR,CA,PT,US										1																												1				
BR,CA,US																				1													5	21			3	36				2
BR,CA,VE																					1																					
BR,CH			2											1	2	3		6			8		2		19				15	4	1	23	1	15	67	28	1	24	24	22	1	
BR,CH,CO,ES																																					5					
BR,CH,CR,DE																															2											
BR,CH,DE																									11						7					14	50		3		50	
BR,CH,DE,GR,IT,PT																																									54	
BR,CH,DE,IT																																						22				
BR,CH,ES																																						2				
BR,CH,ES,FR,PT																																		1								
BR,CH,ES,GB,KH,NL,UG,US																																										3
BR,CH,ES,SG,UG,US																																										223
BR,CH,FR																																					13					
BR,CH,FR,IR																																						7				
BR,CH,FR,IT																																										13
BR,CH,FR,PT																									18																	
BR,CH,GB																2																32								4	3	
BR,CH,GB,NL																																				3						
BR,CH,GB,US						1																																				
BR,CH,IR																																					9				1	
BR,CH,KR																																		4								
BR,CH,MA,PK,SA																																	9									
BR,CH,NZ																															7											
BR,CH,RU																								1																		
BR,CH,US																																						11		6		
BR,CI,FR,PL,PT,SE,US																															25											
BR,CL								9		16	9	13	1	13	26	2	5				3		2	1			4	8	44	20		4	2	12	1	12	8	26	8	17	17	41
BR,CL,CU																																							3		86	
BR,CL,DE												12																								4					1	
BR,CL,ES																																				2					1	
BR,CL,ES,GB																										2																
BR,CL,FR																															2						9	1				9
BR,CL,FR,IE																															4											
BR,CL,GB																									1																	
BR,CL,IN																													8													
BR,CL,IT																																							6			
BR,CL,PK																																									8	
BR,CL,US																													3							5						10
BR,CM																																				1						
BR,CM,DE																																					7					
BR,CM,GR																																						2				
BR,CN																		3			30	6	16	11					10						154	30	5	63		1		
BR,CN,DE																													26											2		3
BR,CN,DE,SG																																							31			
BR,CN,FI																																								7		
BR,CN,FR,IN,RU																																					1					
BR,CN,FR,JP																																		2								
BR,CN,GB,HK,OM																																										2
BR,CN,GB,HK,OM,TR																																									1	
BR,CN,IN																																								1	1	
BR,CN,IN,US																																										2
BR,CN,IT																															12											
BR,CN,IT,MZ																																										3
BR,CN,JP,US																																					1		68			
BR,CN,KW																																	60									
BR,CN,NL,PT																																									4	
BR,CN,PK																																										
BR,CN,PK,SA																																									14	
BR,CN,PT,US																																									1	
BR,CN,RU																																							28			
BR,CN,TW																																								15		
BR,CN,US																2																				20	29	29	22	4		66
BR,CO					3		3											10					4								1	1		5	13	14	20	1	4	20	42	11
BR,CO,DE																		6																								3
BR,CO,EC																																								5		
BR,CO,ES																			7															5							1	
BR,CO,FR																																					6					
BR,CO,GB,US																														2												
BR,CO,IL										10																																
BR,CO,JP																																				3						
BR,CO,MX																		6																					17			
BR,CR																			4	2				2															2			21
BR,CR,DE																									1						3			4								
BR,CU																				4	6									2		41	1	53	8	55	36	36		21		12
BR,CU,DE																								13											38							
BR,CU,ES																										1												19				
BR,CU,MX																											3											1				
BR,CZ															1																1					4	1	34	5	1	10	
BR,CZ,DE,IT																																							3			
BR,CZ,EE																																										11
BR,CZ,ES																																								4		
BR,CZ,ES,IT																																										23
BR,CZ,FR																									1					2												
BR,CZ,FR,IT																																									20	
BR,CZ,GB																					6													3						5		
BR,CZ,IT																																				26						
BR,CZ,IT,US																																							3			
BR,CZ,US																12																								6		
BR,DE		17	10	20	4	1	22	14	2	2	11	9	7	27	6	31	46	9	25	62	31	31	68	63	84	22	9	22	75	35	51	80	58	64	66	97	144	217	155	321	291	278
BR,DE,DK																																			6			2				
BR,DE,DK,GB																																						7				
BR,DE,DK,PT																																								1		
BR,DE,EG																														10												
BR,DE,ES																			1	1		2		2															3			
BR,DE,ES,FI,GR,PT																																										
BR,DE,ES,FR																																									1	
BR,DE,ES,IT																																					9					
BR,DE,ES,IT,PT																																					3					
BR,DE,ES,RO																																						1				
BR,DE,FR													3							3																5		3		5		
BR,DE,FR,HU		1																																								
BR,DE,FR,SN																																							2			
BR,DE,GB																												2			22			1		5					4	23
BR,DE,GB,US																																							5			
BR,DE,HR																															10											
BR,DE,HU																																							2			
BR,DE,IE																																										1
BR,DE,IL						7							5																							22						
BR,DE,IN																																										4
BR,DE,IR,KR																																										
BR,DE,IT																															3								113	114		1
BR,DE,IT,PT																																						13	50		1	
BR,DE,JO,NP																																										2
BR,DE,JP																																				13		16			37	
BR,DE,LB,TH																																							4			
BR,DE,MD,RO																																									13	
BR,DE,MX																															9											
BR,DE,NL																							2							4											50	
BR,DE,NO																																									17	
BR,DE,PK,SA																																										
BR,DE,PL																																7	8		2							
BR,DE,PT																																								1		
BR,DE,SE																															8											8
BR,DE,US									2				2				6				4														1						11	
BR,DE,UY																																	4									
BR,DE,VN																													14			25										
BR,DE,null																												1														
BR,DK																	2	1												18				5	59			5	9	20		
BR,DK,GB,IN																																	7									
BR,DK,IE																																					14					
BR,DK,NL																	2																									
BR,DK,PT																																		2			3					
BR,DK,US																																			6							36
BR,DZ																					3																					
BR,DZ,ES																																								32		
BR,EC																																							15		10	8
BR,EC,PT																																						5				
BR,EC,US																																					2					
BR,EE,GB																																										3
BR,EG																														4							9			1	2	68
BR,EG,GB																																					26	27				
BR,EG,IT																																								1		
BR,EG,NG,TW,ZA																																										1
BR,EG,PH,US																																	1									
BR,ES						2	6	7		2	35	68	13	16	6	8	13	3	2	61	26	28	21	19	44	31	39	31	55	36	85	73	68	160	145	218	127	143	223	121	31	85
BR,ES,FI																																									17	
BR,ES,FR									3															2				11		3		6		1						2		5
BR,ES,GB																									7			7		2			5				5	18				
BR,ES,GB,IT,US																																					17					
BR,ES,GB,PK																																	2	1								
BR,ES,GB,PT																																										
BR,ES,GB,US,UY																																							24			
BR,ES,GR																														16												
BR,ES,HU																																					11					
BR,ES,HU,UY																																				1						
BR,ES,IN																																		5								
BR,ES,IN,PT																																		7								
BR,ES,IR																																			1							
BR,ES,IT														2																									17			
BR,ES,IT,PL																																									8	
BR,ES,IT,PT																														2												
BR,ES,IT,RO																																				6						
BR,ES,IT,UY																																				5						
BR,ES,KE,PK																																										
BR,ES,MX,US																			2																							
BR,ES,MY																															1											
BR,ES,NO																																							27		10	12
BR,ES,PA																																										47
BR,ES,PL																															1											
BR,ES,PT																										4	12				2				9	27		6	2			13
BR,ES,PT,UY																																	5									
BR,ES,RO																						4						4														
BR,ES,SG																																								10		
BR,ES,US									7										2	7						3		5												32		
BR,ES,UY																										1			16						2		7					
BR,FI					3																													5	5		9		2		3	
BR,FI,GB																																					2			1		
BR,FI,IN,SE																																										13
BR,FI,IT																																		24								
BR,FI,IT,TR																																	28									
BR,FI,SE																																								3		
BR,FI,SE,TZ																																										
BR,FI,UA																																								4		
BR,FJ,US																						7																				
BR,FR			24		21	9	1	8	12	2	67	20	24	159	5	9	42	12	46	109	40	39	32	123	60	66	122	96	76	21	71	105	84	132	83	72	99	130	97	54	103	164
BR,FR,GB												1		8																							3		2	23		
BR,FR,GB,IT,PT																																										1
BR,FR,GB,MY																												1														
BR,FR,GB,US																																				3		10				
BR,FR,GR																																				3						
BR,FR,HU																																	19									
BR,FR,IE																																									28	
BR,FR,IN																																									33	
BR,FR,IT																																5										
BR,FR,JP																					3																					
BR,FR,MA																																										1
BR,FR,NL																																					2		3			
BR,FR,None																						5																				
BR,FR,PK																														8												
BR,FR,PL																																							4			
BR,FR,PT																			3																							
BR,FR,PT,VE																																									2	
BR,FR,PY																										5																
BR,FR,RO																																										16
BR,FR,SA,TN																																								3		
BR,FR,SE																																						8	14			
BR,FR,SN																																	5									
BR,FR,TN														7																								42				
BR,FR,TR																																				3						
BR,FR,US																																18							33			
BR,GB		70	5								1	1	14	6	21	6	37	7	15	44	67	120	30	44	46	77	74	34	5	135	105	47	120	53	194	249	144	112	215	278	234	174
BR,GB,IL,IT																																								29		
BR,GB,IN																																								10		
BR,GB,IN,MY,SG																																	3									
BR,GB,IN,PL,TZ,US																																										1
BR,GB,IT				1																		16		6							18						84	9	4	1		50
BR,GB,IT,NG																																							15			
BR,GB,IT,SE																																					33					
BR,GB,IT,US															13																											
BR,GB,IT,ZA																																										27
BR,GB,JP																																										30
BR,GB,JP,US																										1																
BR,GB,KR																				1																						
BR,GB,MY																														3												1
BR,GB,NZ																					16																18					
BR,GB,PK																						11											19									
BR,GB,PK,SA																																										
BR,GB,PS																																										7
BR,GB,PT																							12	3					10				17	40			1		6	17	10	1
BR,GB,SN																																	4									
BR,GB,US																	34			24					3		6						101			34		14	20	68	1	
BR,GB,US,ZA																										16																
BR,GB,ZA																												27														
BR,GR																																21			5							
BR,GR,MX																									4																	
BR,HR																													3													
BR,HU								3		3																				15							4	4		2		4
BR,HU,IE,PL																																							4			
BR,HU,IT									2	2																																
BR,HU,PL																																						2				
BR,HU,US																																									8	
BR,IE																																				13	16	8	5	2	9	3
BR,IE,IT																																								15		
BR,IE,PL																																										
BR,IE,PT																																									1	
BR,IE,RS																															4											
BR,IE,SA																																									69	
BR,IL	16	11	12	4		5	5		3		9	3						1																		11						
BR,IN																9									6		6		2	8	14			68	108	36	7	53		73	24	2
BR,IN,IT																																									6	
BR,IN,IT,KR,SA																																						4				
BR,IN,MA																																	12									
BR,IN,MY																																										18
BR,IN,PL																																				1						
BR,IN,RU																																						40	40			
BR,IN,SA																																										26
BR,IN,SE																																						20				
BR,IN,US																												40				2				26					7	
BR,IN,null																														2												
BR,IR																																							1	2		
BR,IR,PK																																								3		
BR,IR,PY,TH																																										1
BR,IS,US																																						3				
BR,IT		5	5	8		4	5	12	2	17	3	20	20	9	16	16	18	19	17	7	69	10	15	26	11	20	35	71	46	17	29	72	65	34	95	85	144	95	109	65	59	66
BR,IT,JP																																								9		
BR,IT,MY																																					5					
BR,IT,NL																										1																
BR,IT,PL																																										6
BR,IT,PT																																1										
BR,IT,RO																																							18			
BR,IT,SA																																			4				1			
BR,IT,SE																																							36			
BR,IT,US																					1													6	11	5		14				
BR,IT,UY																													5						4							
BR,JP							11	4	5					4					5	11	6	1	4	8	24			6		2	12	31				18	21	36	8		75	7
BR,JP,TW																																								3		
BR,JP,US																						1										1	14						118			
BR,JP,UY																																	5									
BR,KE																																					12					3
BR,KR																																				2						
BR,KW,US																															37											
BR,KZ,US																																				4						
BR,LT,PL																																							5			
BR,MA																																									2	
BR,MX															3			5		1								2		44	31			14	17	2	2	1	23	12	10	8
BR,MX,PT,US																													9													
BR,MX,SE																																								3		
BR,MX,US																				3															1							
BR,MX,UY																														1												
BR,MY																														67	10	36		4			11					
BR,MY,PT																																		1								
BR,MZ																																							1			
BR,MZ,PT																																2										
BR,NG																												32	38													
BR,NL																7	4		8		7	7	3								2	23						16	13		23	122
BR,NL,US																																							222	30		
BR,NL,VE																																										
BR,NO																												12									2					
BR,NP																																		1								
BR,NZ																																										
BR,None																						5																				
BR,OM,PK																																									16	
BR,PA,US																																					4					
BR,PE																								1	6	1										7						
BR,PE,UY																																										3
BR,PH,US																							5																			
BR,PK																															7		41	5	6	44	4	26	8	96	38	2
BR,PK,SA																																							8	23	5	21
BR,PK,US																																				6						
BR,PL																4	24				4		8	6	1		4	16		4	11	8	12	8	5	5	30	38	6	4	15	4
BR,PL,PT																																				29						
BR,PL,PT,UA																																										7
BR,PL,RU,SE,US																																								2		
BR,PL,UA																																					6					
BR,PL,US																																										1
BR,PR																																			11							
BR,PT							8			2					42	1				3	5	26	1		6	4	1	61			35	77	159	51	55	40	87	59	125	131	39	111
BR,PT,RU																														7												
BR,PT,TH								4																										17								1
BR,PT,TR																																							12			
BR,PT,US																					4												3							13		
BR,PY																									3																1	
BR,RO																					1												4	9	2	7						
BR,RO,US																																						3				
BR,RS																																		1			1					
BR,RU																					3			1	1							1				1			1	2	48	19
BR,RU,TW																																									14	
BR,RU,US																																							1			3
BR,SE																12														2	36		1	28			7			5	2	7
BR,SG																																										41
BR,SN																																2										
BR,SS			7																																							
BR,TH																																	1									3
BR,TN																																	1									
BR,TR																																					1	13			4	1
BR,UA																						2			1																	
BR,US	2	1	7	2		3	11	1	25	3	17	7	10	30	14	48	73	21	24	86	76	54	49	181	40	46	27	128	23	92	124	183	61	198	243	304	221	324	124	280	296	116
BR,US,UY																																						5				
BR,UY																					14					15		20	9	14	8	48	26	14	27	2	7	17		27	29	22
BR,VE				1																													17		10		5		7		3	
BR,XK																																					12					
BR,ZA							1																							6			60		3			19		3	7	98
BR,null														1		1				1		6							3													
BS,CN																																					1		28			
BT,IN																																										11
BT,JP																																									11	
BW																	24	5	4	13	17	13	25	10	7	67		17	22		20	2	10	27		6				14	3	4
BW,CD																																			12							
BW,CH,DE																						1			7																	
BW,CM					1													7	13	5		9		4	9				5		4					5					2	
BW,CM,DE																			3																			4		5	7	
BW,CM,DE,FR,KE																																6										
BW,CM,DE,KE																																	1									
BW,CM,DE,NG																																									2	
BW,CM,DE,PK																														1												
BW,CM,DE,TR																																							3			
BW,CM,FR																												7			2		7									
BW,CM,GB																			4															7								
BW,CM,JP																																					1					
BW,CM,KE																																		2								
BW,CM,NO																								4																		
BW,CM,TR																																						3	3			
BW,CM,UG																																					1					
BW,DE																			16															6	4	14		3		2		
BW,DE,ET																		2																								
BW,DE,ET,KE,NG																																										3
BW,DE,ZA																												2														
BW,DK,ZA																														3												
BW,ET																3														25												
BW,ET,IN																																										21
BW,ET,IN,MY,ZA																																										
BW,GB																	3			3	2			13				4	2		6											
BW,GB,ZA																																										
BW,GB,ZW																		7																								
BW,IN																																9	2									
BW,KE																						8										3										
BW,KE,ZA																																			2							
BW,NG																														1												
BW,NZ																															1											
BW,PK																																13										
BW,SA,TN																																										
BW,SE,ZA,ZW																																								1		
BW,SI																															3											
BW,US													14																													
BW,US,ZA																													18													
BW,ZA																					35							3	3	7											4	5
BY	127	270	205	104	339	203	227	356	279	309	162	115	137	123	50	71	22	65	161	167	651	357	552	702	480	966	569	599	752	552	509	400	661	381	346	226	172	328	204	313	126	226
BY,CH,DE,FI,RU																																						8				
BY,CH,RU																									7																	
BY,CN																																								12	5	69
BY,CN,ES,FI,PT,RU																																										
BY,CN,FR																																										16
BY,CN,HR																																			6							
BY,CN,IR																																									1	
BY,CN,IR,LY																																									1	
BY,CN,RU																																										46
BY,CO,FI,RU																																										13
BY,CZ																																	22		15		20		8			
BY,CZ,IT																																9										
BY,CZ,RS																																									19	
BY,CZ,RU																																										69
BY,DE		6										13			22	64		2	15		12	58	19	68	35	8	3	19	4	30			28	9	33	13	2	2		7	3	3
BY,DE,EE,LU																												1														
BY,DE,EG,SA																																										2
BY,DE,FI,US																								18																		
BY,DE,FR																									4					12					11	8						
BY,DE,MD																														6			1	2								
BY,DE,NL																											9															
BY,DE,RO,RU					1																																					
BY,DE,RU																				30													11	11		2			44	10		4
BY,DE,RU,US																																			11							
BY,DE,US																	36	17	29																							
BY,DE,ZA																																2										
BY,DK																		7																								
BY,DK,DZ,FR																																						29				
BY,DK,GB																																			3							
BY,DK,PL,SE																							11																			
BY,DK,RU																									4																	
BY,DZ,FR																																				4		24				
BY,DZ,FR,LB																																									21	
BY,EE																					1												11		17		34		24		20	
BY,EE,FI,RU																																						1				
BY,EE,LV																																					17					
BY,EE,NL															80																											
BY,EG,SA																																								2		
BY,ES,PL																																					18		3		6	
BY,ES,PL,RU																																							1			
BY,ES,RU																																										
BY,FI																				14		12																				
BY,FI,PT,RU																																								2		
BY,FI,RU																																							7	1	7	
BY,FR																1	2		3	15		32			2						31		60	30	17	16	7	1			59	48
BY,FR,GB																															35											
BY,FR,IN,SA																																									36	
BY,FR,RU																4								11	14	1	13							2								3
BY,GB																														20				9			1					
BY,GB,LB,RU																3																										
BY,GB,NZ,RU																																								20		
BY,GB,RU,US																												146														
BY,GE								2																		4	5															
BY,IN																																				2						
BY,IN,IR																																			3	5	3					
BY,IN,RU																																								20		
BY,IN,SE																																			1							
BY,IR																																					2	4		2		
BY,IR,LY																																									6	
BY,IT																					8																					
BY,IT,RU																											13															
BY,JP																				4									2				14									
BY,KR																																		1					8			
BY,KR,LT																																										
BY,KZ																																		19	1							11
BY,LT																7	10																				13		1		1	
BY,LT,SA																																										3
BY,LT,SA,UA																																										3
BY,LV																												2				53										
BY,LV,PL																											10	2														
BY,LV,PL,RS,SK																																								4		
BY,LV,UA																																					46					
BY,MD																												4					7									
BY,MD,NL																				70																						
BY,NL																		49		19	84			8	1	32		19														
BY,PL								1					2		9	1		2	1		35	5	2		1						12					9	2	6				4
BY,PL,RU,UZ																																								2		
BY,PL,UZ																																										1
BY,PT																							1																	3		
BY,RO,RU																																									7	
BY,RS																																	3									
BY,RU		2	8	1			33	41	1	77	1	25	3	18	5	13	4	3			21	16	24	92	24	30	47	39	78	22	25	56	56	167	35	88	91	152	204	83	254	135
BY,RU,UA																																										50
BY,RU,US																															5						27	16				
BY,RU,VN																													4													
BY,SA																																		1		6						
BY,SE																														2												
BY,SG												5																														
BY,UA											1								12			1				4	17		16				8	20		4		28		18	27	3
BY,US												1					35										1		18			9		22	25				13			
BY,UZ																													4			68										
BY,VN																										1						6		22							7	
BY,ZA																											20															
BZ,CA,CR																																				3						
BZ,FR																							16																			
CA	2400	2307	1513	2117	2309	1978	2433	2515	2088	2548	2170	2641	2805	2592	2567	6891	5243	6373	6042	6932	6498	6595	7828	7465	8128	8770	8633	10783	12327	12580	11472	11118	10113	9412	8109	9068	7867	7267	6926	6019	6971	5561
CA,CH	21		17	4		1				3	3	9	60	45	37		61	4	17	4	140	78		14		117	8	47	125	165	43	30	102	96	83	111	213	355	157	34	129	175
CA,CH,CN																																								20		
CA,CH,CN,GB,RU																																		14								
CA,CH,CN,JP																																8										
CA,CH,CZ,IN,IT,NL																											11															
CA,CH,DE																																		47		57	41	92	32			
CA,CH,DE,ES,IT																																64										
CA,CH,DE,TR																																		30								
CA,CH,ES																																						3				
CA,CH,ES,FR,GB,JP																																									72	
CA,CH,FR																				13	21										7								12			
CA,CH,FR,GB																							3																			
CA,CH,FR,NL																																	4									
CA,CH,FR,US																																										4
CA,CH,GB																										11	4			4	6				5			1				
CA,CH,GB,US																																								1		
CA,CH,HU																		3																								
CA,CH,IL											3																															
CA,CH,IR																																									6	
CA,CH,IR,IT,PT																																								13		
CA,CH,IR,PL																																			3							
CA,CH,IT																																					1			1		
CA,CH,NL																			1																							
CA,CH,NL,US																																								4		
CA,CH,NZ																			16																							
CA,CH,PL																											6													5		71
CA,CH,RU																															1											
CA,CH,SE																																			97			46				
CA,CH,SG																																				2						
CA,CH,UA																																		6								
CA,CH,US															18			30								34		6		1	100			59	10	2		9				
CA,CI,FR																																				2						20
CA,CL	2				4				3		8			23					1	1					1			3			38	2			6	2						2
CA,CL,DE																																	17	4								
CA,CL,ES																														2												
CA,CL,FR																																14										
CA,CL,GB																																									1	
CA,CL,US																												11														
CA,CM																													3	6												
CA,CM,CO,RU																														12												
CA,CM,DE																																				1				7		
CA,CM,DE,FR,PK																													5													
CA,CM,DE,GB,ZA																																										10
CA,CM,DE,PK																														4												
CA,CM,FR																																										3
CA,CM,PK																						1																				1
CA,CM,RO																																18										
CA,CM,RU																																	60									
CA,CM,US																																	4									
CA,CN			4	4	4	3	11		3	8	32			13	1		39	3	1	25	14	6	9	4	131	52	30	84	323	194	307	226	200	328	424	362	549	495	512	607	634	590
CA,CN,DE																					2			2								4					4	42	7		35	112
CA,CN,DE,ES																																						50				
CA,CN,DE,FI																																	6									
CA,CN,DE,GB,SA																																13										
CA,CN,DE,IR,PK																					10																					
CA,CN,DE,US																																							130	4		
CA,CN,DK,US																																									3	
CA,CN,ES																															29											
CA,CN,ES,JP																					3																					
CA,CN,ES,PT																																				6						
CA,CN,ES,US																																					4	4				
CA,CN,FI,US																																							3	27		
CA,CN,FR																																									5	
CA,CN,FR,PT																																					1					
CA,CN,FR,US																																								1		
CA,CN,GB																												1		8	1	6	2	9	3	8	25		40	1	14	13
CA,CN,GB,JP																												3				4	5	18	8	5	2					6
CA,CN,GB,JP,US																																						5				
CA,CN,GB,SA																																3										
CA,CN,GB,US																																									90	
CA,CN,HK																				1										11		8	2			4		14	1	5	1	4
CA,CN,HU																																3										
CA,CN,IE,NO,US																																						28				
CA,CN,IE,US																																								1		
CA,CN,IL																																							6			
CA,CN,IN															2											2																
CA,CN,IR																																							1			
CA,CN,IT,US																												1														
CA,CN,JP																				2		5			7	2		3	1	3	34	2			12	9		15	23	14	7	3
CA,CN,JP,SG																																		2								
CA,CN,KR																																					1			5		1
CA,CN,KR,SE,US																																								6		
CA,CN,MX																									7																	
CA,CN,MY																						5							4													
CA,CN,MY,TH																													3													
CA,CN,NL																																		11				8				
CA,CN,PK																																				25				25	24	
CA,CN,RS																																						12				
CA,CN,RU																																	7									
CA,CN,SA																																									12	
CA,CN,SE																													2				4									
CA,CN,SE,US																																								6	21	
CA,CN,SG																														2	1					4						
CA,CN,TW																																				7			3			
CA,CN,US			2																			5			2		16	19	25	56	29	62		5	2	27	42	193	342	29	232	62
CA,CN,null																														11		7										
CA,CO																															2											
CA,CO,DE,US																																	23									
CA,CO,ES,GB																								3																		
CA,CO,MX																																					3					
CA,CR														11	6															5												
CA,CR,KE																	9																									
CA,CR,US																2																										
CA,CU		8																29																								
CA,CU,FR,GB																													1													
CA,CU,US																																								2		
CA,CY																																	27	61								
CA,CY,DE,JP,PK																																	11									
CA,CY,FR,GR,PT,US																																	3									
CA,CY,GB,GR																															5											
CA,CY,GB,IL																																		2								
CA,CY,GR,RU																																9										
CA,CY,IL																																		5								
CA,CY,US																																				4						
CA,CZ	5				20								1												11					71						7		76	1	1	51	3
CA,CZ,DE																	2																							12		
CA,CZ,FR																														4												
CA,CZ,GR																																17										
CA,CZ,IT																																	11				5					
CA,CZ,KR,PK																																							10	11		
CA,CZ,NL,PL																									1																	
CA,CZ,PT																																							7			
CA,CZ,SK																													8													
CA,CZ,TR																													15													
CA,CZ,US													4																							7	43	5				
CA,DE	1		5	2	14	9	6	9	13	101	14	208	101	25	2	90	89	4	18	45	57	6	51	12	27	59	35	60	58	271	331	387	254	369	269	392	399	204	355	758	534	344
CA,DE,DK,FI,SE,US																																			2							
CA,DE,DK,NL																																							3			
CA,DE,EG																																								2		
CA,DE,ES																																2		3			1	8	8		4	
CA,DE,ES,GB,IT																																	2									
CA,DE,ES,IT																																					2					
CA,DE,FI																																	19						34			
CA,DE,FI,KE,SE																																					5					
CA,DE,FI,PL																													2													
CA,DE,FR																				1				1	7		17		18	18	35	1	1	2	9	9	6	13	32	28		
CA,DE,FR,GB,HR																																	2									
CA,DE,FR,GB,HR,US																																				1						
CA,DE,FR,GB,US																																	27									
CA,DE,FR,NL			8																																							
CA,DE,FR,RU																												2														
CA,DE,FR,US																					11								10		15				25		1		3		3	
CA,DE,FR,null																												5														
CA,DE,GB		43					16					2														2							2	14	38	1	1	182	22	24		8
CA,DE,GB,HU,US																															16											
CA,DE,GB,IT,US																																					90					
CA,DE,GB,RU																						7																				
CA,DE,GB,TR																																										1
CA,DE,GB,US																				11													6						81		2	11
CA,DE,GB,ZA																																								58		
CA,DE,GB,null																													4													
CA,DE,GR									1		31																															
CA,DE,GR,US																																		14			12					
CA,DE,HR																																			6		1					
CA,DE,HR,IT,PL																																									1	
CA,DE,HR,PL,SI																																										2
CA,DE,HR,PT,TR																																						23				
CA,DE,HR,US																																						3	4			
CA,DE,HU																11												5					4					9		8	8	
CA,DE,HU,IN																																										9
CA,DE,HU,IT																							2																			
CA,DE,HU,PL																														13												
CA,DE,IE																													22								11					1
CA,DE,IE,NL																															4	5										
CA,DE,IL																							1	7						10		17	6			1			25			
CA,DE,IL,US																									3									10								
CA,DE,IN																										1	4															
CA,DE,IR,JO,US																																			35							
CA,DE,IT																8			6			3								27	18					7						
CA,DE,IT,JP																																										29
CA,DE,IT,US																																	1									
CA,DE,JO																												17														
CA,DE,JO,SA																															9											
CA,DE,JP																3														1									11	8		4
CA,DE,JP,RU																							1																			
CA,DE,JP,RU,US																								2																		
CA,DE,JP,US																								1																		
CA,DE,KZ,PK,TJ																																				22		35				
CA,DE,NL																								7			12	5		8	13											
CA,DE,NL,RU,US																								1																		
CA,DE,NL,US												3																														
CA,DE,NO																												14														
CA,DE,OM																																								17		
CA,DE,PK																																6	6			44	78	67	6			10
CA,DE,PK,TR																																							19			
CA,DE,PL																																				3		2			8	
CA,DE,PL,RU																													3													
CA,DE,PL,SA																																			2							
CA,DE,PL,US																																						9				
CA,DE,PT																		1												4												
CA,DE,RO																						6																				
CA,DE,RS											12																															
CA,DE,RU																			3										2							43	9			1		11
CA,DE,RU,TR																																		4								
CA,DE,SA																																								3		
CA,DE,SE												17															2															
CA,DE,SI																																					71					
CA,DE,TR																																				8		25				
CA,DE,TR,US																																										11
CA,DE,UA																		2																								
CA,DE,UA,US																					1		17					11														
CA,DE,US					4							18				1	26	1			2			11				80		56	28	159	105	55	53	3	49	18	28	18	16	47
CA,DE,ZA																								4																		
CA,DJ																												8		7												
CA,DK				26	6	1						2	8	54	1	6		3	20		12	8		2	10	9	6	16	3	6	7	3	5					1		26	1	
CA,DK,EE																																							59			
CA,DK,FR														3		8																		7								
CA,DK,FR,IN,US																																							20			
CA,DK,GB																																8										
CA,DK,GL,NO																												2														
CA,DK,IN,US																																						3				
CA,DK,IT																																							157			
CA,DK,NL																																								3		
CA,DK,NO,NZ,US																																										2
CA,DK,SE				11																																						
CA,DK,US																							1			3																
CA,DM																					8																					
CA,DO,ES																																										3
CA,DZ																															10						9					1
CA,DZ,FR,GB,IR,US																																						2				
CA,DZ,GB																														8												
CA,EC,US																																								5		
CA,EG				25										4																31		10	16	56	14	27		61	51	47	48	15
CA,EG,ES																																									1	
CA,EG,FR																														9												
CA,EG,FR,MN																																										
CA,EG,JP																										4																
CA,EG,JP,NZ																																									30	
CA,EG,JP,SA																																										
CA,EG,NZ								2																																		
CA,EG,SA																																							30		36	4
CA,EG,US																																					62		43		14	
CA,ES									8	22		30	13	15		16	6	46	36	18	85	1	3	12	21	5	13		42	8	17	8	28	15	62	71	86	21	39	77	14	20
CA,ES,FR												2						2											1				18						12			
CA,ES,FR,GB																													8													
CA,ES,FR,JP																																										16
CA,ES,GB														1		2			13	3								5					4	6	10			24		3		52
CA,ES,GB,IN																																				2						
CA,ES,GB,JP																																						6				
CA,ES,GB,US																				79																						112
CA,ES,GR																																	1	15	6							
CA,ES,GR,PT																																			3							
CA,ES,GR,PT,US																																	3				10					
CA,ES,IE																																				25						
CA,ES,IL,US																														27												
CA,ES,IN																																							3			
CA,ES,IR																													2													
CA,ES,IT																											15											7				
CA,ES,JP																	2								1					3												8
CA,ES,MX																				8																					1	
CA,ES,MX,null																														3												
CA,ES,NL,US																													7													
CA,ES,NZ,US																																										2
CA,ES,PR																																	14									
CA,ES,PT																																				10				1		
CA,ES,PT,US																																				4						
CA,ES,QA																																					4					
CA,ES,SE																																									1	
CA,ES,US																								3					3		6	10	9		17	7			2			
CA,ET																7																										
CA,ET,SE													4																													
CA,FI						2									4				2	3		2		4		25	16	41	54	46	5	25	7	20	15	18	48	27	1	1	11	31
CA,FI,GB																																	7					9				
CA,FI,GB,PL																																50				28						
CA,FI,GB,RU																							2																			
CA,FI,HR																																							1			
CA,FI,IE,US																																	3									
CA,FI,IN																																										
CA,FI,IT																																			9							
CA,FI,JP																																							30			4
CA,FI,JP,US																																										15
CA,FI,NL																	38																									
CA,FI,NL,US										9																																
CA,FI,PL																															26			38								
CA,FI,RU,SE																							15																			
CA,FI,SE																																				50						
CA,FI,SK					1																																					
CA,FI,US																														5	1							2				7
CA,FJ															1	3																										
CA,FJ,US																																							2			
CA,FR	6	7	13	8	17	2	13	19	53	13	128	51	3	58	53	37	180	88	63	63	73	52	33	46	91	164	84	158	185	304	299	192	236	288	98	361	378	373	338	372	199	273
CA,FR,GA,IT																																					4					
CA,FR,GB								2				2								13			2	40		16								25			139	18		2		27
CA,FR,GB,IN																													11													
CA,FR,GB,TR																															5											
CA,FR,GB,US																																		1								
CA,FR,GE																												2														
CA,FR,GR																													8													
CA,FR,HR																																					1		1	1	8	
CA,FR,HR,IT																															9				2							
CA,FR,HU														3			9																34		8							35
CA,FR,HU,PL																																										31
CA,FR,IE																											5										103	5				
CA,FR,IE,NO																																7										
CA,FR,IE,NO,US																																		7	10			17				
CA,FR,IN				4																								3	5		12		21									
CA,FR,IN,PK																																									27	
CA,FR,IN,TN																																		24	18							
CA,FR,IT																	3					8							12		12		3		9			14	4	5		
CA,FR,IT,US																																										6
CA,FR,JP																																9					26					29
CA,FR,JP,US																							11																			
CA,FR,MA											2		5				3					18									2											
CA,FR,MX																3	14																		2							
CA,FR,MY																																3										
CA,FR,PF																																				34						
CA,FR,PK																																										8
CA,FR,PL																																									16	
CA,FR,RO																								17												36						
CA,FR,RU																												2		6	5		16									
CA,FR,RU,US																																	7									
CA,FR,SG																																								9		
CA,FR,TN																						1					5							7		6		1				
CA,FR,TW																																						2				
CA,FR,UA																									10																	
CA,FR,US								18	6	10						1						1		17			182	1		20		43	7		48		52	64	6	11	18	14
CA,FR,UZ																										1																
CA,FR,null																													3													
CA,GB	9	3	24	19	33	20	21	6	18	12	12	24	33	34	45	50	103	56	54	33	107	75	55	132	91	19	17	34	226	222	256	82	122	249	319	272	379	186	205	160	235	99
CA,GB,GR																			12	73																						
CA,GB,HK																																		12								
CA,GB,HR																														86								3				
CA,GB,HR,US																																9										
CA,GB,IE								2							5				6																							
CA,GB,IL,US													3																													
CA,GB,IN				3	7	7														3		40	49	8	22	63	33	6	11					19								
CA,GB,IN,MX																								9																		
CA,GB,IN,US																					8	5												1								
CA,GB,IQ																																										10
CA,GB,IT			7				7									28								2					12			4		6			129				49	25
CA,GB,IT,US																																		16								
CA,GB,JM																														65												
CA,GB,JP																				9	29	3									16							10				
CA,GB,JP,SA																																								14		
CA,GB,JP,SA,US																																									12	
CA,GB,KE,ZA																																									4	
CA,GB,KR																																										
CA,GB,MX																									3																	
CA,GB,MY																																				9						
CA,GB,MY,PK,US																																								2		
CA,GB,NL																										1										1		13				
CA,GB,NL,US																				5				5																		
CA,GB,NO,US																				1																						
CA,GB,NP,US																																										8
CA,GB,NZ					12																									1												
CA,GB,NZ,US													15																													
CA,GB,OM																																							5			
CA,GB,PK																														3			24									2
CA,GB,PK,US																																		24								
CA,GB,PL																										21						39			1							
CA,GB,PT							14		15																						11	5			5							
CA,GB,RO																					6		5		14																	
CA,GB,RO,US																			1																							
CA,GB,RS												52																														
CA,GB,RU																			3					2	18			16	53	6		8	15	14		3		3				
CA,GB,RU,UA																												61														
CA,GB,RU,US																																							2			
CA,GB,SA																																			23							
CA,GB,SA,US																																	5									
CA,GB,SE			4													4														1					11						49	
CA,GB,SE,US																																9										
CA,GB,TR																									3																	
CA,GB,TT																																	8									
CA,GB,US	12								2					5		2	3					15		12	75	7			19	196	36	11	41	5	9	44	9	107	323	98	31	23
CA,GB,ZA																			7											6												
CA,GB,null																												3														
CA,GE																											1				2					4		6		5	7	1
CA,GE,UZ																																						6				
CA,GH,RU,US																							1																			
CA,GR			5	10			1	9	5	13	26			6	6	2	1		5	8		2				7	12			50				15				3				
CA,GR,LV																				1																						
CA,GR,PL																							2	1	3		1	8														
CA,GR,PT																		5																								
CA,GR,PT,US																																		18								
CA,GR,RU																											4															
CA,GR,US												1	2																		67		3	3								
CA,GR,null																												4														
CA,GY						1					1																															
CA,HK																													3		12						66			7		13
CA,HK,US																					1																					
CA,HR																						2								17	34	40	49	11	13			34	12	8	10	
CA,HR,IN																																					45					4
CA,HR,JP																																						2				
CA,HU	7			6		14	8		2	4		7			13			14		1		1	1					39						36		12		7	2			
CA,HU,IT																20																										
CA,HU,JP									9																15		7					10										
CA,HU,UA,US																									2																	
CA,HU,US														4																		5										
CA,HU,null																													2													
CA,ID																																					13					
CA,ID,JP																													4					3								
CA,ID,KR,MY																																									1	
CA,ID,NL,US																						5							4													
CA,IE				2	2	5		3		58	11		10		26	11	3	13	8				1	20	2	11		12			2				88	9	15			44		
CA,IE,IN																								19																		
CA,IE,NO																																						1				
CA,IE,NO,US																																		5				19				
CA,IE,US																										2							7		61							
CA,IL						2	4	3	2	3	3	9		1		1			10	12	3	3	15	1	34	4	1	1	2	15	3	12	26	15	37	14		29	27		7	16
CA,IL,IT																									9																	
CA,IL,IT,US																																								2		
CA,IL,PS																																										1
CA,IL,US							12																						21													
CA,IN	17	1	14	16	36	3		23	3	2		36			24		28	3	19	36	66	33	24	15	11	40	37	11	18	15	25	23	11	105	118	159	184	88	56	88	15	96
CA,IN,IR,TW,US																						8																				
CA,IN,IT																																		9								
CA,IN,IT,US																						15																				
CA,IN,JP																																		4				3				
CA,IN,JP,US																																										11
CA,IN,MX,VE																																			8							
CA,IN,MY																																10										
CA,IN,NG,US																																						42				
CA,IN,NZ														13																												
CA,IN,SA																																								12		
CA,IN,TW																																				21						
CA,IN,US																8	12	9		8	2				10				6	10		14		15			6			10	12	221
CA,IN,ZA																																						8				
CA,IR				8							7							8		60	5	9	18	33	20	31	66	6	18	100	17	79	39	48	73	75	21	5	22	45	18	48
CA,IR,IT																																									1	
CA,IR,JP																							11																			
CA,IR,KR																																								2		
CA,IR,KR,PL,SI																																				2						
CA,IR,PK																				2																						
CA,IR,PL																																				2				1	6	
CA,IR,PL,SI																																					4					
CA,IR,RU																																									8	
CA,IR,TR																														9												
CA,IR,TW																						18																				
CA,IR,TW,US																							10																			
CA,IR,US																				2		5			1				4						1				6			
CA,IT			3		17	1	15	35	14	2		4	2	3	3	16		15	13	50		22	33	12	23	87	86	62	58	159	49	141	18	37	28	83	38	56	72	44	139	96
CA,IT,JP														3										2	6									6	15			15				
CA,IT,JP,US																								15																		
CA,IT,MX,NL																																										1
CA,IT,MX,US																																	12									
CA,IT,NL																		6		1													8				17					
CA,IT,PT																																							1			
CA,IT,RO																	10																									
CA,IT,RU																																		1								
CA,IT,SE																																	5									
CA,IT,SI																																						28				
CA,IT,SN																																									2	
CA,IT,US		6		2																			20					9	4	26								34		23		16
CA,IT,US,VE																													6													
CA,IT,US,ZA																																						7				
CA,JM	6														3	2		1			14	12	2	9	23		11	1				1	8	48		17				5		
CA,JM,SE,US																															8											
CA,JM,US																																	9							5		
CA,JO																	2				28	13	3			35	53	11	14	49		11	7		63	44	50	9	1	64	17	2
CA,JO,JP																																						6				
CA,JO,MO																																									8	
CA,JO,PK																													3													
CA,JO,PS,US																																1										
CA,JO,QA																																						1			61	
CA,JO,SA																																								3		
CA,JO,SG,US																																						4				
CA,JO,US																																						2		7		10
CA,JP	29	55	61	28	37	5	23	11	19	50	35	21	2	34	99	14	31	59	78	16	28	23	18	31	14	250	42	58	127	115	119	264	108	52	161	186	148	224	241	160	124	97
CA,JP,KR																																		2								
CA,JP,NL																16	13																							1		
CA,JP,PT,RU,US																																						2				
CA,JP,RU,US																					5																13			19		
CA,JP,SA																																										
CA,JP,TH																																			2			4				
CA,JP,TR																																	10									
CA,JP,TW																							4																			
CA,JP,US						45	27												1	5		9							7	3			3	57	19		12	81		7	19	
CA,JP,US,ZA																																						1				
CA,JP,null																												3	14													
CA,KE									2			3	12		2					2																						
CA,KR												2		6				10	2	4	10		5	5	37	8	8	173	17	14	11	64	33	25	6	6	8	1	180	27	6	17
CA,KR,PK																																			3			1	10			
CA,KR,TH																																								4		
CA,KR,US																				3										2	1					4	7				13	1
CA,KR,US,VN																																								1		
CA,KW																									48														5			
CA,KW,TR																																							4			
CA,KW,US																																					5	1				
CA,KZ																																										24
CA,LB																																	7						9			
CA,LB,US																																			10							
CA,LK															8												10	5	5	2	4	3		14	7		6	6	2			1
CA,LK,PK																														5												
CA,LK,SE							2																																			
CA,LK,US																		2																								
CA,LY																																	4									
CA,LY,PL,US							3																																			
CA,MA													16																											3		
CA,MD																										30		56														
CA,MD,PK,RO																																						13				
CA,MD,RO																													9	12			33	21								
CA,MD,US																												5		5												
CA,MG,US																																									7	
CA,MO																																				19						
CA,MT																																	2	1								
CA,MU,US																																									6	
CA,MX								1	5	1		13	2	5	4	1	5	9	15	15			12	1	31	14		15	33	5	2	7			22	10	18	24	65	28	6	71
CA,MX,TH															2																											
CA,MX,US																							14							1												
CA,MY		2			12	1	14		2											10														1	3		1					2
CA,MY,PK																									3								7									
CA,MY,SA																																									5	
CA,MY,TH																																		8								
CA,MY,US									2	5																																
CA,NA																																								2		
CA,NG					6	2															5								26				5									
CA,NG,US																																				18						
CA,NG,ZA																																									3	
CA,NL		1	3	3	4			13	6			21						9	10	11	7	6	23	20	10	3	2	25	15	28	57	72		18	2	33	33		80	3	44	8
CA,NL,NO																						2																				
CA,NL,PG,US																																										
CA,NL,PK																												3	11		23	9										
CA,NL,PL																														2												
CA,NL,SI																																										19
CA,NL,TW																					3																					
CA,NL,US										4												1	16					2			1		1	11								4
CA,NL,ZA																												8														
CA,NO					1															1						15		8	12			14			36	23	9	46	5	9	15	
CA,NO,US																																	1							5		6
CA,NZ						3		8		2						24		2	1						4	1		9	2	77	24					7	4				49	
CA,NZ,PK,SA																																						14				5
CA,NZ,US																			26	16		2																		8	5	58
CA,NZ,US,VE																																	5									
CA,None																			4																							
CA,OM																			9																		6	25	1		2	
CA,OM,PK																																							3			
CA,OM,PK,SA																																		2	2							
CA,OM,US																																										
CA,PG,PH																																										2
CA,PH																			10																					2		
CA,PK						20										3		3	1	5		17	19	1	13	35	25	45	24	88	50	41	36	5	16	49	8	33	71	74	81	73
CA,PK,SA																																		22	3				16			
CA,PK,SE																																						11				
CA,PK,TR																						2																				11
CA,PK,US																																203		17	28	3			2			30
CA,PL				1	4	1		1				11	33	1	5					4	2	8		1	18	2	2		43		99			26			243	23	7	51	112	5
CA,PL,RU																						1																				
CA,PL,SE,US																							2																			
CA,PL,SK																				9																						
CA,PL,US																																							7	7	12	
CA,PS																																								10		
CA,PS,PT,SA																																					2					
CA,PT									1					1		6			23		27				47			7	36	16	5	3		4	3	20	11		5			
CA,PT,RU																													5													
CA,PT,US																																		4	6		3					
CA,QA																														7				9	16	41		22			25	
CA,QA,SG																																			15							
CA,QA,US																																	10									
CA,RO																	1	6		10		29	7		1		9												3			
CA,RS																					19											2										
CA,RU													15	5	1	16	1	14	10		25			8	46	26	15	41	21	46	9	44	56	33	8	23	27	20		25	18	1
CA,RU,US																						1			1							13						49		4	4	
CA,SA																																		26		3		7	2	2	15	
CA,SA,SI																																					23					
CA,SA,TW																																					4	3				
CA,SA,US																																										6
CA,SA,ZA																																							15			
CA,SD				1																																						
CA,SE			1							2				6	6	4	3	17		38		127	6			75	172	126	56	132	8	96	115	103	21	1	4	18	26	4	24	16
CA,SE,US																										27	3					34	7		15	9				1	5	
CA,SE,null																		3																								
CA,SG																	10	11		16	18	2	10	27		9	2		46							27	6	62	177	56		21
CA,SG,US																																		4		92		9	1			
CA,SI																																	7									
CA,SK						4										8		14	5				4		8		2		5	10	19	14	19									
CA,SK,US																															1											
CA,SN																		1																								
CA,TG																									2																	
CA,TH												1																8			11	7			5	9			47	4		14
CA,TH,US																																						10				
CA,TN																															5			1		15	2			8	2	
CA,TR																			1				15			18	5			38	12	31	52		6	6		6	5	3		3
CA,TR,US																			9						15	4	6	7													38	
CA,TT										3		2	3			18		2	4		1									3												
CA,TT,US																					4																					
CA,TW			2														20	17	42	20	14	7	66	27	113	11	2	55	39	1			17	2	4	3	78	18	14	1	9	
CA,TW,US																	27		3								7															
CA,UA																						10											43			101	5		4	158	23	
CA,UA,US																						2								5	2			7			12		50		3	
CA,US	91	67	50	61	63	61	48	173	84	17	112	141	126	211	66	325	292	224	781	361	400	222	787	569	513	675	914	872	972	1530	1764	1195	1345	1853	1340	1376	1311	881	1281	1584	1054	1661
CA,US,ZA																																			9		2			18		
CA,US,null																													49													
CA,UY		5																										23	6													
CA,VE																											2	1														
CA,VN																																										17
CA,ZA				3		6	7	14	5		5	5													10	4				9	11	43	21			11		56	11			
CA,null						1						6									21							4	54	57			20									
CD						1									38					5		5								11												
CD,CH,DE																							1					9					7				15	14			5	
CD,CH,DE,JP																																					2		8			
CD,DE																			2																	4		9				
CD,EG,US																														6												
CD,GB																																								13		
CD,GB,ZA																																								19		
CD,JP																																									4	7
CD,PL,SE														1																												
CD,ZA																							3																		3	
CD,null					1																																					
CF,KR																														1												
CG,CL,FR																						14																				
CG,FR						16																															21					
CG,GB																																										2
CH	3239	3066	3273	2619	3361	3024	2452	2463	2943	3836	3380	3110	2935	3747	3829	4498	4566	5256	4700	4970	4282	3793	5697	6195	4801	4948	4599	5392	5605	6426	5964	6485	7683	7562	7353	6889	6230	4992	7538	6799	7085	5275
CH,CI																						2								2												
CH,CI,CN,DE,EG																																							4			
CH,CI,DE																				7			1																			
CH,CI,DE,JP																																						17				
CH,CI,IR																																							2			
CH,CL																										2			2		7		1	1		12		2				7
CH,CL,DE																																			2			5				
CH,CL,DE,IT																																				4						
CH,CL,DE,NL																																								8		
CH,CL,ES,FR,US																																								3		
CH,CL,ES,GB																																								1		
CH,CL,FR																			9																						24	
CH,CL,IT																																								6		
CH,CL,NL																																								6		
CH,CL,PA																	4																									
CH,CL,US																																	21									
CH,CM																										2							1	79							17	11
CH,CM,DE																									1							2					14	7			3	12
CH,CM,DE,FR																																				1						
CH,CM,FR																																	1		4							
CH,CM,GB,GH																																								1		
CH,CM,GB,US,null																													4													
CH,CM,IT																												5					11									
CH,CM,PK																																										9
CH,CM,ZA																																										5
CH,CN	1		3				4	24			69	14	42	9	65	31	13	5	21		6			1	9	5	45	109	138	68	142	284	305	298	185	385	425	573	169	660	88	311
CH,CN,CU																																									10	
CH,CN,CU,DE																																										9
CH,CN,DE							2					2																	3	3	6		6		4			87		5	9	6
CH,CN,DE,FR,GB,US																																										5
CH,CN,DE,GB,IT,US																																	1									
CH,CN,DE,GB,MA																													7													
CH,CN,DE,IT,US																																								3		
CH,CN,DE,US																																		54								
CH,CN,DK,US																																								6		
CH,CN,ES																														165												
CH,CN,ES,GB																																								2		
CH,CN,ES,IT																																									4	
CH,CN,ES,JP																																										
CH,CN,ES,PT																																					8					
CH,CN,ES,US																															86	96			46		107					
CH,CN,FR																																				1	8	27	14		14	
CH,CN,FR,GB																																						1	1			
CH,CN,FR,TN																																										
CH,CN,GB																																			10	15	8					
CH,CN,GB,IN																																							9			
CH,CN,GB,IN,JP,KR,SE,US																																										
CH,CN,GB,IN,US																																									344	
CH,CN,GB,JP																																					2					
CH,CN,GB,JP,KR,SE																															1											
CH,CN,GB,SE																																										2
CH,CN,GB,US																																				13		199				
CH,CN,HU																																					7					
CH,CN,HU,US																																				20						
CH,CN,IE																																									4	
CH,CN,IN																							3																	21		
CH,CN,IT																														8								114				
CH,CN,IT,KR,LT,SA																																										5
CH,CN,JP																		9													20											
CH,CN,JP,KR																														2												
CH,CN,JP,LT,RU																																									1	
CH,CN,JP,NO																			5																							
CH,CN,KR,US																																		24								
CH,CN,LT,SA																																										
CH,CN,NL																																								1		
CH,CN,PK																																					7					
CH,CN,RS							3		26																																	
CH,CN,US																					3	1									13	41			66		36	167	49	3		32
CH,CO																					2						13	14														
CH,CO,EG,IN,MX,SA,ZA																																										5
CH,CO,ES																														2										4	2	
CH,CO,JP,ZA																																	15									
CH,CR																			4																							
CH,CR,ES																																								5		
CH,CU													17				32	11																								
CH,CU,GB,null																														12												
CH,CY																																		1								
CH,CY,DE																										32																
CH,CY,FI																																										7
CH,CY,FR																																				21						
CH,CY,GR																						5																				
CH,CY,SA																																								8		
CH,CY,SA,TR																																										5
CH,CY,US																																							1			
CH,CZ	6				2	3	4											2		16				15	1	28	82	27	34		1	50	10	17	4	52	38	45		77	31	113
CH,CZ,DE												1		2						3																				5		1
CH,CZ,DE,ES																																										
CH,CZ,DE,GB																3																										
CH,CZ,DE,HU																																		1					2			
CH,CZ,DE,IN,IT																											6															
CH,CZ,EG,RS												2																														
CH,CZ,ES																				1			1				3		3			2										
CH,CZ,ES,IT,RU													2																													
CH,CZ,FI,US																																	5									
CH,CZ,FR								8																						21	5	2					1					
CH,CZ,FR,TR																													1													
CH,CZ,GB																															1											
CH,CZ,GB,US																															3											
CH,CZ,IN																									2																	
CH,CZ,IN,IT																									6																	
CH,CZ,IN,IT,NL																										11																
CH,CZ,IN,IT,NL,US																										9																
CH,CZ,IN,US																								10																		
CH,CZ,IT																																								3	15	
CH,CZ,IT,RU,SK																																									82	
CH,CZ,IT,SE																																				10						
CH,CZ,PL																																					4					
CH,CZ,SA																																			4							
CH,CZ,SK																																				52						
CH,CZ,US																													22		106											
CH,DE	147	84	95	97	82	203	152	330	130	105	183	94	273	174	117	146	175	81	308	183	196	103	86	305	124	407	582	334	653	755	649	663	850	625	529	429	638	770	641	894	957	729
CH,DE,DK													1			1															2	4						29	30			
CH,DE,DK,FR,RU																																	2									
CH,DE,DK,GB																									9						7									1		
CH,DE,DK,GB,US																																				2						
CH,DE,DK,JP																																				4						
CH,DE,EE,FR																																						10				
CH,DE,EG,ES,SE																																				2						
CH,DE,ES																							28						14			18	22	13	29		15	30	50	18		
CH,DE,ES,FR,US																																				2						
CH,DE,ES,GB																																						4				
CH,DE,ES,GB,IT,NL,NZ,US																																								17		
CH,DE,ES,GB,IT,PT																																							41			
CH,DE,ES,IN																																					5					
CH,DE,ES,JP																																						4				
CH,DE,ES,MD																														2												
CH,DE,ES,PL																												5														
CH,DE,ES,PT																																								7		
CH,DE,FI																																				8						
CH,DE,FR						2					1	1			3		1			1	2	3	7									6	61	112	69	37	72	82	86	8	11	110
CH,DE,FR,GB																																		27								
CH,DE,FR,GB,TN,US																																							22			
CH,DE,FR,GB,US																																										225
CH,DE,FR,IT																																										
CH,DE,FR,IT,US																												2														
CH,DE,FR,KR																								1																		
CH,DE,FR,NL																																	7									
CH,DE,FR,PL,US																														1												
CH,DE,FR,RU																															5											
CH,DE,FR,US																														34												
CH,DE,FR,null					3																																					
CH,DE,GA																						1																				
CH,DE,GB					11											10		6	8					10	4	18		94		20	30	25	45	88	55	7	1		113	6	1	2
CH,DE,GB,IE,IT																						2											3									
CH,DE,GB,IT																																		17	7							
CH,DE,GB,IT,US																														97												
CH,DE,GB,NL																															75											
CH,DE,GB,NL,US																																	31									
CH,DE,GB,TH																																									23	
CH,DE,GB,US																														1												
CH,DE,GH																								2																		
CH,DE,GR																									4						2											
CH,DE,HR,SI																															13											
CH,DE,HU					4								3																		7							14				
CH,DE,HU,IT																																									9	
CH,DE,IE																														18							1					
CH,DE,IL	15																											1						55								
CH,DE,IL,JP																																						2				
CH,DE,IT													9			13				3			3	3		8		4	10	9	11		93	8	16		5	7		37	46	60
CH,DE,IT,MX																																										2
CH,DE,IT,NO,US																														1												
CH,DE,IT,TR																																					3					
CH,DE,IT,US																																					3					
CH,DE,JP						3					6				53												3		40									12			2	
CH,DE,JP,PL		8																																		1						
CH,DE,KE																												7										20	2			
CH,DE,KR																																									28	
CH,DE,LT																																				36						
CH,DE,LT,QA																																								9		
CH,DE,MD																												19			8	5							2			
CH,DE,MM																														4												
CH,DE,NL													2							6							5		21	3		17	63		19	88	16	19			13	1
CH,DE,NL,US																															11		94	123		173			349	1		
CH,DE,NO																																									3	
CH,DE,NO,US																			1								1															
CH,DE,NZ																																										3
CH,DE,PK,SA																																	1									
CH,DE,PL																				5	2					33	24		8				16	18	19	1		18	101	162	48	
CH,DE,PL,RO,TR																																									5	
CH,DE,PL,UA																																						2				
CH,DE,PT																								11		20																27
CH,DE,QA																																								4		
CH,DE,RS																																15						5				
CH,DE,RU																		9				2				4	6		6		3						20			5		6
CH,DE,SA																																						4				
CH,DE,SD																													3													
CH,DE,SE																																			8			2				11
CH,DE,SE,null																													1													
CH,DE,SI																														1	11			17								
CH,DE,SK																	1																									
CH,DE,SK,US																												17														
CH,DE,TH																																		4			82	42		2		
CH,DE,TR																										14						2			3							
CH,DE,TR,US																																				6						
CH,DE,UA																				9			4										7			6	9					
CH,DE,US		4		10		6	9				1		6		1	6			139		140	7				30		27		47	44	18	34	3	11	3	590	42	15	15	174	43
CH,DE,VE																																				21		2				
CH,DE,VN												9																			4											
CH,DE,ZA																7														27				17								
CH,DE,null					53	46			10					16		3			1											25												
CH,DK	5	13																	1		1		4	57	13				19	18	9			2	9						18	24
CH,DK,FR																							4			12									3							
CH,DK,FR,GB,IT																															4											
CH,DK,FR,IT																																								1		
CH,DK,FR,SE																															20											
CH,DK,GB																																					3					
CH,DK,GB,US																																1								6		
CH,DK,IT																											26															
CH,DK,SK																																	1									
CH,DK,US																																				56		23				
CH,DZ																				1										2								3		6		
CH,DZ,ES																																						4				
CH,DZ,FR																									1													2				
CH,DZ,IR																																										
CH,EC														2																												
CH,EC,IR,IT																																				6						
CH,EC,US																																							1			
CH,EE																							1																9			
CH,EE,FI																																			6							
CH,EE,US																																								7		
CH,EG								2				7	2								16	42	11		17					47	4	20	20									7
CH,EG,GB																																									4	
CH,EG,GB,IT																																									18	
CH,EG,GB,KW,SA																																									1	
CH,EG,GB,US																																	24									
CH,EG,IN,MX,SA																																								2		1
CH,EG,NO																																	3									
CH,EG,PL																																11	14				9					
CH,EG,SA,UY																																								3		
CH,EG,US																														25	68							16			42	
CH,ES	14	3				7	30			1	28		27			141	61	78	57	64	111	54	94	141	106	65	46	144	143	184	68	258	122	278	102	204	115	333	257	121	101	31
CH,ES,FI																			2																							
CH,ES,FR																			10		18		10	44	3		3				10		68		4	15	37	30		28		
CH,ES,FR,GB																																			45							
CH,ES,FR,GB,GR																																							3			
CH,ES,FR,GB,SI																															11											
CH,ES,FR,IT																														4												
CH,ES,FR,MA																1																										
CH,ES,FR,NL																								10																		
CH,ES,FR,PT																																	7									
CH,ES,FR,RU																														4												
CH,ES,FR,TN																																				2						
CH,ES,FR,US																														13											17	
CH,ES,GB															1				19				33		10	10						81	4			4	34	4		1	32	
CH,ES,GB,IN,JP																										2																
CH,ES,GB,IN,KE,US																																										61
CH,ES,GB,IN,SE,US																																								138		
CH,ES,GB,IT																																	18									
CH,ES,GB,IT,PT																																								25		
CH,ES,GB,JP																																				14		19				
CH,ES,GB,PL,SE																															40											
CH,ES,GB,PT																																			10							27
CH,ES,GB,SE																													14		52		10									
CH,ES,GB,TR																															4											
CH,ES,GB,US															9																						75			46		
CH,ES,HR																																						19				
CH,ES,IE,IT																																							83			
CH,ES,IE,US																												53														
CH,ES,IN																				4	1					2									23							
CH,ES,IN,IT																																										4
CH,ES,IN,JP																								1																		
CH,ES,IN,US,ZA																																			42							
CH,ES,IR																																			1				1			7
CH,ES,IR,PT																																										23
CH,ES,IT																						9						26	81	120		19	16	24	80	8		94				94
CH,ES,IT,MW																	3																									
CH,ES,IT,RU																																		1								
CH,ES,IT,TW																																		7								
CH,ES,JP												2																														
CH,ES,KE																								4																		
CH,ES,KR																											1	1														
CH,ES,KZ,PL																																									6	
CH,ES,LT																																			2							
CH,ES,MU															1																											
CH,ES,NL																												6				6				5				11		15
CH,ES,NL,ZA																																	7									
CH,ES,NZ																																		1								
CH,ES,PL																																	1									
CH,ES,PT																				10																2						
CH,ES,PT,US																																	21									
CH,ES,RO																											1															
CH,ES,RU,US																																							1			
CH,ES,SA																																				1		7				
CH,ES,SG,US																																									24	
CH,ES,SI																																	1									
CH,ES,TR																																				2						
CH,ES,TW																																				10						
CH,ES,US																					2	95					2							35			118	9	1	82		
CH,ES,ZA																				2					4									8				316				
CH,ES,null																							22																			
CH,ET,NL																																				1						
CH,FI							2	4										5												8	9	12	10									
CH,FI,FR																																2										
CH,FI,GB																																			1							
CH,FI,GB,GR,IT																																		3								
CH,FI,GB,RU																																		1	5	2			1			
CH,FI,IL																																				12						
CH,FI,IT																															33											
CH,FI,JP																																			6							
CH,FI,US																																		1								
CH,FR	4	3	2	38	55	68	27	42	4	40	48	7	93	92	186	95	42	160	119	102	221	203	173	172	369	365	285	377	225	316	398	356	314	420	532	226	301	211	194	233	231	382
CH,FR,GB																				1	19		17			2			18			11	19	13	14			6		3		
CH,FR,GB,IL																						3																				
CH,FR,GB,IN,IT																																								62		
CH,FR,GB,IN,JP,US																										8																
CH,FR,GB,IT																																8				3				3		
CH,FR,GB,PL																																								14	6	
CH,FR,GB,PT																													19													
CH,FR,GB,TH																																					1					
CH,FR,GB,US																																14						55				
CH,FR,GR										1								1																9								
CH,FR,GR,JP															1																											
CH,FR,HU																	84				18															4						
CH,FR,HU,IT																																								1		
CH,FR,HU,PT																											3															
CH,FR,IL																																			16							
CH,FR,IN																																		198								
CH,FR,IN,IT																															2											
CH,FR,IN,RO																																										2
CH,FR,IR																																			2							
CH,FR,IT								2							2						2	22		7	10		19	59	16		4			18	1	9	38	13		18	17	102
CH,FR,IT,JP																																					16					
CH,FR,IT,PL																																							1			
CH,FR,IT,RU																																					40					
CH,FR,IT,US																			4		3			4																		2
CH,FR,JP																							9		25							13										
CH,FR,JP,US																																								2		
CH,FR,KW																																		3								
CH,FR,LT,US																																								1		
CH,FR,LV																																				17						
CH,FR,MD,PL																									2																	
CH,FR,ML																																								6		
CH,FR,NL																															4		35								26	
CH,FR,NL,RE																																					2					
CH,FR,NO																									1				1													
CH,FR,NZ																															11											
CH,FR,PL				12							9							129			37	31	46		35												1		11	3	35	
CH,FR,PL,RO																																	1									
CH,FR,PL,US																	5																2									
CH,FR,PR,US																			2																							
CH,FR,PT																		2																2								
CH,FR,RO																														4												
CH,FR,RU																															8				2		1					3
CH,FR,RU,ZA																																								4		
CH,FR,SE																																			8							
CH,FR,SI																										4																
CH,FR,SK																																							6		1	
CH,FR,TN																																	6									
CH,FR,US														6				12	4				1		7		27		1	10	19	23	26	6	23	10	215	97		153	2	61
CH,FR,VN																																					8					
CH,FR,null																														6												
CH,GB	6	4	40	17	13	14	54	23			50	20	8	18	15	9		137	59	132	28	181	120	192	86	6	97	250	231	492	283	435	175	272	352	107	390	164	90	301	138	255
CH,GB,GH																																		3								
CH,GB,HU																					3																					
CH,GB,IE																												16		5	30	2							41		14	
CH,GB,IL																																	7									
CH,GB,IL,US					6																																					
CH,GB,IN																					8		2	3											51	107	12		12			50
CH,GB,IN,JP																						2																				
CH,GB,IN,US																																9								145		
CH,GB,IN,ZA																																			10							
CH,GB,IT			2										1		2								12		85					33		21		112	8					33		
CH,GB,IT,US																		8												62												
CH,GB,JP																			1									49		22											4	
CH,GB,JP,US																																					4					
CH,GB,KE,PT,ZA																																					103					
CH,GB,MD																								3																		
CH,GB,MD,null																												5														
CH,GB,NL																											17	383		7			3		16				16			
CH,GB,NO,RU,US																																2										
CH,GB,NZ																							1																			
CH,GB,NZ,US																												7														
CH,GB,None					25																																					
CH,GB,PK																															9											
CH,GB,PL																																			1							
CH,GB,PR,TR,US																											3															
CH,GB,PR,US																														4												
CH,GB,PT																																		5								
CH,GB,PT,ZA																																							9			
CH,GB,RU																							1				9				18					30						
CH,GB,SE																						2						30												2		3
CH,GB,SE,US																																										9
CH,GB,SG																									21							23	11				4					
CH,GB,SI																																36		8								
CH,GB,SK																														24												
CH,GB,TH																														9												
CH,GB,TR																														7		23										
CH,GB,US	2							17					13				13	35	23	8				23		16	7	2	9	20	56	199	71	36	38	96	56	6	10	1	139	53
CH,GB,US,ZA																																									210	
CH,GB,US,null																													4													
CH,GB,ZA																																						137		168		
CH,GB,null																												5		16												
CH,GH																																		2	4							4
CH,GN																	1	1																								
CH,GP																										6																
CH,GR													3					5					3		4		3					11	6			12	46	17	2	25	99	
CH,GR,HR																																	2									
CH,GR,IN																																							15			
CH,GR,KH																																		4								
CH,GR,LU																																								15		
CH,GR,NL																																		3								
CH,GR,PL																																						1				
CH,GR,US																																										33
CH,HR			6																									4		15	12		6			3	1	10				
CH,HR,PL																																										6
CH,HU				4					1			15	14		7	23	4	20	32	24	1	8	56	84	27		28						13	3		13	21			25		
CH,HU,IT											7																												11			
CH,HU,IT,US																							8																			
CH,HU,JP									9																																	
CH,HU,MG																					7																					
CH,HU,NO													8																													
CH,HU,PL																																			4							
CH,HU,RS																4																										
CH,HU,RU																1																										
CH,HU,US															3			1		2		21													18		8				13	
CH,HU,ZW																2		2																								
CH,ID															3	4	5	3		6														5								
CH,ID,IE,IT																																12	8									
CH,ID,JP																								8																		
CH,IE																				3										13	119	17	11				8		11		1	14
CH,IE,SG																																						1				
CH,IE,TR,US																																	17									
CH,IE,null																												9														
CH,IL					4	14		13	4	5	25	1	6	1							18					10		38	10	70	53		2	12		1	18		12	25		
CH,IL,IT,SE																																								5		
CH,IL,JP																													90												11	
CH,IL,NL																																									2	
CH,IL,US																																		5					21			4
CH,IN			1		2			39	2		5			4				2		4	3	4	13	9	6	26	62	89	28	123	278	187	152	96	69	56	16	26	7	66	32	68
CH,IN,IR																															2											
CH,IN,IT																									9								18		20					6		
CH,IN,IT,NZ,SE																																										18
CH,IN,IT,TW																																		6								
CH,IN,IT,US																																					15					
CH,IN,JP																											7									2						
CH,IN,KR																																	6		3							
CH,IN,MX																																	8							3		
CH,IN,MX,MY																																	10	5								
CH,IN,NL																																										
CH,IN,NZ																																					4					
CH,IN,PK																															1											
CH,IN,PL																																							7			
CH,IN,PT																																		7		4						
CH,IN,SA																																			6							
CH,IN,TW																																								1		
CH,IN,US																									1	5	13		11	27			12	37								127
CH,IQ,PK																																			12							
CH,IR															1	2					5	16			2	5	9		1	6	3	12	7	23	26	24	27	29	35	21	10	19
CH,IR,IT																																										1
CH,IR,IT,NL																																										44
CH,IR,IT,PT																																									5	
CH,IR,NE																																								12		
CH,IR,OM																																							66			
CH,IR,PA																																			12							
CH,IR,PL																																				2						
CH,IR,RU																																					2					
CH,IR,SE																																						3		3		
CH,IR,US																																2					2	3		6		
CH,IS,NL																															20											
CH,IT	35	28	35	59	73	54	72	58	55	124	78	98	31	5	35	225	54	111	145	167	143	178	88	143	149	85	97	133	109	282	261	290	438	299	137	324	130	297	221	708	155	277
CH,IT,JP											10							2																								
CH,IT,KR																															19											
CH,IT,LU,NO																																									3	
CH,IT,MD																										2														5		
CH,IT,MD,PL																										3																
CH,IT,MX,TH																												15														
CH,IT,NL																11	1	1												3					4							
CH,IT,NL,US																																						71				
CH,IT,NZ																						12																				
CH,IT,PL						24				2						24																					16	15		8		
CH,IT,PT																					1							2	7			10								15		14
CH,IT,PT,US															10																											
CH,IT,QA																																						4				
CH,IT,RU																										4				19				6								
CH,IT,RU,SK																																7										
CH,IT,SA,US																																18										
CH,IT,SE																															7											
CH,IT,TH																																										1
CH,IT,TR																																								12		
CH,IT,TW																																	16									
CH,IT,US															14		23			7		4	19		68		9	8	1	16			12		3	12	8	83	79	47	7	102
CH,IT,ZA																																									4	
CH,JP	14		19	14	6	10	63	8	24	1	60		11	28	34	18	30	2	11	11			2	10	47	77	34	52	42	114	33	60	93	91	52	53	81	100	137	33	148	61
CH,JP,NL																													21													
CH,JP,NO																																								14		
CH,JP,SE,SG																															2											
CH,JP,US													5			43				5											25		36	109				5				25
CH,JP,ZA																																	47	44								
CH,KE								2								2																										
CH,KE,ZA																																					20					
CH,KR													4							1							1	6	9	47	22	21	14	14	3	3	15	8	7	2	102	2
CH,KR,LT,SA																																										10
CH,KR,NZ,SG																															3											
CH,KR,SD																																								3		
CH,KR,SG																																										1
CH,KR,US																													7	115												
CH,KW																																16				11	18					
CH,KW,US																																			4							
CH,KZ,US																																					4					
CH,LB																										6														3	3	
CH,LK																			10																							
CH,LK,SE																				1																						
CH,LT																																				1	12	17	3		20	
CH,LT,SA																																					9				5	
CH,LV																														30	107								20			
CH,LV,US																																										
CH,MA																21											3															
CH,MD																								2		5				12	4				1	6	5					8
CH,MD,PL																								11	11								5									
CH,MD,PL,RO																																							4			
CH,MG																			2				7																			
CH,ML																							4			3																
CH,MN															10	2																										
CH,MU								5																																		
CH,MW					2	7	10	10	2	2	6	3	6																													
CH,MX							15															8								30				35						38		
CH,MX,US																									3																	
CH,NC,PL																																							1			
CH,NE											14	10																						7								19
CH,NG									6			2																									2					
CH,NL	15	3		1								2	31	6				20	13	57	3	5	2	7	5	7	20	49	39	11	48	1	22	121	78		34	15	21	8	371	63
CH,NL,RU																																						11				
CH,NL,SA,ZA																																										
CH,NL,SE																																		1								
CH,NL,TR																							1																			
CH,NL,US																											6				4						68	30				
CH,NO		1						4	7						1									6				10				20		5	12	144			80			
CH,NO,NZ						7																																				
CH,NO,US																																					8					
CH,NO,ZA																																									2	
CH,NZ		8				2			3			50														18	7			15	40		108	32		15	25					
CH,NZ,RU																																			11							
CH,NZ,SG																																10										
CH,NZ,US																																23										
CH,PA							10			6	5	2	8					9		11	1		1				8										12		1			17
CH,PA,US															1																		2									
CH,PG										1			9		1			7																								
CH,PH																																							5			
CH,PK																														8	1		7	21		7	6	10			6	
CH,PK,SA																														8										4		
CH,PL	3	3	61	3								22	14	35	30	24	29	68	32	13		41	14	32	45	97	101	156	118	92	137	61	177	88	97	191	133	126	15	18	85	5
CH,PL,RO																														1		7		6					2	4		
CH,PL,RU																								3																		
CH,PL,SI																																1										
CH,PL,UA																								4			1															
CH,PL,US																				17		12			4				2	4				1								
CH,PS,US																																10										
CH,PT					1					25									5	1				27	24	3	15	30	70	23	108	24		4	11	14	7	13			22	
CH,PT,UA																																					6					
CH,PT,US																				12																						
CH,PT,ZA																																							20			
CH,QA																																				13	18					
CH,RO																									4								6		23			5	1		1	
CH,RS	4						3				2					3	14							14			10									4			5	38	69	19
CH,RS,SI																											6															
CH,RS,US																											12															
CH,RS,ZA																																							16			
CH,RU					28									2		19	8	22	6		15	25	28	26	27	19	3	5	8	69	24	16	4	6	46	20	9	26	82	15	32	3
CH,RU,SK																																			10							
CH,RU,TJ																																					10					
CH,RU,UA															14																											
CH,RU,US																					16		1										3						42		3	
CH,RW																																									3	8
CH,SA																							3				2									14		5				
CH,SA,US	1																																					2				
CH,SE			18						19			15				1	3		6	5				23	4	73		7	6				17		1	16		43	4	17	78	257
CH,SE,SG																																	15	3								
CH,SE,SI																																										12
CH,SE,US														22		2										1		1		5			9	1			2		46			
CH,SE,ZA,ZW																																			63							
CH,SG														2	1					9	10	10				46			53		44	6		16	52	4	99	3	4	17		
CH,SG,US																														35	103	92	52					59				
CH,SG,ZA																																			56					63		
CH,SI	2							1													16						31							50								3
CH,SI,US																																				2						
CH,SK												21			13	44				8	15						2							1	12		22			63		
CH,SN																																							2			
CH,SZ																				5																						
CH,TH																																	4		13				52			
CH,TH,US																																								47		
CH,TN																																						1				
CH,TR							5		4	6	5	10	6	15	4	8	8	16	29	10		14		22	7	4	12	23	54	29	2	82		81	76	150	89	117	147	137	137	97
CH,TR,US																	8					2																				
CH,TW																													2				14	79								
CH,TW,US																15														24		1					9					
CH,TZ,ZA																																3										
CH,UA																			10		7		1	1		1	1		2		3	4										
CH,UA,US																																	10									
CH,UG,ZA																																	3									
CH,US	44	3	70	38	20	29	17	84	52	17	54	68	115	90	112	137	99	167	257	223	182	525	192	746	425	150	264	428	575	1034	308	423	492	883	630	650	513	808	863	1364	513	952
CH,US,VE																								3																		
CH,US,ZA																																7	40	8					7			3
CH,US,null																												27														
CH,UY																																										9
CH,VE																							3							27									9			
CH,ZA									7			8																	33		28		41	89	103	9	28	49	119	8	142	39
CH,ZA,null															3																											
CH,ZW																	4	9		3	5			3																		
CH,null	11			2	4			22				3	3	4						41								84	25				55									
CI							11	5		4		8	3																							25	1		3	8		53
CI,CN,FR																																								25		
CI,DE										3	7	1		4				2					6																			
CI,DE,EG																																										4
CI,DE,EG,IN,NG																																										
CI,DE,EG,JP																																								7		
CI,DE,GH																			1																							
CI,DE,JP,NG																																										
CI,ES,IT,MU,TR																																							3			
CI,ES,PT																																						1				
CI,FR	10										33				14				1	11				15		35		1			16	30		57	55	80	71	22	19	21	6	25
CI,FR,ID																									35																	
CI,FR,TG																						11																				
CI,FR,US																														2												
CI,IT,MU,TR																																									4	
CI,MU,PL,TR																																									6	
CI,PL,TR																																										1
CI,RU																								11				10		2		16										
CI,TN																																										
CL	35	42	39	56	97	89	53	95	105	151	192	62	115	49	168	146	133	72	138	88	115	178	197	264	235	131	127	155	301	229	223	114	363	289	179	205	203	257	186	203	216	93
CL,CN																																									52	
CL,CN,CZ,DE																															13											
CL,CN,GB																																	1		1							
CL,CN,IN,KR,SA																																										1
CL,CN,IN,US																																									10	9
CL,CN,US																																									2	2
CL,CO																		17	8											1		8	8	19	11	33	15	20	17	44	4	65
CL,CO,CZ,ES																																										1
CL,CO,DE																																					1					
CL,CO,DE,US																																									7	
CL,CO,ES																																1			5		11	15				
CL,CO,IR,SA																																						2				
CL,CO,MX																																							6			
CL,CO,NL																																									5	
CL,CO,PE																																					9		2			
CL,CO,US																																							5			
CL,CO,UY																																					1		12			
CL,CU																														5			1								6	4
CL,CU,DE																																							83			
CL,CU,ES																																				8						
CL,CZ																																							22		7	61
CL,CZ,ES																																								46		
CL,CZ,PT																															3											
CL,DE			14		13			39	27	24	110	33	4	7	6	14	3	44	7	1	26	2	11	6			13	5	3	2	42	77	37		29	24	18	15	47	22	43	14
CL,DE,EC,IT																																						8				
CL,DE,ES															1												15				2	1	5		2			6		4	31	
CL,DE,ES,IT																																										51
CL,DE,ES,IT,JP																															26											
CL,DE,ES,MX																																								6		8
CL,DE,ES,US																																					3					
CL,DE,FR																									3	12																
CL,DE,FR,RU																																										10
CL,DE,GB																								10				4			3											
CL,DE,GB,OM																																								24		
CL,DE,IN																														12												
CL,DE,IT																																								4	21	
CL,DE,IT,RO,TR																																					3	2				
CL,DE,NL																																						4				
CL,DE,NL,US																																				7						
CL,DE,PE																														5										12		
CL,DE,PK																																						27				
CL,DE,PT																																3										
CL,DE,US			1					8																						5		7									8	31
CL,DE,null										13																																
CL,DK																													1											6		
CL,DK,FR,GB,US																																						1				
CL,EC																																				5						
CL,EC,MX,VE																																									1	
CL,EC,VE																																							1			
CL,ES	36	24		25	18		1	3	7	26	12	19	45	5	2	19	30	26	35	72	16	23	34	74	51	65	42	73	35	38	99	86	179	79	92	52	57	124	117	33	56	23
CL,ES,FR																				4	3	29		26	7		6		40				11							4	3	3
CL,ES,FR,GB																							5																			
CL,ES,FR,VE																					5																					
CL,ES,GB														8								3			1								8			13			4		36	
CL,ES,IE																																		13								
CL,ES,IN																																			7						1	1
CL,ES,IN,JP																																						4				
CL,ES,IR																																							1			
CL,ES,IR,RU																																								1		
CL,ES,IT																	5															2		67			3					
CL,ES,IT,US,UY																																6										
CL,ES,JP																																	1		19	4		5				
CL,ES,MX																														8				4								1
CL,ES,NL																																				1						
CL,ES,PA																						11		2		2			10													
CL,ES,PE																																								4		
CL,ES,PE,PT																																									8	
CL,ES,PT																																	7									
CL,ES,PY																					2																					
CL,ES,SE																																										
CL,ES,TR																															12											
CL,ES,US																																	13		9						48	
CL,ES,UY																	19												57	13												
CL,FI																																						1			3	
CL,FR	2		1		6	5	14		7	1	4	14	3	10	8	11	38	4	10	7	20	51	52	19	28	26	23	18	3	54	38	1	16	24	21	10	53	16	37	13	8	17
CL,FR,GB																														6		3		15	3					1		
CL,FR,IN																										4																
CL,FR,IT								8																											12							
CL,FR,JP,RU																																										20
CL,FR,MA																9									8																	
CL,FR,MX																															7											
CL,FR,NZ																								3																		
CL,FR,NZ,US																				2																						
CL,FR,RO																							1								2											
CL,FR,US																														2											44	
CL,FR,UY																3																										
CL,FR,ZA																										2		3														
CL,GB		2		3									4			3	4		13		6						2		15		9		3	16		11	6	6		1	6	19
CL,GB,IN																											4														2	
CL,GB,US																														21												
CL,GB,VE																	9																									
CL,HK													10																													
CL,HU,IT															3																											
CL,HU,PT																									7																	
CL,IE																										1				3												
CL,IL																																								11		
CL,IN																														14	24	5	3		6	16	29	5	22	32	23	12
CL,IN,IR,US																																										2
CL,IN,PK																																										9
CL,IN,RU																																					1					
CL,IN,SA																																										
CL,IN,TR																																								2		
CL,IN,TW																																									2	13
CL,IN,US																																17				131	49				2	17
CL,IQ,VE																																									6	
CL,IR																																			2	2						
CL,IT				7		5	4	2				3			6			2	5			2		6			11				28	45						10	9	18		12
CL,IT,US																							30			2			3	9		11										
CL,JM																																						1	6			2
CL,JM,PE,SA																																								2		
CL,JP																																							5			
CL,KR																																						3				
CL,MX																							2		9		7		10	24	1	11	3	2				5	10	2	13	38
CL,MX,PY																																								12		
CL,MX,PY,UY																																									6	
CL,MX,US																																	2				1					
CL,MX,UY																																								17		
CL,MX,VE																																								1		
CL,MY																																									3	
CL,MY,TR																																15										
CL,MY,VE																																								2		
CL,NL																																									1	
CL,NZ																														2												
CL,PE																																										1
CL,PE,VE																																							6	5		
CL,PK																																							19	2	1	
CL,PK,SA																																									2	1
CL,PL																																		7				20				
CL,PL,TR																																				1						
CL,PT																											1		2						7							
CL,PT,US																																				1						
CL,PT,UY																																		8	3							
CL,PY																					4																			6		1
CL,RO,VE																9	23																									
CL,RU																								1										13								
CL,SI																																								8		
CL,TR																																										13
CL,UA,US																																									3	
CL,US	49		12	5	1		10	36			1	1	7		6	8	6		16	7	6	7	5	15	1		115	6	23	12	2	15	50	23	45	3	17	40	77	132	26	35
CL,US,UY																																						3				
CL,US,VE																				1																						
CL,UY																				1			4	6	1			8			3			9	28					13		27
CL,UY,null																												37														
CL,VE	5																8	10		4		5			4							7		6	13	6		17				1
CL,null						8																							2													
CM	5	10	24		2	3	2	7	9			15		2	24	3	3	3	20	1		15	11	4	4	6	7			14	4	15	9	3		9		6	5	6	16	16
CM,CN																												4	1	2	5	10	3	3	3			2	2	12	1	1
CM,CN,DE																																	1	11	5		11	7		4		
CM,CN,DE,HU																																										8
CM,CN,DE,IN																																2										
CM,CN,FR																																									3	
CM,CN,GB																											7															
CM,CN,PK																																									5	
CM,CO,GB,IT,SE																																					4					
CM,DE							2			2	1		1			11					33		1		3	42	7	5	14	9	15	39	19	29	25	6	15	14	14	27	76	70
CM,DE,EG																														4												
CM,DE,FR																											3								2	5			3			
CM,DE,FR,JP																													3													
CM,DE,FR,JP,null																														6												
CM,DE,FR,PK																												5														
CM,DE,FR,US																																	4									
CM,DE,FR,ZA																						1																				
CM,DE,GA,PK																																							6			
CM,DE,GB																																					2		3	4	3	3
CM,DE,GB,KE,ZA																																									2	
CM,DE,GB,PK																																									6	
CM,DE,IN																																	11	1	2							
CM,DE,IT																																										11
CM,DE,JP																																						1				2
CM,DE,JP,MG																															3											
CM,DE,KE																																								7	2	
CM,DE,MG																												3														
CM,DE,MG,PK,ZA																																		2								
CM,DE,MG,US																																				4						
CM,DE,NP,PK																																2										
CM,DE,OM,PK																																			2							
CM,DE,PK																									2		7		6		3							2			5	
CM,DE,PK,RO																																								3		
CM,DE,PK,US																												3														
CM,DE,PK,ZA																																						4				
CM,DE,RO																																						16				
CM,DE,TN																																									4	
CM,DE,TR																																									7	
CM,DE,US																															1					16		7				2
CM,DE,ZA																											2	3		2					7			5		13		
CM,EG,JP,MM																																								3		
CM,EG,US																															4											
CM,ES																																								8		
CM,ES,GA,IT,TD																																				1						
CM,ES,GA,TD																																								2		
CM,ES,IT																																	3									2
CM,ET																	1	3																								
CM,ET,FR,ZA																				4																						
CM,FR							7	8	9			6		9	5			9	3	10	7	2	4			17		12	4	18	8	21	24	9	10	26	7	15	1	38	15	3
CM,FR,GA																																										
CM,FR,GB								10					7																							2				1	2	
CM,FR,GR																																					3					
CM,FR,IT																																		3					4			
CM,FR,JP																								2						3	13		3									
CM,FR,JP,null																													5													
CM,FR,LU																													2													
CM,FR,NZ																												1	1													1
CM,FR,PK																										4	3	27				8			2							7
CM,FR,SA																																										1
CM,FR,SE														4			6																									2
CM,FR,SN																																					3					
CM,FR,US																												2									11					
CM,FR,ZA																					3		6																		4	
CM,GA,IN																																										3
CM,GA,PK																																						3				
CM,GB		3		6	6		2		3	16	8	6		10				6	3			3	10	5	9		4	1								7					5	2
CM,GB,KE																														1												
CM,GB,KE,ZA																																								10		
CM,GB,PK																																							3			
CM,GB,PK,ZA																																		1								
CM,GB,SE																		3				7																				
CM,GB,US																										3														9		
CM,GB,ZA																																2						4	2		3	
CM,GR																																	6									
CM,HU																															2											
CM,ID,JP,TW																																					2					
CM,IN																												1					3				1		11			
CM,IT																														5	5		5	4		2						4
CM,IT,KR																																				5						
CM,IT,SE																																				4						
CM,JM	26																																									
CM,JP																														1			3	3	2	20	6	14	4		14	7
CM,JP,MG																																2										
CM,JP,TR																																					7					
CM,JP,US													1																			2						6				
CM,JP,ZA																															8											
CM,KR																			3							1	5	17	7	4	1	4										3
CM,KR,US																																					11					
CM,KR,ZA																														2	7											
CM,MA																																						2				
CM,NG				7	10																																					4
CM,NG,PK																																									4	
CM,NG,PK,US																																5										
CM,NG,US																									7										1							
CM,NG,ZA																																	3									
CM,NL,US,ZA																																					2					
CM,PK																			3						6	1	2	14	4	4					5	2	7	5	8	7	10	18
CM,PK,PT																												3														
CM,PK,TR																																								3		
CM,PK,ZA																																				4			5			7
CM,RO																														17			25								2	1
CM,RO,TR																																										3
CM,RU																														3					93							
CM,RU,VN																																			15							
CM,SA,US																																										2
CM,SE															2	5		2		3		2		3								1										
CM,SE,US																			1																							
CM,TN																												10		2												
CM,TR																																		1		1	5		1	1	26	2
CM,TR,ZA																																										2
CM,US																										2	3				8							4	2	3	1	4
CM,ZA																						1				6					1			4	1	4	4	16	3	4	5	4
CN	59	100	115	209	311	411	866	837	1225	1500	1484	1629	1806	1669	2438	3524	4209	4273	4958	6556	6856	9376	12056	14155	17140	21957	25933	32254	42200	57650	71907	85599	108800	124810	133106	147534	160105	182913	208988	198763	238912	273153
CN,CU,FR																																4										
CN,CY,GR,IN																																										2
CN,CZ				2															42					1			13		9	57		1	3	40	10	14	49	86	8	87	10	36
CN,CZ,DE																							46					17	13	3									3		21	
CN,CZ,DE,ES,TW																																			4							
CN,CZ,DE,FR,PL,SI																																									57	
CN,CZ,DE,JP																							4																			
CN,CZ,EG,RS,SK																																								4		
CN,CZ,ES,KR																																		36								
CN,CZ,GB																																	4			5						
CN,CZ,GB,PK,SA																																									1	
CN,CZ,IN																						2											1									
CN,CZ,IR																																			28							
CN,CZ,JP,TW,US																																				4	13					
CN,CZ,KR																																									5	
CN,CZ,KR,US																																								31		
CN,CZ,LT,SE																																	6									
CN,CZ,PL,US																															9											
CN,CZ,SG																																		3	74	57						
CN,CZ,SK																																	4	4					12	8		
CN,CZ,US																															1								36		5	
CN,DE	11	13	1				4	14		51	72	2	45	18	7	2	22	31	52	28	28	49	152	61	95	71	104	182	278	300	692	574	714	542	407	613	1233	1005	1255	1403	1827	1701
CN,DE,DK																												4									6					
CN,DE,DK,JP,US																																								10		
CN,DE,DK,OM,PK,SA,ZA																																								1		
CN,DE,DK,US																																										
CN,DE,EG																	7																8	3	14		4	4	10		18	3
CN,DE,EG,HU																																			4	13	10		3			
CN,DE,EG,HU,SA																																					15					
CN,DE,EG,SA																																				6						4
CN,DE,EG,TR																																						8				
CN,DE,ES																					26												8	33		41		7	4		15	
CN,DE,ES,FI,IE																																										
CN,DE,ES,GB																																	3	8								
CN,DE,ES,HU																																										11
CN,DE,ES,JP																																									2	
CN,DE,ES,NL																																								5		
CN,DE,ES,PL																																										2
CN,DE,ES,PR,US																																										5
CN,DE,ES,US																																										
CN,DE,FI																																		23				30		11		
CN,DE,FI,FR																																								58		
CN,DE,FI,GB																																										5
CN,DE,FI,JP																																		7								
CN,DE,FR													2		4		5									49			19			6		16		2		1	1	3	7	80
CN,DE,FR,GB																													7			2										
CN,DE,FR,IT,NL,US																																										32
CN,DE,FR,RO																																			2							
CN,DE,FR,US																																	2			1			91			
CN,DE,GB																						2		19				17	16	46	7	6	5	13	13		6	81	71	29	30	120
CN,DE,GB,IT																																						12				
CN,DE,GB,IT,RU																																										
CN,DE,GB,JP																																					2					
CN,DE,GB,LU																															5											
CN,DE,GB,MN,null																													5													
CN,DE,GB,MY											13																															
CN,DE,GB,PR																														1												
CN,DE,GB,PT,RU,SE																																									3	
CN,DE,GB,SG																																							1			
CN,DE,GB,US																																		216	41		119	229	10		69	
CN,DE,GB,null																													5													
CN,DE,HK																												2													11	13
CN,DE,HK,HU																									1																	
CN,DE,HR																																1					2					
CN,DE,HU																															36	11	37	8	5	22		10	38	15	13	
CN,DE,HU,ID																																					5					
CN,DE,HU,IN																																					3					
CN,DE,HU,IT																												8														
CN,DE,HU,LU																																	10									
CN,DE,HU,MA																																	6									
CN,DE,HU,SA																																				3	30					
CN,DE,HU,TR																																			1				5			
CN,DE,ID																																				2						
CN,DE,IE																									2				8	2									19	67		
CN,DE,IL																																									5	
CN,DE,IL,IN																								2																		
CN,DE,IN																					4				11							5		10	6	22	5	1	6	7	9	4
CN,DE,IS,US																																								26		
CN,DE,IT														9										12							4	5	19			7		2	11		8	
CN,DE,IT,RU																																								3		
CN,DE,IT,SA																																								4		
CN,DE,IT,SA,US																																								2		
CN,DE,JO,PK																																							1			
CN,DE,JP																					2			3		6									1		15	8	19	3		10
CN,DE,JP,PL																																										2
CN,DE,JP,TW																																			1							7
CN,DE,JP,US																																									18	
CN,DE,JP,ZA																																		5								
CN,DE,KE																															11											
CN,DE,KE,MY																																5										
CN,DE,KR																														3	2			9	1					4		7
CN,DE,KR,LU																																		5								
CN,DE,KR,US																																						46				
CN,DE,MX																														2												
CN,DE,MY																	1					9																10				
CN,DE,NG																																		15	1	3				38		
CN,DE,NL																									14	5		4		22	121	53	13	68	9	23	6		12	5	15	28
CN,DE,NL,US																																								1		
CN,DE,NL,null																													1													
CN,DE,NZ																																			7							
CN,DE,OM																																4						108				
CN,DE,PK																																		20	15	6	5					20
CN,DE,PK,TR																																										
CN,DE,PL											14																															
CN,DE,PR																																						1				
CN,DE,PT																																			3							
CN,DE,RO																																				1						
CN,DE,RS																																		1								1
CN,DE,RU																									3				1	3	7	12	30	11	4	7		10	6			
CN,DE,RU,TR																																									4	
CN,DE,RU,US																													1													
CN,DE,SA																																				20	13	10				
CN,DE,SA,TR																																				2						
CN,DE,SE																															1	1			22					2		
CN,DE,SE,US									7																																	
CN,DE,SG																																						2	1	25	3	1
CN,DE,SG,US																																								1		
CN,DE,SI																																			4							
CN,DE,SK																						7	3																			
CN,DE,TH																										6								26	13	9						1
CN,DE,TR																																							3	6		
CN,DE,TW																														1										2	7	5
CN,DE,TW,US																																					14					
CN,DE,UA																																						9		9		
CN,DE,UA,US																																						2				
CN,DE,US			2								10			1		7		15				4		2	11	6	1		18		64	24	12	19	124	48	30	225	125	101	56	304
CN,DE,US,null																														3												
CN,DE,UZ																																1										
CN,DE,VN																																		5								
CN,DE,null																												19	8	18	4											
CN,DK										1																			48	3	119	13		105	35	35	16	148	71	224	50	125
CN,DK,ES																																			1							
CN,DK,ES,GB																																								4		
CN,DK,ES,NL																																		50								
CN,DK,FR,US																																				12						
CN,DK,GB																																		1								
CN,DK,GB,KR,US																																										
CN,DK,GB,NL																																										2
CN,DK,IN																																					10					
CN,DK,IN,JP																																									2	
CN,DK,IT																																					64					1
CN,DK,IT,SE																																						103			49	
CN,DK,KR																															1							65		5	6	
CN,DK,KR,SE																																								2		
CN,DK,KR,US																																		1								
CN,DK,MO,NZ																																										
CN,DK,NL																																	8									
CN,DK,NL,TW																																						2				
CN,DK,PL,US																																										29
CN,DK,SE																			21																					3		
CN,DK,SG																																					3					
CN,DK,TW																																		11								
CN,DK,US																															22				12		2	26	6	21		138
CN,DZ														1																									56			
CN,DZ,ES,NL,PL,US																																										1
CN,DZ,FR																									9											1		1				
CN,DZ,FR,IN																																					2					
CN,EE																																		2		51	9		4	16		32
CN,EE,FR																																								7		
CN,EE,JP																																									13	
CN,EG				1	2	2	1	9		2	1	12	19								3			1								40		1		26	1	34	22	17	70	18
CN,EG,GB																																8									67	36
CN,EG,GH,GR,PL,SA,TR																																										2
CN,EG,HK																				1																						
CN,EG,HU,JO,PK,SA,TR,US																																									2	
CN,EG,IN																																									3	
CN,EG,IQ																																										
CN,EG,IT,PK,SA																																										5
CN,EG,JP																																							7			
CN,EG,JP,PL																																					8					
CN,EG,KW																				2																						
CN,EG,PK																																						1	26	2		
CN,EG,PK,SA,SE																																										1
CN,EG,PK,SA,TH																																										5
CN,EG,PL																	1																									
CN,EG,RU,SD																																										
CN,EG,SA																																		7		19	41			2	15	98
CN,EG,TH																																							60			
CN,EG,TH,US																																						66				
CN,EG,US																																								23	3	2
CN,ES																2						19	23	33	12	36	19	35	35	25	19	84	140	219	346	340	377	728	409	247	402	368
CN,ES,FI,IT,NL,US																														2												
CN,ES,FI,LT																																								37		
CN,ES,FR																							19					1			5	3		7	6			5		45		
CN,ES,FR,IN,IR,US																														2												
CN,ES,FR,IT																																					2					
CN,ES,FR,JP																																						10	33			
CN,ES,FR,JP,US																																		33								
CN,ES,FR,TW,US																															14											
CN,ES,GB																																13	20				3	23				6
CN,ES,GB,IN																									3																	
CN,ES,GB,IT																																									5	
CN,ES,GB,NL																																									21	
CN,ES,GB,PA																																									19	
CN,ES,GB,SG																																					9					
CN,ES,GB,US																																								42	44	
CN,ES,GR																																								44		
CN,ES,ID																																									10	
CN,ES,IL																																								1		
CN,ES,IL,IN,PL																																							8			
CN,ES,IN																							4			7	3	2		2	13							10	8			
CN,ES,IR																																								6		
CN,ES,IR,KR																																							1			
CN,ES,IT																												8			8							13				
CN,ES,IT,NL																											3															
CN,ES,IT,SI																																				26						
CN,ES,IT,US																																										39
CN,ES,JP																						2			2							8	18	20	68	24			34	43	62	
CN,ES,JP,KR,SG																																			15							
CN,ES,JP,US																																					6	4		1		
CN,ES,KR																																						3		9		
CN,ES,KR,SG																																	31									
CN,ES,LT																																								5		
CN,ES,MO																																										1
CN,ES,MX,US																																					13					
CN,ES,NL																																					1					15
CN,ES,NL,RS																																							1			
CN,ES,PT																																			32							
CN,ES,SA																																								2		
CN,ES,SE																																									1	
CN,ES,SG																																				11		64				
CN,ES,TR,US																																									1	
CN,ES,UA																																									1	
CN,ES,UA,US																																					1					
CN,ES,US																				6			10				12		3	1		157	14		19	17	191	40	3	11	17	38
CN,ET,IN																																					1					
CN,ET,SE																																	3									
CN,FI													8											1	4			12					3	5	4	24	48	119	23	20	20	34
CN,FI,GB																																			4		4	1	3	5		12
CN,FI,GB,RU																																	28									
CN,FI,IN																														12		11				1						
CN,FI,JP																		2																							6	
CN,FI,KR																																27							1	2		
CN,FI,NL																														2												
CN,FI,PT																																							3			
CN,FI,SE																																				9						
CN,FI,SE,TZ																																			7		10					
CN,FI,SG																																			1							
CN,FI,US																																					7					
CN,FJ																																				1	8		4			
CN,FJ,US																															2											
CN,FR			1							33	15			1	20	11		14	8		108	15	51	32	74	41	89	294	417	176	337	404	246	266	336	290	610	784	575	613	446	608
CN,FR,GB																										9			16		27	40				4	48	17	3	16		
CN,FR,GB,JP																											3															
CN,FR,GB,PL																																				18						
CN,FR,GB,US																																	8			63		113				
CN,FR,GR																											8															
CN,FR,HK																																			3			3	14	7		1
CN,FR,HK,JP																																								4		
CN,FR,HK,US																														5									51			
CN,FR,HU																																								2		
CN,FR,IE																																					3					35
CN,FR,IE,NO,SK																																					3					
CN,FR,IN																																			2	10		14		2	3	18
CN,FR,IN,US																																							7			
CN,FR,IT						2																								2		12		1				16	29	12		
CN,FR,IT,US																																		5								
CN,FR,IT,null																															2											
CN,FR,JP																											19			27			4		5		57	15	15	50	51	4
CN,FR,JP,MY,US																																		2								
CN,FR,JP,US																																					3					
CN,FR,KR																						1						2														
CN,FR,KR,US																																	1									
CN,FR,MA																																										2
CN,FR,MO																																	2			2					59	
CN,FR,MY																																									12	
CN,FR,NL																														1												
CN,FR,NL,US																																							10			
CN,FR,NO																														1												
CN,FR,NZ																														5						4						
CN,FR,PK																																				31						
CN,FR,PL																																	2									
CN,FR,RU																																						5	18			
CN,FR,SG																															53									20		
CN,FR,SI																																							3	6		
CN,FR,SK																																					4					
CN,FR,TN																																			1					1		
CN,FR,TW																								115							8	11		8		3						
CN,FR,TW,US																																			4							
CN,FR,UA																																					22					
CN,FR,US													39												27				1	45	45		3	7	202	44	4	45	132	69	55	18
CN,FR,VN																																										6
CN,FR,ZA																																						1				
CN,GB			2					2	1		4	13	2	47	1	36		22	40	26	43	28	42	95	44	33	49	169	183	346	613	952	831	950	584	754	1086	1132	1062	1537	1516	2564
CN,GB,GH																																		2	13	8			4			
CN,GB,GH,NO																																					2					
CN,GB,GR																														5												
CN,GB,HK																1								4	1							23	26		6	5			106		7	
CN,GB,HK,IT,OM																																										3
CN,GB,HK,OM																																							2			
CN,GB,HK,OM,SA,US																																									9	
CN,GB,HK,OM,US																																						15				
CN,GB,HK,PL																																			2							
CN,GB,HK,TW																																										
CN,GB,HK,US																																							67		2	3
CN,GB,HU																																	81	10								
CN,GB,IE																																				1		13	3			
CN,GB,IE,US																																							2			
CN,GB,IL,NL																																							263			
CN,GB,IN																						3	1								7				1			4	21	3	6	44
CN,GB,IN,IT																														4							1					
CN,GB,IN,RU																																					2					
CN,GB,IN,US																																						26				
CN,GB,IR																																									1	
CN,GB,IT																													2	18		36		7			75	62	57	61		
CN,GB,IT,NL																																								42		
CN,GB,IT,RS,US																							8																			
CN,GB,IT,US																															12	36										
CN,GB,JP																												1		18	63	73	196	99	88	76	21	24	64	6	30	253
CN,GB,JP,US																																			34	6	3				12	
CN,GB,JP,null																														12	90											
CN,GB,KE																																			31	93						
CN,GB,KR																														11						2		3			10	
CN,GB,KR,SA																																									5	
CN,GB,MO																																							4	7		2
CN,GB,MO,SG																																					11					
CN,GB,MO,US																																								22		
CN,GB,MX																																							2			
CN,GB,MY							6														4				3								6	3								
CN,GB,MY,PL																					2																					
CN,GB,NG																																									1	
CN,GB,NL																													7		3							2			5	22
CN,GB,NL,RO																																					9					
CN,GB,NZ,SA																																									6	
CN,GB,OM																			5																							
CN,GB,PK																					19									18									1			
CN,GB,PK,SA																																								6		1
CN,GB,PL																																			5						9	
CN,GB,PT																																			2							
CN,GB,PT,US																																							89			
CN,GB,QA,US																																							7			
CN,GB,RO																																				4						
CN,GB,RS																																1					4					
CN,GB,RU																										7		15													3	
CN,GB,SA																																						7	3			
CN,GB,SA,US																																			1							
CN,GB,SE																															4	31	33	2		28	4	36		11		82
CN,GB,SE,US																																							41		71	13
CN,GB,SG																																								2	8	25
CN,GB,TW																														2			4									
CN,GB,US																1			52										5	40	26	27	49	57	155	130	465	389	494	413	711	856
CN,GD																																							2			
CN,GH																																			3						15	
CN,GN																																2		1	1							
CN,GR																							1			1		4			3					3		1				
CN,GR,IN,RU																																		9								
CN,GR,JP,TW																																									3	
CN,GR,KR,SA,SE																																									3	
CN,GR,SE																																									3	
CN,GR,SG																																					5					4
CN,GR,US																																								32		
CN,GU,US																																							6			
CN,HK	1		1			6		9		11	19	25	7	8	14	34	50	22	101	158	207	157	88	143	156	148	74	128	294	437	316	327	227	433	509	173	397	617	745	740	1043	1157
CN,HK,HR																																						2				
CN,HK,IE																																	26									
CN,HK,IE,US																																	33							2		
CN,HK,IL,SA																																										
CN,HK,IL,US																																									120	
CN,HK,IN																																									2	
CN,HK,IR,JP																																										56
CN,HK,IT																												1	4	13				7	10		13					2
CN,HK,IT,MO,TW																																				2						
CN,HK,JP																				2													4						10	17	4	25
CN,HK,JP,TW																																	12									
CN,HK,JP,US																																					5					
CN,HK,KR																																					1				1	52
CN,HK,MO																																		28			10	17		8	18	
CN,HK,MO,SG,US																															2											
CN,HK,MY																			1		2													6								
CN,HK,NL																																			16							
CN,HK,NZ																																						154				
CN,HK,PK																																								7		
CN,HK,SA																																						5	10			
CN,HK,SE																																						3	14			
CN,HK,SE,US																																										
CN,HK,SG																		3								1				3			6	4		13	4		5	51		4
CN,HK,SK,TH																																						5				
CN,HK,TR,US						1																																				
CN,HK,TW														2	3				6	2	40	3						5			3			8		9				21	4	6
CN,HK,UA																																			2							
CN,HK,US																							54						3	82	33	8	5	4	1	7		4	17	189	10	2
CN,HR													8		7			3														17	58	2		24	63	3	6	10	16	70
CN,HR,PL																																		5								
CN,HU															1															110	87	32	199	29	20	42	36	43	29	56	109	24
CN,HU,IT																																13		5					11			
CN,HU,IT,US																																				4						
CN,HU,KR																														15	6	8										
CN,HU,NL																																						6				7
CN,HU,PL																																	2									
CN,HU,SA																																									1	
CN,HU,TW																																					1					
CN,HU,US																																		6		3	2	7		11		
CN,ID																1												1												5	19	
CN,ID,IT																																							10			
CN,IE																															54		56	10	84	71	41	24	7	30	12	10
CN,IE,IL																																										11
CN,IE,IN,ZA																																										
CN,IE,SE																																	1									
CN,IE,SI					1																																					
CN,IE,US																																			1	4	8	5	1	11	7	
CN,IL																					25	2				2			7	27	27	5	7		190	8	101	34	117	9	116	1
CN,IL,IN,US																																									1	
CN,IL,JP																																									1	
CN,IL,MD,US																												1														
CN,IL,SG																																			1							
CN,IL,US																						5											5					23	3			
CN,IN								1	11			14			2	4	13	4	1	29	19	4		20			3	7	37	87	46	172	73	68	86	107	174	169	182	317	178	241
CN,IN,IQ,LY,SA,UA																																									3	
CN,IN,IT																															2	2				5						
CN,IN,JO																																				24						
CN,IN,JO,JP																																				41						
CN,IN,JO,KR,ZA																																								1		
CN,IN,JO,PK																																								3		
CN,IN,JO,PK,PT																																								3		
CN,IN,JP																																		5	2	2	1		7	7	26	15
CN,IN,JP,KR																																							2			
CN,IN,JP,SA																																									2	9
CN,IN,KR																												2				3	28	33	25		1		1		4	4
CN,IN,KR,SA																																										25
CN,IN,KR,SA,SG																																										21
CN,IN,KR,SG																																										
CN,IN,KR,US																																									2	
CN,IN,MX																												2														
CN,IN,MY																																			29							
CN,IN,MY,SA																																				15						
CN,IN,PK																																									2	
CN,IN,PL																																			1					7		3
CN,IN,PT																																								7	10	6
CN,IN,PT,US																									5																	
CN,IN,RO,US																																										15
CN,IN,RU																																		2					20	12		2
CN,IN,RU,TH																																										
CN,IN,RU,TW																																						8				
CN,IN,RU,US																																								10		
CN,IN,SA																																				1	26	36	12	3	18	8
CN,IN,SA,US																																										2
CN,IN,SG																																						21				3
CN,IN,TH																																							4			
CN,IN,TR																							2															1			1	
CN,IN,TR,US																												3														
CN,IN,TW																					4				8																9	
CN,IN,US																35													49	110	33		3				57	68	3		72	37
CN,IN,ZA																																									11	
CN,IQ																																								19	29	25
CN,IQ,MY																																								8		
CN,IR																								2	3	13	37	44	29	58	11	53	68	130	43	99	35	62	38	75	146	51
CN,IR,IT																																								2		
CN,IR,JP																																									34	
CN,IR,JP,SA																																									4	
CN,IR,KR																																			2					2	2	
CN,IR,MY																																			6							
CN,IR,MY,SG																																			23							
CN,IR,NL																																									20	
CN,IR,PT																																										1
CN,IR,TR																									2																	
CN,IR,US																																1										
CN,IS																																				4	2					
CN,IT							5			2		38	38	2	6				4	17			15	10	22	32	18	57	83	53	144	65	54	43	176	16	228	78	159	290	560	799
CN,IT,JP																																										93
CN,IT,KR																																				3						
CN,IT,MX																																						8				
CN,IT,MY,SA																																										
CN,IT,NL																											5				6											
CN,IT,NL,US																																			13							
CN,IT,NO																													11		6				11							
CN,IT,NZ																														102												
CN,IT,RS																																		1								
CN,IT,RU																																										11
CN,IT,RU,TR																																										4
CN,IT,SA																																									4	
CN,IT,SA,US																																						3			1	
CN,IT,SE																																	4									
CN,IT,SG																																										
CN,IT,SK																																								21	112	
CN,IT,TR																																								5		
CN,IT,US																											3					8	17	4		13	2	14	7	190	53	14
CN,IT,VN																																							3	2		
CN,JO																4																					4	2		73	1	10
CN,JO,JP																																					1					
CN,JO,JP,PK																																					2					
CN,JO,SA,US																																										4
CN,JO,US																																						25	57	40		
CN,JP	4	7	18	30	85	59	141	87	75	84	68	44	55	123	152	129	67	66	77	167	217	258	257	349	331	288	373	537	582	599	888	807	780	1125	766	839	817	1166	1007	1694	1667	1636
CN,JP,KR																						16	11	14	16						5		3	11	4	38	27	13	82	1		
CN,JP,KR,SE																																							17			
CN,JP,KR,US																																				21	7					
CN,JP,KR,ZA																										1															4	
CN,JP,LK,TW,US,VN																																								3		
CN,JP,MN																																									3	
CN,JP,MO																																				23					5	
CN,JP,MO,SG																																					8					
CN,JP,NL,US																																		3						2		
CN,JP,NZ																														15					1						14	
CN,JP,PL																																		17	7	3						5
CN,JP,SA																																15				1	12					4
CN,JP,SA,SG																																				10						
CN,JP,SA,US																																								5		
CN,JP,SE																																	24	7	5			2	14	5		
CN,JP,SE,US																																			1			21	51			
CN,JP,SG																								5	4		4								1			23	18	1	83	117
CN,JP,SG,TW																																								1	1	
CN,JP,SG,US																												1									1					
CN,JP,TH																												16								3	3	1				
CN,JP,TR																	12																									
CN,JP,TW						2																													2		16					
CN,JP,US							9					32				12				9	10	5		1	10		9	19	83	16	26	16	5	75	266	12	4	50	152	84	63	31
CN,JP,ZA																																		4	2		6					
CN,JP,null																			3																							
CN,KE																																								12	1	
CN,KH																														1			15							14		
CN,KR									49			5			6	2	9	40	28		27	1	22	31	50	136	91	206	141	199	189	227	174	195	291	379	832	386	583	558	534	414
CN,KR,OM,PK																																										
CN,KR,PK																																							14		9	21
CN,KR,PK,SA																																							7		16	
CN,KR,PT																																										2
CN,KR,RU																																								7		
CN,KR,RU,TH																																										
CN,KR,RU,VN																																								19		
CN,KR,SA																																							1			
CN,KR,SA,SG																																	19	15								
CN,KR,SA,US																																							3			
CN,KR,SE																																									3	9
CN,KR,SE,US																																								1		
CN,KR,SG																																	37		22	65	95		15	14		
CN,KR,SG,US																																						1				
CN,KR,TH																																										
CN,KR,TR																																			6						2	
CN,KR,US																								44		76		17		62		127	54	21		80	19	18	59	210	22	58
CN,KR,UZ																																1										
CN,KR,VN																				55										2					2		11		2	9	1	18
CN,KR,ZA																																								28	2	
CN,KR,null																												29														
CN,KW															7					3																						
CN,KZ																																	2						31	29		
CN,KZ,PK																																			1							
CN,KZ,null																														1												
CN,LA,US																																										1
CN,LK																																										
CN,LT																									1			9		6	2					2	4			6		
CN,LT,LV																																									4	
CN,LT,PL																																		2								
CN,LT,SE																													1													
CN,LU																														27		21	3	10	32			1			3	
CN,LU,US																													1					12								
CN,LV																																							84	3	2	1
CN,LV,RU																																								24	15	
CN,MA																																							6			
CN,MA,PS,SA,TR,ZA																																								2		
CN,MA,PS,SA,ZA																																								2		
CN,MA,US																																							2			
CN,MA,UZ,ZA																																										
CN,MD																																									5	
CN,MD,SA																																				7						
CN,MK																																							1			
CN,MM																																							27		15	
CN,MM,RU																																										11
CN,MN																														3										17	1	
CN,MN,MO																																									4	
CN,MO																							1				2	1	12	4	21	42	6	116	121	212	247	307	204	317	256	468
CN,MO,PK																																										4
CN,MO,PK,TH																																					2					
CN,MO,SA																																										1
CN,MO,SE																																								2		
CN,MO,SG																																		59	90						3	
CN,MO,TH																																						4				
CN,MO,TW																																		35			47					
CN,MO,US																															7		6	53		6	2		21		3	9
CN,MO,VN																																		5								
CN,MU,NA																																							5			
CN,MX																													18		9								2			
CN,MX,SG																																				2						
CN,MX,US																																				5						
CN,MY						42	9		17	1	13	2	4	1		21	13	4	19	55	24	46	46	5	7	8	22	14	21	120	43	105	84	20	14	6	177	50	29	20	69	12
CN,MY,PK																																			2	71						5
CN,MY,PK,SA																																					8					
CN,MY,PK,TR																																		44								
CN,MY,PL																					1																					
CN,MY,PL,SA,UA																																					4					
CN,MY,PL,TH																					3																					
CN,MY,SG																							2																			
CN,MY,SG,US																																		37								
CN,MY,TH																				6	9	1						3												1	4	
CN,MY,TH,TR																							11																			
CN,MY,TH,US																																								9		
CN,MY,TH,null																												4														
CN,MY,TW																																					3					
CN,MY,US																																			1						3	
CN,NA																																						1		1		
CN,NA,US																																								10		
CN,NG																										1		5	11	43	5			22	32	1			1	6	2	
CN,NG,PK																																										8
CN,NG,PK,SA,US																																										1
CN,NG,US									2																														9		9	
CN,NL										3	7	5			37				11	6	18		3			30	7	8	8	19		4	18	16	136	18	101	42	359	62	87	239
CN,NL,NZ																																		11								
CN,NL,SA,US																																				7			2			
CN,NL,SE																																				14	5				9	
CN,NL,SG																																									3	
CN,NL,TW																																						6				
CN,NL,US																												1	8	2	15	4	12	7	9	1	1	3	24	9		
CN,NO																										3					26		3	6	7	6		4	69	6	1	
CN,NO,NZ																																		15								
CN,NO,US																																				2						
CN,NP																														1					13	11	5					
CN,NP,PK																																								2		
CN,NZ							4	3																		1	4		5	23	11	1	22	12	148	22	175	39	12	99	121	522
CN,NZ,PK,TR																																										
CN,NZ,PL																																				22						
CN,NZ,SG																			12																	11				24		
CN,NZ,US																																			10	15				14	34	30
CN,None																				11																						
CN,OM																																							3			
CN,OM,PK																																								9		65
CN,OM,PK,SA																																									20	
CN,OM,PK,ZA																																						1				
CN,PA,US																																			6			10				
CN,PH																														4										2	19	
CN,PH,US																																						9	2			
CN,PK																					1	7	3				12		6	10	6	39		3		11	111	50	72	140	119	174
CN,PK,PL																																										1
CN,PK,RO																																										2
CN,PK,RO,SA																																										12
CN,PK,SA																										2									16		5	41	1	13	4	73
CN,PK,SA,TR																																								1		
CN,PK,SA,US																																										1
CN,PK,TJ,US,UZ																																					1					
CN,PK,TR																																						11				
CN,PK,TR,US																																										11
CN,PK,US																																						6	11		8	
CN,PK,US,ZA																																									1	
CN,PK,VN																																										
CN,PK,ZA																													7													
CN,PL									8				25					8	1									10		1	11	27	27	18	12	59	18	19	117	141	91	15
CN,PL,RS																							1																			
CN,PL,RU																																2										
CN,PL,SK																									25																	
CN,PL,UA																																						7				6
CN,PL,US																								18								5		1		3	13	5		34	44	69
CN,PR																															1		7	10							1	
CN,PT																								15					14		50	29	13	16	30	50	73	122	40	55	48	42
CN,PT,RU																																								4		
CN,PT,US																																										
CN,QA,RU																																										
CN,QA,TR,UZ																																									1	
CN,QA,US																																						6				
CN,RO																										4				1			4	4	6	7		9	18		6	17
CN,RO,RU																																							8			
CN,RO,SA,TN,US																																										1
CN,RO,SE,UA																																										2
CN,RO,US																													30	31												
CN,RS	6																			7										2	8		2		12		16	3	11			6
CN,RS,SI																																	3									
CN,RS,US																																	9									
CN,RU						9												1	16	3	2		23			1	3	11	46	70	80	139	70	111	103	148	150	282	223	509	313	357
CN,RU,SA																																										14
CN,RU,SA,TR																																									3	
CN,RU,TR																																									7	
CN,RU,TW																																			11				14		1	
CN,RU,US																	5																2				31		1		4	
CN,RU,UZ																																							1			
CN,RW																																									1	
CN,SA		1																							1						5	116	136	82	196	144	183	171	239	175	297	215
CN,SA,SD																																										1
CN,SA,SE																																		6								
CN,SA,SE,US																																									1	
CN,SA,SG																														7	222	32		51		67	150			122		11
CN,SA,SG,US																																								5		
CN,SA,SI																																								1		
CN,SA,TW																																								2	4	
CN,SA,TW,US																																									5	
CN,SA,US																														2		6		2	8	1	14	13	19	13	16	
CN,SA,ZA																																				1						
CN,SA,null																																						11				
CN,SD																																							14		6	
CN,SE					1	2									15		7		2		4	13	2	10	17	11	80	16	38	72	29	242	96	177	138	81	215	206	465	352	468	308
CN,SE,SG																																					8			3	2	
CN,SE,TH																																		23								
CN,SE,US																																		59	7	2	44	47		75	15	
CN,SE,null																													8													
CN,SG										20	3		2	18		17	15	9	9	18		11	25	7	35	60	15	97	134	245	720	835	822	670	1207	1133	1171	1242	1325	2376	1791	1651
CN,SG,TH																														2												
CN,SG,TW															1	4																					3			2		
CN,SG,TW,US																																							4			
CN,SG,US																								1				1	18		7	78	22	6	34	12		38	39	67	19	64
CN,SG,null																				1								19				50										
CN,SI					2							8			8									1							7	20			4	4	13	10	1	15	2	15
CN,SK																													1												37	
CN,TH																					2							4	40				3	7	10	78	18	85	31	144	204	211
CN,TH,US																																								2		
CN,TJ																																									18	
CN,TJ,US																																						1	2			
CN,TJ,US,UZ																																						2				
CN,TN																																				3	1					1
CN,TR																4					4	2	9				9			3			1	14	14	9		8	19	2	6	10
CN,TR,US																																								2		5
CN,TT,US																											2															
CN,TW						9			7	6	18		28	4	36	74	19	4	37	47	2	12	44	12	104	31	46	104	64	97	127	171	85	122	179	91	219	219	627	517	243	272
CN,TW,US																												12		5	18	18	37	36	96	9	18	54	227	56	17	46
CN,TW,US,null																														12												
CN,TW,VN																																2										
CN,TW,null																													14													
CN,UA																																		16	19			66		23	1	
CN,UA,US																																			3	3		7				
CN,US		14	27	9	12	82	28	18	35	77	62	46	20	41	84	53	77	95	94	83	140	143	322	328	462	716	1197	2049	2387	4198	3472	4257	5547	6412	6586	9090	10257	9387	10178	10833	9107	11122
CN,US,VN																																		4		15	4	1				1
CN,US,ZA																																		18	4	9			102			
CN,US,null																												354	18	6	13											
CN,UZ															1		2					3				2	6		2	5	1	23	3	18	3		15	91	26	41	41	127
CN,VE																																										33
CN,VN																											6			5	2						16	51	24	46	12	11
CN,YE																																							1			
CN,ZA																								7				7					6	24	18	26	73	6	14	64	95	17
CN,null														8							10					17	2	166	13	124	13	9	5	1			1	5			1	3
CO			2			16	2		6	10					9		29	31	21	21	17	21	2	12	24	7	36	27	104	70	165	80	184	82	77	77	122	194	242	242	217	182
CO,CR,DE														5																												
CO,CR,DE,ES												7																														
CO,CR,ES																							2																			
CO,CU,FR,MX																																									3	
CO,CZ																															3	8								4		
CO,CZ,ES																																							13			
CO,DE												2					14	3		17	14	8		14				7	24	39	4	2	34			19	12	33	5	2		36
CO,DE,ES														15	4		8																									61
CO,DE,ES,GB																					20																					
CO,DE,ES,IL,IT,MX																														2												
CO,DE,ES,US																																			31							
CO,DE,FR																					4																					
CO,DE,GB																																							2			
CO,DE,US													10																					10								
CO,DK,GB																							1																			
CO,DO,DZ,GB,IN,IR																																									1	
CO,EC,ES																																								1		
CO,EC,MX																																								6		
CO,EC,PE																																										
CO,EC,VE																																									2	
CO,EG				10					5																																	
CO,EG,ES,SA,ZA																																									3	
CO,EG,PK																																										3
CO,ES			4							10	4			15	6	4	6	27	27	47	31	26	37	51	2	99	56	195	41	203	78	198	178	135	99	46	178	58	33	80	5	39
CO,ES,FR																	5							4								17	11	14			35				3	
CO,ES,FR,PE																															14									2		
CO,ES,FR,US																																						85				
CO,ES,GB																				33	29	40	9	17	21	24	12	86	24	27	6	33	30	15			21	31	31	21		
CO,ES,GB,VE																												7	22	14												
CO,ES,HR,IN,IR,US																																			7							
CO,ES,MX																		7																			1		9			4
CO,ES,PT																																										
CO,ES,US																																			20		32				3	
CO,ES,VE																								10	15									91								
CO,FR																		6						6			115	37	3	8		47	4		67	18	16		4	22	3	5
CO,FR,HU																																		21								
CO,FR,JP																																								30		
CO,FR,LT																																					5					
CO,FR,UY																																				9						
CO,FR,VE																													1													
CO,GB																																		8			5	92				
CO,GB,IT																																							4			
CO,GB,VE																								1			5												1			
CO,IE																																							1			
CO,IN																																							7			
CO,IT		1										3			7			2																		9			4	54		30
CO,JP																			12			10	2	21	2	25					11							2				
CO,JP,US																			7																	2						
CO,MX													3	5			13	21	1	5	6	1		1			2	2			2		2			11	6	43		2	60	88
CO,MX,PY,UY																																			18							
CO,MX,US																																				12			3	4		
CO,MY,VE																																						1				
CO,NL																																								3		
CO,PR																																		4								
CO,PT																																			1							
CO,PY,UY																																			10							
CO,RU																	16					18		38																		22
CO,RU,TR																		15																								
CO,RU,UA																																					4					
CO,SE																															3											
CO,TR																					14																					
CO,UA																																12										
CO,US								2	1		1			6			15	31	11	2		12				30			2	1	3	11	1	32	13	11			67		51	11
CO,UY																			4																			2			10	
CO,VE													4			7	11			13	21	27	15	5		33	16			125	3	1	3		12	8	10		1	1		
CO,null																														4												
CR			7		16		13	24	34				4			1	27	4	12	4	31	5		14	6		12			2	2	13		118			7	18	6	1	2	4
CR,CU,GB,IT																									3																	
CR,DE			5		12	6	25				8	26				3	14	3		12	16	5				5				5						2	18		2		2	
CR,DE,DK																																			3							
CR,DE,ES																											4															
CR,DE,IT																	1																									
CR,DE,KR,US																																		5								
CR,DE,SE																							1																			
CR,DE,US				11					17																																	
CR,DE,US,ZA						49																																				
CR,DK																																			8							
CR,EC,US																																		8								
CR,ES																																	15		4	5		3		22		
CR,ES,IT																														5		8	8	9								
CR,ES,JP																																		5								
CR,ES,MX																																			7				17			
CR,ES,US														2																			4									
CR,GB,PT,US																															13											
CR,HU,IT									2																																	
CR,JP																																		15								
CR,KR,US																																				6						
CR,MW						16																																				
CR,MX																														3					15							
CR,PA																																						6				
CR,PA,VE																												2														
CR,PG,US																																			8							
CR,US							10	16			7	4			5		1	4		6				38							6	19	3	6	9	1	2		4			
CU		3		9	1		15	14	2	8	28	37		28	31	40	12	135	30	8	17	3	17	22	26	81	8	29	2	15		16	18	1	19		18	4			16	
CU,CZ		7												3																												
CU,DE	3	4	2	1	2												36			6	14		28	16				43	1		4	23	42		35	71	20	37	83	27	62	
CU,DE,DK,ES																																1	1									
CU,DE,ES																																			32							
CU,DE,HU																	19																									
CU,DE,IT																																							1			
CU,DE,JP											2																															
CU,DE,US																																							43			
CU,DE,UY																																		7								
CU,DE,null				6																																						
CU,DK										2																																
CU,EC,ES																																								4		
CU,EC,ES,JP,ZA																																									2	
CU,EC,IT																																										1
CU,ES									1		10				1	39	9	1	15	45	6	28	8	17	41	1	34	17	12	7	116	195	45	79	73		5	18	4	2		
CU,ES,FR																	11			3			4																			
CU,ES,GB																												9	11						1			1				
CU,ES,IT																													15													
CU,ES,MX																					12					25				7		4			16							
CU,ES,PL																																	5	5								
CU,ES,PT																														19												
CU,ES,PY,UY																												1														
CU,ES,US																															17	18										
CU,ES,VE																														2												
CU,FR																				1	15		9				1		7	5	4				6						7	
CU,FR,GB,PR																															7											
CU,FR,MX																																								3		
CU,FR,US																															3	10										
CU,GB,IT																													1													
CU,GB,MX																																					6					
CU,HU							1																																			
CU,IT									7						1					12	1		20	38		8	13	1		4												
CU,IT,MX																				1								2														
CU,JP																9																								5		
CU,MX																			12	1	4		12		4		24	6	21	15	20	10			8				4			
CU,MX,UY																																								8		
CU,NL,PL																																								8		
CU,RU					1																																			46	41	
CU,RU,UA																																										1
CU,SE																																16										
CU,SK			22					3																																		
CU,US																	10																						3			
CU,ZW																									2																	
CY																			16		17	20	20	8	22	55	45	22	57	56	215	54	132	124	171	69	104	71	64	15	46	6
CY,CZ,DE,GR,PA																																										2
CY,CZ,GR																																							1			
CY,CZ,GR,SI																																	48									
CY,DE																								14			3															
CY,DE,ES,GR,US																																5										
CY,DE,GB																																			18							
CY,DE,GR																													3				2		4							
CY,DE,GR,PA,PT																																										3
CY,DE,RU,US																														69												
CY,DE,TR																															2									1	16	
CY,DE,US																											59															
CY,DK,FR,GB																																				1						
CY,EG																																										6
CY,EG,ES																																				2						
CY,EG,RO																																	3									
CY,ES,FR,GR,US																														3												
CY,ES,FR,US																																				2						
CY,ES,GB,GR																														3												
CY,ES,GR																										4				2	3		3			8	5			6		14
CY,ES,GR,IE																																									5	
CY,ES,GR,US																											8						1									
CY,ES,IR,PL,RU																																						5				
CY,FI,FR																																			4							
CY,FI,US																																									20	
CY,FR,GR																													4							4						
CY,FR,GR,US																										4			10	7	2	1										
CY,FR,IR																																										1
CY,FR,US																												7														
CY,GB																						20	11								2	2	3		14	8					3	
CY,GB,GR																					8												2	40				22	2	12	10	14
CY,GB,GR,PT																																										4
CY,GR																	4	10		2						1		18	14			42	56	14	2	42	8	101	4	110	28	50
CY,GR,HU,US																												6														
CY,GR,IE,US																																					11		3			
CY,GR,PL																												2		6		6		3								
CY,GR,PL,TR																																		2				7				
CY,GR,PR,RO																													3													
CY,GR,RU																																1										
CY,GR,SI																															2	7										
CY,GR,TR																																				5	3	5	7		4	
CY,GR,US																										2			8		2	5	2	4				2				
CY,GR,US,null																														7												
CY,IE																																				1		2	5			
CY,IR																																						10		1		
CY,IT																																29				2						
CY,JP																															5											
CY,KR																																					2					
CY,KZ,RU,TR,US																																				2						
CY,PK,TR																																								4		
CY,RU																																		4				8	20			
CY,RU,US																														32												
CY,SA,TR																																										3
CY,TR									15										1											4					27			34	34	36	73	8
CY,TR,US																																								3		
CY,US																												26	3	5		1			21	4		6		7	31	5
CZ	1118	1002	963	861	592	606	737	559	612	766	430	610	951	1196	666	1295	1051	1163	1063	1654	1256	1205	1573	1396	1169	2007	1664	1609	2001	2583	2840	2623	2842	3153	3087	2996	3669	2700	2202	3185	3977	2646
CZ,DE	8	44		22	10	5	8	23		1	11	13	10	54	29	99	52	86	75	58	114	79	86	154	44	59	147	152	329	228	138	394	134	119	358	120	165	281	419	167	270	133
CZ,DE,DK																															14						9					
CZ,DE,EE,ES,IE																																							30			
CZ,DE,EE,IE																																					9					
CZ,DE,EG																																										71
CZ,DE,ES																					9			32											7	6	9	7			51	1
CZ,DE,ES,FR,GB																																					14					
CZ,DE,ES,IN																										2			11		13	20										
CZ,DE,ES,IR,PL																																	9									
CZ,DE,ES,RS																																		1								
CZ,DE,FI																													11												8	
CZ,DE,FR			5											8									49	43		29	3	22		9					8		8	10			23	
CZ,DE,FR,GB																															22						5					
CZ,DE,FR,IE																																	3									
CZ,DE,FR,IN																													3													
CZ,DE,FR,NL																														5												
CZ,DE,FR,NL,PL																										24																
CZ,DE,FR,SK																																										
CZ,DE,GB													1					1			7		5	7				29						37	20		1	13	3		43	
CZ,DE,GB,NL																					1																					
CZ,DE,GB,PL																																								13		
CZ,DE,GR																								1																		
CZ,DE,HU																																			4	21		40	11			
CZ,DE,IE																																				32						
CZ,DE,IL																																							5			
CZ,DE,IL,IT																																									10	
CZ,DE,IN																					22	6	7	13	35		37	16	24	16	17	12	11	14	5	8			7	36	11	7
CZ,DE,IN,IT																																										2
CZ,DE,IN,IT,NL																										6																
CZ,DE,IN,PA																																									4	
CZ,DE,IN,PT																																								11		
CZ,DE,IN,US																																						6				
CZ,DE,IR																																				1						
CZ,DE,IR,PL																																									5	
CZ,DE,IT									5				1							10																				13		
CZ,DE,IT,NO																																										2
CZ,DE,IT,PT																						13																				
CZ,DE,IT,RS,SK																																										5
CZ,DE,JP																		3					5																			
CZ,DE,JP,SK																																	16									
CZ,DE,KZ,RU																																			5							
CZ,DE,LT																																						5				
CZ,DE,MA																										1																
CZ,DE,NL														1						10	9	8	4	8											6							
CZ,DE,NO																																						1				
CZ,DE,PL												3		7																	7							3			41	19
CZ,DE,PT																													5						26							16
CZ,DE,RO																																				11						
CZ,DE,RU					34								5			6													3						15	3					10	
CZ,DE,RU,US																																										19
CZ,DE,SE																												1														
CZ,DE,SE,SK																			19																							
CZ,DE,SI,SK																																		5								
CZ,DE,SK											4						3				6		6			24			1		5		3		15			14		19		
CZ,DE,SK,US																													7													7
CZ,DE,SY																	10			2																						
CZ,DE,TR																															9											
CZ,DE,UA																																							3			
CZ,DE,US																												3	14					72	5		59	66	18	10	2	
CZ,DE,ZA																																2										
CZ,DE,null	4												1																													
CZ,DK				7								23					2										218			10						22	42	4	7	11	1	
CZ,DK,GB																																				26						
CZ,DK,US																								1																		
CZ,DK,ZA																														2												
CZ,DZ,FR,MU,SA,TR																																				1						
CZ,DZ,IN									2																																	
CZ,DZ,IR,NL																																					2					
CZ,DZ,IT																																										2
CZ,DZ,IT,PT																																										
CZ,DZ,JP,MA																																								1		
CZ,DZ,MA,TR																																									2	
CZ,DZ,MX,NL,TR																																							3			
CZ,DZ,SK,UA																																	1									
CZ,EC,VE																																										18
CZ,EE																																25	12	17								
CZ,EE,SK																																									4	
CZ,EG													2				26		28									4				21			16	20	109	154				37
CZ,EG,ES,IT,LB																																							19			
CZ,EG,IT																																							15	18		
CZ,EG,KW																																										6
CZ,EG,PK,SY																																										
CZ,EG,SA																																			29							38
CZ,EG,SK																		4				2																				
CZ,ES																7		3	15		4			6	1	17	4	8	92	53	75		63		14	7	22	9	44	15	8	80
CZ,ES,FI																									15			27						24								
CZ,ES,FR																						7													6	8	10		30			
CZ,ES,FR,IT																																									22	
CZ,ES,FR,PL,SI,TN																																				20						
CZ,ES,FR,PL,TN																																					20					
CZ,ES,FR,PT																																		9								
CZ,ES,FR,PT,TN																																							14			
CZ,ES,FR,SK																																							1			
CZ,ES,GB																										1				6	13	6				7	1	5	108	6	7	14
CZ,ES,HU																																								9	15	
CZ,ES,IE																																37										
CZ,ES,IL																									2																	
CZ,ES,IN																																										
CZ,ES,IN,IR																																		2								
CZ,ES,IR																																		1			1	1				2
CZ,ES,IR,PL																																			3							
CZ,ES,IR,RU																																										4
CZ,ES,IT																																							16	12		
CZ,ES,IT,PL																																										8
CZ,ES,IT,PT																																										6
CZ,ES,KR																																	1									
CZ,ES,MX																																										18
CZ,ES,PL																																									15	1
CZ,ES,PL,SI																																						72				
CZ,ES,PT																																										11
CZ,ES,PT,UA																																										1
CZ,ES,PT,US																																		3								
CZ,ES,RU																																				5						
CZ,ES,SK																																	7								7	
CZ,ES,TN																																									10	
CZ,ES,US																																28	10									
CZ,ES,ZA																																1										
CZ,FI						1				1				1	5			6		4		13	2	23		12	9	26	25		7	13			2	6		1	5	24	8	6
CZ,FI,GB																																						8				
CZ,FI,GB,SI																																								20		
CZ,FI,GB,TW,US																																				2						
CZ,FI,GR,JP																																							3			
CZ,FI,HU,SE,SI																																									85	
CZ,FI,IR																																		7								
CZ,FI,IR,PL,RO																										22																
CZ,FI,LV																											40															
CZ,FI,LV,US																																									4	
CZ,FI,PL																								1												13						
CZ,FI,SK																		6					29	28				20		14												
CZ,FR	4			7						2		4	23	24	18	5	117	20	40	3	10	25	35	15	44	35	9		25	33	98	49	59	93	101	121	133	90	56	32	153	25
CZ,FR,GB																2										4			8			36	1	3			17				55	
CZ,FR,GB,GR,PR,US																																		1								
CZ,FR,GB,HU																																									5	
CZ,FR,GB,IE																															19											
CZ,FR,GR																																							3	3	8	
CZ,FR,HR																																								6		
CZ,FR,HU																														7							6					
CZ,FR,IN																																								7	3	
CZ,FR,IT																9				9										1			9	12	18		7		47		2	
CZ,FR,IT,US																																			2							
CZ,FR,JP																									1							22		5								
CZ,FR,JP,PL																																									21	
CZ,FR,KH,UA																																			8							
CZ,FR,KR																														3				13								
CZ,FR,PL																																									42	
CZ,FR,PT																																24			1							
CZ,FR,RO																																		17								
CZ,FR,RU																																						14		11	11	8
CZ,FR,SE																														1												
CZ,FR,SK				97																						18	3											1		4		
CZ,FR,SN																																		7								
CZ,FR,UA																																								4		
CZ,FR,US															4		8					4								9							1	5				
CZ,FR,US,null																													3													
CZ,GB											8		7	34		10	26	25	22	73	33	26	8	9	21	4	38	25	14	2	152	83	90	53	45	83	91	48	125	177	36	128
CZ,GB,GR																		1																						6		
CZ,GB,GR,JP,RO																			1																							
CZ,GB,GR,MX																	1																									
CZ,GB,GR,PR,RU																																1										
CZ,GB,GR,US																																			3							
CZ,GB,HU																																										18
CZ,GB,IE																		6										5					4							1		
CZ,GB,IL																															13	1	1									
CZ,GB,IN																			5					2			3		2		3				59						91	
CZ,GB,IT																																		6				63				
CZ,GB,IT,PT																						18		10																		
CZ,GB,JP																			1																							
CZ,GB,MX																4	2																									
CZ,GB,NL																				4										1												
CZ,GB,NL,PL																																										
CZ,GB,NO,SE,US																																						10				
CZ,GB,PL																																					2					
CZ,GB,PR,RU																													1													
CZ,GB,PT																						31		13																		
CZ,GB,PT,SK																																									22	
CZ,GB,RU																						41		2																		
CZ,GB,SE																																	33									
CZ,GB,SI																													2													
CZ,GB,SK																																				4				3		
CZ,GB,US												12								5				1			5					1			6	14	13	2	5		9	4
CZ,GB,US,null																													2													
CZ,GB,null																												6														
CZ,GE					6																																					
CZ,GE,IT																										11																
CZ,GR			7						2	4														9		9	42	5	17	48	6	1	22		16	2		1		4	1	10
CZ,GR,IR,IT																																								4		
CZ,GR,IT																																						3				
CZ,GR,NO																																			1							
CZ,GR,PL																																		2								
CZ,GR,RS,RU																																									2	
CZ,GR,RS,SA																																									9	
CZ,GR,SK																													1												15	
CZ,HR	6																																					6				6
CZ,HR,IL,US																																			14		69					
CZ,HR,IT																				5																						
CZ,HU					3	108	13	16	4			32							14		9	1	11						6	11	26			1	51	25	109	36	42	27	100	26
CZ,HU,IN								2																																		
CZ,HU,IT																																									5	
CZ,HU,IT,SK										2																																
CZ,HU,MK																																										1
CZ,HU,MY																			1																							
CZ,HU,PL,US																																		26								
CZ,HU,RS					2		3																																			
CZ,HU,RU							5																																			
CZ,HU,SI																															51										8	
CZ,HU,SK																							1															10			20	
CZ,HU,US																																							17			
CZ,IE																														6		3	20	17					4	3		
CZ,IE,PL,SK																														10												
CZ,IE,SK														1																		41	44	25	36	42	28					
CZ,IL																			17	6	23	4	42	34	4	9		3			1	4		5		1			1	10		22
CZ,IL,IN																																				2						
CZ,IL,RU																								4																		
CZ,IL,US																																					38					
CZ,IN	7	17	6	5	26	33	51	25	20	21		5		2							9		2			2	10		13	85	14	41	50	99	27	14	8	48	12	19	86	56
CZ,IN,IR																															1										3	
CZ,IN,IT																																						6	1		2	1
CZ,IN,IT,SA																																										1
CZ,IN,JP,SA,US																																			23							
CZ,IN,KR																																				23						
CZ,IN,MX																																							10			
CZ,IN,NZ																																			23							
CZ,IN,PL																								4																		
CZ,IN,PL,SK,VN																																								8		
CZ,IN,PT																																							5			10
CZ,IN,PT,SI																																										19
CZ,IN,QA,US																								2																		
CZ,IN,RU																																										4
CZ,IN,SK																																									6	
CZ,IN,TW																																	2									
CZ,IN,US																			9														2							11		30
CZ,IN,US,ZA																																										74
CZ,IQ											3																															
CZ,IQ,IT																																									6	
CZ,IR																														3	5	5	62	48	34	41	53	71	34	105	70	96
CZ,IR,IT																																						1				
CZ,IR,JP																																		2								
CZ,IR,KR																																								8		
CZ,IR,NZ																																			5	3						
CZ,IR,PL																																	2						5			
CZ,IR,RS																																			2							
CZ,IR,RU																																							1			
CZ,IR,SK																																	2									
CZ,IR,TR																																			1							
CZ,IR,US																																			2	1		2	2			
CZ,IT	16		5										1	13	1	21	1	1	7		39	12	27	30	59	65	62	27	40	85	45	56	149	25	44	74	29	21	54	25	95	53
CZ,IT,MG																																						3				
CZ,IT,NZ,PL,US																																								22		
CZ,IT,PL								5																									8							13	10	2
CZ,IT,PL,SI										1																																
CZ,IT,PT																									9																14	
CZ,IT,PT,SK																																										
CZ,IT,SI																															3				1							
CZ,IT,SK																																			1		1	24	9	3		46
CZ,IT,TR																																3										
CZ,IT,TW																																										31
CZ,IT,US																				32			8	15										18								
CZ,IT,null																22														40												
CZ,JP			6				32	40				6		2			1	1	10	1	4			10	3		10		13	14	32	33		5	18		261	91		4	10	
CZ,JP,KR,VN																																			4							
CZ,JP,NL																																			1							
CZ,JP,NL,US																														12												
CZ,JP,PL																																					11					
CZ,JP,RO																															8											
CZ,JP,SE																	5																									
CZ,JP,SK																				7																						
CZ,JP,TW																															3											
CZ,JP,TW,US																												2														
CZ,JP,US							5													2														20					15			
CZ,KR																									8	4			3		15				31	5	15		1			
CZ,KR,PK																																						1				
CZ,KR,PL																																									7	
CZ,KR,US							1																								14				1			27		2		2
CZ,KR,VN																																			8							
CZ,KW																												9				19	4		10		19			8		
CZ,KZ																																		1					2	1		
CZ,LT																						11								16				49						16	56	68
CZ,MA																														9						9						
CZ,MD,PL,UA																																				43						
CZ,MK																			1																							
CZ,MX																			4										7			8	8	21	1		52	28			31	5
CZ,NL									6	2		12			6	16	17	1				2	6								5			2	6				8	2		4
CZ,NL,PL																									7																	
CZ,NL,SE																											4	8														
CZ,NL,US																6																										
CZ,NO																					4							8		8	10			28				11	13		13	
CZ,NO,SE																																			3							
CZ,NO,SK																																						1				1
CZ,NZ											3									2										1										6		
CZ,PH									3																																	
CZ,PL		8	37	9	11	1		4	30	3	12	2	13	6	9	8	8	1	4		28	4	12	6	33	43	19	20	34	62	43	112	66	367	90	220	120	61	177	196	243	122
CZ,PL,PT																																										2
CZ,PL,RU										2																											26					
CZ,PL,SE																												2							3							
CZ,PL,SE,SK																													1													
CZ,PL,SI																																					80	62				
CZ,PL,SK																												26			9	16	4	10			15			16	41	37
CZ,PL,TW																																										5
CZ,PL,UA																					1																					
CZ,PL,US						3								13																		5									93	
CZ,PL,null										1																																
CZ,PR																												8														
CZ,PR,SK,US																																						1				
CZ,PT																				3			10		8		12			23	23	13		14		31	56	4				2
CZ,RO			4																				3					13				7						1				
CZ,RO,TH																																									2	
CZ,RS								10	3										4											1								1		17		
CZ,RS,SK																																								3		
CZ,RS,SK,US																																									7	
CZ,RU	4	29	4	17	28	90	18	23	23	48	7	5	20				4			12	27		7	49	20	24		21	24	23	4		21	17	23	45	41	6		29	37	50
CZ,RU,SI,SK							18																																			
CZ,RU,SK							2	2																																		
CZ,RU,US																																		7							13	14
CZ,SA																																					6	1				
CZ,SA,SK																																										
CZ,SA,TN																																							3			
CZ,SE											1	11		7	5	1		4	1								5		7		45		3	7	6	1				53	69	
CZ,SG																																26	3									
CZ,SI	1																			41		21	14			15	14	61		23	14		29	55			14	23		66		33
CZ,SI,SK						16																														7		9				
CZ,SI,US																																					5					
CZ,SK		14	25	8	46		38	57	8	6	51	19	22	26	20	111	44	26	84	80	65	22	28	101	31	48	20	23	16	38	50	109	174	65	137	173	90	165	132	106	148	141
CZ,SK,UA																																		5				2	2			
CZ,SK,US		7								7																10			24	12				11	15							
CZ,TH																																				43		16	32	5	6	4
CZ,TN																																	1	1			1	5	6			
CZ,TN,TR																																								2		1
CZ,TR		1		3					2																							33			1	26	4		2	1	7	1
CZ,TR,US				14																																						
CZ,TW																							3							50		8	12							13		
CZ,TW,US																														5												
CZ,UA																																								37	11	8
CZ,US	4	6	7		4	3	16	44	38	32	21	25	1	30	5	13	23	11	9	7	6	19	26	16	26	31	92	221	197	195	239	62	304	55	296	420	261	305	272	397	146	143
CZ,US,ZA																																	3									
CZ,VN		9		6			29	12																													10				14	
CZ,ZA																	18													2					3			41	2	1		31
CZ,null			21																																							
D,DE,FI																						8																				
DE	18462	16123	16358	15248	18957	16217	16091	16175	16635	15637	15624	18212	18247	18676	16463	19298	23013	22633	21391	21770	19958	18592	19732	20342	20495	21038	19255	21367	21648	24457	25926	26744	30818	28749	29404	29309	30428	30047	30998	30854	32287	25955
DE,DJ,FR,MA																																										4
DE,DK	3	19	14		10				5		31	41	4	48	65	13	23	20	3	9	14	106			15	43	3	70	137	117	1	132	85	85	88	156	100	83	9	140	45	221
DE,DK,EE																																9										
DE,DK,EG																																		3		12			3		32	
DE,DK,EG,US																																		11								
DE,DK,ES																								4							65	35				1	7			142	2	
DE,DK,ES,FI																																								1		
DE,DK,ES,FR,US																												5														
DE,DK,ES,GB																																				11						
DE,DK,ES,IN																																		5								
DE,DK,ES,US																																									12	
DE,DK,ES,null																												8														
DE,DK,FI																															4											
DE,DK,FI,US																																		2								
DE,DK,FR																								2										5								
DE,DK,FR,GB																																					2					
DE,DK,FR,IT																																										14
DE,DK,FR,MD																						2																				
DE,DK,FR,US																														13									1			
DE,DK,GB																							33									12	130			39			6			
DE,DK,GB,KR,US																																							10	20		
DE,DK,GB,MD																							19																			
DE,DK,GB,NL																																						7				
DE,DK,GB,NZ																																					9					
DE,DK,GB,US																															3											
DE,DK,GH																								3																		
DE,DK,IE,PL																																										
DE,DK,IE,SE																																								15		
DE,DK,IL																				17		19																				
DE,DK,IN																																				31						
DE,DK,IN,JP,US																																										
DE,DK,IR																													4													
DE,DK,IT											13							6														1			2							
DE,DK,IT,NL																																			1							
DE,DK,KR,US																																					4					
DE,DK,LV																																	106									
DE,DK,NL																																				10						1
DE,DK,PL																																					12					
DE,DK,PL,SE																								3																		
DE,DK,PT																						20																				
DE,DK,RU																																			3							
DE,DK,SE																							23				5															
DE,DK,SE,US																	6																									
DE,DK,US																7										5		10				5		11	11	2	164			18	3	
DE,DK,US,ZA																																					21					
DE,DK,ZA																																						5			8	
DE,DK,null															22																											
DE,DZ																							9			11				1			5			8	16		7		11	
DE,DZ,FR												5																26		2								3	27	36		
DE,DZ,FR,HR																																									4	4
DE,DZ,FR,HU																																									27	
DE,DZ,FR,IT																																									6	
DE,DZ,FR,JP																																								7		
DE,DZ,FR,NO																																			11							
DE,DZ,IT,SA,TN																																										
DE,DZ,NL,SA																																										
DE,DZ,US																																										6
DE,EC																																										
DE,EE												2	1																		1		6		7		7	70	8	8	22	50
DE,EE,FI																														2												
DE,EE,GB																																									15	
DE,EE,LT																															30											
DE,EE,LV																																										1
DE,EE,RU																																							11			
DE,EG	4		13	47	51	46	74	54	30	56		53	68	119	83	40	11	100	86	189	70	137	160	104	73	124	72	70	94	155	114	82	197	336	223	157	270	230	260	188	181	108
DE,EG,FI																																25	23	3	44	54	21		47	41	17	33
DE,EG,FI,SA																																								11	4	
DE,EG,FI,TR,US																																					12					
DE,EG,FI,US																																				9	18	15	54	12		38
DE,EG,FR																													12											2		
DE,EG,FR,MA,US																																										11
DE,EG,FR,NL																																			6							
DE,EG,FR,TN																																						21				
DE,EG,FR,US																																								3		
DE,EG,GB										4																	2	13														
DE,EG,GB,IT																																	22									
DE,EG,GB,SA																												3													9	
DE,EG,GB,US																																										
DE,EG,GR																						4																23			36	97
DE,EG,HU									1							2		1	3			1															9	2	2			
DE,EG,HU,NG																																										
DE,EG,HU,SY																	2	3																								
DE,EG,IL						9																																				
DE,EG,IN																																								9	26	
DE,EG,IN,SA,US																																										38
DE,EG,IQ																											14															
DE,EG,IQ,IT																									33																	
DE,EG,IT																								6								1		39		26		2				34
DE,EG,IT,KW																																							1			
DE,EG,JO												32											15				13															
DE,EG,JO,KW																																										
DE,EG,JO,TW																																								1		
DE,EG,JO,US																																								43		
DE,EG,JP																						3											14									11
DE,EG,JP,SA																																								2		
DE,EG,JP,US																																			4			10				
DE,EG,KW,MA																																										1
DE,EG,LB																																										
DE,EG,LY,SA																																										
DE,EG,MA																																					4			3		
DE,EG,PL																				6																						
DE,EG,PS																									12							9										
DE,EG,QA																												3														
DE,EG,RO																																							24	18		
DE,EG,RU																											1							8			11					
DE,EG,SA					4																				4				5		34	31			3	1			41	57	44	49
DE,EG,SA,US																																									16	5
DE,EG,SA,UZ																																									1	
DE,EG,SE								13																																		
DE,EG,SY																																11										
DE,EG,TH																																							7			
DE,EG,TW																																				1					27	105
DE,EG,TW,US																																								22		
DE,EG,US						6																							20	30	106	91	141	20		42		72		87	131	132
DE,EG,US,null																													47													
DE,EG,UZ																																				1						
DE,ES	12	13	23	52	43	85	62	85	47	55	48	60	131	178	128	210	237	189	167	161	262	266	233	304	315	237	186	359	447	359	535	587	546	311	569	516	398	640	396	427	337	414
DE,ES,FI																											14		23		67	14			47							
DE,ES,FI,FR											6																															
DE,ES,FI,NL,QA,RU,SE,US																																			8							
DE,ES,FI,NO																																				1						
DE,ES,FI,PT																																		10								
DE,ES,FI,RU																																							12			
DE,ES,FR												3		2	3				20				5		19	51	33		26			1	10	6	24	6	24	8	16	8		4
DE,ES,FR,GB																																						1	74		7	
DE,ES,FR,IN																													4													
DE,ES,FR,IT																																	16		14					1		
DE,ES,FR,IT,JP																																									2	
DE,ES,FR,IT,US																																								1		
DE,ES,FR,MX																																	5									
DE,ES,FR,NL,US																													3													
DE,ES,FR,PL,SI,TN																																				12						
DE,ES,FR,RU																												23												9		
DE,ES,FR,TN																																									21	
DE,ES,FR,TN,US																																										
DE,ES,FR,US																																									3	33
DE,ES,GB													10			6								1	1		10		3	29	40	17		21	1	26	4	61	29	8	68	26
DE,ES,GB,GR																																		2								
DE,ES,GB,HU,NL,SE,SI																																										
DE,ES,GB,IE																																	1	7								
DE,ES,GB,IN,JP																																							2			
DE,ES,GB,IQ																																				13						
DE,ES,GB,IT																													4	13												
DE,ES,GB,IT,US,ZA																																					2					
DE,ES,GB,MX																						3																				
DE,ES,GB,NZ,PK																																							1			
DE,ES,GB,PT																																							1			13
DE,ES,GB,RO																												5														
DE,ES,GB,SI																																			1							
DE,ES,GB,US																														1							30				4	
DE,ES,GB,US,ZA																																					95					
DE,ES,GE,HU,IT																																									5	
DE,ES,GR																																9				6		8		1		
DE,ES,GR,NL																																		1								
DE,ES,GR,US																																								10		
DE,ES,HR,IT,NL																																									1	
DE,ES,HU																																		11	15			9		11	25	
DE,ES,HU,IT																																							12			
DE,ES,ID																												3														
DE,ES,ID,IN,US																																									4	
DE,ES,IE																																						9		5		22
DE,ES,IE,IR,IT,RU																																								1		
DE,ES,IE,US																																									2	
DE,ES,IL																														1	67	1	49									
DE,ES,IN																								3				4	1		43	9	6	14	6	15	24	13	10			9
DE,ES,IN,IR																																						4				
DE,ES,IN,IT																																		4								
DE,ES,IN,PT																																					11					
DE,ES,IN,RS																																							15			
DE,ES,IN,SE																																			4							
DE,ES,IN,US																																	13	5		33						
DE,ES,IQ																																									9	7
DE,ES,IR																													1					4	1				3	2	48	
DE,ES,IT														4											1	6	11	1	14	8	30	40	25	30	37			1	55	65	48	68
DE,ES,IT,KZ,RU																								9																		
DE,ES,IT,MX																																					25					
DE,ES,IT,NO																																						6				
DE,ES,IT,PT																																							74	13		56
DE,ES,IT,RU																																								1		
DE,ES,IT,US																													4	2			10								6	
DE,ES,JP																														14	13	3	4		30		12		13	5		
DE,ES,JP,PT																																		5								
DE,ES,JP,US																																				3						
DE,ES,KR,SG																																					6					
DE,ES,KR,SG,US																																					19					
DE,ES,KR,US																																							10			
DE,ES,LT																																									3	
DE,ES,MX																				3																		4		2		6
DE,ES,NL																													26	18		1		3	5	34		21	4	15	14	
DE,ES,NL,SI																														3	4											
DE,ES,NL,US																														9					2							
DE,ES,NO																4							5																			
DE,ES,PE																							11																			
DE,ES,PK																																						3			1	
DE,ES,PK,SA																																			2							
DE,ES,PL																																								3		41
DE,ES,PL,TR																																								4		
DE,ES,PL,US																																									9	
DE,ES,PT															1									6		10		4	2		5	10	12	14	4					9	27	47
DE,ES,PT,RS																																		6								
DE,ES,PT,US																										10									5							
DE,ES,RO																							5							1		7					8	6	2		7	
DE,ES,RS																															6			6		5			5			
DE,ES,RU																							5	2			2			16	1	66	3	51			2		10		2	13
DE,ES,RU,US																																					4					
DE,ES,RU,null																														14												
DE,ES,SA																																								9		
DE,ES,SE																													48	2				1			6			2		
DE,ES,SE,US																															1	23										
DE,ES,TW																																					2					
DE,ES,UA															23											6			10		11	7	7	8								
DE,ES,US									5								3		76	11		3	22	8	18	34	30	30	60	17	79	61	52	1	33	5	3	29		8	76	11
DE,ES,UY																					2						3	13	1													
DE,ES,VE																									4										40							
DE,ES,null																													6													
DE,ET							3	3		7		10		6	9		9				7															5	2			15		13
DE,ET,KE																																								9	18	
DE,ET,SK																																										2
DE,ET,ZA																5	2																									
DE,FI		1		1	7	5	22	17		8	53	26	40	2	1	32	99	20	13	84	30	101	84	78	105	105	146	210	235	225	301	390	400	528	420	705	899	908	322	692	632	222
DE,FI,FR																				9										36		9						13				
DE,FI,FR,TR																																									44	
DE,FI,GB																																	7				32		3	6	17	
DE,FI,GB,GR,SE																2																										
DE,FI,GB,NL																																	5									
DE,FI,GB,NL,NO																												2														
DE,FI,GR																																12										
DE,FI,HR																																		15								
DE,FI,HR,HU																																							11			
DE,FI,HU																						5	13	12				54			6	3						2	14			1
DE,FI,HU,IT,JP,SE,US																													6													
DE,FI,HU,NL																																	6									
DE,FI,HU,SE																														6												
DE,FI,IE																																									9	
DE,FI,IN																											6	6							2	7		49		26		1
DE,FI,IT																15	10											15						1			15	72	34			44
DE,FI,IT,PL																																							98			
DE,FI,IT,SE																															9											
DE,FI,JO																				40																						
DE,FI,JO,NL																															24											
DE,FI,JO,US																						11																				
DE,FI,JP																																										
DE,FI,NL																			3						1			11											3		90	
DE,FI,NL,NO																																								50	103	
DE,FI,NL,US																																				4						
DE,FI,NO																										10																
DE,FI,NO,PL																													5													
DE,FI,NO,RU																																					31					
DE,FI,PK																																									19	
DE,FI,PL												9			12			17	3		14													3							6	
DE,FI,PL,RO,SK																											8															
DE,FI,PL,SE,UA																																3										
DE,FI,PL,SK																								8																		
DE,FI,PL,UA																										11	10	17		11			9									
DE,FI,PL,UA,US,UZ																													8													
DE,FI,PT																																					24					
DE,FI,RU																2					15											9				14		73		7	38	11
DE,FI,RU,SE																																			3							
DE,FI,RU,TW																																						15				
DE,FI,SE															15	2																						13				
DE,FI,SE,US																																		4								
DE,FI,SE,ZA																																5										
DE,FI,SI																													11										12			
DE,FI,SK																					12					12																
DE,FI,TR																														6			21			9						
DE,FI,UA																											38	4				1			3	9						
DE,FI,US																									1					20	2			1					50		3	59
DE,FI,null			8																																							
DE,FJ									6																																	
DE,FJ,LK									3																																	
DE,FR	15	52	55	29	33	45	41	70	103	170	295	289	265	226	320	316	310	336	391	176	416	411	246	250	428	660	343	283	757	851	609	521	628	672	698	622	706	762	961	829	499	837
DE,FR,GB										1	4	3			1		1	79	3	91	37	56	55	94		4		8	6	2	26	9	33	3	73	22	38	58		15	33	26
DE,FR,GB,GR,US																																	40									
DE,FR,GB,HU																									17																	
DE,FR,GB,IE																															4											
DE,FR,GB,IE,PL,SK																																									40	
DE,FR,GB,IN																																		3								
DE,FR,GB,IT																				10				2	1																	
DE,FR,GB,IT,TH																														1												
DE,FR,GB,JP																												14														
DE,FR,GB,NC,US																																								43		
DE,FR,GB,NL																							3					1														
DE,FR,GB,NZ																																			1							
DE,FR,GB,PL,UA,US																																			16							
DE,FR,GB,PT																					1																					
DE,FR,GB,RU													1																					5								
DE,FR,GB,SE,US																																						43				
DE,FR,GB,US																					7					5	2												30			
DE,FR,GB,UZ																									4																	
DE,FR,GR										6									2		26				2						5							15				
DE,FR,GR,IN																																	1									
DE,FR,GR,PL																																		36								
DE,FR,GR,SI																																							3			
DE,FR,GR,US																																										65
DE,FR,HR																								40																		1
DE,FR,HU	6									11																		29				1			12					7		43
DE,FR,HU,IT																												5														
DE,FR,HU,US																																				43						
DE,FR,IE							1										24											9														
DE,FR,IE,NO																																20										
DE,FR,IL																	2					19	1								3				16							16
DE,FR,IL,RU														1																												
DE,FR,IN																										5				9	153		8		15	16	14	5	6		18	11
DE,FR,IN,IT																													2													
DE,FR,IN,JP																												3														
DE,FR,IN,LU																																										
DE,FR,IN,TN																																			31							
DE,FR,IN,US																															14							3				
DE,FR,IR													2																													
DE,FR,IT	1										7				3	3				15	19		3		2	46	118		3	34	21	2		7	78	3	67	60	142		133	
DE,FR,IT,JP																							1																			
DE,FR,IT,NL																							5																			
DE,FR,IT,NO																																							2			
DE,FR,IT,PL																																						17				
DE,FR,IT,PT																																	16									
DE,FR,IT,SA,US																																				4						
DE,FR,IT,SE																																					17	48				
DE,FR,IT,US																													2					51					100		126	
DE,FR,JO																																	1									
DE,FR,JO,PL,US																																					4					
DE,FR,JO,PT																																				5						
DE,FR,JP													11							22		1				4						11	4	16	2	26		12	10			
DE,FR,JP,KR																																		2					16			17
DE,FR,JP,RS																									4																	
DE,FR,JP,TR																															5			8								
DE,FR,JP,US						4																											4									
DE,FR,JP,null																													8	7												
DE,FR,KR								7																				3														
DE,FR,KW,MA,US																																										14
DE,FR,LT																						7																				
DE,FR,LU																														5												
DE,FR,MA																	12			11					13						2						4				8	
DE,FR,MA,SA																																										
DE,FR,MA,TN																																									19	
DE,FR,MD																												3			2											
DE,FR,MD,PL,RU																					6																					
DE,FR,MN,TN,US																																									39	
DE,FR,MY,US																																								34		
DE,FR,NL						3														4	2			8		4		1				31		6	19		61	7	18			
DE,FR,NL,SK,US																																										10
DE,FR,NO												25										2													3	2						
DE,FR,NZ					2																								7						10			16				
DE,FR,PA																																										
DE,FR,PK																					1													21		1						
DE,FR,PK,US																																	4									
DE,FR,PL					6										32								2			20		16	36		33			20	2	9		29	19		31	
DE,FR,PL,RU																											7			7												
DE,FR,PT																					4															29			2			
DE,FR,RO																			7	3	2		3			9	2	9		1			23							3		
DE,FR,RU																								4		5	17		2		39	50			10		12		4			
DE,FR,RU,US																																26	2						6			
DE,FR,SA																																					2					
DE,FR,SA,TN																																										15
DE,FR,SE		44			3																									2							15		9	66	2	4
DE,FR,SE,TW																																					2					
DE,FR,SG																															9											
DE,FR,SI		1																		2														2								
DE,FR,SI,US																																									1	
DE,FR,SK																					36			2	2	1			3	18			8		9		4	7				
DE,FR,SK,US																													9				6									
DE,FR,TN																																	6	36		21	22				6	2
DE,FR,TR																						8										1										
DE,FR,TW																																					3					
DE,FR,UA																				1	15																24				3	
DE,FR,US	3		3		9							6	25	49		12	59	38		89	1	31		17	13	2	6		38	18	141	52	116	2	49	103	9	39	75	55	34	19
DE,FR,UY																																		18		16						
DE,FR,UZ																										3																
DE,FR,VE																															4						5					
DE,FR,VN												11																														
DE,FR,ZA																				1																						
DE,FR,null					2									10																												
DE,GA																			3																							
DE,GB	63	33	17	35	29	66	42	51	80	141	41	52	68	59	115	311	410	139	346	314	308	206	206	201	175	245	328	318	390	530	865	886	686	534	829	1233	1158	706	873	1453	1062	567
DE,GB,GR																										22	6			1				3	1							8
DE,GB,GR,US																																6				4						
DE,GB,HK																																										12
DE,GB,HR																											25				1	1										
DE,GB,HR,PL																																					13					
DE,GB,HU	5			4														2																1			5	44		19	230	
DE,GB,HU,IT																																	32									
DE,GB,IE																					30		35	44										10					4			
DE,GB,IE,IT,US																																								32	41	
DE,GB,IE,JP																																	6									
DE,GB,IE,PK																																	4									
DE,GB,IE,PL																																			6							
DE,GB,IE,US																																			3							
DE,GB,IL																					23		18															98				
DE,GB,IL,IN,IT																																					50					
DE,GB,IN																					1		10			1			3	1		13	5	44	41	56	22	11	1	2		
DE,GB,IN,IT																											10															2
DE,GB,IN,JO,SA																																										4
DE,GB,IN,MX																																			3							
DE,GB,IN,US																									8																	
DE,GB,IQ					1																											7	8	26	9		13	6	17	5		46
DE,GB,IQ,TR																																		2	24							
DE,GB,IQ,US																																	2									
DE,GB,IR																														5				14	11							
DE,GB,IS																													10													
DE,GB,IT										1					1		5		1							13		12	11	3			19	27	36	8	25	17	50	8	42	18
DE,GB,IT,JP																															1											
DE,GB,IT,NL																																					10					
DE,GB,IT,SE																												12			2										2	
DE,GB,IT,SE,US																																								82	62	
DE,GB,IT,US																															18									116		3
DE,GB,JO,OM																																			4							
DE,GB,JP			1				11							8			8	2	3		3			56	7	25	43	23		8			20		10	6			13		2	5
DE,GB,JP,LU,PT																														7												
DE,GB,JP,OM																																								8		
DE,GB,JP,PL																																									7	
DE,GB,JP,RU																								27		81																
DE,GB,JP,US																								1										8		13			4			
DE,GB,KE																							1																			
DE,GB,KW																							14																			
DE,GB,MA																																									1	
DE,GB,MD,US																													2													
DE,GB,MG,US																																1										
DE,GB,MX																		1						4									3	1						13		
DE,GB,MX,US																														2												
DE,GB,MY																																		66								
DE,GB,NL															1					4							7			16	27	7	26	1			6		68	13	53	35
DE,GB,NL,PT																																					5					
DE,GB,NL,SE																																								272		
DE,GB,NL,US																																5			5	10						
DE,GB,NL,ZA													1																													
DE,GB,NO																	1	3		6		1																				
DE,GB,NO,PT																																										1
DE,GB,NO,RU																						13																				
DE,GB,NO,US																																							19			
DE,GB,NZ											1										4		1	7							18						8	5			8	
DE,GB,NZ,SE																																				2						
DE,GB,NZ,US																																		9								
DE,GB,OM																						25									5			15								
DE,GB,OM,PK																																								52		
DE,GB,OM,PL,US																																13										
DE,GB,PK																													10					29								
DE,GB,PK,SA																																					1					
DE,GB,PK,TR																																							2			
DE,GB,PL														2		5				1					34							3			17				79		4	5
DE,GB,PL,RU																																				8						
DE,GB,PT																		15	8		1		11													3	20				1	91
DE,GB,RO														9			5				28									2												
DE,GB,RO,UA																																										1
DE,GB,RS																																22										12
DE,GB,RU																9	31	6	33	11	21	65	28	5	3	60	45		8	54	13	100			20	6			1		2	
DE,GB,RU,SE																																							1			
DE,GB,RU,TW																																			56							
DE,GB,RU,US																														4												
DE,GB,SA																																						3				
DE,GB,SE																														1				54	32			175				12
DE,GB,SE,US																																24										
DE,GB,SG																			1					6				2		75	8						3					69
DE,GB,SI																			4												7								9		2	32
DE,GB,SK	5																										8										9					
DE,GB,SS			4																																							
DE,GB,TH																																13			37							
DE,GB,TR																									2											8			1	7		
DE,GB,TR,US																																								1		
DE,GB,TW,US																																			25	18						
DE,GB,UA																	2						7	13	7		28	7		6						1				11		
DE,GB,US						2			1	43					7		1	17		26		9	35	8	5	9	1	61	98	15	263	365	85	42	312	128	12	100	209	142	646	155
DE,GB,US,null																												8														
DE,GB,VN																																4							9			
DE,GB,ZA																																									3	
DE,GB,null				3																							1	4	1	9												
DE,GE																				20	3	6		22	1			15		9	7				10			22				
DE,GH		32			5							1				8	1		4	1						1									7	8	4				1	2
DE,GH,SA															3																											
DE,GR			17				53		6	14	13	32	6	19		19	13	4	7	2	5	7	23	40	31	10	21	19	52	57	44	67	33	111	25	62	45	50	7	127	64	52
DE,GR,HU																3																										
DE,GR,HU,RO																																4										
DE,GR,IE																																									1	
DE,GR,IN																															10					8						
DE,GR,IT														1						3																	5					
DE,GR,IT,US																																1										
DE,GR,JP													2																													
DE,GR,NL																															1	28		20								4
DE,GR,None																					4																					
DE,GR,PL											1																						3			16						
DE,GR,PT																													1													
DE,GR,PT,UY																												22														
DE,GR,QA,SK																																		6								
DE,GR,RO																																5			11							
DE,GR,RS																							1																73		7	
DE,GR,RU																												3														
DE,GR,SI,TR																																							4			
DE,GR,US											18												1										32				4	5	24	6		
DE,GU																												8														
DE,HK																					3									1	3		44				5			35	58	81
DE,HK,US																							10																			
DE,HR	11		1	8	13	14		12	5	3	13	13	2	19	7		1	3			7	20	18	17	3	21	40	27	48	66	40	40	26	59	30	45	63	21	36	153	12	127
DE,HR,HU,PL																																						5				
DE,HR,IL																															8											
DE,HR,IT																																										
DE,HR,IT,PL																																										6
DE,HR,NL														4	8																											
DE,HR,NO																																					6					
DE,HR,PL																																					5		4			
DE,HR,PL,RU																																							8			
DE,HR,PT																																							15	31	57	15
DE,HR,SE																																										1
DE,HR,SI																															29			7			3		10		1	
DE,HR,US												5						8																								
DE,HU	44	59	2	47	4	72	43	100	82	50	141	214	109	93	81	88	45	67	76	62	121	96	116	45	68	52	46	62	201	127	95	246	294	113	216	456	114	288	284	77	45	15
DE,HU,ID																																							10			
DE,HU,IL							3									2																										
DE,HU,IN																			1				1		25																	
DE,HU,IN,JP																						13																				
DE,HU,IN,PK																																					39					
DE,HU,IR						2																																				
DE,HU,IT									10		38										24				21		17	7	27	3	3		24	3				5	30			30
DE,HU,IT,PK																											1				5	3										
DE,HU,IT,PL																																								14		44
DE,HU,IT,SI																																									3	
DE,HU,IT,US																																						4				
DE,HU,JP																			4	9								1									18					
DE,HU,KE																																		4								
DE,HU,KR,US																																							1			
DE,HU,KZ																																			9							
DE,HU,LT,SE														8																												
DE,HU,NG																		2																								
DE,HU,NL											3				22																4	40									10	
DE,HU,NO																									1																	
DE,HU,PK																																	124			17						
DE,HU,PL									2											2			2	5		1				4			1									
DE,HU,PT																			4		29					1	4	8						6		5	14					
DE,HU,RO			3																														13									
DE,HU,RU							1																		46	24															2	
DE,HU,RU,SE																						1																				
DE,HU,SE		2				2																		3					1				20							18		
DE,HU,SG																																	19									
DE,HU,SI																						7																				
DE,HU,SK,US																																				8						
DE,HU,UA,US																						8																				
DE,HU,US												6		1		5	8			1				13	11			5		13	9			7			20	1			5	
DE,HU,US,null																													5													
DE,HU,ZA																										11		8														
DE,HU,null								9																				17														
DE,ID												2							3									2			2						10	3		11	11	6
DE,ID,JP,NL																																			3							
DE,ID,TH																																							4			
DE,ID,VN																			8																							
DE,IE										11	6	2			4		9	13		19	9	15	18	32	128	55	12	7	190	216	165	50	14	83	45	101	50	11	54	119	114	65
DE,IE,IL																										2																
DE,IE,IN																														4	6	4							15			
DE,IE,IN,NG																																				5						
DE,IE,IR																													1													
DE,IE,JP				10													3							9			3															
DE,IE,KR,US																																			2							
DE,IE,LB,PK,SA,US																																									1	
DE,IE,MD,PL																												4														
DE,IE,NL										5												15									8		15		4	10						
DE,IE,NL,US																																						3				
DE,IE,NZ																										26																
DE,IE,PK																																				3						
DE,IE,PL																																			2							
DE,IE,RU																		19			3																				6	
DE,IE,RU,US																																							3			
DE,IE,SD																														9												
DE,IE,SG																																									25	
DE,IE,US																								3				3		2	1		5									
DE,IL	23	18	47	93	46	33	18	3	32	44	38	16	54	32	20	42	17	31	41	78	38	52	47	9	6		34	40	56	57	31	18	236	325	79	97	134	70	85	106	203	156
DE,IL,IN															14															5								22	4			
DE,IL,IT																			7												3				3				6		13	
DE,IL,JP																		5																35								
DE,IL,NL																																4										
DE,IL,NL,PL																					1																					
DE,IL,NO																																				3						
DE,IL,NZ																																		1								
DE,IL,NZ,US													2																													
DE,IL,PL									2											2																						
DE,IL,PS																																		1								
DE,IL,RU																						9				26					2		3	4	42							
DE,IL,SE																																										1
DE,IL,SE,US																							6																			
DE,IL,SK,US																																					7					
DE,IL,TR			2																																							
DE,IL,US	4	4														5			3		8	12	2						3	16			2		22		4					
DE,IN	18	12	12	10	12	26	39	16	16	1	41	25	1	21	40	51	22	22	84	84	100	231	209	318	315	117	219	220	252	368	381	659	536	537	668	523	470	229	651	560	679	561
DE,IN,IR																																								1		1
DE,IN,IT																							2				6	6		5			46	6				85	122	5	5	7
DE,IN,IT,PL,PT																																				14						
DE,IN,IT,RU,US																																								31	34	
DE,IN,IT,SG																																		52	33							
DE,IN,IT,US																																							29		34	
DE,IN,IT,null																												11														
DE,IN,JO																																						6	20			
DE,IN,JP														2						1		1	3	1		8		1	2	6		11	30	115	2			15				4
DE,IN,JP,KR																																			9							
DE,IN,JP,PL																																3										
DE,IN,JP,US																																								1		
DE,IN,JP,VN																																							2			
DE,IN,KE,MO																																										3
DE,IN,KR												1	1																1									5	4			
DE,IN,KZ																																		69								
DE,IN,MD																																										
DE,IN,MY																																			16							
DE,IN,MY,SG																																									75	
DE,IN,NA,ZA																																24										
DE,IN,NL											1									1	1					7											2					
DE,IN,NL,PT																																							16			
DE,IN,NZ																															11		9									
DE,IN,None				1																																						
DE,IN,PA																																									1	
DE,IN,PA,SA																																										
DE,IN,PK				5																														24							2	
DE,IN,PL										2											2																	18	3	12		
DE,IN,PL,US																																								78		
DE,IN,PT																																		7			10		5			
DE,IN,RS,US																																								7		
DE,IN,RU																								2			2			7				13		9	3					
DE,IN,SA																																								34	15	9
DE,IN,SA,US																																									3	
DE,IN,SA,VN																																					5					
DE,IN,SE																																			1		7		50			
DE,IN,SI																																						9				
DE,IN,TH																																				3						
DE,IN,TR																																					6			10	5	34
DE,IN,TW																																	31									
DE,IN,UA																																				5						
DE,IN,US			1											3						12		13		5	48	18		30	18	17	4	60			9	63	60	90	206	35	41	16
DE,IN,null																												4		9												
DE,IQ	9				20			19				2	27		18													8	7			6			36	38	37					11
DE,IQ,IR																																							9			
DE,IQ,IT																																								8		
DE,IQ,JO																			17					14		8		13	7													
DE,IQ,MA															8																											
DE,IQ,PK																														13				17								
DE,IQ,TR																																									11	
DE,IQ,ZA																																				17						
DE,IR		4	1	12		6	24			12		6	38		7		7	37	1	5	22	11		22	44	50	112	63	152	85	116	93	253	79	58	144	244	120	218	263	432	226
DE,IR,IT																												1					20	3	12	2	2		36	2		7
DE,IR,JP																																2										
DE,IR,KR																																							2			
DE,IR,LB,SA,US																																								1		
DE,IR,MX																																		1								
DE,IR,MY																								4																		
DE,IR,NL																		1																								
DE,IR,NL,TR																																					4	4				
DE,IR,PH																																								3		
DE,IR,PK,RU																																					34					
DE,IR,PL																														5		2	5		1	1			11	3	5	2
DE,IR,PL,RU																																								4		
DE,IR,PT																																		6								
DE,IR,RU,US																																									32	
DE,IR,TN,TR																																										1
DE,IR,TR		3																																								
DE,IR,UA																																40	45									
DE,IR,US																																									3	
DE,IR,ZA																																		4							2	
DE,IR,null																			4																							
DE,IS									11			4					6						2									12	2		10	10		14		8	9	
DE,IS,RU																											1															
DE,IS,US																																						7				
DE,IT	18	23	27	27	84	45	62	18	50	28	100	56	82	119	110	127	81	253	146	159	170	142	260	195	292	190	244	365	313	288	385	339	358	472	509	625	362	771	460	565	727	711
DE,IT,JO																												13														
DE,IT,JO,SA																																				12						
DE,IT,JP									23																							23		20			71					
DE,IT,LB																																	11									
DE,IT,LV																													32													
DE,IT,MA																				1												25										
DE,IT,MD,RO																																							3			
DE,IT,MX																	1																			20						33
DE,IT,MY,SG																																						23	6			
DE,IT,NG																															4											
DE,IT,NG,ZA																																									2	
DE,IT,NL								2									6			5	14	5	18				13				1				24	48					12	
DE,IT,NL,NO																																										
DE,IT,NL,US																														38												
DE,IT,NO																														8												
DE,IT,NZ																										4																
DE,IT,OM																																			3							
DE,IT,OM,PK																																	1									
DE,IT,OM,ZA																																				1						
DE,IT,PL																												4				4	9	2		11	4	2			20	
DE,IT,PT																	4			9								17												6	18	49
DE,IT,PT,US																																										27
DE,IT,RO																									9		2		4	17												
DE,IT,RU																2			24					1		1		4	12				5		4		10			6		
DE,IT,RU,SG																																									37	
DE,IT,RU,TR																																						55				
DE,IT,RU,US																																	33									
DE,IT,SA																																32	76	11		8		6	33			
DE,IT,SE																							1			12					4			5								
DE,IT,SE,US																																			9							
DE,IT,SG																													49	57		62		64				42				
DE,IT,SG,US																														19	34								22			
DE,IT,SI																																					2	1				
DE,IT,TN																																			11							
DE,IT,TN,US																																					19					
DE,IT,TR														1																				5		59						1
DE,IT,TW																																								12		
DE,IT,UA																	22																									
DE,IT,US	12		2				32				2			37	22					6		7	12	11						65	81	2		16		49	47	2	14	210	7	25
DE,IT,ZA																															6											
DE,IT,null				4			13																					11	7													
DE,JO						19	15	14	1		44	17	13	33	6	10	46		43	25	13	41	56	47	82	48	55	51	61	2	22	25	61	36	28	44	146	87	61	57	25	19
DE,JO,KW																																										1
DE,JO,KZ																																									8	
DE,JO,LY																								11																		
DE,JO,MA,PK,SA																																		11								
DE,JO,MA,PS																																	2	3								
DE,JO,MY																																							41			
DE,JO,MY,SA																																						4				
DE,JO,NL																																						4				
DE,JO,OM																																									13	
DE,JO,OM,US																														12												
DE,JO,PK																		2							4																	
DE,JO,PL																															4									14		
DE,JO,PS																							4	12	12	13	5	11					4	12	3							
DE,JO,PS,SA																																		4								
DE,JO,PT																									12																	
DE,JO,RS																																							3			
DE,JO,RU																									4													1				
DE,JO,SA																																13	13	9		7	4					
DE,JO,US									12															7					16	9		13		6								
DE,JP	11	19	49	136	65	117	42	41	41	37	20	118	49	78	125	109	83	82	92	175	191	137	191	189	62	211	208	150	299	192	608	390	543	540	438	443	564	470	562	402	462	460
DE,JP,KR																				5	26		17									16	4								19	
DE,JP,KR,RU																														1												
DE,JP,LV																																										
DE,JP,MY																										4		6														
DE,JP,NG,VN																																								6		
DE,JP,NL																													4				11				42				37	
DE,JP,NO											2																				10		14									
DE,JP,PA																		3																								
DE,JP,PK																																				36						
DE,JP,PL																																						5		2	3	
DE,JP,PT																																22								18		
DE,JP,RS																									4																	
DE,JP,RU																			11	1																17						3
DE,JP,RU,US																													2										3			
DE,JP,SG																														1												
DE,JP,SI																																									9	
DE,JP,SK																																									25	
DE,JP,TH																	2																2									
DE,JP,TW																																									3	
DE,JP,TW,US																																									2	
DE,JP,UA																																						3				
DE,JP,US						2	2					3					17			7	60	1		3	74	36	3	51	6	6		14	65	25	1	4		2	10		24	27
DE,JP,VN																									4																	1
DE,JP,ZA																																						8				
DE,JP,null						13																																				
DE,KE										26	37		2			1		45		2	4	8	21	2	9	16	5		9	2	10		1	8		14	2	3	3	9	6	12
DE,KE,MO																																									2	
DE,KE,OM,PK																																2										
DE,KE,OM,ZA																																2										
DE,KE,SE																																			7							
DE,KE,TZ																													6										4			
DE,KE,TZ,UG,US																																									3	
DE,KE,UG																																8										
DE,KE,ZA																																	2									
DE,KP,LT										64																																
DE,KR			13	6			6	8	16		34	3	9		1	4		13		4	7	6	28	21	8		21	38	1	27	12	29	59	17	182	174	4	246	161	127	152	325
DE,KR,LU																																	2									
DE,KR,LU,NG																																			4							
DE,KR,LU,PT																																		1								
DE,KR,NL																																								14		
DE,KR,NO																																	3									
DE,KR,NZ,US																			10																							
DE,KR,PK																																	1				10		5			
DE,KR,PK,US																																		2								
DE,KR,RU																									6			5	2	3												
DE,KR,SE															6																											
DE,KR,SG																																				10			16			
DE,KR,US																		5							2				30	1		202	285	175	247		267	57	16	82	7	7
DE,KR,US,null																														5												
DE,KR,VN																																		2		3			6			
DE,KR,ZA																																						3		14		9
DE,KW																													6													
DE,KW,SA																																	9									
DE,KZ																						5								3	2	163	17	19			2					
DE,KZ,NG																																		17								
DE,KZ,PK																																				16						
DE,KZ,PL																																							40			
DE,KZ,RU																																							20			
DE,LB																															2						9					31
DE,LB,US																																							5			
DE,LI																								44		51						9		20	2							
DE,LK							5	11	3	12	9									5				7																		1
DE,LK,NG															3																											
DE,LT												1	9												18					42				11	36	11			10			54
DE,LT,PL																																							4	6		
DE,LT,SE																										17	10		9													
DE,LT,US																																							15			
DE,LU																																	11	6						3		49
DE,LU,NL																																						1				
DE,LU,RU																																								17		
DE,LV																		22	6	22				8			44		13	20		1			71	69	12	6	28	11	37	
DE,LV,PT																						2																				
DE,LV,RU																																	40								43	
DE,LY				80																											3									13	10	
DE,MA																1			7	1							1		1			16	11	82			1		4	1		
DE,MA,PT																																44										
DE,MA,US																																			4							
DE,MD															7			9													5		12				18	5			1	10
DE,MD,NL,PL																																								1		
DE,MD,PK,TR																																		9								
DE,MD,PL															4											2			2									3	1			
DE,MD,PL,RO,SK																																							4			
DE,MD,PL,UA																										2																
DE,MD,PL,US																												5														
DE,MD,RO																							3														8	8		8		
DE,MD,US																													2		7			4	7							
DE,ME,RS																																								4	2	
DE,MG																								3									4		2	2						
DE,MG,RU																																				7	6					
DE,MK																										4					2											
DE,MM														32												2																
DE,MN				3																2			1													2					8	3
DE,MN,OM																																						5				
DE,MN,PK																						1																				
DE,MN,RU																												2														
DE,MO																																									19	
DE,MX	5	40	3	7		4	16	23	35	29	20	3	17	5	7	4	9	10	13	50	9	65	5	46	10	10	18	37	18	25	18	1	1	1	7	28	5	100	43	6	27	16
DE,MX,NL																																										6
DE,MX,SE,SK																									1																	
DE,MX,US							10																								1											
DE,MY																									2						2	4	6		9	1			4			
DE,MY,PK															3														3					12	4	1			16			
DE,MY,PK,PL,SA																																					1					
DE,MY,SA																																							2			
DE,MY,ZA																																										
DE,MZ,PL																																							2			
DE,NA							44																																			
DE,NA,NG																																					1					
DE,NG							3		21	17		7	15	5			1	10		12		4									6		2	12	37	1	1	19	28	70	15	6
DE,NG,SA																																						1				
DE,NG,SA,TR																																						1				
DE,NG,TR																																							1			
DE,NG,US																															5		2									
DE,NG,ZA																													13													
DE,NL	36	27	16	9	1	29	11	47	13	40	49	52	147	92	43	34	49	198	142	85	181	111	104	224	87	64	91	82	178	192	246	385	383	412	228	284	304	254	323	365	417	256
DE,NL,PL											1									1												5				46	42		164		31	
DE,NL,PL,US																																		123	25							
DE,NL,PT																						3														1						
DE,NL,PT,US																																			9							
DE,NL,RU																														15						3						15
DE,NL,RU,UA																																							2			
DE,NL,RU,US																										1																
DE,NL,SA																																			3	9						
DE,NL,SE																4								5																2		
DE,NL,SG																															1			11								
DE,NL,SI						2																																				
DE,NL,TR																															4											
DE,NL,TW																														33							59					
DE,NL,UA																								4									1		16					455		
DE,NL,US								87			22				2							2		19	5	10		5		2	12	88		60	155	1	22	15	244	94	8	50
DE,NL,ZA																																		1								
DE,NO	3	2		8		23	2		4	14			7	37		2			19	21		23		29	9	28	4	70	31	59	50	26	74	44	65	34	1	15	45	83	17	37
DE,NO,PL																						1																				
DE,NO,PL,US																																										12
DE,NO,RU													4									1	10														4					
DE,NO,SE																																							11			
DE,NO,SE,US																																					26					
DE,NO,US																	8				1														54					1		
DE,NO,null									1																																	
DE,NP,PK																														4												
DE,NP,US																																	9									
DE,NZ	1	2	4	2		23				3		1	3		30	9			5	15	7	5	4	36	6	46	10	3	144	14			13	18	2	57	46	7	42	22	88	90
DE,NZ,PK																																				7						
DE,NZ,PL																	3																									
DE,NZ,RS																									10		11															
DE,NZ,US																																		8		19					9	
DE,NZ,ZA																															1											
DE,None		7	11			8	15	3	8	7	1	13		4	2				10																							
DE,OM																																			68	57	45	95	110	51	39	16
DE,OM,PK																																		2				29	20	37	53	11
DE,OM,PK,SA,ZA																																		1								
DE,OM,PK,ZA																																		5	3	2						
DE,OM,PT																																							10			
DE,OM,RO																																				26	3					
DE,OM,US,ZA																																				2						
DE,OM,ZA																																					1					
DE,PA									2						10			32			4		15								1										10	
DE,PE						4	17	27										5		9			6		1				7										2	1		
DE,PF					1		8	2	22		5				1																											1
DE,PG														1																												
DE,PH																																								6	3	
DE,PH,RU,US																																		2								
DE,PH,TH																																								1	2	
DE,PH,US																															1						2				1	
DE,PK	4	3		1		2	12		38	9	2	11		15	35		9	6	56	74	44	64	66	1	24	19	108	28	49	118	121	141	196	246	268	81	110	40	42	45	107	36
DE,PK,PL																	5				12																		9			
DE,PK,PL,SA																																						1				
DE,PK,RU																						21																				
DE,PK,SA																													1	2	9				13			4	3			5
DE,PK,SA,ZA																																								3		
DE,PK,TR																			4											2	7							1	1			
DE,PK,TZ																												8														
DE,PK,US																															36					2						
DE,PL	1	33	8	20	21	6	72	41	42	109	48	107	75	74	65	49	107	118	63	94	143	84	95	68	78	182	187	169	161	144	240	184	273	243	127	252	117	412	378	450	480	331
DE,PL,PT																															4											
DE,PL,PT,UA																																					5					
DE,PL,RU														1			12	18			10	2	5				21	16	8	12		7			8						7	
DE,PL,RU,UA																							11																		1	
DE,PL,SA																																7										
DE,PL,SE						20																				1																
DE,PL,SG																																					7					
DE,PL,SK																	11						20		26	27	4							3					2			
DE,PL,SK,TN																																							1			
DE,PL,UA																									15					8		9		33	22		4	19		24		39
DE,PL,UA,US																						14												4								
DE,PL,US										6					31		8			18	11	16	2		1		4	10		11	27		12	27	1	6			1	8	241	
DE,PL,ZA																																										3
DE,PL,null					5																																					
DE,PR	1	3		2									3																		4											
DE,PR,SK																						5		1																		
DE,PS													32			27		4	10	2						14			3			27									15	
DE,PS,SA																																							1			
DE,PS,US																	1																									
DE,PT		6				3	39		1		22	19	36	13	6	15	28	35	33	20	79	40	24	23	46	63	1	53	13	47	16	5	136	79	36			187	94	39	47	11
DE,PT,RS																												9														
DE,PT,RU																															4											
DE,PT,RU,TN																																						4				
DE,PT,UA																																							3			
DE,PT,US																					3					25				4				3								218
DE,PY					11	19																																				
DE,QA								2																													13				4	1
DE,QA,US																																			13							
DE,RO			8	9									12	4	12			14	21	8	18	9	26	22	26	30	61	106	100	77	103	61	94	141	56	111	45	45	37	26	6	5
DE,RO,RU																							2								4		14							3	6	
DE,RO,RU,US																															2											
DE,RO,SG																																			9							
DE,RO,SI																													17								4	14				
DE,RO,UA																																							1	2		
DE,RO,US																																								41		
DE,RO,null															7															1												
DE,RS		16						4	3			7			1					1		1	1	28	59		3	57	24	37	64	124	86	38	86	38	9	47	77	40	83	83
DE,RS,SI																																	2						3	7		6
DE,RS,SK																																					4					
DE,RS,TR																																									11	
DE,RS,US																																							14			
DE,RU	8	4	30	51	11	8	6	6	11	52	98	110	59	83	130	271	154	164	215	227	438	750	438	491	492	435	547	742	523	508	665	767	718	559	610	355	713	448	436	627	544	506
DE,RU,SA																																								1		
DE,RU,SE																				14	8	4	8	4				1			2											
DE,RU,SI,UA,US																																										27
DE,RU,SI,US																										3																
DE,RU,SK																														2												
DE,RU,TW																																			3							
DE,RU,UA															7			3	6			11	3				19	15	36	29		51	164			16			6			
DE,RU,UA,US																															56											
DE,RU,US														1		7		7		1	12		70	9	11	33	7	8	57	32	35	14	37	7	9	2	11	22		58	5	
DE,RU,US,null																												11														
DE,RU,VN																																				13		1	15	2	9	13
DE,RU,ZA																					47					13																
DE,RW,ZA																																										1
DE,SA	1	2	2							23									23					26					3	40	57	33	158	69	115	131	79	180	133	413	116	260
DE,SA,SG																																5										
DE,SA,TN																																									52	10
DE,SA,US																														12								7				
DE,SD																												1				3		1								
DE,SD,null																													2	3												
DE,SE	2	6		2	11	6	1	3	2	36	4	16	7	30	117	21	74	29	33	27	38	59	46	100	55	36	31	43	104	46	127	83	55	30	144	136	318	309	327	240	228	475
DE,SE,SG																																							17	27		
DE,SE,US	1							1						4	1	1		6						2		3				39				51	38	2		20			13	112
DE,SE,ZA															4																		3									
DE,SE,null																														4												
DE,SG												1							2			1	5	3	3	16	120		8	8	122	13	32	1	3	95	68	94	100	133	3	
DE,SG,US																																		6		18	65	3		4		
DE,SI	24		2				10	8	9	13			16			6	18		1				12	37	76	3	31	8	50	53		171		96	93	65		53	55	72	104	108
DE,SI,SK																													3				5									
DE,SI,UA																																							77			50
DE,SI,US		3																												1								19				
DE,SK			3	6	11		58	15	9	51	19	27	53	47	29	21	37	66	26	34	9	18	11	34	62	34	9	30	17	36	18	37	30	12	2	20	23		10	36	33	6
DE,SK,TR																										1							4	4								
DE,SK,UA																									1							3										
DE,SK,US												3					2	12												12												
DE,SS		10																																								
DE,SY																	20		9																							
DE,TH															1			10	2				3	2		10		8	11				10		35	56	23	8	10	24	3	35
DE,TH,TW																																							6			
DE,TH,US												1																									1					
DE,TJ																									10		8	6	1													
DE,TJ,US																																							2			
DE,TN		1						2			1													6								9							2		9	1
DE,TR		59	34	7	58	20	16	14	60	7	23	58	1	25	27	14	24	49	54	43	49	40	67	13	23	57	99	71	68	52	144	129	111	45	41	51	37	11	211	83	152	186
DE,TR,US					2												3				15			3														2				
DE,TR,null																													6													
DE,TW				11	3					9	11		25			13			8	12	29	5							13		39	25	5	14	12			11	13	23	40	2
DE,TW,US																			1		1									15	4		32	44		8				24		
DE,TW,VN																																		5		7						
DE,TZ										1							6			6								6	6								9					2
DE,TZ,ZA																																							23			
DE,UA													50	13	38	31	68	48	56	52	44	77	170	154	264	165	91	114	95	186	159	317	374	296	325	237	54	332	94	162	107	79
DE,UA,US																			8			14	7		20	5	48		4			12								44		105
DE,UG																						6					2															
DE,UG,ZA																																										
DE,US	299	411	294	399	291	378	243	369	248	264	443	303	285	240	168	363	395	410	558	422	945	463	481	599	588	415	738	716	932	1904	1892	1397	1427	1432	1071	1549	1675	1550	1918	1762	2985	2722
DE,US,UY															1															4								1				
DE,US,VN																			2																							
DE,US,ZA					39																										45									1		
DE,US,null		1		4	3				6		9			1	12													72	4	2		4										
DE,UY											8						22			4										5					6					23		
DE,UZ																			1		1					2							4			12		1		1		4
DE,VE		7		2							10						1	2						4												60	48	15	1		8	
DE,VN				10	10					25	41		17		5	5	41	10	51	17	3	13	11			3		2	5		18	45	6		71	10	70	21	25	69	13	33
DE,VN,ZA																																								11		
DE,YE																				2	20										7	5										
DE,ZA		9			22	18	3	22		5	1	2	10	61	7			24	14	17	34	17	34	30	30	42	57	37	118	25	34	132	51	76	98	22	37	124	73	161	14	179
DE,ZW																					3																					
DE,null	193	247	173	222	289	210	219	209	244	159	195	210	150	111	169	93	42	143	56	13	13	10	5					194	14	4	16		8				6				1	
DJ,FR																										2																
DJ,FR,MA,SD																																										
DK	396	298	283	254	386	291	249	366	448	434	519	947	505	683	802	815	1040	1517	1742	1954	1856	2463	2132	1728	2633	1979	1921	1498	1467	2301	2096	1848	2172	2880	1292	2151	1852	1504	1502	1188	1254	1249
DK,EC													6	14																												
DK,EE,FR,GB,SE																					1																					
DK,EE,SE																			2																							
DK,EG														43	11					40	31	68	63	12	69	25	15	6	4				7	7	6	5	13	3				
DK,EG,GR																																										
DK,ES					4		39	19			4	6	21			2		2	14	12	1	13	23		49	4		18		36	24	21	19	19	31	99		38	46	60	38	147
DK,ES,FR															22			7	30		8																	45				
DK,ES,FR,GB														10																												
DK,ES,FR,PL															5																											
DK,ES,FR,PT																															45											
DK,ES,FR,US																																	5									
DK,ES,GB																										1									6		11					
DK,ES,GB,IE,US																															1	1										
DK,ES,GB,NL																																								3		
DK,ES,IT																																			4					6	10	2
DK,ES,MX																																								6		
DK,ES,NL																																						8		27	8	33
DK,ES,NL,SE																																									2	
DK,ES,PL																					1																		25			
DK,ES,PT,US																																					3					
DK,ES,RU																													9													
DK,ES,US																							1			1										2						
DK,FI																			22											9						92	2		2	21		
DK,FI,IN																																		1								
DK,FI,IR																								2																		
DK,FI,IT																																						18				
DK,FI,SE																		3																	6							
DK,FI,US																																			3		52					
DK,FR	8	7	1		2	19			18	23	3		8	54	1	6		33	54	37	14	79	28	55	78		34	56	8	28	1	2	48	50	91	61	13	85	80	11	21	1
DK,FR,GB															11																	280				1		3	3		1	
DK,FR,GB,GR																															1											
DK,FR,GB,GR,US																													24													
DK,FR,GB,IN,PL																																4										
DK,FR,GB,IT																								2																		
DK,FR,GB,SE																																										18
DK,FR,GB,TH,VN																																					12					
DK,FR,GB,US																											2		3													
DK,FR,IL																							18																			
DK,FR,IN																																	1	4								
DK,FR,IN,US																																								36		
DK,FR,IT																																						35				
DK,FR,IT,NL																						9																				
DK,FR,JP																																					1					
DK,FR,JP,US																															2											
DK,FR,UA,US																																										81
DK,FR,US														10								13							14					3						2		
DK,FR,null														9																												
DK,GB	12	6		7			18	6					39	16	19		10	11	56	62	55	25	71	90	23	11	55	4	61	218	77	92	25	2	110	155	105	118	101	82	207	336
DK,GB,GR																																					2					
DK,GB,IE																													17			7	7			6						
DK,GB,IL																														1								1				
DK,GB,IN															1			2			34		24	2														10			2	
DK,GB,IN,US																									21																	
DK,GB,IR																																								2		
DK,GB,JP																																							11			
DK,GB,JP,PL																																									8	
DK,GB,JP,US																																										
DK,GB,KR																																				8						
DK,GB,KR,US																																19	22		10	86	46	31	41		2	6
DK,GB,LV																													68			78										
DK,GB,MD,US																					9																					
DK,GB,NL																							26																		48	
DK,GB,NL,SE																					11																					
DK,GB,NL,US																																										2
DK,GB,NO,SE,US																																		3								
DK,GB,NZ																													2	19	8											
DK,GB,NZ,null																						16																				
DK,GB,RU																																		36								
DK,GB,SD																		3																								
DK,GB,SE																													9			2			2			17		9		
DK,GB,SG																																						1				
DK,GB,US															1	4					11									12	1	1	78	3		6				8		
DK,GB,VN																															7											
DK,GE,GR																																	1									
DK,GH																						2																				
DK,GR				8																											1									2		
DK,GR,PL																																			11							
DK,HR																																									230	4
DK,HU						20																													3				1		1	
DK,HU,LV																													10													
DK,HU,SE																																			21				16			
DK,HU,TN																																								1		
DK,ID																																										10
DK,IE																					2				7	11	31		119					7		8		28				4
DK,IE,IN,IT																																				3						
DK,IE,SE																						11																				
DK,IL																									2	1								3	8		10					
DK,IL,IT																														3												
DK,IL,JP																															1											
DK,IL,US																						5												4								
DK,IN	18				12		2			26	9	13	6	10	3	10	12		2			34	1	5	60	15	48	9	50	139	25	319	34	106	132	31	18	7	19	115	35	2
DK,IN,SA																																										2
DK,IN,US																							35					10		14		52						9				
DK,IQ																																						5		14		
DK,IR																									18														1	6	11	
DK,IS																				16		8								11		1	3		1							
DK,IT		2			8			17			14		11			5	8	4				18	41	5		83	103	84	100	93	170	7	3	369	1	118	228	72	103	16	128	127
DK,IT,NL									2																																	
DK,IT,PL																																					12					
DK,IT,SA																													25													
DK,IT,SE																	12												4			1										
DK,IT,US												1								1	8		14	32			11		19		3				38				31	32	20	
DK,JP								1	7	10			2	15			2	1	1		49	13		2	6				2	10	8	3	4		108			20	4	1	6	23
DK,JP,KR,US																																	8									
DK,JP,NL																																			1							
DK,JP,PL																																								5		11
DK,JP,US							5								6														5			7	38		9		5		4		18	
DK,KR																																							41	17		
DK,KR,NO																																								17		
DK,KR,US																											14		1					25	5				18	24		
DK,LT																					1														10			17			29	21
DK,LT,NO																						15																				
DK,LT,RO																					2																					
DK,LV																														59					16							
DK,LV,PL	1														16																									36		
DK,MX,UA																																	5									
DK,MY																															36										3	
DK,MY,NZ																																			3							
DK,MY,PK																																								1		
DK,MY,PK,SA,TR																																										
DK,NG																2																										
DK,NL				24		3	27		5											8	5		12		19		1	5		25	6		43		3	17	60	63	10		3	71
DK,NL,SE																									6																	
DK,NL,SE,US																									14																	
DK,NL,US																37																12										
DK,NO		14		1	17																						100			5		52	17	31	19	22	95		45	27	7	
DK,NO,SE																								1	2																	
DK,NO,US																					5													18						3		
DK,NO,US,ZA																																					13					
DK,NZ																								4	2			8	12		6											
DK,PH,US																			1																							
DK,PK,PL,QA																																									22	
DK,PK,SA																																										7
DK,PL										12			6	12		19	13		2	10	44	45	1	61	14	9	4	2	31				9	169	4	56	67	20	2	15	77	28
DK,PL,RU																						2																				
DK,PL,SE																			5																							
DK,PL,UA																										19																
DK,PL,US																		17				1								59												
DK,PT																							7		4	3	14					4										
DK,RU														8		19	4	7		42		7						41	58	20	22	2	5	2		2	15		1			
DK,RU,UA																																					5					
DK,SA							3																				23							19							20	
DK,SE			1				1	7		1	2			1	18	22	98	71	22	15	18	13	80	9	21	45		84	17	5	69	69	19	58	125	12	88	25	35	172	65	33
DK,SE,SK,US																																		17								
DK,SE,UA																																								13		
DK,SE,US																				2					78												5		2			3
DK,SE,ZA																		3																								
DK,SG																					1			2												2	125					
DK,SI																																	2									
DK,SI,US																																	5									
DK,SK																																			7					3		
DK,SK,US																																							11			
DK,TH,VN																																		7								
DK,TR																									4		8			2												
DK,UA																																	5							9	1	
DK,US		8		7		30		7	5	15	18	37	36	24	79	79	85	226	100	36	31	27	23	44	30	51	114	15	64	234	352	89	475	240	271	127	134	154	163	233	494	112
DK,US,null																					2							37		2												
DK,UZ																																				6		9				
DK,VN																									7	5	8		34	13		6	3		43	26	9	12		6	4	2
DK,ZA																											6		10								8					
DK,null																42												69	29				16									
DM,UA																																							1			
DO																																									3	
DO,EG,JP																8																										
DO,ES																																	20									
DO,ES,US																																						9				
DO,US																				3												13	1									
DZ		4	10	3		22	10	11	14		1	8	5	20			10	7	31		37	1	37	33	41	8	14	11	7	47	78	37	26	74	49	133	55	59	76	129	135	129
DZ,EG																													21		19				13						9	2
DZ,EG,ES																																						15				8
DZ,EG,ES,FR																															6											
DZ,EG,ES,IR																																										
DZ,EG,FR																													19												2	
DZ,EG,IN,SA																																										14
DZ,EG,IT,JO,TR																																								8		
DZ,EG,JP																											6															
DZ,EG,JP,US																																								6		
DZ,EG,SA																																					19					
DZ,ES																									6		2					8		14	6	48	31	52	6	7	18	17
DZ,ES,FR																											1	31				1			2			3			13	
DZ,ES,FR,GB,SA																																				1						
DZ,ES,GB																																					1					
DZ,ES,GB,NL,PL,US																																							3			
DZ,ES,IR																																								7		
DZ,ES,IT																																							6	9		
DZ,ES,JO																																					5			1		
DZ,ES,PT																																									17	20
DZ,ES,TN																																						1				
DZ,ES,TR																																								3		
DZ,ES,VE																																						1				
DZ,FR						10			5	46	2	15	6	26	34	21	32	75	3	70	63	42	67	58	65	81	112	98	88	122	60	98	113	163	227	264	293	538	320	265	329	223
DZ,FR,GB																													9	3						29	3					
DZ,FR,GB,MA																																		1								
DZ,FR,HR,SA																																										1
DZ,FR,IE																													10													
DZ,FR,IN																															2				16							
DZ,FR,IN,IT																																										
DZ,FR,IN,SA																																								1		1
DZ,FR,IN,TN																																					4					
DZ,FR,IR																																						36		6		
DZ,FR,IT																											12				11							2	2	2		
DZ,FR,JO																																		1							2	
DZ,FR,JP																											4	1				1				6						
DZ,FR,LB																																							4			
DZ,FR,LV																												3														
DZ,FR,MA						11																						1				2	3						3	5		10
DZ,FR,MA,QA																																									1	
DZ,FR,MA,QA,SA																																								1		
DZ,FR,ML																													18		17											
DZ,FR,MQ																																			6		2					
DZ,FR,PL												2																												14		15
DZ,FR,PL,SA,TN																																									1	
DZ,FR,PT																								6										14	12	19	13		5		18	
DZ,FR,RE																										1																
DZ,FR,SA																																		2						7		
DZ,FR,SD																																										
DZ,FR,SN																																			3							
DZ,FR,TN																										15			1							1			1		2	52
DZ,FR,TR																																							15			5
DZ,FR,UA																										2																
DZ,FR,US																																			9					6		
DZ,FR,null								11																						9												
DZ,GB																						9										4		9								
DZ,GB,IR,PL																																					1					
DZ,GB,PL																																										1
DZ,GB,SA,TR,US																																										
DZ,GB,TN																																		1								
DZ,GR																																										
DZ,GR,RU																												22														
DZ,IE																																							4	8		
DZ,IN																																			1				2			1
DZ,IN,KR																																										1
DZ,IN,KR,SA																																										
DZ,IN,MA																																										14
DZ,IN,MA,SA																																	10									
DZ,IN,MY																							2																			1
DZ,IN,PK																																										3
DZ,IN,PS,SA																																							1			
DZ,IN,SG																																										1
DZ,IQ																																										
DZ,IR,IT,LT,TN																																						5				
DZ,IR,MY																																										3
DZ,IR,TR																																								10	7	
DZ,IT																					4						1	13			2		15		7		46	27	51	7	28	16
DZ,IT,JO																																						1				
DZ,IT,MA,PS,SA																																										7
DZ,IT,SA																																							14			
DZ,IT,TN																																										2
DZ,JO																																3							1		2	
DZ,JO,KW,SA																																							2			
DZ,JO,PT																																									2	
DZ,JO,US																																		3		1						
DZ,JP																																									4	4
DZ,KR																																										2
DZ,KR,LU,PT																																						1				
DZ,KR,ZA																																										
DZ,MA																																1	3		1		8			1		
DZ,MA,QA																																								2		
DZ,MA,SA																																										2
DZ,MA,TR																																								1		
DZ,NO																																						5				
DZ,PK,TR																																										13
DZ,PL																																								10		
DZ,PT																														11			8		45	18	6	65	16	40	4	39
DZ,PT,SN																					1																					
DZ,PT,TR																																					3					
DZ,QA																																					2					
DZ,RU																													2		2	20		1		5		3	5	7	1	
DZ,SA																						11																8		1		
DZ,TN																																	3						9	3		
DZ,TR																															1	3	16			2	22	44	17		39	13
DZ,UA																																			11							
DZ,US																														3									1			
EC													2					7			4		8									33			16			2		1	23	
EC,ES																																			26	9	28				26	2
EC,ES,FR,IE																																						4	10			
EC,ES,IE																																						2				
EC,ES,ZA																																					7					
EC,FI,SE																													1													
EC,FR																																					11		1		2	
EC,FR,IE																																						4				
EC,FR,IE,JP																																					3					
EC,FR,IT																																				2	1					
EC,FR,MX																																						6				
EC,FR,VE																																							15			
EC,GB,IT																	7																									
EC,IQ,IT																																										2
EC,IT												8				8														10				4	9	8	4	3				
EC,JP,null																												6														
EC,MX																												4						4								
EC,MX,VE																																									8	
EC,PE																																										3
EC,TR																																		16								
EC,US																							11					2							2					4		
EC,US,VE																																							2			
EC,VE																																								4	37	5
EE				3			1		9	7	13	43	17	3	33	6	33	60	13	75	20	141	74	7	21	65	96	61	107	112	168	240	159	336	345	153	308	142	294	71	196	238
EE,EG,SE																												5														
EE,EG,US																																			15							
EE,ES																																								1		
EE,ES,US																																							2			
EE,FI															4			3	6											17					31	15	77		7	45		13
EE,FI,HU																								3			2		2													
EE,FI,RU																																			2							
EE,FI,SE																														1										3		
EE,FR																								1						13		4				28						
EE,FR,PL																																									19	
EE,FR,PT												2																														
EE,GB																								6			2			1		41	152		37					7		32
EE,GB,HR																													1													
EE,GB,MD																																48										
EE,GB,RO																											1															
EE,HR																												17														
EE,HR,NZ																																								16		
EE,HR,SI																																6										
EE,HU																												11	13		17		22									
EE,IE																																					3		1			
EE,IN																																				30			20	6		
EE,IT																																						2				
EE,JP																											1						5									
EE,JP,RU,UA,US																				1																						
EE,JP,SE,US																													5													
EE,JP,UA																					1																					
EE,JP,VN																																					3	6	4	6		
EE,KR,VN																																			1							
EE,LV																																3				5						
EE,NG																																									1	
EE,NL																			17																							16
EE,NO																																9	8									
EE,NO,NZ,SE																												11														
EE,PL																														3												3
EE,PL,UA																														1												
EE,PT,RS																																						1				
EE,RU		1									11						3															6								7		
EE,SE															5	27			11			10	7	28		2	9	6	29		54	2		5			17				13	
EE,SE,US																																										
EE,SG																																			94							
EE,TR																																										
EE,UA																						14																			17	12
EE,UA,US														6																												
EE,US																		1								32						20			1				4	130	5	
EE,US,null																													5													
EE,VN																																						9	2			
EG	794	725	839	973	511	710	1145	1047	1223	1630	1718	1796	1762	1636	1637	1098	1382	1592	1952	3303	2562	2913	3523	2865	2808	3088	3942	3762	3119	3696	3408	4059	3842	2865	3935	4103	4947	5277	5705	6264	4870	4636
EG,ES													2				12				7						3		3	10	16	3	67	3	18	13						89
EG,ES,FI																																				34						
EG,ES,FI,SA																																									5	
EG,ES,FR																																								2		
EG,ES,FR,GR																																						55				
EG,ES,IN,SA																																									2	
EG,ES,IT											2																29					4	3									
EG,ES,JP																																		6								
EG,ES,LB																										14																
EG,ES,MX,NL,US																			8																							
EG,ES,PK,SA																																										14
EG,ES,PL																																										
EG,ES,PT																																					11					
EG,ES,SA																																								1		
EG,ES,SE																									2	2																
EG,ES,US																						35																				
EG,ES,ZA																							1												6						3	8
EG,ET,JP,NZ,SA																																										9
EG,FI																																3					2			24	8	1
EG,FI,IN,PK,SA,US																																										21
EG,FI,JO,SA,ZA																																										33
EG,FI,JO,TN																																										1
EG,FI,JP,NZ																																										
EG,FI,NL,SA																																										2
EG,FI,SA																																								8	3	14
EG,FI,SE																															3		6									
EG,FI,SE,ZA																																					11					
EG,FR	34	17	54	2		41		25						1		70		31		24		14		20	11	17	43		26		34		4	71		57	123	44	26	39	29	1
EG,FR,GB																														22								23				
EG,FR,GB,US																													24													
EG,FR,IN																																				28						
EG,FR,IT																								48											11	31			13			
EG,FR,JP																																					1					
EG,FR,KH,SA																																										23
EG,FR,LB																																					12					
EG,FR,MR,SK																																									41	
EG,FR,MU,RE																																									8	
EG,FR,PK																																								1		
EG,FR,PS																																						2				
EG,FR,SA																																				3		3			13	15
EG,FR,SA,TN																																									5	
EG,FR,SE																												2														
EG,FR,TN																																			2		79			4		
EG,FR,US																									7									16								
EG,GB	10			11	17	15	9		3		25	2	1	6	8	29	4		28	91	15		2	23			12	12		62	49	32	48	92	61	47	34	42	110	49	39	95
EG,GB,IN												3																						7								
EG,GB,IQ																																										3
EG,GB,IT																															8								20	14		5
EG,GB,IT,SA																																										53
EG,GB,JO,SA																																										
EG,GB,JP,SA,US																																										
EG,GB,JP,US																																								26		
EG,GB,KR																																									67	22
EG,GB,KR,LU																																							8			
EG,GB,KR,US																																									59	
EG,GB,KW																	11																									
EG,GB,PK,RU,TW,US																																									1	
EG,GB,QA										5																																
EG,GB,RU																																						15				
EG,GB,RU,US																																						25				
EG,GB,SA																											4							6	1	37			6	50	48	144
EG,GB,SA,TR																																								1		2
EG,GB,SA,US																																										34
EG,GB,SE																																								8		
EG,GB,TH																																	33									
EG,GB,TN,US																																										3
EG,GB,US																							27							4			10	10		13	5	16				
EG,GH,US																			1																							
EG,GR																13					10											2			36		41			34	1	32
EG,GR,HU,US																						4	6																			
EG,GR,IT																																										
EG,GR,LU																																				8						
EG,GR,QA,US																																	16									
EG,GR,SE																																										26
EG,GR,US																																					2				11	
EG,HU								2																				11														2
EG,HU,IT																												4														
EG,HU,TW																																								14		
EG,HU,US																					1																					
EG,ID											1									9							1			4		4		2		12				7	7	20
EG,ID,JP																						1																				
EG,ID,JP,KR																																										
EG,ID,JP,NL																																				2	18					
EG,ID,QA																																										1
EG,ID,SA																																					10					
EG,ID,SA,SD																																			22							
EG,IE																																			31			21	13	87		13
EG,IE,SA																				1																	19	22		20		
EG,IE,US																																									2	
EG,IE,ZA								1																																		
EG,IN																												24	12	14	5		7	57			21	39		62	30	85
EG,IN,IT																																						2			2	
EG,IN,IT,KR,SA																																								2		14
EG,IN,IT,MY,SA,TR																																										
EG,IN,JO,MU,SA,ZA																																									2	
EG,IN,JP																																						3			17	
EG,IN,KR,SA																																								10		11
EG,IN,MX,SA																																							2	1		3
EG,IN,MY,PK,SA																																								18		
EG,IN,OM,SA																																										16
EG,IN,OM,SA,TR																																										3
EG,IN,PK																																								1		
EG,IN,PL,RU,US																																										
EG,IN,PL,SA																																								1		
EG,IN,RS,SA																																					2	5				
EG,IN,RU,TW,US																																										
EG,IN,SA																																		2				24		27	41	20
EG,IN,SA,TR																																									1	
EG,IN,SA,TR,US																																										1
EG,IN,SA,US																																									5	31
EG,IN,SA,YE																																									4	
EG,IN,SE																																			1							
EG,IN,US		28																																					10	35	86	
EG,IQ		16																					1					15					14					13	25	26	15	9
EG,IQ,IT																																										21
EG,IQ,KR																																									7	
EG,IQ,PE,SA,UZ																																										
EG,IQ,PK,RU,TW,US																																										2
EG,IQ,SA																																							14			28
EG,IQ,SY,TR																																									4	
EG,IQ,TN						5																																				
EG,IQ,TR																																							11			
EG,IR																																	13						35		1	
EG,IT										1	4			13	3	17		6	6	3			6	7	17	7	28	11	17	21	2	37	40	10	81	67	99	109	111	225	163	215
EG,IT,JO																												4														
EG,IT,KR																																										15
EG,IT,KR,SA																																							7			
EG,IT,LB,US																																								29		
EG,IT,PL																								9	7							4		6								
EG,IT,SA																						26												37		27		26	98	32	13	54
EG,IT,SA,TR																																										4
EG,IT,SA,TR,US																																										
EG,IT,SA,US																																								34		
EG,IT,SD																																1										
EG,IT,TN																																	1									
EG,IT,US																					4	1																1			30	
EG,IT,UZ																																							2			
EG,IT,VE																															3											
EG,IT,ZA																																					23					
EG,JO																14		10											1		11	26		8			14	13		1	7	24
EG,JO,MA																																										
EG,JO,MA,PK																																				4						
EG,JO,SA																								4										13	17	18		24			41	2
EG,JP					11				4		4	3		7	38	19	37	68	7	43	92	21	28	116	10	10	28	40		40	129	34	29	74	16	33	27	33	93	93	57	167
EG,JP,KR																																					3					
EG,JP,MX																									1																	
EG,JP,MY,SA																																	1									
EG,JP,PK,SA,TR																																										7
EG,JP,SA																									52			6										3	1	4	30	30
EG,JP,SA,US																											4									6						60
EG,JP,TH																					5																					
EG,JP,TR																																							10			
EG,JP,TW																																	3									
EG,JP,US																								6					3			17	1	14	9	4	14		33		42	6
EG,JP,ZA																																		16								
EG,KR																				20				17					1	2		11	30	5	75	2		156	105	177	118	56
EG,KR,KW,SA																																									4	
EG,KR,MY,SA																																						23				
EG,KR,PK,SA																																									10	
EG,KR,QA,US																															13											
EG,KR,SA																									3															7		
EG,KR,US																							8																			
EG,KW														10	22		18	15	19		35	32	33	11	13	38	3	9	16	29	11	87	30	43	18	9		82	34	89	16	1
EG,KW,SA																																					29					23
EG,KW,SY																																7										
EG,KW,US																				10																						
EG,KZ,SA																																									7	
EG,LB																					1			18		8										41	22	27	35	13	21	8
EG,LB,SA																																2										
EG,LB,SA,US																																								3		
EG,LB,US																													8													
EG,LT,TW,UA																																								1		
EG,LY			3														9									25		42	1	8	24	18	19	1	15	38	29	30	8	53	81	12
EG,LY,SA																														15		18									15	26
EG,MA																																1							5		5	1
EG,MA,PK																																					1					
EG,MA,QA																																								1		
EG,MA,SA																																								16		1
EG,ME																																									5	
EG,MX																																						13				
EG,MY																																								7	1	
EG,MY,PK																															12											
EG,MY,SA																																		4	1		12		15		12	
EG,MY,SA,YE																																										7
EG,MY,YE																																										
EG,NG																															3											5
EG,NG,PK																																										
EG,NG,SA																																									1	
EG,NL																																		4						18		
EG,NL,SA																																									26	
EG,NO		5														24				9					3									26		6		9	4			
EG,NZ																												16							72		10	40				
EG,NZ,US																													6	18	2											
EG,OM																												1							4			6				
EG,OM,PK																																										
EG,OM,PK,SA																																									2	
EG,OM,SA																																										8
EG,PH,TW																																					8					
EG,PK																				10	1								2	4	3	11						17		22		
EG,PK,PS,SA,US																																			2							
EG,PK,RU,SA,US,YE																																										
EG,PK,SA																																		1	1				23	16	12	10
EG,PK,SA,SE																																									7	
EG,PK,SA,SE,TR																																										
EG,PK,TR																																										
EG,PK,US																										3						7										1
EG,PL		15				1	1	1												58	9						19					20			7	9		17	6	10	7	7
EG,PL,SA																																	13					1				
EG,PL,TR																															7		12	17			12	13		9	6	
EG,PL,US																						2				7																
EG,PS																						19	18					76			18											
EG,PT																											13												5		15	1
EG,PT,TN																														1												
EG,QA						1							15	24		1	37	35	23	21	18			16							3							9				2
EG,QA,SA																																		1								5
EG,QA,US																																1	3			48						
EG,RO																																1							18			1
EG,RS,SK																																					11					4
EG,RU																																					16		7	11	16	40
EG,RU,SA,TR																																										
EG,SA		1	6	10		8			22	74	27	79	26	57	30	1		20	14	121		143	92	417	97	53	172	50	222	497	497	568	773	692	896	874	978	814	1437	1514	1651	1865
EG,SA,SD																																							11		5	22
EG,SA,SE,US																																									8	
EG,SA,SY,TR																																										4
EG,SA,TH																																		6								
EG,SA,TN																																								12	15	27
EG,SA,TR																																					3		7	2		
EG,SA,TR,UZ																																								2		
EG,SA,TW																																				23	14					
EG,SA,US																					1										44	17	20	20	13	108	135	77	104	165	43	43
EG,SA,YE																																		5	8		6			24	23	18
EG,SA,null																		1																							10	
EG,SD																																	1	1	18		19					
EG,SE																		10					12			4	2		3	37	1	133	24	19	29				22	1	2	
EG,SE,TW																																				9						
EG,SK																	4	31				4								55												4
EG,SV,US																																							6			
EG,SY																					1																					
EG,SY,TR																																						1				
EG,TH																																							26		6	
EG,TN																																								14		
EG,TR																3													27	2	4		8	17				2	29	1	7	22
EG,TR,US																																				29	21					
EG,TW																								1			5				7			4		1	6	16	90	32	18	7
EG,TW,US																																									39	
EG,TW,YE																																					4					
EG,US	22	6	26	48	30	7	21	37	54	104	6	48	68	38	10	16	43	20	29	5	26	48	64	83	45	5	102	66	143	182	139	160	173	253	553	276	577	286	519	573	313	400
EG,US,null																														5												
EG,UZ																																									1	
EG,YE											31	58	18			15								1	4	14	46	33	18	15	1	24	4	90	12	29	25	26	52	25	36	8
EG,ZA																	1							22							14	27	2	40	5			38		1	17	6
EG,null		1				3		3	21	12	3		79										18														18					
ER,IN																													4													
ES	1403	1432	2006	2616	2640	3226	2868	3324	3157	3629	3888	4380	4535	4534	5206	8430	8720	9036	9344	10128	10402	10607	11459	10380	11988	12292	12707	12513	12645	13517	13471	14285	15578	13150	11625	12638	11915	10778	10711	9104	10268	9325
ES,ET																		3																								
ES,FI									6				2	7	22	35	35	28	5	7	3	55	16	2	5	12	6	10	10	22	75	23	36	108	175	106	27	29	31	20	94	118
ES,FI,FR																			2											3		35									5	
ES,FI,FR,US																														2												
ES,FI,GB																2								3				9				4							16			6
ES,FI,GB,IT																					15																					
ES,FI,GR																																								5		2
ES,FI,HU																																	17	26		19	43	21				
ES,FI,IN																																				2		4				
ES,FI,IN,IT																																		3								
ES,FI,IR,IT																									9																	
ES,FI,IT																										4					5	26								7		
ES,FI,IT,SA																																							3			
ES,FI,JP,MA																											2															
ES,FI,KR																																									13	
ES,FI,KR,PT																																									4	
ES,FI,MA																									4																	
ES,FI,MX																															11		18	12								
ES,FI,NL																											1		7				1									
ES,FI,NL,US																															3		9									
ES,FI,PL																															1											1
ES,FI,PL,RU,TN																																										
ES,FI,PT																													4								16	15		5	2	18
ES,FI,PT,RS,SE																																								13		
ES,FI,RO																											2															
ES,FI,RU																													6		15	11	8			9	6			7		7
ES,FI,RU,SA,TN																																									1	
ES,FI,RU,SE																																		2								
ES,FI,SA																																									4	
ES,FI,SE																											1							3								
ES,FI,TH																																3										
ES,FI,TN																																					1					1
ES,FI,US																																						6				
ES,FI,UY																												1														
ES,FI,ZA																																								36		
ES,FJ,GB,NO																																				5						
ES,FR	30	27	3	38	10	43	45	69	65	189	200	265	55	196	213	314	260	300	194	138	288	387	280	302	333	335	287	316	532	324	494	243	412	459	601	578	501	490	453	232	318	152
ES,FR,GB												2				37		10	13		14		8		11	11		3		28	119	17	66	17	1	6	17	50		50	18	13
ES,FR,GB,GR																											2						7									
ES,FR,GB,IL																																	4									
ES,FR,GB,IN																											5										4					
ES,FR,GB,IN,IT																																						3				
ES,FR,GB,IT																																						135	2			
ES,FR,GB,JP																							2																			
ES,FR,GB,MD,UA																																					2					
ES,FR,GB,MX,SE,US																																								1		
ES,FR,GB,NL																												5												27		
ES,FR,GB,PL																																	9									
ES,FR,GB,SA																																										5
ES,FR,GB,SA,US																																				2						
ES,FR,GB,SK																																	15	5								
ES,FR,GB,TN																																							9			
ES,FR,GB,US																														45								7				
ES,FR,GR																								4		17	1	4				4						3	2	8	6	2
ES,FR,GR,KR,US,VE,ZA																																										
ES,FR,GR,NL																																		32		3						
ES,FR,HK																							4																			
ES,FR,HR,IL																																						24				
ES,FR,HU																												1			26			9	6	4	13	31				6
ES,FR,HU,IT																																					17					
ES,FR,HU,US																																									5	
ES,FR,IE																															10						7		15			
ES,FR,IE,MN																																		2								
ES,FR,IE,US																																				4						
ES,FR,IL																										8																6
ES,FR,IL,NL																												1														
ES,FR,IN																									1	2	4	2	3					10	7			10			2	3
ES,FR,IN,IT																								2								2			6							
ES,FR,IN,IT,US																																	2									
ES,FR,IN,US																																	34									
ES,FR,IR									1												8																4					
ES,FR,IT								1				15	5	2						11	10	9	6	11	1	3		16		13	123	68	79	94	32		41	23	3	39	6	44
ES,FR,IT,JP																																							4			
ES,FR,IT,NC,PF																													5													
ES,FR,IT,NL																						6				5						103										
ES,FR,IT,NL,US																													6													
ES,FR,IT,PL																																						28				
ES,FR,IT,SE		1																																								
ES,FR,IT,US																																	2		1							
ES,FR,IT,UY																									2																	
ES,FR,JP																						4			6	4	6	1			7	3	13	9	1	11	38		13	16	38	13
ES,FR,JP,NL						1																						3														
ES,FR,JP,PL																																									10	
ES,FR,JP,PT																											1								7							
ES,FR,JP,RU																																		3								
ES,FR,JP,TW																																										3
ES,FR,KR																																						4			30	22
ES,FR,KR,PT																																									32	
ES,FR,LB																									8																	63
ES,FR,LB,RU																																							1			
ES,FR,LT																																							3			
ES,FR,LU																																						3				
ES,FR,MA																							19	3					22							15		16				
ES,FR,MA,TN																																										
ES,FR,MD																									2																	
ES,FR,MD,RO																										1																
ES,FR,MD,SK																													10													
ES,FR,MG																										4					23											
ES,FR,MX																							12									21	9	7	9	10	5	9		6		2
ES,FR,MX,PT																															4											
ES,FR,MY																																						9				
ES,FR,MY,PK																																			6							
ES,FR,NC														1																												
ES,FR,NL											3																5	1		22		2					5					
ES,FR,NL,US																															7			6	5							
ES,FR,PE																						20																				
ES,FR,PL																2					4	2	1	2		32	7	5	7	6			4		14	13			7	1	6	
ES,FR,PL,PT																																								23		
ES,FR,PL,SA,TN																																										3
ES,FR,PL,SI																																									40	
ES,FR,PL,TN																																							9			
ES,FR,PL,US																																						6				
ES,FR,PT																	6								15			26		30		19	16	11	43	14	20	12	19		27	
ES,FR,PT,US																																							2			
ES,FR,PY																																			1							
ES,FR,RO					21																6	2	5			3				9					1			1			4	
ES,FR,RO,VE																					2																					
ES,FR,RU																		7					4	1		17						2	1	6	2			1				
ES,FR,SA																																								2		
ES,FR,SE																				4										25												
ES,FR,SG																																			21							
ES,FR,SI																																2										24
ES,FR,TH																																										
ES,FR,TN																															1						20		1		2	12
ES,FR,TR																												5					6									
ES,FR,UA																																	1					3	1	13		
ES,FR,US													14	20	20	10		8				46	6	3	6		6	18	27		27	7	5	71	18	74	14	2	89	14		11
ES,FR,VE																								5		7		2			9										11	
ES,FR,ZA																																										9
ES,FR,null																												9	62													
ES,GB	8	40	14	38	37	116	44	77	52	81	121	152	186	123	135	278	319	309	173	370	417	379	281	361	377	329	238	412	215	363	455	598	428	439	789	527	422	668	195	653	516	412
ES,GB,GH,MX																																									3	
ES,GB,GH,NO																																								8		
ES,GB,GR																12		19			11					2	2				24	19			14	9		8		19		2
ES,GB,GR,IE,PT																																				2						
ES,GB,GR,IN																													4													
ES,GB,GR,IN,IT																														3												
ES,GB,GR,PL																																						2	2			
ES,GB,GR,PT,RS																																									2	
ES,GB,GR,US																												4	3									7				
ES,GB,HK																												9														
ES,GB,HR,IR,PL,PT																																				6						
ES,GB,HU,NL																																									7	
ES,GB,IE															4									17		4		63									11					
ES,GB,IE,IN,PT																																						2				
ES,GB,IE,IT																																										44
ES,GB,IE,IT,US																																									3	
ES,GB,IE,NL																						4																				
ES,GB,IN																					2			27	25	14	10	20	17	55	19	21	12	19	11		22	20	8	25	5	7
ES,GB,IN,IT																								4	4	3		2	2		5		2				2					
ES,GB,IN,IT,TW																										5																
ES,GB,IN,KR																																					2					
ES,GB,IN,NL,null																														3												
ES,GB,IN,PT																																				1						
ES,GB,IN,TW																													17	3												
ES,GB,IN,TW,US																															12											
ES,GB,IN,US																																39		5								
ES,GB,IR																																	5					2				
ES,GB,IR,IT,RU,US																																								4		
ES,GB,IR,RU																																							2			
ES,GB,IT													9		17		9		7	15			6	7	44				29	38	11	14	38	70	12	57	57	101	20	38	112	32
ES,GB,IT,JO,KW																																									10	
ES,GB,IT,PL																															5											
ES,GB,IT,PT																										5															1	
ES,GB,IT,RS																																		42								
ES,GB,IT,SE																																						6				
ES,GB,IT,SI																																					5					
ES,GB,IT,US																									1										34				131	29		
ES,GB,JP																			2	1	4			26				19				62	1			82	29		26	44	13	65
ES,GB,JP,NG																																						37				
ES,GB,JP,NL																																									1	
ES,GB,JP,PT																																									1	
ES,GB,JP,PT,US																																										2
ES,GB,JP,TR																								2																		
ES,GB,KR																																					22		59		3	
ES,GB,KR,US																																	8									
ES,GB,LV,NL																																						24				37
ES,GB,MA																		6					10			8																
ES,GB,MD,MX																																		3								
ES,GB,MX																		2		7																37						
ES,GB,MY																																								8	1	
ES,GB,NG																																										
ES,GB,NL																					3						14		7		1		10					6	7	49	6	
ES,GB,NL,RU,US																																									30	
ES,GB,NL,SE,SI																																										
ES,GB,NL,US																																										32
ES,GB,NL,null																												10														
ES,GB,NO																																					4					
ES,GB,NO,US																						4																				
ES,GB,NZ																														2												
ES,GB,NZ,PK																																									2	
ES,GB,NZ,US																											3															
ES,GB,PA															3		3																									
ES,GB,PK																																			3							
ES,GB,PL																																					9					
ES,GB,PL,PT																					3																					
ES,GB,PT																		4	36	3				19		44			16				4	2	4	8	32		33		11	11
ES,GB,PT,SK																																								19		
ES,GB,PT,US																																								3	16	
ES,GB,RO																								2														2				
ES,GB,RS																																										
ES,GB,RU																15	3	26	27	18	6	1	5		9			3				30								1	1	7
ES,GB,SA																																16	4	12			5		8	1		
ES,GB,SE																									5						20			6						73		
ES,GB,SG																																								12		
ES,GB,SG,US																														6												
ES,GB,SI																																			68	38						
ES,GB,SI,US																																		133								
ES,GB,TH																																									7	
ES,GB,TR																					12																		16	1		26
ES,GB,TT																												4														
ES,GB,UA																						5																				11
ES,GB,US		5							7	30								109	9	8	18	3	21	1	45	6	24		29	24	70	8	71	95	4	166	173	173	26	144		16
ES,GB,US,null																														4												
ES,GB,UY																															4											
ES,GB,VE																					10		1		31																	
ES,GB,null																												2	63													
ES,GE																																	6				2					
ES,GH																																						4				
ES,GR																6		9		4	6	3	5	12	26	1	98	52	54	38	108	77	155		45	13	8	17	105	21	45	42
ES,GR,IN																																			5							
ES,GR,IR,PL																																								2		
ES,GR,IT																													46				14					6		23		
ES,GR,JP																																					1					
ES,GR,JP,US																																							2			
ES,GR,MA																									4																	
ES,GR,PL																																		4		9			1			10
ES,GR,PL,US																															2											
ES,GR,PT																																6	5						7		1	
ES,GR,RO																																		1								
ES,GR,RS																														1												
ES,GR,SE																																					10	2				
ES,GR,US																		1			13	3		4			2			11	2	3			2			8	2			
ES,GR,US,null																												6														
ES,HK,IN																								3	13	1																
ES,HR																														10		45							1	16	2	
ES,HR,IR																																		3								
ES,HR,IR,PL																																								5		
ES,HR,IR,PL,RU																																					6					
ES,HR,IR,US																																		5								
ES,HR,IT																																										7
ES,HR,PL,PT,RS																																										7
ES,HR,PL,PT,RS,TR																																										
ES,HR,PT,RS																																										6
ES,HR,RS																																									9	
ES,HR,SI																																									4	
ES,HR,US																																									2	
ES,HU																	17	4		16	30	7	3			23	16	15	14	31	52		9	6	4	43	20	30	24		20	6
ES,HU,IT																		4													29	1		9			3					
ES,HU,IT,PT,TR																																										12
ES,HU,MX												8																														
ES,HU,PL																																									20	
ES,HU,PT																				17				44	10	54	35				22	15	6			8						
ES,HU,PT,RS																																										1
ES,HU,SE																															3											
ES,HU,SE,US																							10																			
ES,HU,US																																										10
ES,ID																																						19		2		
ES,ID,PL																																							2			
ES,ID,TN						1																												4								
ES,IE					1								4			2	5					9	31			3	13	62	128	11	13		4	138	90	89	54	18	96	21	10	78
ES,IE,IN																								3			5												15		7	13
ES,IE,IR																																							11			
ES,IE,IR,MY,US																																			3							
ES,IE,IR,PL																																							8			
ES,IE,IT																											13															
ES,IE,IT,US																																									4	
ES,IE,NO																					4																6					
ES,IE,NO,US																								5																		
ES,IE,NZ																																				143						
ES,IE,RS																																				5						
ES,IE,RU																							8																			
ES,IE,SE																																						33				
ES,IE,SG																																									99	
ES,IE,US																																			2	7					56	
ES,IL																11					38		3		35	20			1	2	2			6		37	4	16	7	5	6	50
ES,IL,IN																																									22	
ES,IL,IT																											1								1							
ES,IL,JP																																		22								
ES,IL,US																														13				13								
ES,IL,ZA																		4	2																							
ES,IN						2	18		13	29	21		13		3	21	6	2		28	30	98	12	47	42	53	82	44	102	122	199	151	202	278	354	334	129	220	212	150	188	235
ES,IN,IR																																									2	
ES,IN,IR,MU,TR																																							1			
ES,IN,IT																					2	4	4	11	2	15	28	5	2				8	34	8	2	22	4	23	10		
ES,IN,IT,JP																									4																	7
ES,IN,IT,PL,US																																			5							
ES,IN,IT,TR,TW																																							1			
ES,IN,IT,TW																								6										2		3		2	2	1		
ES,IN,IT,US																							1						1	3					4							
ES,IN,JP										9																				5					52		8		2		2	2
ES,IN,JP,US																															12	6	17						19			
ES,IN,KR,PT																																										
ES,IN,KR,TR																																									1	
ES,IN,KR,US																								4																		
ES,IN,MW,MX																																									1	
ES,IN,MW,MX,SA																																									8	
ES,IN,MX																		6																					3	4		
ES,IN,MX,SA																																										3
ES,IN,MY																									5						25									5		
ES,IN,MY,SA																																			26	27						
ES,IN,MY,TH																												8		3												
ES,IN,NG,TR																																										
ES,IN,OM																																					1					
ES,IN,PL																																			5				10		18	4
ES,IN,PL,PT																																				2						
ES,IN,PL,PT,SG																																						3				
ES,IN,PL,RS																																				4						
ES,IN,PT																											4		33	20	17	11	20	3	19	28	17	3	12	13		6
ES,IN,PT,US																																	1			1					6	
ES,IN,RU																																				7	2				4	
ES,IN,SA																																29			8		3	6	24		1	1
ES,IN,SE,US																																21										
ES,IN,SG																																					2	6		3	5	
ES,IN,TR																																									55	
ES,IN,TW																				6		2	12	1		11		26		5			10									
ES,IN,TW,US																												6														
ES,IN,US																								2			9	8	32	3	14	26	23	7	16		36	22	32	33	11	38
ES,IN,ZA																																	11									
ES,IN,null																								1				3														
ES,IQ,TR																																							11			
ES,IR											7	5		22												71	2	16	13	5	3	16	32	49	19	21	69	172	110	30	32	19
ES,IR,IT																														2					4	2				4	3	
ES,IR,IT,PK,PL																																							3			
ES,IR,IT,PL,RU																																								1		
ES,IR,IT,PL,TR,US																																				4						
ES,IR,IT,PL,US																																					3					
ES,IR,IT,RU																																								1	3	
ES,IR,IT,RU,US																																								6	1	
ES,IR,IT,TH,US																																		2								
ES,IR,LK			9				12																																			
ES,IR,MX,SG			42																																							
ES,IR,MY,ZA																																									1	
ES,IR,PL																																	2	4	1	7	7		9	4	1	
ES,IR,PL,RO																																						2				
ES,IR,PL,RU																																								5		3
ES,IR,PL,TR																																						3				
ES,IR,PL,US																																			6	6						
ES,IR,PT																																	3									
ES,IR,RU																																								4		4
ES,IR,RU,TR																																					6					
ES,IR,TR																														13			4									
ES,IR,US																																		6	20	6			5		4	2
ES,IR,US,ZA																																									1	
ES,IS																																								2		
ES,IS,PT																																							4			
ES,IT	28	36	47	53	44	39	40	54	50	80	159	74	109	85	91	191	155	138	129	203	128	299	418	326	278	195	270	458	336	727	525	735	715	619	711	667	500	835	976	864	813	496
ES,IT,JP												5										1											2			27	53	1		34		48
ES,IT,JP,US																														1												
ES,IT,MA																																	12						5	9	2	
ES,IT,MD																						1																				
ES,IT,MU,MY,TR																																										2
ES,IT,MU,TR																																						1				
ES,IT,MX																								13										3								22
ES,IT,NC																				1																						
ES,IT,NG,TR																																						2				
ES,IT,NL													5		38					33	2									9					3		5		62	100	1	
ES,IT,NL,PT																																										13
ES,IT,NL,TH																																	5									
ES,IT,NO																											2		4		62							4				
ES,IT,PL																22			1											1			24		2		3	3				
ES,IT,PL,PT																																	6	6								
ES,IT,PS																																										2
ES,IT,PT																				5			3				8			47	44		4	3	2	35		60	12	5	2	
ES,IT,PT,US																																			16		18					
ES,IT,QA						1																																				
ES,IT,RO																						2			5						18			14	9						11	
ES,IT,RS																																		5		7						
ES,IT,RU																										7		14		23	23	37		65					27			3
ES,IT,RU,null																												69														
ES,IT,SA																																28				1				21		
ES,IT,SE																																			4		53	4		2	120	96
ES,IT,SI																																		58		9			11			
ES,IT,SK																								5													6					
ES,IT,SN																					3												6									
ES,IT,TN																																										
ES,IT,TR																	9												15	29		9										
ES,IT,TW																																							9			
ES,IT,UA																																					17			4		
ES,IT,US																				2		5	2					18	19	24	47		7	4	95	4	15		152	7	6	50
ES,IT,US,ZA																																				5						
ES,IT,US,null																													13													
ES,IT,UY																			7	4	4					7	13	12			1	5					3	2	6		2	
ES,IT,VE																						6																				
ES,IT,ZA																																										
ES,IT,null																											69		45													
ES,JO																																										2
ES,JO,PK,US																																									3	
ES,JO,US																													1													
ES,JP		32		5			24	2		2		4	13		6	1		8		11	15		8	7	10	18	38	7	66	28	57	117	25	135	161	121	164	111	61	179	200	93
ES,JP,KR												2																				5										
ES,JP,KR,SA,SG																																5										
ES,JP,KR,SG																																					12	8				
ES,JP,MX																									2															3		
ES,JP,NL																																						12				
ES,JP,PL																																	2				24					
ES,JP,PT																																			20		7	6	7	12		
ES,JP,PY																							9																			
ES,JP,RU																					1						2						13				21			28	21	
ES,JP,SE																																										1
ES,JP,SE,US																																				6						
ES,JP,SG																																				9			3			
ES,JP,SV																																				8						
ES,JP,TR																												3														
ES,JP,US										3										11		3			3			18	2	5		56	23	29	13	2	5	10	29	109	28	2
ES,JP,null																													6													
ES,KE															1			2	3																							
ES,KR																													9			2	10	1	2	16		30	21	5		3
ES,KR,LU,PA																																			3							
ES,KR,PK																																					21					
ES,KR,PT																																								7		
ES,KR,RU																																		8								
ES,KR,SA,SG																																17				31						
ES,KR,SG																																		7				19				
ES,KR,TR,US																																							1			
ES,KR,US													4																					4	11	1				11		
ES,KR,US,null																													5													
ES,KW															33																											
ES,LT																													13	9	16	2	32		8	9			8			
ES,LT,NL																																1										
ES,LU																																				6						
ES,LU,PL																																							3			
ES,LV																																18			48							
ES,LV,PT																																	12									
ES,MA																		7		5	2	24	22	38	38	57	45	28	74	62	15	24	51	21	29	1	44	33	6	30	3	3
ES,MA,MY																																								17		
ES,MA,PL																																			10							
ES,MA,PT																													2			8										
ES,MA,PT,TN																																										
ES,MA,TN																																									1	1
ES,MA,US																										41									7	10						
ES,MD																																		3						1		
ES,MD,PL																													2													
ES,MD,PL,RO																					1										2											
ES,MD,RO																					1							2					3	2		2					3	
ES,MD,RO,RU																									1																	
ES,MD,RO,US																																							2			
ES,MD,UA																																						7	13			
ES,MG																										3																
ES,MT																																								6		
ES,MU,MY,SA,TR,VN																																										
ES,MU,TR																																1							12			
ES,MX	4		19	2		9	24	14		2		12			8	6	15	14	46	28	40	27	43	42	61	20	41	63	52	36	127	161	134	60	222	183	212	294	103	162	127	149
ES,MX,NO																												4	5		1											
ES,MX,PT																																30										
ES,MX,RU																																			1							
ES,MX,TN																																						5				
ES,MX,US																			3	4			10								3		15					21				
ES,MX,US,VE																																										5
ES,MX,UY																																8										
ES,MY												1																			1											
ES,MY,PK																																						1				
ES,NC													2		3			19																								
ES,NG																						1														1						1
ES,NG,US																												1														
ES,NG,ZA																																				3						
ES,NL		11	10			13	1		33		8	19				1	1	11	10	22	10	62	10	8	37	16	32	25	57	132	143	71	44	20	68	114	93	60	87	234	68	78
ES,NL,PT																							1									30						4	6		13	
ES,NL,SE																															6											
ES,NL,SG																																34										
ES,NL,US																					1		1			2				14		4	10	11		7			14		18	
ES,NL,null																																6										
ES,NO															7			3	4	17	8	20		18	5			6					11				12	1	9		43	23
ES,NO,PL																																										6
ES,NO,US																							9						1								1			15		
ES,NZ														15																					6							
ES,NZ,PK																																					1	2	7			
ES,NZ,PK,SA,TR																																										2
ES,NZ,TH																																					3					
ES,NZ,US																				1			3				8	1				2		1			1					
ES,None										3									50																							
ES,None,PT																						6																				
ES,PA														2										7			3		4		1	2				5	9	22	15	11		
ES,PA,US																																				4						
ES,PE																		8	5			10			12			6			13	8	1					11	3			2
ES,PE,PT																														9												
ES,PF																																								2		
ES,PG																5		4																								
ES,PK																										2					6			7	3		4		4	4	3	
ES,PK,SA																																			10							
ES,PL			2	1		9												5	1		2	13	10	10	57	33	3		1	4	38	8	24	10	36	65	15	73	28	192	54	172
ES,PL,RU																						7	3															32				
ES,PL,SA																																				35						
ES,PL,SE																																						1				
ES,PL,SG,US																																						6				
ES,PL,SI																																								38		
ES,PL,SI,UA																													4													
ES,PL,SK																	6																									
ES,PL,SK,UA																														4												
ES,PL,TR																																					1		1			
ES,PL,UA																																		4						40		
ES,PL,US																															1		4		20	4	19			4	7	
ES,PR																						4							1	18												
ES,PR,US																				3		13														4						
ES,PS																								19	3									1					6		7	
ES,PT									1	25	3	5	22		10	33	50	39	33	11	130	115	96	204	110	73	56	172	369	383	240	282	494	241	197	253	243	181	209	222	203	212
ES,PT,SA																																			4							
ES,PT,SE																																11							4			
ES,PT,SK																																										3
ES,PT,TH																																					1					
ES,PT,TN																																										2
ES,PT,TW																																								2		
ES,PT,US																														11	3	11	2		19	8			10		257	
ES,PT,UY																																	10	4								
ES,PT,null																												8		3												
ES,PY																4				2		7			1				13				42									
ES,PY,UY																															12						15					
ES,QA																														1												
ES,QA,RU,SE,US																																					7					
ES,RO															6				40	3	4		4	5			5	1	26	47	55	13	23	21	39	2	8	15	11	68	79	21
ES,RO,US																														16		1										
ES,RS																								5			1		5	2		5	7	26								25
ES,RS,SI																																		3								
ES,RS,UZ																																	1									
ES,RU			9									3	4	14		4	7	21	8		1	46	13	57	75	37	23	26	50	58	19	56	62	56	56	88	60	1	22	90	65	11
ES,RU,TR																																							2			
ES,RU,UA																																				13						
ES,RU,US										10																1												56	2			
ES,RU,VN																																									3	
ES,SA											9																			64	23		36	39	46	36	19	39	15			18
ES,SA,TH																																							1			
ES,SA,TN																																				12				1	3	
ES,SA,US																																					20	15				9
ES,SE														1	1			13			30	34	12	9		6		11	11	99	97	140	117	53	131	142	71	32	337	49	125	69
ES,SE,UA																																			2							
ES,SE,US																										129		18	33		3									2		8
ES,SG																												5				8				3	31	8	15	37		
ES,SG,US																																			11							
ES,SI																									6							7						2	67	17		12
ES,SK																								4									5	15	3		3		5	61	5	
ES,SK,US																																					5		7			
ES,SN																							11				4			2					12							
ES,SV																													15			3		1							9	
ES,TH																															7		4	5		6	2				4	1
ES,TH,US																																	6									
ES,TN																												17		29	22	14	6	3	89	19	38	21	10	3	3	14
ES,TR											4				17			1					15	6			30			6		2	1	3	6	3	33	43	31	6	27	
ES,TR,US																																							31			
ES,TW																							7									20	16	28								
ES,UA																		2			9				2				14		3	8			17	5		34		3	4	2
ES,UA,US																																										
ES,UG,US																																									38	
ES,US		19	15	41	4	9	27	64	34	49	21	67	55	62	131	100	142	152	77	167	326	200	422	206	537	446	422	325	535	281	515	578	740	454	471	788	459	462	346	1064	663	486
ES,US,UY																																	18									
ES,US,VE								1																													52					
ES,US,ZA																																				32		46		1	4	
ES,US,null																														17												
ES,UY							6									2					14	8	4	42		13	42	6	48	7	14	1	65	11	4	18	21	40	37		9	51
ES,VE									2							8	18	10	3		4	21	2	27		11	5	33	45	16	26				3							23
ES,VN																																				1		4			15	
ES,ZA															9	5		7	11	2		2			5						10	6	20	12	32	2	24	19	20	25	5	
ES,null	3				78	18				15	12					7												105	97	33	42	19										
ET		27		2	32		13	13		20	15	1	1					1				6								4		7		5		2	1		4	36	38	36
ET,FR,IT,NG																													17													
ET,FR,MY,PK																																								3		
ET,GB								2	3																																	
ET,IN																									12		29		7					19	5			4	1	8	8	17
ET,IN,JO,KR,ZA																																								4		
ET,IN,KR																																								2		
ET,IN,KR,SA																																										14
ET,IN,PL																																	2									
ET,IN,SA																																					48	43				1
ET,IN,TT																																				10	11					
ET,IN,TW																																									1	
ET,IT								2																							3											
ET,IT,NG																													17													
ET,JP												1																														
ET,KR																												2													2	
ET,NO																				1		2																1				
ET,NZ																																3										
ET,RU																																	2									
ET,RU,VN																																							9			
ET,SA																																								9		
ET,SA,YE																																									1	
ET,SE																						3																		1		4
ET,US			1								1			13																					10			12				
ET,US,ZA																																										1
ET,ZA																				1																						
FI	134	165	96	110	124	96	113	91	242	201	109	88	273	206	359	362	379	332	396	485	749	419	425	535	722	817	709	644	1097	953	549	646	554	594	598	441	368	316	707	308	322	256
FI,FR						2												8			29	8			3		7	3	7		7	17	22			1	4	4	9	25		
FI,FR,GB																							2									30				54					32	
FI,FR,IN																																		1								
FI,FR,IR																																									1	
FI,FR,IT																												9	2				20					1		18		
FI,FR,IT,JP																																								10		
FI,FR,JP																																								4		
FI,FR,KE,MO,SE																																						5				
FI,FR,LB																	2																									
FI,FR,MY,NO																																						5				
FI,FR,NL																					2				2				13													
FI,FR,NL,US																												11	3													
FI,FR,PL																					1		13																	21		
FI,FR,RU																																			2							
FI,FR,RU,SE																				2																						
FI,FR,SE															31		12				38	2																				
FI,FR,US																				4		1																	10			
FI,FR,null																																					10					
FI,GB					2		1	3			4	3		3	37			7	5	33	6			12	1	4	13	36	28	16	2	29	70	5	250	49	75	349	16	92	9	75
FI,GB,IE																						18																				
FI,GB,IN																																							2			
FI,GB,IT																																	11	1		12						
FI,GB,JP																																						4				
FI,GB,KR																				3																						
FI,GB,MD																																		4								
FI,GB,PL																																		34								
FI,GB,PT																						17					20							10								
FI,GB,PT,RU																									5																	
FI,GB,RU																								4			7						3									
FI,GB,RU,SE																							1																			
FI,GB,RU,UA																																				94						
FI,GB,SE																		1																			9					
FI,GB,US																			3												10					17			166	41		
FI,GB,UZ																																						5				
FI,GR																													4					2								
FI,GR,JP																																		2								
FI,GR,PL																																	29									
FI,GR,SE																										2			2		1											
FI,GR,SI																																				25						
FI,HR																															21									8	33	
FI,HR,SI																																			40							
FI,HU						7	75	5	52	24	38	20	145			34	51	16	9	45	56	86	59	65	106	97	35	77	38	181	108	216	95	217	58	283	82		49	107	423	3
FI,HU,NO																																		46								
FI,HU,PL																			3																							
FI,HU,PT																																	6								12	
FI,HU,RO																							36																			
FI,HU,RU																																			2							
FI,HU,SI																																						64	47			
FI,HU,SK																								1															1			
FI,HU,US																																	11							12		
FI,IE					1		1																																			
FI,IE,IN																																									1	
FI,IE,IS,SE																																									1	
FI,IE,IT						6																																				
FI,IE,MX,RU																																							3			
FI,IE,SE																																								1		
FI,IL																														30				11								
FI,IL,RU																													2													
FI,IL,US																																	33									
FI,IN		3														46	6			11	41	8	25	15		27					18		133	141	163	93	5	17	8	2	14	12
FI,IN,NL																						7																				
FI,IN,RU																														12									11			
FI,IN,SA																																										1
FI,IN,TR																																									4	
FI,IN,US																							1	3				8							46							
FI,IR																																10		8		1			4			
FI,IR,IT																																										1
FI,IR,PL																											2															
FI,IR,RU																																							4	11		
FI,IS																						8												14	10					45		
FI,IT																		5			15	20	22	1	3	5	23	20	49	73	6	57	11	36	71	48	21	30	25	7	18	12
FI,IT,JP																																6										
FI,IT,KR																																			24							
FI,IT,LV																																										
FI,IT,MX																																	1									
FI,IT,NL																									1			8														
FI,IT,PT																											11															
FI,IT,RS																																				12						
FI,IT,RU																																							11		6	
FI,IT,SE																										9			7													
FI,IT,SE,ZA,null																																25										
FI,IT,TR																												45														
FI,IT,US																2																										5
FI,JO																				3		22	5	8																3		
FI,JO,US																												5														
FI,JP													5	1	1		24	7	6	8	3	7			12		1	4			13	22	11	6	33	27	29	59	21	75	6	30
FI,JP,MY,RS																																1										
FI,JP,PL,SK																										2																
FI,JP,SG																																								12		
FI,JP,US																			2				1							1	11						3					
FI,JP,null																												5														
FI,KR																							1																			
FI,KR,NL,RE,RU																														2												
FI,KR,US																																										1
FI,LT																						13							2													
FI,LT,RU																																						9				
FI,LV																														1	6	4	17									
FI,LV,UA																																		7								
FI,MA																																								20		
FI,MA,PS,SA																																										1
FI,MA,SA																																										10
FI,MA,SI																																									9	11
FI,MD,RU																												4														
FI,MX,RU																																			1			12				
FI,MX,SE																																								11		
FI,MX,US																																					2					
FI,MY																																					1					
FI,MZ,SK																	11																									
FI,NG,TN																																										
FI,NL							8	2	22							1		3	4	4	8	27	11	15	13	32	26	71	27	32	15	11	25	19	58	37	35	20	35		29	5
FI,NL,PT												2																														
FI,NL,RO																												6														
FI,NL,SA																															4	8										
FI,NL,SE																																						11				
FI,NL,SI,US																																				5						
FI,NL,TH																							3		1																	
FI,NL,US											25																						18									3
FI,NL,ZA																																								5		
FI,NO																									32		6		6							2					8	33
FI,NO,PT																														6												
FI,NO,SE																														1												
FI,NZ																																				16						
FI,NZ,US																																				3						
FI,None													10																													
FI,PK,PL,RU,TN																																										1
FI,PL											1			7	1	2	1	1	19	54	22	26	29	3	47	58	17	9	4	26	11	36	64	36	13	73	153	4	25	14	2	62
FI,PL,PT																													4													
FI,PL,PT,RU																								10																		
FI,PL,RU,TN																																										
FI,PL,SE											12																						18		11						2	
FI,PL,SE,UA																																6										
FI,PL,SI																																							18			
FI,PL,SI,UA																																							7			
FI,PL,SK									2																		2	3														
FI,PL,UA																											7			18		7	2	12	1		34					
FI,PL,US																																		11								
FI,PT																					20			8	16	24	12	4	27	14	31		25	8	25	12	1	49	43			28
FI,PT,RU																				21	19	6	9	9	26	29	4	13	3	24	14	25	5	12		5						8
FI,PT,SA																																					11					
FI,PT,SE																																						2				
FI,PT,null																												25														
FI,RO															6	3							20	35							15	69	25									
FI,RS																																5				2						
FI,RU									1	3		4			18	40		31	32	12	34	57	44	69	102	167	79	29	103	75	84	126	104	58	137	136	60	50	136	12	20	4
FI,RU,SE																					2	5								2									2			
FI,RU,SI																												2														
FI,RU,TW																												23	24	7	19	15	12	73	8	8	20	42	23			
FI,RU,UA																																							1			
FI,RU,US																									12		80			13											28	
FI,RU,ZA																																									12	
FI,RU,null																						1																				
FI,SA																																						1	6		31	28
FI,SD																																					2					
FI,SE	4			7	7		7	16							3			1	1	5			1	4	3			10	45	83	39	3	97	59	12	26	15	10	3	47	18	2
FI,SE,TZ																																										2
FI,SE,US																									54	1											4	1		24		
FI,SE,US,ZA																																17										
FI,SE,ZA																															1	8				3						
FI,SI																																		31	24	38	94	46	19	32		4
FI,SI,UA																																				3	4					1
FI,SK																		1				22				38		12														
FI,SK,US																																	7									
FI,TH																											4													4		3
FI,TN																																			3				2			6
FI,TN,TR																																							1			
FI,TR																							3	20		13		37									4					
FI,TW																																12			1		14	3	25		18	26
FI,TW,US																															2											
FI,UA																												2								14			11		2	
FI,US										27	3		2	14	11	6	15	37	8	55	11	2		12			4		7	103	51	105	38	47	27	78	9	65	24	22	44	51
FI,UZ																											5															
FI,VE																																		5								
FI,ZA																																7								14	11	6
FI,null										1									1									5		18												
FJ			4		4				3		7	11								2												1	5	11	6		5		4			
FJ,FR,NC,PF																															1											
FJ,GB,IT,PT																																							4			
FJ,HU																																							1			
FJ,HU,IN																																						6				
FJ,IN																								59				5		7			1									
FJ,JP																																1										
FJ,NZ				3							2		13																													
FJ,RU																																					18					
FJ,US											3																	5		13	8	5					7		12	3		3
FR	5854	4706	5440	5762	5918	5586	6962	6948	7635	7120	8235	9382	8726	10146	10346	13302	13969	14323	14882	15499	14372	14624	14708	13673	14082	15644	16252	15854	17044	17790	18438	17928	18853	17010	15215	15310	14403	14995	12020	13087	13320	11776
FR,GA										2	4				10		2		7			1			2						20				16		9	2			4	
FR,GA,NL																																								2		
FR,GA,RU																																					16					
FR,GB	23	12	49	5	34	16	100	71	24	21	52	23	88	42	124	223	151	220	211	281	222	391	199	227	361	308	417	402	486	375	1016	799	824	646	837	874	592	328	356	621	232	376
FR,GB,GH																																							1	7		
FR,GB,GR												3						3										6					16				5					64
FR,GB,GR,PL																														4												
FR,GB,GR,US																											4		20													
FR,GB,GY			3																																							
FR,GB,HK,JP																										15																
FR,GB,HR,PT,ZA																															1											
FR,GB,HU																										15				1					13				100	138	191	
FR,GB,HU,SI																																						1				
FR,GB,ID,MY																																										9
FR,GB,IE									6																											8		1				
FR,GB,IE,US																																								1		4
FR,GB,IL																																						6				
FR,GB,IL,PT																																14										
FR,GB,IL,UA,US																																										28
FR,GB,IN													2									2				28	7	4		7			52			2	19		7	1	56	
FR,GB,IN,IT																																							23			
FR,GB,IN,JP																																		3								
FR,GB,IN,SG																												11														
FR,GB,IR,US																												3														
FR,GB,IT								3		2							13			71		5		29	17	13	12	6	1	8	28	68	6	30	7	23		9	18		5	41
FR,GB,IT,JP,TW,US																																15										
FR,GB,IT,NL																																			1							
FR,GB,IT,PL										3																											12					
FR,GB,IT,UA																																						4				
FR,GB,IT,US																																								30		
FR,GB,IT,null																												4														
FR,GB,JP											22			3	2			2	5	1			3	1	11	2					27	44	8	75	9		15	7				
FR,GB,JP,SG																																				1						
FR,GB,KE																									14																	
FR,GB,KR																														6		27										
FR,GB,KR,LU,PF																																									18	
FR,GB,LB																																							7			
FR,GB,LT																							17																	2		
FR,GB,LT,PL																																							6			
FR,GB,LT,PL,UA																																				4						
FR,GB,MA																																	11									
FR,GB,MA,PL															13																											
FR,GB,MD																							4																			
FR,GB,MX																											13															
FR,GB,NG																				10																						
FR,GB,NG,ZA																																								9		
FR,GB,NL																				3		19		1						23					3							7
FR,GB,NO,QA																																			38		14					
FR,GB,NO,SA																																1										
FR,GB,NO,SE																																		7								
FR,GB,NO,US																																					2					
FR,GB,NZ																																									6	
FR,GB,PL							6			3											2		11							12			2					2		14		4
FR,GB,PL,US																																				4	16			20		
FR,GB,PS																																			7							
FR,GB,PT													21													3		4	15				11									
FR,GB,PT,RO																																								4		
FR,GB,RO																													11	5			3									9
FR,GB,RU																	2			7		24	3	1	23				17	19			20			41						
FR,GB,RU,SK																															42											
FR,GB,RU,TH																									4																	
FR,GB,SA																																							1			
FR,GB,SE																	19			18				1									2	48	8							
FR,GB,SE,US																																					3					
FR,GB,SG															3																			37						67		
FR,GB,SG,US																																							3			
FR,GB,SI																																	14	80				6				
FR,GB,SK																								4														9				
FR,GB,SN																																		2								
FR,GB,TH																										30																
FR,GB,TN																													11													34
FR,GB,TR																																			4							
FR,GB,TW,US																																								1		
FR,GB,US						4	4	17				60	7	6	35	21		10		10	18		10	23	122	16	25	25	24	28	6	35	3	354	52	172	103	5	187	4	54	4
FR,GB,US,ZA																				31										11	1											
FR,GB,US,null																														44												
FR,GB,UZ																								3																		
FR,GB,ZA																														4								20				
FR,GB,null										8																																
FR,GE																					4	1		5	1			1	3													
FR,GE,IT																											3															
FR,GF						4																															7	1			8	
FR,GF,IE																																								4		
FR,GF,TH,VN																																								4		
FR,GH																																					3			5		
FR,GN																												16														
FR,GP																	3		4							1				1							1					
FR,GR			44				1	5	22	2	24	34	41	41	46	82	2	50	69	71	64	4	80	16	12	5	43	11	6	46	62	101			80	133	8	23	130	64	38	128
FR,GR,HU																																				29						
FR,GR,IE																									12																	
FR,GR,IN																																						11				
FR,GR,IT																									3						9			9			2					
FR,GR,MA																											12															
FR,GR,MY,US																																5										
FR,GR,NC																															5											
FR,GR,NG																														2												
FR,GR,NL																																								6		
FR,GR,NL,RE																																										4
FR,GR,PA																																				3						
FR,GR,RO																									7																	
FR,GR,RU,SA,TN																																										
FR,GR,SE																																									3	
FR,GR,SI																											3															
FR,GR,SK																														30												
FR,GR,SN,US																5																										
FR,GR,US																						17			6	1	4	2					35		160			1	15	14	6	15
FR,GY	4		6																																							
FR,GY,IE					13																																					
FR,HK																									14		21		3		28		13	24	48	4	40	20				
FR,HR				1								17				2		11		5			7							30		55	19	62		49	35	11	34	24		
FR,HR,IT																																						7				
FR,HR,MD,PL,RO																								8																		
FR,HR,PL,SI																																			1							
FR,HR,RS																																							1			
FR,HR,SI																																		2				1				
FR,HR,SI,US																																					2	4				
FR,HR,US																											6															
FR,HU			7		1			21	2	9	6	27		57	24	26	23	1	5	30	45	21	29	13	24	63	35	21	77	41	80	59	61	186	65	26	60	51	38	41	69	112
FR,HU,IR,US																																							27			
FR,HU,IT													4										17				10							8			12					
FR,HU,IT,JP,PL																																			12							
FR,HU,IT,PL																																		6								
FR,HU,JP																										4																
FR,HU,JP,US																																										1
FR,HU,MD,RO,RS																																							34			
FR,HU,ME																			14																							
FR,HU,NL																																		17								
FR,HU,PL																													6	3	6			14								
FR,HU,RO																																			5			9				
FR,HU,RS																												1														
FR,HU,RS,TW																																							1			
FR,HU,RU																								1									10									
FR,HU,TN																										50																
FR,HU,UA																																		8								
FR,HU,US												20					4							8			7	2		109			1				13	4		2		
FR,ID											2																									16	74					20
FR,ID,JP,MY																													1	2												
FR,ID,KR																																	1									
FR,ID,PE																																									1	
FR,IE	3		10					18	2		4		34			4			13		44	1				1		18	112	45	39	30	10	26	36	5	21	99	47	49	47	4
FR,IE,IT																																							2	3	2	
FR,IE,IT,SE																									2																	
FR,IE,IT,US																																				31						
FR,IE,JP																											3									6						
FR,IE,NL		5																																								
FR,IE,NO,US																																					4					
FR,IE,PL																																		14								
FR,IE,TW																																									24	
FR,IE,US									10	1																										27						
FR,IL				1						6			4		1		7	38	52	51	28	19	21	42	12	46	2	11	18		13		6			111	5	13	59	11	4	70
FR,IL,IN																																									1	
FR,IL,IN,US																	2																									
FR,IL,IT																4																				6			53	12		
FR,IL,IT,SE																																				1						
FR,IL,IT,US																					1																					
FR,IL,JP,RU																																				6						
FR,IL,JP,US																										8																
FR,IL,MX																																						4				
FR,IL,RE																										2														2		
FR,IL,RU																							3										29									
FR,IL,SK																									5																	
FR,IL,TR																											8															
FR,IL,US											2																		7		3					25		7	8			7
FR,IL,null															3																											
FR,IN	1	7	32		2	7	22	3	13	22	4	9	1	11	12	7	22	3	3	17	58	24	57	46	98	144	118	57	155	253	148	253	368	371	228	216	405	362	746	661	527	480
FR,IN,IR																															2											
FR,IN,IR,IT																																		6								
FR,IN,IT																					2			4		2			6	3	22		6			3	15					
FR,IN,IT,TW																					1																					
FR,IN,JP																									8				5					5			6					
FR,IN,JP,MY																																	7									
FR,IN,KR																																			3	61						
FR,IN,MA																																		1								
FR,IN,MD																																		3								
FR,IN,MX,TR																																									1	
FR,IN,MY																															21						4					
FR,IN,NL																													5													
FR,IN,NO																																				1						
FR,IN,PL																																						52				
FR,IN,PT																																	3				14					
FR,IN,RO																			2										3													
FR,IN,RO,TH																																								5		
FR,IN,RO,UA																																				1						
FR,IN,RU																		4																								
FR,IN,SA,TT																																										56
FR,IN,SE																																										4
FR,IN,SI																																										5
FR,IN,SK																																		2								
FR,IN,TH																																				10			3			
FR,IN,TN																																				50						2
FR,IN,TR																																								10		
FR,IN,TW																									1	1				3									15	4		
FR,IN,TW,US																									4															11		
FR,IN,UA																																		4	3							
FR,IN,UA,US																																			4							
FR,IN,US			15													3	5										2			3	4	2	8	46		29	10	12	45		12	22
FR,IN,ZA																																								21		8
FR,IQ				7	10																																			31		9
FR,IQ,TN					22																																					
FR,IR														13											5	23	61	3	3	24	9	26	45	8	54	47	67	8	7	24	37	19
FR,IR,IT																														7							3				4	
FR,IR,JP																								5						5					3							
FR,IR,MA,SA,US																																					13					
FR,IR,MR																														11												
FR,IR,MY,SA																																							1			
FR,IR,PL																																							2			
FR,IR,SK,US																																										1
FR,IR,TN																																							2			
FR,IR,US																																				42		44		30		
FR,IS,IT																																					8					
FR,IT	26	19	11	60	24	46	45	131	101	90	122	134	132	262	69	195	130	145	159	339	340	423	404	301	407	374	361	516	297	604	381	922	589	620	588	567	511	626	685	640	415	370
FR,IT,JP																	2				6						2					3						4		28		
FR,IT,JP,PT																												23														
FR,IT,KR																																			1				35			
FR,IT,KR,LU																																		5								
FR,IT,KR,US																																	1									
FR,IT,LB																																					2				2	
FR,IT,LT																																				6						
FR,IT,LU																																	54									
FR,IT,LU,US																																		16								
FR,IT,MA												1																												19		2
FR,IT,MA,TR																																					17	18				13
FR,IT,MD,PL,RO																								5																		
FR,IT,MD,RO																														4												
FR,IT,MD,RU																									3																	
FR,IT,MG															3				6																							
FR,IT,MO,RU,TH																																								27		
FR,IT,MX																									17									12					22			
FR,IT,NC																			19			3																				
FR,IT,NL								2						11		4								2	1							53		5	12	2						8
FR,IT,NL,US													11							7									13										56			
FR,IT,NO																			9																							
FR,IT,PF																													19			5										
FR,IT,PL					3		3										1								3		12			6		13	18	16			3		17			
FR,IT,PL,SA,US																																								6		
FR,IT,PL,TN																																					1					
FR,IT,PL,TN,US																																						5				
FR,IT,PT																													22				34		1			30	6	136	1	31
FR,IT,RE														6																												
FR,IT,RO																	9													8				32						31		7
FR,IT,RS																																				2						
FR,IT,RU																					13				2								1				13	6	29	1		3
FR,IT,SA																																	8									11
FR,IT,SA,TN																																									1	
FR,IT,SA,US																																								55		1
FR,IT,SE																		2			5									13				18		1				4		1
FR,IT,SE,US																																				31						
FR,IT,SG																												5								2						
FR,IT,SI																																			3							1
FR,IT,SK																																			53		20					
FR,IT,SK,TN,US																																									1	
FR,IT,SN																											3			1												
FR,IT,TG																																							1			
FR,IT,TH																																			10			28	94			
FR,IT,TN																																			3	2	3		16	1	4	1
FR,IT,TN,US																																									2	
FR,IT,TR																																				1						
FR,IT,TW																																										10
FR,IT,UA																																	24	10								
FR,IT,UA,US																																				1						
FR,IT,US						3	1			2	1		4	2	6	2	3	6	18		9	21	41					57	116	31	17	59	6	34	7	9	5	7	5	63	41	65
FR,IT,VE																																25										
FR,IT,ZA																																				6						
FR,IT,null																												31														
FR,JO																		55							3	10									6				1			
FR,JO,US																																						13				
FR,JP	1	29	2		39	3	15	2	1	78	14	3	51	36	14	14	37	60	17	53	82	41	102	73	83	77	241	134	235	210	200	149	303	195	132	98	187	99	212	172	318	121
FR,JP,KR																					5				8					1		5	16	4			7	2			5	
FR,JP,KR,PL																																				3						
FR,JP,KR,TN																													3											52		
FR,JP,KR,US																																5										
FR,JP,LU																																				13						
FR,JP,MA																														12												
FR,JP,MD																									3																	
FR,JP,MG,TN,US																																									1	
FR,JP,MY																											8			3	2											
FR,JP,NC																																					4	10				
FR,JP,NC,PF,US																																								7		
FR,JP,NO																															1											
FR,JP,NO,US																																									1	
FR,JP,PL																													26		1		31	7					2			1
FR,JP,PL,RU																																								7		
FR,JP,PT																					1																					
FR,JP,RU																														20		12	3	5	4		4	6			9	12
FR,JP,SG																																				3			20			
FR,JP,SG,TH,US																																									1	
FR,JP,SG,US																																									26	
FR,JP,TH																											5		10													
FR,JP,TN																														2	16					1		5				
FR,JP,TN,US																																					1					
FR,JP,TR																									2										5							
FR,JP,TW																																					5					
FR,JP,TW,US																																										21
FR,JP,US														1				1	5	10	1	3	13		1	1		35	15	19				6	10	4			10	1	71	
FR,KE																																	10	2								
FR,KE,UG																																			3							
FR,KH																																									15	
FR,KR													5						6	11	7	24	37	3	19	30	36	152	32	20			5	46	15	50	55		1	29	18	
FR,KR,LU																																						18			6	
FR,KR,PL																																							9			
FR,KR,PT																														1												
FR,KR,RU																																						20		10		
FR,KR,SE																															67											
FR,KR,SK,US																											1															
FR,KR,TN																													4	33												
FR,KR,US						3																			21							6	12			5			6	2	2	
FR,KR,VN																																6										
FR,KW																																									2	1
FR,KZ																															3			2								
FR,LB			29		19												12				34	18			2			4		43	29	6	130	31	31	171	138	133	242	96	97	2
FR,LB,PK																																							8	2		
FR,LB,PL																												2														
FR,LB,TN																																	9		18							
FR,LB,TW																																										5
FR,LB,UA																																	16									
FR,LB,US																																					2					
FR,LK	3																															4										
FR,LT																					32			49	5		7	8	67		15	4	15	12	5	14	14			6		16
FR,LT,MX,RU,US																								39																		
FR,LT,MX,US																										15																
FR,LT,NL																																									5	
FR,LU																						11		12		61	29	51	73			19		2			1		1			
FR,LU,RU																																									4	
FR,LU,US																																						1				
FR,LV																									1									17	11	4		12				8
FR,LV,PL																																										
FR,LV,RU																																								1		2
FR,LV,SE																																								97		
FR,LV,TN																																							8			
FR,LY					16																																					
FR,MA	4	12	10	18	50			5	60	39	76	91	100	129	178	64	47	113	85	252	201	187	122	112	154	118	194	68	56	144	154	192	117	162	247	112	104	127	84	188	280	127
FR,MA,MX																														1												
FR,MA,MY,SA																																										
FR,MA,PK																																		2	1							
FR,MA,PL,RO																												5														
FR,MA,PS																																										2
FR,MA,QA																																								3		
FR,MA,RO																								18																		
FR,MA,RU																																	1									
FR,MA,SA																															1				1	2			13			1
FR,MA,SA,TN																																										1
FR,MA,SA,TR,US																																								2		
FR,MA,SI																																									30	23
FR,MA,SK																							8																			
FR,MA,TN													20																						3				3		2	34
FR,MA,TR,US																																							2			
FR,MA,TW																																										1
FR,MA,US						1							9			11														2							7		8			
FR,MA,ZA																																					1					
FR,MC														9	3	4																							4	32		
FR,MC,NZ																							1																7			
FR,MD																							3		4			25			9		8		11	14	13				11	4
FR,MD,PL																														3	2											
FR,MD,PL,RO																								4																		
FR,MD,PL,UA																														12			28									
FR,MD,RO																					16			2																6		
FR,MD,RO,US																																		8								
FR,MD,RU																							1					5														
FR,MD,SK																																				2						
FR,MD,US																							4		3																	
FR,MG						1		1	1		2		1			5		8	8	3		2	3		3		39	13		28		26	10				15				4	
FR,MG,NG,US																																										
FR,MG,PF																		3																								
FR,MG,RE																																									11	
FR,MG,TN																																				7	3		5			
FR,MG,TN,US																																										2
FR,MG,US																																		2								
FR,MG,ZA																			2	3																						
FR,ML																							32													118		8		27		
FR,ML,RE																																						11				
FR,MO																																							6		7	
FR,MO,US																																						2				
FR,MQ																																			3							
FR,MQ,US																																					2					
FR,MR							4																																			
FR,MR,SN																																					2					
FR,MU,RE																														2												
FR,MX		53					51	11	15	4	9		11	4	32		6	37	28	3	8	45	15	12	87	44		42	8	86	4	72	36	141	127	53	28	31	56	14	72	108
FR,MX,PL																							2																			
FR,MX,RO															9		15					2																				
FR,MX,UA																																					11					
FR,MX,US															10							7				2									5		6				9	
FR,MY							4	19		4	1	4	1	2	5	12	8	5	2		4	3	3	7					9		1		5	2	25	24	16	24	12	28	4	41
FR,MY,PK																																								21		
FR,MY,TH,VN																																						3				
FR,MY,US																																		1								
FR,MY,VN																			7																							
FR,NC				18	5	5	2					4		12		8	1				7	4	9	4									1	1	9	17	12					2
FR,NC,NZ																														9												
FR,NC,SN																																					155					
FR,NC,VN																																				18						
FR,NE															1					32											1		9	14						11		
FR,NG												7		3	16		1																									
FR,NG,SE																4																										
FR,NG,US																																	25		7							
FR,NI																									6																	
FR,NL	2	12	6	11	27	8		7	5	2	1	8	1	25	21	7	19	123	35	22	42	38	5	11	34	8	2	73	60	68	30	33	66	23	40	42	15	48	3	32	77	96
FR,NL,NO												20																														
FR,NL,PL																		2									28				1										10	
FR,NL,RO																									3															1		
FR,NL,RU																			3																							
FR,NL,SA																																								1		
FR,NL,SE					3			3										26																				2				
FR,NL,TH																								3	5								14									
FR,NL,US											7	4																14							4				6	2		
FR,NO							4						3		2		2				7	5	1	3		1	8	11		33		9	11	12	51	33		36	143	3		16
FR,NO,NZ,SE																																					2					
FR,NO,PL																																				3						
FR,NO,RU																																					3					
FR,NO,SE																																					9			17		
FR,NO,TR																																	5									65
FR,NO,US																																						7	8			
FR,NO,US,ZA																																							3			
FR,NP																												125														
FR,NZ				8			7	4				18											18		3	8	4		15	10	33		45	80	12	48	25	39	13	10	71	26
FR,NZ,PF																																		8								
FR,NZ,RE																																							6			
FR,NZ,RU																																				29						
FR,NZ,RU,SG																																								3		
FR,NZ,SE																																										37
FR,NZ,US	13																		16								83															
FR,None			2					5						6							20																					
FR,OM,TN																																										1
FR,PE								23																							2	4			30	18	16	9	7	2		7
FR,PE,RE																																										
FR,PE,UY																																	43									
FR,PF																4	1												3	4		8	3		15		30	32	5		8	2
FR,PK																					1							1								22				2		5
FR,PK,SA																																					2					
FR,PK,SG																																		16								
FR,PK,TR																																						7				
FR,PK,US																																										1
FR,PL		3	14		34	32	14				39	23	18	28	47	54	45	139	36	128	106	149	71	176	208	138	175	104	222	177	117	80	181	225	109	219	159	124	180	225	258	272
FR,PL,PT																																	2									
FR,PL,PT,TN																											5															
FR,PL,RO																								4																		
FR,PL,RO,UA																																								1		
FR,PL,RO,US																																			76							
FR,PL,RU																				2													4	17		10						
FR,PL,RU,SE																																									1	
FR,PL,SA,TN																																										2
FR,PL,SA,TR																																								1		
FR,PL,SI																																								62	69	
FR,PL,SK																															29											
FR,PL,TN																																	2			8	24	1	16	4	14	1
FR,PL,TN,US																																						1				
FR,PL,TW																																						1				
FR,PL,UA																				7								7	2	12							25		154			
FR,PL,US								3										3	2						2		44		1	2	54		53	9	8	12	22	28	2	2	8	14
FR,PL,VN																																		2								
FR,PR,US																																3										
FR,PT									3		16	1	4	6			15	27	15	10	45	64	72	70	131	98	69	73	97	59	169	59	186	67	35	52	80	137	74	105	18	23
FR,PT,PY																																					1					
FR,PT,RO,US																									8																	
FR,PT,RU																													7		3	3						8			5	
FR,PT,TH																																										
FR,PT,TN																																	12		4		2			1		
FR,PT,TN,UA																																						10				
FR,PT,US																								7					2			6			2	2						11
FR,PY																		7																								
FR,PY,UY																														2												
FR,QA																	1																									
FR,QA,TN																																										1
FR,RE														15										2			11			1			9			17		48				
FR,RO				3	13								1	35	39	12	86	35	30	144	32	59	74	80	60	60	44	58	108	58	111	313	170	242	198	117	48	44	77	54	155	77
FR,RO,RU																																2										
FR,RO,SI																																									3	
FR,RO,SN																																									1	
FR,RO,TH																																			4							
FR,RO,UA																																			1							
FR,RO,US																				9																						
FR,RS			1		1															17	11	23					15			4	1	17		31	7	16	28		24	7	17	
FR,RU	9	5	20		2				15	5			8	30	21	27	17	73	62	89	173	85	94	97	166	23	111	134	133	237	288	219	248	217	250	355	272	263	344	226	147	194
FR,RU,SA,TN																																										
FR,RU,TH																																										5
FR,RU,TN																											4									18						
FR,RU,TR																														26												
FR,RU,UA																						12								16	2	24		5	86				4		1	
FR,RU,US																4						18			1								7	27		1		18	10			
FR,RU,US,null																													1													
FR,RU,UZ																							1	2																		
FR,SA	2			3										4		2				1	5		7									9	29	5		3	25	11	4	14	15	3
FR,SA,TN																																	2	3		1			5	41	11	19
FR,SA,TN,TR																																										6
FR,SA,TN,US																																										1
FR,SA,TN,ZA																																										1
FR,SA,TR																																1						4				2
FR,SA,US			3																																						13	
FR,SD																																									53	
FR,SD,US																																										26
FR,SE	6	12	2		3		4				2					17	8	4	40	8	16	35	37	2	29	49	75	30	12	52	84	136	59	45	13	11	14	105		38	85	4
FR,SE,UA																															7											
FR,SE,UA,US																																									9	
FR,SE,US																			1		3		24							21		2		57	2	1					2	
FR,SE,VN																																										12
FR,SG																										17		27	6	19	10	35	101	533	30	58	472	103	28	68		
FR,SG,US																																							20		85	
FR,SI																	20	1		12	14	25	17	10		78	12	54	110	163	127	8	117	61	23		68	28	117	39	33	99
FR,SK	13		1		41		7	19	6	14		41	41	52		14		65		75	32	81	28	28	27	3	75	91	69	33	10	24	29	14	77	112	36	125	74	80	73	41
FR,SK,US															1						13				30									13	15							
FR,SN									1				1		2			1		1					3				15		26	18	10	38	1	10	55	72	5	82	2	64
FR,SN,US										1																													14	3		
FR,SO																																							6			
FR,TD															2																											
FR,TG																																								18		
FR,TH																	4				18	2	19				16			2	6	4			7	20	9		11	10	31	9
FR,TH,VN																																			8			10	10	10		
FR,TN	3	27	44	7	18	45	1	33	3	6	26	10	3	32	19	20	60	20	115	66	66	50	60	101	34	57	51	74	43	131	155	133	154	333	277	454	441	378	282	281	380	343
FR,TN,TR																																				2					11	2
FR,TN,US																													1	6	18			23		2	1		3	6	59	7
FR,TN,ZA																																								1		
FR,TN,null																																										1
FR,TR											21						16	33	15	14	8	10	6	42	45	6	95	94	98	54	20	53	55	61	53	40	35	41	11		28	9
FR,TT																														4												
FR,TW																	1			7	4	16				28	5	33		10	9	9	20	30	4	3	15	15	5	10	19	7
FR,TW,US																														10	2			3	4				11		11	18
FR,TW,null																													17													
FR,TZ																				5																						
FR,TZ,US																																		3								
FR,UA		1									5		4		49	8		32	17	10	108	45	22	24	13	51	36	23	45	40	25	112	41	149	169	139	186	63	133	73	32	
FR,UA,US																								10		1						8	23	25					29			
FR,UG																								2					2		3	9										
FR,US	133	48	90	98	79	54	104	30	129	86	92	181	214	253	137	214	252	323	260	240	376	322	281	540	486	220	465	531	597	792	751	475	710	557	940	424	547	591	541	763	489	762
FR,US,VN																																	5									
FR,US,ZA							42																				6						6									
FR,US,null											6							5			4						1		14	2												
FR,UY																																		1								
FR,UZ																					2					2				7												1
FR,VE															2		1		2				1	16	1	2				10	10	8	2		7		5	9	12	29		
FR,VN		8							1		10		1	7		1				2	14				12		3	20	3	25	38	17	1	173	50	3	67	22	68	94	128	72
FR,VU								5																																		
FR,ZA			2											3				5		1			2	14							1		13	133			17	10	40	95	23	
FR,null	4	11		13	9		13		2		51	24		17	11			53			2							48	83	61	29				12	9						
GB	3970	3823	4193	3277	4246	3981	5144	7476	7038	7706	6853	9293	7406	7425	9525	11063	10718	11502	11284	18550	15987	14928	16507	16539	16244	17841	18069	17355	18259	18446	20275	17924	19055	18026	17914	19025	17993	16297	16078	14570	12878	12965
GB,GH		3																		1														4	1	5		3	8	12		
GB,GH,JP,TR																																							1			
GB,GH,NZ																																									1	
GB,GH,PT																																					136					
GB,GH,TR																																		2								1
GB,GH,US																																				29						
GB,GH,US,ZA																																										3
GB,GH,ZA																																						4				
GB,GM																																								40		
GB,GR					24	5	57	4	37		1	25	52	1	63	73	27	37	7	46	19	61	57	72	94	118	75	161	49	81	96	37	121	16	72	51	54	75	121	120	76	82
GB,GR,HU																																						43				
GB,GR,IE																														7												
GB,GR,IT																					35		7					30			7						7		18			
GB,GR,IT,PT																												1														
GB,GR,IT,RU																													4													
GB,GR,JP																							1															1				
GB,GR,KR,US																																					3					
GB,GR,MY																1																										
GB,GR,PK,PT,TH																																										
GB,GR,PL																													1	8	4				16	3		10		3		
GB,GR,PL,RU																													4													
GB,GR,PL,US																																			7		8					
GB,GR,PR																							2					1														
GB,GR,PR,RU																															7											
GB,GR,PR,US																																					7					
GB,GR,PT																																	19									
GB,GR,RS																																			4							
GB,GR,SE																																		2								
GB,GR,TR																										4																
GB,GR,US																				4							8					18		25						1		
GB,GR,ZA																																							1			
GB,HK										4			9	3			9								19	4	18			11			1	25		30			45		81	17
GB,HK,IT																																						3				
GB,HK,NL																																										27
GB,HK,PK																																	11	6								
GB,HK,US																				1												2	1	10								
GB,HR							7		38		4	6	8						8				17					15			40					19		17	40	31	24	3
GB,HR,IE																													3													
GB,HR,IE,ZA																														5												
GB,HR,IN																																										27
GB,HR,IN,US																																										76
GB,HR,IT																														108	62											
GB,HR,IT,US																														69												
GB,HR,MT																																				5						
GB,HR,PL																																							7			
GB,HR,RS																																										10
GB,HR,SI																													4				2				19					
GB,HR,US																														90	32											
GB,HU	15	7	8	6		5	38		2		10	16	5	11	9	2	27	54	35	2	26	33	19	49	35	36	4	23		16		4	50	125	17	1	1	13	42	55	19	
GB,HU,IE																			2				18									4										
GB,HU,IT											4																															
GB,HU,IT,ZA																																							56			
GB,HU,NL																																						73				
GB,HU,PA																															1											
GB,HU,RS																			6			11																				
GB,HU,US																		2											1		34											
GB,ID																																			2			4	4			
GB,ID,JP																																										
GB,ID,JP,MY																																									19	1
GB,ID,MY																																			2						5	
GB,ID,SG						2																																				
GB,IE			7	10	6	9	8	14	1		22	7	24	12	15	60	82	28	27	22	55	65	66	155	144	71	194	133	75	226	192	218	138	211	107	136	150	170	130	166	101	126
GB,IE,IL											20						2									11																
GB,IE,IN																															2			4							6	
GB,IE,IT																			9			17																				
GB,IE,JP																								30											5							
GB,IE,JP,US																																									46	
GB,IE,LV																									1																	
GB,IE,NL																														4			6									
GB,IE,NL,US																																									9	
GB,IE,NZ																				4															5				21	11		
GB,IE,PK																																					8					
GB,IE,PL																												14														
GB,IE,RO																											5															
GB,IE,RU,SA																																					10					
GB,IE,SD																									7																	
GB,IE,SE																														44												
GB,IE,SE,US																																4										
GB,IE,SG																																							5			
GB,IE,TR																																							6			
GB,IE,TW																																		3								
GB,IE,US										17									1				4					14		2	18			26		4	4		6		3	9
GB,IL	1		8			3	3	9	1						52		1				25			22	13		4	50	7		18	17	16	19	5						6	5
GB,IL,IN																					4															11	10					
GB,IL,IT																																										6
GB,IL,IT,NL,US																																						7				
GB,IL,IT,US																																	53									
GB,IL,NL																																			1		1					
GB,IL,NO													2																													
GB,IL,NZ,SG																																						11				
GB,IL,PT																										16								5								
GB,IL,RU																													2		7											
GB,IL,UA																					16																					
GB,IL,UA,US																					14																					
GB,IL,US						4		9															1	21		8		13		11											24	
GB,IN	37	30	21	57	134	51	36	26	139	22	17	39	12	42	63	39	32	38	125	87	128	161	180	129	108	257	276	213	280	322	290	330	322	326	324	445	380	423	563	408	139	521
GB,IN,IR																																										1
GB,IN,IR,TR,TZ,US,ZA																																										1
GB,IN,IT																												2	25	14		4		6	47	11		4	5		2	
GB,IN,JP																				7								1			5			8	33		5	2	3		31	
GB,IN,JP,KR																																			12							
GB,IN,JP,RU																																			10							
GB,IN,JP,SA,SG																																				6						
GB,IN,JP,SG																																		3	8	18						
GB,IN,JP,US																												7											1			
GB,IN,KR																													13		1		1									5
GB,IN,KR,SA																																						1				2
GB,IN,LK																																									6	
GB,IN,MX																						1																				
GB,IN,MY																															8	24										11
GB,IN,NG																																				10						
GB,IN,NL																																			6							
GB,IN,NL,SG																																					197					
GB,IN,NO																																			10	14						
GB,IN,NZ,US																																	13									
GB,IN,OM																																						3		4		
GB,IN,OM,SA																																						12				
GB,IN,PL																									2																	
GB,IN,PT																														11												8
GB,IN,RU																																		4								1
GB,IN,SA																																								23	38	35
GB,IN,SE																																		8				22				15
GB,IN,SE,US																																				6						
GB,IN,SG																																5		26	28	10	9				6	
GB,IN,SG,US																																								15		
GB,IN,TR																																		2								
GB,IN,TR,US																																		2								
GB,IN,TW																					1		1	20					8												9	1
GB,IN,TZ																																			2							
GB,IN,US							9												22						92	5		28	7	4	16	4	65	108	60	78	93	54	65	60	39	36
GB,IN,US,ZA																															15											
GB,IN,ZA																																		3								
GB,IN,null																													1													
GB,IQ				19					7	9					18														6			9	17		23				18	14	12	12
GB,IQ,KR,MA,SA																																							4			
GB,IQ,MY																																					1					
GB,IQ,RU,TR																																						1				
GB,IQ,SA																																		7				7				
GB,IQ,US																																										2
GB,IQ,ZA																																						8				
GB,IR						24	8		8										1	3	16	16		6	10	44	40	125	54	41	46	9	23	59	9	22	64	79	53	47	11	22
GB,IR,IT																									3				3		4				10				1			
GB,IR,IT,TR																																		2								
GB,IR,IT,US																																							7			
GB,IR,JO								1																																		
GB,IR,KR																													2													
GB,IR,LY																								4																		
GB,IR,LY,TR																												2														
GB,IR,MY																																						4				
GB,IR,MY,PK,TR																																								16		
GB,IR,NZ																																						5				
GB,IR,PK																																										3
GB,IR,PL																																					19	27				
GB,IR,PT																																										3
GB,IR,SE,US																																					22					
GB,IR,SI																															2											
GB,IR,ZA																																16										
GB,IS																												19				2	4		4			3	3		12	
GB,IS,US													3																						6							
GB,IT	92	114	76	121	88	14	90	99	71	98	31	55	96	85	112	99	95	138	98	223	271	315	214	363	388	317	250	502	444	1079	568	614	598	466	795	563	472	302	514	514	571	539
GB,IT,JP			16											26		3			4			2							2						3					34		
GB,IT,KW,RU																								37																		
GB,IT,LT																														7												
GB,IT,LV																																						14				
GB,IT,MA,US																						2																				
GB,IT,MD,PL																								6																		
GB,IT,MO,RU,US																																				61						
GB,IT,MO,US																																					30					
GB,IT,NG			3																																							
GB,IT,NL																		19							8					5			10			3	42		44		25	2
GB,IT,NL,RS																																					5					
GB,IT,NL,SE																																									111	
GB,IT,NL,US																												1														
GB,IT,NO																								1																		45
GB,IT,NZ	1																																									
GB,IT,PL																													2	5											3	4
GB,IT,PT													3						12			12									13		6	15	14				8	34		
GB,IT,PT,TH																																									5	
GB,IT,QA																																					21					
GB,IT,RO																																		4					2			
GB,IT,RU																							10	3							15											
GB,IT,RU,US																							4													31					82	
GB,IT,SA																																							19			
GB,IT,SE																										11				7								29			3	6
GB,IT,SG																													4		6						2					
GB,IT,TH																																							1			
GB,IT,TN																																									8	
GB,IT,TR																																				21						27
GB,IT,TT																																		8								
GB,IT,TZ																																			2							
GB,IT,US											3			8	1			3		59	17		1	8	12	6	12	202	65	137	62	63	54	107	88	60	30	131	118	34	99	326
GB,IT,UZ																																				3						
GB,IT,VE																				2				4		21																
GB,IT,ZA																																							9			
GB,IT,null																												37	14	4												
GB,JM																		9									1											1				
GB,JM,US														8									9																			
GB,JM,ZA																																								1		
GB,JO									20	18							4			8						47	39	2	2	14					6		1					
GB,JO,PK																																						1				
GB,JP	3	82	28	41	10	33	242	34	18	40	16	12	36	42	23	175	279	126	101	94	466	80	158	18	179	176	285	221	207	267	449	829	322	172	271	390	233	260	211	215	199	79
GB,JP,KR																											15													1		
GB,JP,LK																														2												
GB,JP,MX																								3																		
GB,JP,MY																		4			1									19			5									
GB,JP,MY,NZ																																	4									
GB,JP,NG																																								13		
GB,JP,NL																				53						10														3		
GB,JP,NL,US					2																																					
GB,JP,OM,PL																																10										
GB,JP,PL										1	2			1						9																6						
GB,JP,PT																		6															4									
GB,JP,RU																						1												2		15	11		17	8		
GB,JP,SE																																		5		3				1		
GB,JP,SE,US																																					6					
GB,JP,SG																																			8		2					
GB,JP,SI																													2								2			5		
GB,JP,TH																												2											2			
GB,JP,TW																																	11									
GB,JP,US					3											4			3		36		2		60	1			20	7	12	6	6		2		24		9	26	15	30
GB,JP,US,null																													58													
GB,JP,null																														15												
GB,KE												10				4	5	10					6				5			1		2	21		5		9			3		4
GB,KE,SA																																										3
GB,KE,US																														4						14						
GB,KE,ZA																																										4
GB,KR						15			20						2	8	2				8	6	25	20	21		6	34	27	73	55	207	51	32	71	10	53	40	47	22	8	97
GB,KR,NL																																1										
GB,KR,NL,US																																9										
GB,KR,PK																																							23			
GB,KR,PK,TW,US																																										
GB,KR,PL																																								1		
GB,KR,QA,US																																					9	7				
GB,KR,RU																		8																								
GB,KR,SE																																						25	23			
GB,KR,US													1												1	1					3	14	8	28	25			34		3		18
GB,KR,null																												3	2													
GB,KW										16								1						2	21	9	23	12														
GB,KW,NG,RU																																										1
GB,KW,US																																	2									
GB,KZ,RU																																						4				
GB,LB		12																4		6								1										2	8			
GB,LK		8	3	2	7	3		4			17																		3								3					
GB,LT													1													18							11			4	3	9				
GB,LT,SE																																						13				
GB,LT,UA																																				1						
GB,LT,US																							1							4												
GB,LU																													7									1				
GB,LV																									118								1	204	2		21	7	96	13		
GB,LV,MY,SA																																						18				
GB,LY																						4						11				6		4								
GB,LY,NZ,TR																																		4								
GB,MA																																										1
GB,MA,PK,TR																														2												
GB,MA,US																						9																				
GB,MD																					5	1												9	8		6					
GB,MD,PL																													5													
GB,MD,RO																												4														
GB,ME,RS																								4																		
GB,MG,US																																	1									
GB,MK																					3																					
GB,MK,NL									40																																	
GB,MO																																										5
GB,MO,US																																								11		
GB,MR,SN																																							4			
GB,MR,TN																																							6		6	
GB,MT																																		13								
GB,MU																																27			19		6					
GB,MU,ZA																																			2							
GB,MW																														2		40										
GB,MX	1				19	13	2	20	6	8					1	33	3				12	17	14		6			10	29	14	1		5		1	6	3	3		11	1	7
GB,MX,RO																5																										
GB,MX,RU,UA																												6														
GB,MX,UA																								1								1										
GB,MX,US																						1						7					1	13								
GB,MX,null																												12														
GB,MY	17				11		82					3	5	9	11	38			12							1		11	1	6	18	30	184	9	14	34	29	35	9	3	26	7
GB,MY,NG																																								6		
GB,MY,NG,PK																																							1			
GB,MY,PK																																1										
GB,MY,PK,US																															2											
GB,MY,SA																																		24	18	8				3		
GB,MY,SA,US																																							3			
GB,MY,SG																		5																								
GB,MY,TW																																				2						
GB,MY,US																															4	3	4	1	13	7			5			2
GB,NG	14					30	1			4			9		14	44		3		6	5	3	2	2	3	12	33			7			4	19	5	5	26	1	4	8	12	1
GB,NG,US			1																																							
GB,NG,ZA																																					3			5	5	2
GB,NG,ZA,ZW																																									1	
GB,NL	14	76	43	8	12	1	8	1	7	77		7	1	62	26	53	32	13	16	34	485	60	32	108	54	63	112	51	39	483	108	87	92	140	179	130	242	137	99	67	300	628
GB,NL,PL									2					1																						19						
GB,NL,PT																		4					14																			
GB,NL,PT,TH,US																									2																	
GB,NL,RO																																								1		
GB,NL,RS																																	6									
GB,NL,RU																																	23									
GB,NL,SE																																					70		21			23
GB,NL,SI																																							2			
GB,NL,SK																										1																
GB,NL,TH																																								1		
GB,NL,TR																																2										
GB,NL,UA,US																		6																								
GB,NL,US						1				8					2											3	8			11				9		98	49	4	88	67		59
GB,NL,null																													4													
GB,NO	10		5	7						1		1		1	1	3					9	12		10	2	14	31	22		4	91	188	188	19			11	2	5	13	8	26
GB,NO,NZ																																										
GB,NO,PT,US																																	1									
GB,NO,QA																																2										
GB,NO,SE																												1														
GB,NO,SI																																		5								
GB,NO,US														13																						12				9		
GB,NZ	8	3		2	10	1	17	8	2	16	8	19	31	1	44	34	2	20	20	13	40	85	24	75	95	17	16	1	64	40	62	134	239	222	97	69	37	95	119	104	188	54
GB,NZ,PL																																								8		
GB,NZ,RU																																							82	18		
GB,NZ,SG																									26																	
GB,NZ,TH,US																																						2				
GB,NZ,US															4											19								21	6							
GB,None													1		1																											
GB,OM																		8	13	9		24	23	9	7	9		8		10			14	15		20		4	5	1	10	
GB,OM,PK																																							14	10	7	
GB,OM,SA																																									4	
GB,OM,US																																									1	
GB,PA													1		3						4																					
GB,PE														5																												
GB,PE,US												15																														
GB,PG																																								1		
GB,PH																																							1			
GB,PH,US																																		4								
GB,PK											36		8		4		3						1	14		24	24	4	37	16	23	98	10	54	18	68	65	53	100	95	36	89
GB,PK,PT,TH																																										
GB,PK,RO																																						2				
GB,PK,SA																																	2	15	5			3	45	12	42	15
GB,PK,SE																																								5		
GB,PK,TR																																				1			6			1
GB,PK,US								1																					6			19			4	4	8					
GB,PL	5		1		1		2		3	5	14	9	33	10	63	42	22	17	56	34	68	12	47	7	52	30	47	27	5	45	17	38	11	35	97	42	141	7	53	127	48	60
GB,PL,PT																									2																	
GB,PL,RU																9																										
GB,PL,SE																																	1									
GB,PL,US				1				1	1		1				2	20			7							1			10			7	28	20			10					31
GB,PS																						23											1	24								
GB,PT	20	12	18	56	17	3	17	20	2	25	113	35	142	43	31	86	76	91	71	234	302	126	87	168	125	101	108	155	207	111	115	122	159	56	132	66	63	106	82	62	35	94
GB,PT,RU																								13																		
GB,PT,SG																																			8							
GB,PT,SI																											8															
GB,PT,TH																																				8	2				8	4
GB,PT,TH,TR																																					9	13				
GB,PT,TH,US																						13			1	8		3														
GB,PT,UA																															8											
GB,PT,US			4						1						1											40		11		22			55	40			10					
GB,PY,UY																																									2	
GB,QA																																17		78		1						
GB,QA,US																													2						5						4	
GB,RO			10			6						1		3	10	23	2			72	10	11	6	19			8	37	6	12			35	1				1		1	11	
GB,RO,US																											13															
GB,RS			4				6	4	7					10					13					1				37		6	1					10		25	2			
GB,RS,US											11																							2	2							
GB,RS,US,null																												22														
GB,RU										10		12	4	19	3	52	91	67	122	132	151	112	84	322	142	165	179	194	193	131	173	51	271	103	173	114	130	118	135	86	130	151
GB,RU,SE																						4			14							1			13							
GB,RU,SK																																			2							
GB,RU,TR																											2				1	3		1	3	2						
GB,RU,TW																																									9	
GB,RU,UA															23						7				21				6		42				1	57	100				2	
GB,RU,US																						23	3		4												63	6	14	15		
GB,RU,null																												1														
GB,RW,ZA																																						4				
GB,SA											1				5	6	4					5			1	2				2	7	1	19	83	98	207	132	286	79	153	23	30
GB,SA,SE,US																																								1		25
GB,SA,SG					13																																					
GB,SA,TR																																									1	
GB,SA,US																																		4	1		5	23	81	9	2	
GB,SD										6																																
GB,SE					1		7	2					15	2	16	25		5	62	139	36	9	10	49	23	75	81	63	411	38	192	603	242	258	188	339	490	270	347	167	220	189
GB,SE,SG																														2												
GB,SE,US												1				20			20			9					7			41		40	32	65			95	117	37	42	67	18
GB,SE,UY																												7		9												
GB,SE,null																										7																
GB,SG									2	1	3	17				7	25	5	25	4	3	15	3			4	54		4	6	18	58	53	302	177	133	186	61	76	141	139	54
GB,SG,TH																							2												5							
GB,SG,TW																																			6							
GB,SG,US																														73							1					
GB,SG,VN																							3																			
GB,SI																	2	3						18			26		10		16		16	36		2					110	
GB,SI,US																											1															
GB,SK				7							2						4	15		8	2	1	23										1	24				25	25	55	36	21
GB,SL	4																																									
GB,SN																															4	2										
GB,SS			8	8			2	1																																		
GB,SY							4																																			
GB,SZ											7																															
GB,TH							32			19									18	7	12	34	53	10	107	15	9	18	28	80	13	18	5	16	19	57	3	19	23	39	57	80
GB,TH,TR																					52															22						
GB,TH,US																					1									33							21					4
GB,TN																																				8	4	1		1		11
GB,TR	1	1	1	19		4		17	3		16	11		32	3		35		4	5	26	74	85	44	105	32	67		64	53	138	100	34	81	42	76	44	16	4	11	36	16
GB,TR,TW																													3													
GB,TR,US																												2				4										
GB,TT													6	1			6		20	11	28	2		12																		
GB,TW																							5							11		21	6	7	33	10	12	8		44	5	
GB,TW,US																					17													3	19		10	26				
GB,TZ						2				1							5															23	2			19				7		
GB,TZ,ZA																																				2						
GB,UA																	5	21	1	27	78	6	25	28	5	15	33	5				4		6	75	67		1	13		10	
GB,UA,US																		3		9									8													
GB,UG					2																																					
GB,US	119	194	110	141	246	117	160	173	178	113	160	341	324	362	227	480	459	693	773	371	716	1022	977	687	820	887	1283	1547	1794	2591	2543	2413	1840	2228	2468	1377	1996	2178	2815	2106	2158	2290
GB,US,UY																					21																					
GB,US,VE									5	2	7																															
GB,US,VN																																	13									
GB,US,ZA																																14		25	69			30			91	
GB,US,null													3		1													44	11	78												
GB,UY																														16		9		35				1				
GB,UZ																				1											10											
GB,VE				5	19	8		19			17	26				4	5		8				5	24	10		2															
GB,ZA	5					10				1		16		25		4	6	40	29	27	62	32	95	63	7	20	150	20	32	81	26	20	31		7	10	6	112	16	114	32	133
GB,ZM				2																																						
GB,ZW												6																														
GB,null	25	7		4	31	1			25	3	6	4	5	25		26	5	14	9		5							309	111	42	57		116				6					
GE	11	34	43	77	39	5		41	10	27	51	16	28	24		8				19	53	15	10	14	48	38	50	54	72	13	27	37	9	8	9	2	4	9			23	11
GE,GR																								4	8	17				6			1									
GE,GR,RS																																										
GE,GR,RS,RU																																							2			
GE,GR,RU																								6																		
GE,IN																												6														
GE,IR																																										
GE,IR,IT,KR,ZA																																								2		
GE,IR,KR																																								4		
GE,IT																									1	2	2	8	16		18	6			19					2		
GE,IT,SA,US																																							1			
GE,LT,MY																																										4
GE,LT,UA																																								1		
GE,PK,PL,SE,SK																																										
GE,PL																																		1								7
GE,RU					6			1			3		7			5		9	4			9		2			5		8	10	3							11	14	4		
GE,RU,UA													2																													
GE,SE																									1																	
GE,US																									1						64				4	5	15					
GE,UZ																																								1		
GH			9								1																		11	31				3	2	9		1		2	3	9
GH,JP																										1										2						
GH,US															2	3	9		1																					1		
GH,ZA																																						7		7	9	
GH,ZA,ZW																																							3			
GN																				2																						
GN,UZ																															1		1									
GP			12			1																		10																		
GR	93	242	199	288	277	379	317	367	304	461	602	294	312	625	349	664	313	431	596	378	703	971	815	654	784	934	956	896	883	783	1054	743	772	817	684	701	670	795	841	549	783	887
GR,HR												12																	11	49												
GR,HU																	4								18		10	47	6	16	41		10	31		10	13	4	41			3
GR,HU,IT																				19						38			7													
GR,HU,IT,RS																												18														
GR,HU,RO																															9											
GR,HU,RO,US																												1														
GR,HU,US																										47																
GR,ID,IN																																			1							
GR,IE																																			23			7				
GR,IE,IT																																							15		17	
GR,IL																									23						5		19							1		
GR,IL,PS																																	5									
GR,IN																														17	11	18	20	19	26	17	10	12	3			4
GR,IN,IR																																				1						
GR,IN,IT																												19										6	15			
GR,IN,IT,RU																																2										
GR,IN,JP																														69												
GR,IN,KR,RU																																				7						
GR,IN,RU																																		1				2				
GR,IN,RU,SA,TN,TR																																										
GR,IN,RU,TW																																				5						
GR,IN,US																																						16	4			104
GR,IN,null																												9														
GR,IR																																17	32	8	27	17	13		1			
GR,IR,IT																																						2				
GR,IR,IT,MG																																								3		
GR,IR,TR																																					2					
GR,IS											22																															
GR,IT											2		2		82		6	5	14		10		38	31	98	28	20	6	85	39	47		100	13	3	38	135	36	115	57	6	76
GR,IT,JO,PL																															8											
GR,IT,JP																								2																		
GR,IT,KR																																						1				
GR,IT,KZ,US																																									2	
GR,IT,LV,RU,UA,US																																							10			
GR,IT,NL																																					3					
GR,IT,PL																					2			3						4		4	3	8				3				
GR,IT,PT															19																											
GR,IT,RO,RU																																										14
GR,IT,RO,RU,UA																																									84	
GR,IT,RS																															3						9				28	
GR,IT,RU																					6																					
GR,IT,SI																																	15									
GR,IT,SI,SK																																		37								
GR,IT,SK																																					25					
GR,IT,TR																																				12				34		
GR,IT,US																																			5							
GR,IT,null																														5												
GR,JP							11	15											1	1	16		5	1		2	6	1	2	3												
GR,JP,KR																																						2				
GR,JP,PL																														3												
GR,JP,PT																																2										
GR,JP,US																									1									4								
GR,KR																																					4					
GR,KR,US																							1																			
GR,KZ,PL																																										3
GR,LV																																	9		11							
GR,LV,SI																					20	16																				
GR,MD,RS																																								8		9
GR,MD,TR,US																															79											
GR,MT																																				9						
GR,MX																																		3								
GR,MX,PR																								4																		
GR,MX,US																		2																								
GR,MX,UY																																										2
GR,MY,NZ																																13										
GR,NL			3	13										2							4				11		3			5						41			31		86	74
GR,NL,PL																																								39		
GR,NL,SI																												4														
GR,NO															14	1	7				39														4		4					
GR,NO,US																																		28								
GR,NZ																									2																	
GR,None																					16																					
GR,PK																																		3						3		17
GR,PK,PL																																	8									
GR,PK,SA																																			8							
GR,PL								6		3	2	2	9	4			1			15	2	45	14		9	39	22	12	7	45	14	31	26	43	21	26	43	39	24	2	25	6
GR,PL,RS																																	2									
GR,PL,RU																														5												
GR,PL,SA																														28												
GR,PL,SE																																									1	
GR,PL,SK																										10			2													
GR,PL,TR																																	1	2			65				4	12
GR,PL,US																			2					5	3						2	36		31								
GR,PR																											1					11			12							
GR,PR,RO																													1													
GR,PT											1																3			9												
GR,PT,RS																																				5				3		
GR,PT,SI																																						3				
GR,PT,TH																																	3									
GR,PT,US																														2												4
GR,QA																																			19							
GR,RO																							1					2		3	4	2	7	1	4	4		7	4			
GR,RS																								5		12	12	29	7	12	33	32	68	42	2		6	10		10	62	2
GR,RS,RU																																						19			37	56
GR,RS,RU,UA																																								15		12
GR,RS,RU,US																																										14
GR,RS,SA																																						19			20	5
GR,RS,SE																																					8					
GR,RS,SI																																							1	4		
GR,RS,UA,US																																								32		
GR,RS,US																								8																		
GR,RU											6										1		5	19	1	13	2	5		1				13		2			40	33		
GR,RU,US																																							14			
GR,SA																														41								1	9			
GR,SA,SG																																				21						
GR,SA,US																																				3						
GR,SE																				2					4				2		14	3	7				3					2
GR,SI															3						2	1					24	27			6	2	22	23	17	27	2	3		5		38
GR,SI,SK																												8														
GR,SK																														24	23				2					11	33	
GR,TH																								1																		
GR,TN																													11						2		4			5		
GR,TR																														22					5	2	4	34		2		1
GR,TW																14																										
GR,UA																				10																						
GR,US		2	4			5	12	23	35		23	8	52		51	68	28	44	37	16	22	29	54	17	13	116	47	144	56	139	57	17	105	115	102	201	139	193	78	173	118	49
GR,US,null																												8														
GR,UY																				1								2														
GR,UZ																						12																				
GR,ZA																																			1						9	47
GR,null									5						33		4											123	19	18												
GT																	5		7			2		3																		
GT,IT																		3			1																					
GT,US															1																											
GU																	1																									
GU,JP															5														1													
GU,KR																		6		6																						
GU,US									1	3						2	3		1			5						1		2	15							3		6	2	
GY																													6				2									
GY,ID			1																																							
GY,US												17																														
HK	16					32	34	11		90	8	8	22	3	136	115	334	379	390	534	666	513	582	611	513	371	342	281	461	726	812	762	671	563	495	393	687	922	1094	1088	914	504
HK,HR,TW																																									3	
HK,IL																																								4		
HK,IN																		3						1			1				4	14									1	1
HK,IN,JP,TW																					59																					
HK,IN,SG																																		5								
HK,IN,US																							3																			
HK,IT																																										
HK,IT,KR																																							1			
HK,JP																											4		10		19	8						4	9		30	
HK,JP,SG																																3	20									
HK,KR,SE																																									6	
HK,MO																																							5			
HK,MY																																										13
HK,NZ																																			3							
HK,NZ,TW																																										
HK,NZ,US																																									1	
HK,OM,SA																																										1
HK,PK																																7							9	11		
HK,QA,US																																										1
HK,RO,UA																																										3
HK,RS																																										
HK,RU																																										7
HK,SA																																										
HK,SG																					10		7	5	4		6	4	4	6			197				91	128	123	14		
HK,SG,TW																																							10			
HK,TH																																			13							16
HK,TW												6	5	1	1	18			8	5	8								21	21			5				9	31	16	17	15	
HK,TW,US																																	4									
HK,US						1													40	40		2		10	40	52	17		22	2	42	8	5	59	3	27	34	49		79	11	1
HN														1																												
HR	74	80	42	55	71	96	102	91	79	31	101	135	222	149	181	155	127	99	151	229	103	227	265	275	266	398	354	170	346	643	617	675	418	347	335	350	636	533	587	488	613	802
HR,HU			3	1								3	11		10	7	5	19	8	1		29						3		31	29	17	6	9	30	7		3		48	9	
HR,HU,JP																																					1					
HR,HU,RS																																									1	
HR,HU,SE																				4																						
HR,HU,SI																							3																			
HR,HU,US																																2										
HR,IE																																					31					
HR,IL																																14		8								
HR,IL,SI																																					1					
HR,IL,US																															30			26		10						
HR,IN																														14	11											
HR,IN,IT																																1				21						
HR,IR																														5	6		4	1	1	2	1					32
HR,IR,US																																			7							
HR,IT	7			12							6		3				6	8	3			2			3		5	9		17	21	35	12	79	8	26	2	48	6	48	3	33
HR,IT,SI																																								1		
HR,JP																							6						11		45	8									12	
HR,LV																																		7	16							
HR,MA																																								1		
HR,MA,SA																																								2		
HR,ME																																		7								
HR,MK																		12	4	8																						
HR,MX,US																																							10			
HR,NL														2				11				3											18					11				
HR,NL,SI																																									85	12
HR,NO																					1						1															
HR,NZ																																						1				
HR,None															10																											
HR,PL																										8			8			2	19	3	15	8	11	6	6	3	10	5
HR,PL,RS																																										7
HR,PL,RS,TR																																										
HR,PL,US																									5											11	9					
HR,PT																						1										9										
HR,PT,RS																																									2	
HR,PT,SI																																	4									
HR,RO																	7													27												
HR,RS						2					4	4																		7				2		2	1	10	39	13	4	4
HR,RS,US											8												13																			
HR,RU																1																								11		
HR,SE																5								4				5												9		
HR,SE,US																	8																									
HR,SG																					1	1	2																			
HR,SI					5								3		1			8				11	5	9	2	3		3	50	72	20	9	32	16	59	14	4	76	26	14	2	
HR,SI,US																							14	1																		
HR,SK			2																																				13			
HR,TR																																						15				
HR,TW																											10															
HR,US	9									1		4	16		17	7	7	34	11		4	20	27	3	14	15		3		58	212	43		6	11	51		19	192	11		24
HR,XK																														3		15					19		4			
HR,ZA																															24					3				5		
HR,null																			5																							
HU	434	793	876	807	1035	745	1287	775	1059	1663	1285	1261	1186	1278	1070	1334	1508	1105	1041	1235	1573	1488	1455	1687	819	1516	965	1274	1098	1510	1277	1285	1528	1367	1569	1924	1655	2118	1661	2064	1641	2247
HU,IE																																							8	6		
HU,IE,IT,PL																																		1								
HU,IE,NZ																														32												
HU,IE,RU																															6											
HU,IL																									1																	
HU,IL,SK,US																																				2						
HU,IL,US																																				4						
HU,IN			5				1				10				2							1		14	25				9		24	15								25	2	
HU,IN,RS,US																																			39							
HU,IN,SE																																								2		
HU,IN,ZA																																								2		
HU,IR								4																			5							17	11		13	2	6		1	
HU,IR,IT																																				18	20					
HU,IR,US																																							18	23		
HU,IT	41			9		6		1		7	51	20	9	30	36	5	11	26	26	61	154	82	70	154	81	102	59	29	37	45	28	83	105	51	102	52	62	92	138	69	48	9
HU,IT,JP																												16														
HU,IT,JP,PL																																		20								
HU,IT,LT																																								2		
HU,IT,NO																								8																		
HU,IT,PL							4		25																										3	10						
HU,IT,PT																																27										
HU,IT,RS																					7																					
HU,IT,RU															2										1																	
HU,IT,SI																																							4	12		
HU,IT,TR																																							6	37		
HU,IT,US															7			8									31		11		3	5		14								13
HU,IT,VE																7																										
HU,IT,null																												43														
HU,JP					6				8	3	21	6			7		6		6				7	19	4	2		64	7			4		10		5		29	135	48		
HU,JP,PL																																						2				
HU,JP,US																									8		1									6			6			
HU,KE,US																																									18	
HU,KR															10					33					3							9										
HU,KR,SA																																									1	
HU,LU,TW																																							18			
HU,LY									10																																	
HU,MA																																							3			
HU,MD																																							5			
HU,MD,RO,SG																																					10					
HU,ME,RS																					10					4	2											6				
HU,MN																																5										
HU,MU,PT,TR																																									2	
HU,MU,SK,TR																																						2				
HU,MX																														25		4	25									
HU,MX,PT																														6												
HU,MZ						19																																				
HU,MZ,PT																													18	3	11					9	25		3		81	8
HU,NG																																										
HU,NL									21				10	22			6	16				47									1					8		1	36		22	
HU,NL,RU																																					274					
HU,NL,SI																																								16		
HU,NL,US																																								5		
HU,NO,SE																																							14	17		
HU,NO,US																				4																						
HU,NZ																																							4			
HU,None									7	6																																
HU,PA																																3	8			7				8		
HU,PK																																							5			1
HU,PL		3	3	11	2	2	35		17	7	33					24	1	11		16			3	25		6					18	7	20	5		8	29	38	10	35	40	6
HU,PL,PT																																			7							
HU,PL,RS																																										5
HU,PL,RS,SI																																										13
HU,PL,SI																																	30									
HU,PL,UA																															1											
HU,PL,US												3																														
HU,PR,US																		10																								
HU,PT														1				17	30		22	69	5	25	6	33	28	47	37	29	38	87	36	18	26	44		9	13	39	25	37
HU,PT,SE																																									1	
HU,PT,UY																																11										
HU,RO	22	10				17	24				5	13					2	58	50	3	18	75	32	13	25	31		11	64	94	68		37		58	29	27	48		1	4	14
HU,RO,RS																																					3					
HU,RO,SG																																										
HU,RO,SI																																		1								
HU,RO,TW																																		4								
HU,RS			4	3	33		12	43	17								8						3	7		7	8	4	22	3	3		12	12	59	10		3			1	
HU,RS,SI																																									7	
HU,RS,US																																		12		6						
HU,RU	57	18				3		3	8	12	15	15			41		1	3			5				21			11		1	2						79		14		34	
HU,RU,SE																					3		8					4														
HU,SA																																				9						
HU,SD									1																																	
HU,SE		9	8					4	3	1		20					10	94	39	2	22				9						1	4	2					33	15	33	62	5
HU,SE,US																																									18	
HU,SE,ZA																																	1									
HU,SG																																			175				32	5	12	15
HU,SI													4												43							1	12					53	23		141	30
HU,SK	29			9	25												19		8						3	1		1	1	1	1	1		38	13	13						
HU,SK,TR																																						1	6			
HU,SK,US																																							30			
HU,SO					26																																					
HU,SZ																							3																			
HU,TN																																				2						
HU,TR																												13	7			5				43	4	6	8		9	5
HU,TW																													1					12	10	54	63	2	35	20	6	5
HU,UA						19				8		5													1						1											
HU,UA,US																			27																							
HU,US	13		1	6	1	14	9	1	10	10	37	36	12	2	59	23	70	50	46	75	89	38	9	3	11	21	9	13	2	96	181	21	17	50	31	58	55	14	41	32	17	11
HU,VE		21																																								
HU,ZA																													18	25											11	
HU,null	20				74												6																									
ID			5	1	1							28		9			10		2	13	1		7	32	8	9			1	1	2			6	3	3	20	39	15	25	52	46
ID,IN																																									6	
ID,IN,IQ,IR,SA																																										1
ID,IN,IQ,MY																																										31
ID,IN,JP																	2																								1	
ID,IN,MY,SA																																										15
ID,IQ,IR,RU,TH																																										4
ID,IR,MY																																				3						
ID,IT																				20		17				14		8	5		6		4		18				7			
ID,IT,JP																															2											
ID,JO,MY																																								4		
ID,JP		7			2	2		14		9	5	1			3	5	5	1	10	45	26	71	56	39	26	20	25	18	50	62	31	44	118	56	23	24	122	62	42	27	60	49
ID,JP,MM																																			9	9			1	10		
ID,JP,MY																													3		2	8		4	2		1	6	5	5	2	3
ID,JP,MY,TH																																										
ID,JP,MY,US																																								2		
ID,JP,NL																												3			3	6	1	16	14	23	12	1	1		5	
ID,JP,NL,US																																	2									
ID,JP,TH																																									2	
ID,JP,TW																															3											
ID,JP,US																						3		1														7		19		
ID,KR																								1	1			4								2	17					
ID,KR,MY																																							2			
ID,KW,MX,US																												7														
ID,MA																																									2	
ID,MY																									2					2	5	5	1		4	1	21	1	9	6	22	19
ID,MY,PK																																										
ID,MY,SA,SE																																							4			
ID,MY,TH																																						3				
ID,NL																	29					1												4								
ID,NZ																			2																1							
ID,PK																																									4	
ID,QA																		29																								
ID,SA																															20			26							1	6
ID,SG																			2																							54
ID,SG,TW																																										1
ID,TH																		1																		3	1	11	12			6
ID,TW																																						2				
ID,TW,VN																																								13		
ID,US										1	6							2						3	5	20	16	1		15	12				9						13	
ID,US,null																											14		19													
ID,ZA																																										1
IE	74	109	221	46	92	128	177	205	70	116	201	124	55	159	176	248	252	350	354	385	477	537	423	647	642	669	954	1151	1063	1488	1683	1388	1636	1375	1276	1154	1117	1340	1258	999	1107	667
IE,IN																									13							7	23	15	2	73	49	17	4	8	1	28
IE,IN,JP																																										1
IE,IN,SG																																									7	
IE,IN,TW																																		21								
IE,IN,US		4																													20											
IE,IR																											4							6	32	13	3	2	5	4		1
IE,IR,PL																																								3		
IE,IT							7					8				3			8			2		19		16	89	20	58	84	81	83	22	10	73	155	20	15	17	50	20	22
IE,IT,JP																							10																			
IE,IT,NL											1																				6											
IE,IT,PL																																					25					
IE,IT,SI																																				1						
IE,IT,US																																		2	3							
IE,JO,US																																										1
IE,JP																	3				16				9	5		22		13			34									
IE,JP,NZ																		3																								
IE,JP,US																								6			3									4						
IE,JP,US,ZA																																						5			6	
IE,KR																									24												2					
IE,KW		2						8		17	12	17				55																								4		
IE,KZ,PL																																						3				
IE,LY													25																							2						
IE,MY																														2									1		12	
IE,MY,PK																																						1				
IE,MY,SA																																				1	1					
IE,NL	5		12			2			7	6			33	7		3					7							8	40	13				35			22	11			5	13
IE,NL,PL																														2												
IE,NL,US																																			1					29		
IE,NO																															5											
IE,NO,NZ,US																																							2			
IE,NZ																							32		28			40			77	23	3	9	8				22	3	10	
IE,NZ,US																							11				22										3					
IE,PK																																5	2	10		2	4	17	38	5		
IE,PL																													4	72	6	1			72	5	42	1	3	14	13	21
IE,PS																											20															
IE,PT																																			3		3	56		93		15
IE,PT,US																																		6								
IE,QA																																						1				
IE,QA,US																																							3			
IE,RO																																		3								
IE,RS																																				21			89		102	
IE,RU																		1	5		7			2	13		8															
IE,RU,US																																										
IE,SA																																							70	18	53	
IE,SE																					14	1		25					33	26		44									12	1
IE,SG																												27			2							15	5		22	12
IE,SG,US																															4											
IE,TH									2																																	
IE,TR																																			7	9	8				10	
IE,US								9	10	23		8					4		33	2	38	33	53		17	7	1	11	7	34	22	20	32	33	31	67	110	19	102	84	69	84
IE,VN																																							3	2		
IL	565	325	331	235	323	318	418	337	664	354	369	315	408	390	454	817	712	633	776	1115	852	1268	823	1157	1038	807	848	1080	994	932	881	947	1023	740	1599	1259	1061	1427	1053	1429	1078	1720
IL,IN	1					3			3		2						8				3		9	31	34		4		2	35	17	1	15	47	5	51	29		22	37	47	78
IL,IN,IS																																				5						
IL,IN,IT																																				2						
IL,IN,JP																																									4	
IL,IN,KR																																								1		
IL,IN,MY																																16		2						6		
IL,IN,PT																																		17								
IL,IN,RU																																			14						20	
IL,IN,TR																																										
IL,IN,US																										8								18						1	58	
IL,IT					18				1						3		1			20		6	20			2	3		13	6	29	17	48	70	69	44	73	42	61	52	36	8
IL,IT,MD,UA																									2	2																
IL,IT,NL																																		6			6					
IL,IT,NL,US																																						4				
IL,IT,NO,PL																																										
IL,IT,RU																										7	7		9	19												2
IL,IT,SE																																			2							
IL,IT,US																	3											2						4	2	37	17		4			
IL,JP									20	1			3	6	1		27		21	30	22		10					5		16	52			9	41				5	4	80	
IL,JP,KR																														3												
IL,JP,NL																				19																						
IL,JP,RU																																							26			
IL,JP,US																										10				8						9						
IL,KE																							1																			
IL,KE,MM																							11																			
IL,KR																												8	3	4		3	4	1	2		2		20	5		5
IL,KR,MY,PL																																									1	
IL,KR,PT																																					6					
IL,KZ																										8	18															
IL,LV														1					1		6																					
IL,MD																															7											
IL,MD,PL,UA																													9													
IL,MD,UA																							6	7	4	2	1	6	6	1	6	7		6								
IL,MM																									9																	
IL,MX																															5											
IL,NL									2						7			13		2			14		1	2					1	2	2			13					23	24
IL,NL,US																													4			2						1				
IL,NO																	9					5													3							
IL,None																				5																						
IL,PL																					4	3				6	30			8	12	1	3	14	14	8	49	38	46			
IL,PL,RU																																								1		
IL,PL,UA																												1														
IL,PL,US																																									54	
IL,PR								1																																		
IL,PT																													3		16											
IL,PT,US																																					8					
IL,QA																																									7	
IL,RE																																	34									
IL,RE,US																																					8					
IL,RU													1	10	11									35	21	9	9		1	7	44	39	14	8	18	25	39	2	37	29	33	40
IL,RU,UA																													1													
IL,RU,US																					11																					
IL,SE								2																					10		5											51
IL,SE,US										9									78																				1			
IL,SG																																2		9		16			9	1		
IL,SI																							10																			
IL,TH															3																											
IL,TR						3																																				
IL,TW																															17											
IL,UA																			9																5				8		13	
IL,UA,US																																							33			
IL,US	13		21	9	7	37	7	30	102	6	4	51	42	85	39	106	89	47	55	21	25	115	46	111	121	56	13	72	179	232	223	190	146	86	69	127	157	83	67	268	86	136
IL,US,ZA														4																	3											
IL,US,null																														2												
IL,ZA												13	13	5		1	1	3	23						10																	
IL,null																17																										
IN	3373	2377	3435	3533	3265	2921	3687	3897	3932	4542	4050	4370	4489	3767	4052	4635	5309	4954	5376	6283	7911	8837	9998	11979	12391	15479	17091	17327	20630	26433	29445	35397	43170	49299	46910	46630	48030	41868	44185	38612	39235	47174
IN,IQ																														20	24				5	48			27	12		10
IN,IQ,IR,SA																																										9
IN,IQ,JP,US																																									4	
IN,IQ,LY,RO,SA																																									8	
IN,IQ,MY																																		11	4	105	13					
IN,IQ,NG																																				6						
IN,IQ,SA																																										2
IN,IQ,TR																																									2	
IN,IQ,YE																																					9					6
IN,IR																					1										6	1		12	90	56	21		19	1		12
IN,IR,IT																																			15							
IN,IR,JO,PK,US																																										1
IN,IR,JP																								1																		
IN,IR,JP,US																																										13
IN,IR,KR																																								5		
IN,IR,KR,US																																					2		1			
IN,IR,MA																																	20									
IN,IR,MA,PK																																11										
IN,IR,PL,PS,SA,TR																																										2
IN,IR,PL,TR																																									4	
IN,IR,PT,US																																					2					
IN,IR,TR																																							3			
IN,IR,TR,US																																			5							
IN,IR,US																																			14							
IN,IR,null																														1												
IN,IS																									1																	24
IN,IS,LK																																								4		
IN,IT	13	4	4	4	1		24	19	6	7		65	39	39	28		54	13	12	18	11	46	10	33	68	24	32	41	146	88	145	130	205	265	313	120	483	342	272	315	252	347
IN,IT,JP																									3										9					6	60	13
IN,IT,JP,TR,TW																																			1							
IN,IT,JP,TW																																					3					
IN,IT,KR																																						20		28	27	16
IN,IT,KR,SA																																						3	6	1	4	
IN,IT,KR,SA,TR																																								13		21
IN,IT,LV																																								23		
IN,IT,MY																																5										
IN,IT,MY,PK,SA																																										
IN,IT,NL																					29																					
IN,IT,NL,TW																													3													
IN,IT,NO,ZA																																										4
IN,IT,NZ																																							8			
IN,IT,PL																									2							3			3	9	4		5	1		
IN,IT,PL,PT,US																																								6		
IN,IT,PL,SA																																								1		
IN,IT,PL,TH																																						3				
IN,IT,PS																																										
IN,IT,PT,US																																								5		
IN,IT,RU																																				6						
IN,IT,SA																																			3				60	6		
IN,IT,SA,TN																																						1				
IN,IT,SA,TR																																										1
IN,IT,SI												2																														
IN,IT,TH																																			2		7					
IN,IT,TR																																		70	1	7				17	18	
IN,IT,TR,TW																																			2							
IN,IT,TW																							3								12								1			
IN,IT,US													2						2	2	1				10				3	2	4	57	14	3	1	13		47	75	3		6
IN,IT,UY																																										5
IN,IT,ZA																																	8					9				
IN,JO																																			6			17				
IN,JO,MA,PS																																			1			1				
IN,JO,MA,PS,SA																																					4					
IN,JO,MY,SA																																				2						
IN,JO,PK																																								1		3
IN,JO,PK,PL																																										2
IN,JO,PL,SE																																										1
IN,JO,QA																																							2			
IN,JO,SA																																						35		17		
IN,JO,SA,US																																								16		
IN,JO,SA,ZA																																							7	2	1	1
IN,JO,ZA																																									16	
IN,JP	10	24	9	27	36	28	29	61	26	28	22	21	8	60	30	43	41	18	18	89	60	33	20	180	114	50	61	113	153	203	131	202	262	452	274	362	107	117	278	195	63	391
IN,JP,KR																												22					3			9	2	3		3		
IN,JP,KR,MY																						3																				
IN,JP,KR,SA																																		2								
IN,JP,KR,US																																	12									
IN,JP,MY																											8				4											
IN,JP,None																					13																					
IN,JP,OM																					2																					
IN,JP,PK				9																																						
IN,JP,PL																															2					4						
IN,JP,PT																															4	5										
IN,JP,SA																														2	8	3							24			
IN,JP,SA,US																																							2			
IN,JP,SG																											4														4	
IN,JP,TW																									25								4									
IN,JP,TW,US																														2												
IN,JP,US	1																5			2						6				75	2	22	2	19			36	104	14	29	5	28
IN,KE																																								4		
IN,KE,US																																										1
IN,KR													1							2		34	1		8	38	42	91	88	234	329	439	266	381	362	298	176	297	352	268	182	269
IN,KR,LT																																										
IN,KR,MA,PL																																									1	
IN,KR,MA,SA																																								3		
IN,KR,MA,SA,TR																																									1	
IN,KR,MO																																								24	38	
IN,KR,MY																									1			2				5										1
IN,KR,MY,SA																																								3	2	
IN,KR,NP,US																																					4					
IN,KR,OM																																									2	
IN,KR,PK																																									10	
IN,KR,PL																																					7		26	3	1	
IN,KR,PL,SA																																							1		3	
IN,KR,PL,SA,US																																									3	
IN,KR,PT																																				2				12		
IN,KR,RU																																										4
IN,KR,RU,SA																																										1
IN,KR,SA																																		6				3	29	10	58	122
IN,KR,SA,US																																										5
IN,KR,SA,ZA																																									7	
IN,KR,SG																																12							5			
IN,KR,SG,US																																										4
IN,KR,TH																																			8							
IN,KR,TR																																				7	1					
IN,KR,TW																																					1					
IN,KR,US																												2		10	36	17	5	15	7	2	53		4	28	23	8
IN,KR,VN																												5	5									1	4		4	2
IN,KR,ZA																																					15					
IN,KR,null																														4												
IN,KW																																									3	214
IN,KW,MY,SA																																				1						
IN,KW,SA																																					26					
IN,KZ																																										2
IN,KZ,PL																																									1	
IN,KZ,RU																																			16							
IN,LB																																								6		
IN,LB,TH																																										
IN,LK																																		7	8	29	4		18	9		
IN,LK,OM																																					10					
IN,LK,SA																																				2						
IN,LK,US																																						4				
IN,LT																																								23	2	4
IN,LT,TW																																										8
IN,LV																																										1
IN,LV,PL																																									3	
IN,LY								14																			11		20	26	20	13					2	28				
IN,LY,US																														4												
IN,MA																														18		1	30	14			1			5	2	
IN,MA,MX,MY,SA																																		11								
IN,MA,MX,PK,SA																																		2								
IN,MA,MY,SA																																					9					
IN,MA,PK																															41											
IN,MA,PK,RS,SA,TW,US																																										15
IN,MA,PK,SA																																			12							
IN,MA,PS																																					1	2				
IN,MA,QA																																								3	1	
IN,MA,QA,XK																																								2		
IN,MA,SA																																								15	18	
IN,MA,SA,TR																																			18							
IN,MA,SA,US																																									14	
IN,MA,SA,ZA																																				1						
IN,MA,TR																																										2
IN,MA,US																																										
IN,MA,US,YE																																									1	
IN,MA,ZA																																								1		
IN,MM																1								3																		
IN,MT																																									6	
IN,MU																																	4	6								
IN,MU,MY,PK,TR			1																																						10	
IN,MU,MY,TR																																		1	1							
IN,MU,SA																																						11				
IN,MU,SA,ZA																																							10			
IN,MX									1									10	2	11	6	18											20	7	17	29	16	22	37	37	40	23
IN,MX,SG,US																																								3		
IN,MX,TW																																						1				
IN,MX,US																								12									2		67			59	2		6	
IN,MX,US,null																												1														
IN,MY																1			2	40	61	21	49	20	28	6	29	6	2	174	194	209	455	255	277	142	69	34	147	158	56	38
IN,MY,PK																									2									16								
IN,MY,PK,SA																																									18	
IN,MY,PT																															2		1					3				
IN,MY,RS																																					1					
IN,MY,RU																																								16	10	
IN,MY,SA																																25	56	49	20	16	2			1	14	22
IN,MY,SA,TR																																										
IN,MY,SA,US																																		42			20					
IN,MY,SA,YE																																										
IN,MY,SG																																				2						
IN,MY,TH																					1							4	26	5	2										2	
IN,MY,TR																																										1
IN,MY,TW																							13		14								11									
IN,MY,US																					22		1	1			8			11				8	6							
IN,MY,VN																																								2		
IN,NG				1	3	23														51						2		1		2	4			14	10	6	95	128	16	24	48	65
IN,NG,SG																																										1
IN,NG,US																																								5	8	
IN,NL		11				1			2	1		4		1				1		4				19		8	5	10	23	4	9	28	28	109	4	19	41	1	140	19	2	24
IN,NL,PK																																						7				
IN,NL,PT																															15											8
IN,NL,US								2																																		
IN,NO																											4		10								1	1			7	
IN,NP																								12										2	14	33			11		35	3
IN,NP,RU																																								9		
IN,NP,YE																																									1	
IN,NZ															3				1											10			7	10	37	9	22	18	5	44	1	
IN,NZ,PK,SA																																				3						
IN,NZ,US									2																							23				6		10				
IN,None		7																		4																						
IN,OM																						12						2						5	8	34	7	12		8	16	28
IN,OM,SA																																				8	1			27	9	33
IN,OM,TR,TW																																					5					
IN,OM,US																								2																		
IN,PE																																										
IN,PG																														11						5						
IN,PG,US																															3											
IN,PK																					2		6		10		25			18	1	3	19	33	28		14		1	7	41	23
IN,PK,PS,SA																																				3						
IN,PK,RO																														1												
IN,PK,SA																																							2		20	
IN,PK,SG																																				1						
IN,PK,TR																																										
IN,PK,US																							13																8			
IN,PL						18	2	1						4		11		4		5		3	7		8	2		42	6	14	10	14	8	29	31	71	46	119	72	100	65	62
IN,PL,PT																															1										1	
IN,PL,RS,TR																																									1	
IN,PL,RU																															23	17										
IN,PL,SA																																2		1								9
IN,PL,TH																																				4						
IN,PL,TR																																			1	1						
IN,PL,TR,US																																										
IN,PL,TW																																		5								1
IN,PL,US																							21					3		1		1					11		3	5		
IN,PL,ZA																																				2	1	1				
IN,PR																																								1		
IN,PR,US																																		18	44							
IN,PS																																			2		3					
IN,PT																								1		1	60	17	28	6	24	48	186	116	111	136	44	99	59	67	69	38
IN,PT,SA																																		1							1	
IN,PT,SE																																	2									
IN,PT,SG																																					2					
IN,PT,SI																																									8	
IN,PT,SK																																					6			4		
IN,PT,TW																																	7		4	3	6				2	
IN,PT,US																																			6					9		
IN,PT,ZA																																			11	6						
IN,QA																																								7	3	
IN,QA,SE,SK																																										
IN,RE																																										1
IN,RO																				6										15	1	1	10	16	34	3	19	5	19		15	2
IN,RS																																37				7	8	11	3	1	2	
IN,RS,RU,SA																																										
IN,RS,SA																																								3	1	
IN,RS,SA,US																																								2		
IN,RS,SG																																			15							
IN,RU	13		8	1	8	4		18	7	4	3	9											8					4	18	24	4	97		71	40	188	149	273	317	202	269	235
IN,RU,SA																																				3						22
IN,RU,SA,SG																																								16		
IN,RU,SE																																							19			
IN,RU,TH																																										1
IN,RU,TW																																			2	2						16
IN,RU,US																																						21			2	11
IN,RU,ZA																																										47
IN,RW,SA																																								6		
IN,SA						9	2		1														1			5	2		20	26	66	274	275	120	207	448	277	438	387	657	661	549
IN,SA,SD																																									4	
IN,SA,SE																																							9			
IN,SA,SG																																									11	
IN,SA,TN																																										23
IN,SA,TR																																			1						10	6
IN,SA,TR,US																																										
IN,SA,TT																																									4	
IN,SA,TW																																		5	1	1	2				34	21
IN,SA,US					6																											16			20		4	48	22	136	27	55
IN,SA,VN																																						4	6		3	
IN,SA,YE																																									3	7
IN,SA,ZA																																			2			12	11	7	7	
IN,SE			1						10															3		1			70	85	158	26	724	186	14	59	11	68	40	68	9	65
IN,SE,US																																5	8		12							
IN,SG																		6		1		2	18	13	6		4	5	43	9	32	21	88	58	447	48	85	74	43	135	18	65
IN,SG,TN																																										2
IN,SG,TR																																							4		1	
IN,SG,US																							1									4				14		9		3		24
IN,SG,VN																																					7					
IN,SI																																	75	2	31	5	5	29		7		12
IN,SK	2			3	7					27		38				15																		8	3	22	65		74	39	5	7
IN,SK,US																																									48	
IN,TH																													1	11			12	21		9	9	8	28	11		3
IN,TH,US																																										19
IN,TH,ZA																																									1	
IN,TN																																					1		81			
IN,TN,US																																						2				
IN,TR																					1			5				9		26	17	38	11	18	1	37	8	41	81	45	69	83
IN,TR,TW																																						2				
IN,TR,US																																				2	28	9				6
IN,TR,ZA																																		1		5						
IN,TT																													24		50	17	10	67	56	11	5	17		2	5	
IN,TT,US																																						11				
IN,TT,ZA																																			29							
IN,TW		1														7	31	53	109	83	114	70	114	119	127	227	33	127	142	196	122	220	262	263	269	195	95	153	211	305	349	324
IN,TW,US																										1	9	20	72	51	127	66	65		62		10			11		1
IN,TW,ZA																																		21	10		15				1	
IN,TZ																																	2			4						
IN,UA	3																														2		5			5					10	
IN,UA,US											1													1																		
IN,US	33	93	113	167	67	45	25	23	69	99	76	179	25	173	140	153	195	99	201	289	260	398	523	444	387	538	522	578	1015	1076	1688	1848	1678	2038	1531	2030	2153	1765	1724	2597	2251	2180
IN,US,ZA									1																							39	21	45		16	10		20	2	1	
IN,US,null																													3													
IN,VE											1																															
IN,VN																																			8			19		17	2	
IN,YE																																				32	36				1	59
IN,ZA															1											2	11		57	26	91	53	130	207	261	201	176	119	196	287	142	82
IN,null			12										21			4		4			2		12	12	8			9	14	16	2		39						36			
IQ	14	15	19	32	80	14	43	31	93	96	9	40	29	2	56		25	19	17	18	15		19	12	40		15		53	56	44	86	21	92	33	96	171	363	230	391	698	464
IQ,IR																																3		2	1			7	16	4	19	23
IQ,IR,PL																																										
IQ,IR,RS,US																																									1	
IQ,IR,SA																																									1	
IQ,IR,US																																				7						
IQ,IR,US,ZA																																					23					
IQ,IT																													18								5	23	19	25	38	17
IQ,IT,JO																														24												
IQ,IT,TN																																										1
IQ,JO																5					21			38								18	21		21		18	45		36	25	13
IQ,JO,SA																																				12						
IQ,JP											10																															
IQ,JP,MM																																									2	
IQ,JP,US																						2																				
IQ,KR																																					6	14	16	5		
IQ,KR,MA,SA,TR																																								2		
IQ,KR,PK																																	16									
IQ,KR,SA,SY																																								10	4	
IQ,KR,SY																																							4		6	5
IQ,LY																						18	29																			
IQ,LY,US																												15														
IQ,MX																												1														
IQ,MY																																10	36	2	21	56	4	32	21	22	11	15
IQ,MY,NG																																								1		
IQ,MY,NG,SA,ZA																																										
IQ,MY,SA																																						13				
IQ,MY,ZA																																							4			
IQ,NP,SA																																										
IQ,NZ,PK																																			18							
IQ,OM																																									11	
IQ,PK																																35							23			
IQ,PK,SA																																										1
IQ,PL																																										
IQ,RU																												3					14		6		13		10	15		6
IQ,RU,TR																																										
IQ,SA																																				7		10	10	22	12	51
IQ,SA,TR																																		1								
IQ,SK																															3											
IQ,SY																																	9	8	6							
IQ,TR																															1								21	22	5	11
IQ,US											27	19																					3	5			4				21	
IQ,YE																				2																						
IQ,ZA																														2					15		6		1		1	2
IQ,null	9							4																																		
IR	232	192	70	100	41	84	133	60	125	120	34	41	31	161	115	145	220	284	355	523	506	909	889	991	1218	1555	1651	2017	2012	3501	4013	4701	5097	4439	4274	4804	5423	4723	3915	4793	3514	3031
IR,IT																			4						5		9			17	44	45	132	105	94	61	163	47	68	79	59	20
IR,IT,KR																																	1								1	
IR,IT,KR,SI																																3										
IR,IT,LB																														1												
IR,IT,MU																																1		3								
IR,IT,NL																																										2
IR,IT,PL																																	10	9	11	10		4	3			
IR,IT,PL,TR																																			13							
IR,IT,PL,TR,US																																							5			
IR,IT,PT																														1					3	3	1				5	1
IR,IT,RU,TR																																									3	
IR,IT,SI																																1										
IR,IT,TH																																					6					
IR,IT,TR																																				15			15			
IR,IT,US																																10				11		6		4		
IR,JP												23											13	2	4			8		2	35	21	13		5	35	2	20	16	45	16	11
IR,JP,MY																																		24								
IR,JP,OM																																				2						
IR,KR													1													1							8	24	2	107	9	1	2		2	2
IR,KR,PK																																1										
IR,KR,PL																															2		14		26		31	8				1
IR,KR,PL,RU																																										1
IR,KR,PL,SI																															14					2						
IR,KR,SI																																			3		2					
IR,KR,US																																3			2							
IR,KZ,RU																																										56
IR,LB																																				4						
IR,LT																																										
IR,MA																														15												
IR,MA,PK																														9												
IR,MU,US																																				5						
IR,MX																														22			11				2					
IR,MX,PL,RU,TR																																								1		
IR,MX,US																								15			2	2														
IR,MY																								4	9		13	4	111	42	126	23	79	56	43	16	65	25	12	20	16	
IR,MY,NZ,TR																																					6					
IR,MY,PK																																										
IR,MY,PK,SA																																						9			23	
IR,MY,SG																																				5						
IR,MY,TH																											1						1									
IR,MY,US																																	2		4		10					
IR,MY,ZA																																						1				
IR,NE																																	3	12	15							
IR,NG																																						9		5		
IR,NL																							2	1			2								23	6	27	3	2	1		3
IR,NL,PL																																							51			
IR,NL,TR																																					3					
IR,NL,US																																									2	
IR,NZ																														7	12	5	8	7	4	25	6	8	6			
IR,NZ,PL																																			10							
IR,NZ,TR																																			23			4				
IR,NZ,US																																					3					
IR,OM																																				15		20	38	111	21	83
IR,PK																		2		4		8						7		5			8	20	38	26	40	8	6	10	65	30
IR,PK,PL,UZ																																										
IR,PK,SA																																4									48	
IR,PK,TR																														3										11		
IR,PK,TR,US																														3	2											
IR,PK,US																																									9	
IR,PL																										2	20	17	1	6	52	70	178	71	41	40	87	54	69	43	26	45
IR,PL,RO																																								3		
IR,PL,SI																															5		21		3	7				3		1
IR,PL,TR																																						6				
IR,PL,US																																3				1					2	
IR,PL,ZA																																									3	
IR,PT																															1		4	2	1		1	4	5		5	4
IR,PT,RU																																						2				
IR,PT,US																																						2				
IR,QA,US																																					3					
IR,RO																																							3			
IR,RS																															6											
IR,RS,US																															2											
IR,RU																													9			1				25		1	3	19	1	6
IR,RU,TR																																								3	3	
IR,RU,US																																								8		
IR,SA																																					23	42	19	43	28	16
IR,SA,TR																																						82				
IR,SE																					4	9				7	32			7	5	5	1				54	1	1	18	4	
IR,SG																															1			19								
IR,SG,TR																																										21
IR,SI																																					1	5				
IR,SK																																	2		9							
IR,TG																																									2	
IR,TH																																				2	1	4	5		3	4
IR,TJ																																	13	5								
IR,TR																									1	1			6	5	22	19	45	124	60	25	35	25	119	50	122	65
IR,TR,US																																					21			29		12
IR,TW												23		37					12		15	25	18		14						31				5	2						
IR,TW,US						1																																				
IR,US	3			4	18		11										2					4			11	7	14	10	32	34	74	72	48	80	33	112	80	52	264	115	66	93
IR,US,ZA																																							1			
IR,US,null			5																																							
IR,XK																																										3
IR,ZA																																39	35	16	57	26	24		20			
IR,null																										4		8		3												
IS										3		1	2	8	1	29			14	11	14		31	43				1	16	28	70	61	28	27	63	12		23	14	78	44	15
IS,IT,NO																																		2								
IS,IT,PL																																									5	
IS,NO																				3													3				4					
IS,NZ																																				29						
IS,RU																																						1				
IS,RU,VN																																									1	
IS,SE																																									27	
IS,TH																																		1								10
IS,US										7								10									10	3	184	241								8		6		4
IS,US,VE																			14																							
IT	2296	2588	3292	3426	2885	2957	3989	5887	4259	4574	4724	5899	6211	7148	7640	10189	9275	10210	11535	12114	11013	11718	11738	12307	11985	10752	11201	12749	11833	11635	11450	9701	10245	9373	9396	7655	7154	6742	6962	6531	6219	6204
IT,JO													1					18		22	87	41	33			4		17		19	27	1	5									
IT,JO,NL																									5																	
IT,JO,SA																																		32					2			
IT,JO,US																																					8					4
IT,JP						15		1	15		10	5	13		21	20	6	93	36	43	7	26	31	9	11	64	46	26	23	21	33	29	79	43	123	78	122	82	23	22	50	75
IT,JP,KR																																	29	13	11		11					
IT,JP,KR,LU,US																																							1			
IT,JP,MM																																					3					
IT,JP,NL																																							1			
IT,JP,PL																											2				6		24							6		
IT,JP,RO																	32																									
IT,JP,RU																																					5			47		
IT,JP,RU,UA														15																												
IT,JP,SA,US																																	2									
IT,JP,SE																														10	1											
IT,JP,SI,TW																																						2				
IT,JP,SK																															13											
IT,JP,TR																																			2	34	15	8	18		20	21
IT,JP,UA																	11	19	24																							
IT,JP,US													2							14				2	2		38	18	61	58				16		3	1			8		
IT,JP,VN																																										1
IT,JP,null																												2														
IT,KE						9																																				
IT,KE,MW					5																																					
IT,KR																						43			1	33						37			1	8	93	2	6	6	8	6
IT,KR,RU																							4																			
IT,KR,SA																																										13
IT,KR,SA,TN																																										1
IT,KR,SI																																										
IT,KR,US																																										8
IT,KZ																							3																			
IT,KZ,RU																																								6		21
IT,LB																															6									48	1	36
IT,LT																				27				20									6						12		12	62
IT,LU,NL																																										3
IT,LV																					5												13	35	48	31	50		8	29	33	32
IT,LV,MY,RU																																								23		
IT,LV,PL																																							44			
IT,LV,RU																																								13		
IT,LV,TR																																						35				
IT,MA		13																3		1	3			1	7							1	13		12	27	7		11			6
IT,MA,MU,PK,TR																																										1
IT,MA,PT,TR																																									14	
IT,MA,SA																																										
IT,MA,US																																							10			
IT,MD																						7	4	3	3	3		4	22	10						9			11	3	14	
IT,MD,NL,RO																																	23									
IT,MD,PL																											11										3					
IT,MD,PL,RO																								2		6																
IT,MD,PL,RU																						1																				
IT,MD,PL,UA																										2																
IT,MD,RO																						6							2				15			4	14		3	14	3	
IT,MD,RO,UA																															10											
IT,MD,RU																										2																
IT,MD,RU,UA																							1																			
IT,MD,TW																									5																	
IT,MD,UA																		1					2			2																
IT,MG										3					2		3	5			6		5													3				1		
IT,MG,US																																							1			
IT,MK																																					3					
IT,ML																									27	10						12	11							2		
IT,MO																																							9			
IT,MT																																								1		
IT,MU,MY,PK,TR																																								6		
IT,MU,PT,TR																																						1				
IT,MW							5																																			
IT,MX																							21			8	5		21	26	1	19		15	58	5	1	23	28	3		12
IT,MX,RU																						12																				
IT,MX,US					6																20								10			8										
IT,MY										2																								4		1						
IT,MY,SA																																			24	15	23					
IT,NC											3	5	23	30	7	5		3	10		30	3					10															
IT,NG																									3										7		1		3		5	1
IT,NG,PL												2																														
IT,NG,ZA																																									1	
IT,NL	1		2	6	5	7	20	3	28	2	10	16	18	14	31	14	28	25	9	113	108	114	32	274	101	49	10	35	58	89	121	1	31	113	57	57	195	92	71	192	138	290
IT,NL,PL																		1																					69		38	
IT,NL,PT,RS																																		11								
IT,NL,PT,US																																				8						
IT,NL,RU																									2															2		
IT,NL,SA																																			3							
IT,NL,US									6						2												1			1	45	6		59	92	39	2	11	1			
IT,NL,null																												87														
IT,NO																2					3	6	2					18	21	13	13	6	15	2	46	26		24				17
IT,NO,PT																																				5						
IT,NO,TW																																21										
IT,NP																										3			2													
IT,NP,TR																																								8		
IT,NZ							6			5			7			6	17					45				13	17	20	38		36	32	60		55	37		6	3			
IT,NZ,PW,US																																					7					
IT,NZ,SE																				5																						
IT,NZ,US																													31													
IT,NZ,US,null																												22														
IT,None																8			37	14	7																					
IT,OM																																					2	1				
IT,PE														3		2															3	5						3	8			
IT,PF																															12	35										
IT,PG,US																																		1								
IT,PK							2															30	15		12	4					2	10	8	5	10	6			24	47	11	
IT,PK,PL																																							7			
IT,PK,SA																																		3	3		7			7	5	10
IT,PK,SA,TW																																									1	
IT,PK,TR																													16			9										
IT,PK,US																																					6					
IT,PL	4		1	6	2	9		27	15	29	81	29	13	46	16	2	17	9	76	39	69	66	112	55	47	91	47	96	203	120	73	88	129	135	231	177	191	71	65	126	117	98
IT,PL,PR,US																												9														
IT,PL,PT																																	11			12				3		
IT,PL,RO																														7												
IT,PL,RU																																										31
IT,PL,SA																																		32								
IT,PL,SI																																		7								
IT,PL,SI,TW,US																																3										
IT,PL,SK																																					60					
IT,PL,UA																						1			1																16	
IT,PL,US		4																				1	1		7				4								47	68				99
IT,PL,null																													5													
IT,PR,US																																		40								
IT,PS																												83														
IT,PS,US																															95	74										
IT,PT											9	13	6		42			7	9	9	6	64	16	48	16	77	32	25	84	61	135	53	47	95	63	21	62	55	144	54	65	97
IT,PT,RO																																										1
IT,PT,RO,UA																																				3						
IT,PT,RS,US																																				150						
IT,PT,RU																	3		5			8	8																			
IT,PT,TN																																										
IT,PT,TN,US																																3										
IT,PT,TR																																							2	1		
IT,PT,TW																																							1			
IT,PT,US																														12	4						37				33	
IT,PT,null																				3								3														
IT,QA,US																																		8		10		3				
IT,RO																37	16	123		22	1	2	96		14		8	1		3	4	38	20	2		12	2	6	15	8	22	26
IT,RO,TH,TN,US																																									2	
IT,RO,UA																																							5			
IT,RO,US																35																									3	
IT,RS				4											3		4	6			6			17	4	1	4	2	7	16		22	6	13	36	7	16	30	18	12	9	182
IT,RS,RU																		12																								
IT,RS,SI																																13		33								
IT,RS,TR																																									2	
IT,RS,US																		2								4	6				16											
IT,RU			28		7						19	6	1	21		13	41	61	29	38	79	134	70	72	108	108	69	14	38	17	42	71	52	30	289	95	416	67	115	153	160	139
IT,RU,SE																																						3				8
IT,RU,SE,US																																	162									
IT,RU,TR																																								1		
IT,RU,UA															5			41											1													
IT,RU,US													1						2							2		3			71		72		114	66	25	57	71		35	44
IT,RU,null																			5																							
IT,RW																										10				5												
IT,SA																			7													21	21	93	10	65	73	37	99	87	13	35
IT,SA,TN																																							1		7	
IT,SA,TR																																				27				7		
IT,SA,US													7																			5	3	4		6				1		4
IT,SA,UZ																																										
IT,SD,TR																																										6
IT,SE						7	29							2		46	10		5	24	12	12	26	8		21	11	1	21	112		13	19	6	60	6			40	50	65	94
IT,SE,SI																														59												
IT,SE,US																																22	9	34								
IT,SE,ZA																																				25						
IT,SG																														3	13						28	4		30	27	
IT,SI											25				10	7				3	6	3		21	2		2		32		69		32	30	9			8		82	8	7
IT,SK	5		1					14			6			2	3		6				36	10		7	3	23			8		2		2	38	5	15	17	37	1	6	21	11
IT,SK,US																																				6						
IT,SN												1	13		5											6																
IT,SO				9	7		1																																			
IT,SS		4																																								
IT,TG																																								2		
IT,TH																																										
IT,TN																										3						2	8	11	1	39	26	5	48	26	6	19
IT,TN,TR																																									1	
IT,TR												17			29		12		3			5	7	30	16	5		11	31	17	13	24	83	137	225	216	131	111	265	143	121	119
IT,TR,US																													15				22	21	19					7	30	
IT,TR,ZA																																						22	49			
IT,TW																					9							10	13	9			8	5	3		12	25	17			
IT,TW,US																																		13		5						28
IT,TZ																																			72							
IT,UA				6									27	88				16			25			7								48	5	22		28	10	13			14	5
IT,US	72	10	20	23	31	78	25	47	82	46	9	126	132	83	175	285	241	288	160	209	250	305	499	405	497	265	473	517	1320	1024	951	1620	1164	939	1151	1477	877	1017	762	1107	612	727
IT,US,UY																																12										
IT,US,VE																													3													
IT,US,ZA																													34									80				
IT,US,null																												29	22	78												
IT,UY																9													13			1			3	1	9		3			
IT,VE						5								1	1	7	5		9	4	2	1			1											4		5			13	
IT,VN																												5	2					1			6	1	2	2	6	
IT,ZA	7					2	21				13	2		1	6		3	6	3	4	3	3	9				6			7			7	10	9	3	18	50	46	6		13
IT,ZW									4	1																																
IT,null	3	16			7	9	2	19	4	5	5	3	3	4		22	8		17	44	2							123	16	68		18					14					
JE																				60																						
JM	13	14	27	11	10	14	4	1	2	5			2	11	2		21		57	17	73	51	37	33	7	22	6	7	12	21	17	17	5		4		2					2
JM,JP																						7																				
JM,KE																	1																									
JM,MX																																	2									
JM,MY																																							4	4		
JM,NG,null				32																																						
JM,SE																																			5							
JM,TT																																	2									
JM,US			7							5	5						25	7		26		7						2	3	33				40		8	1	3	13	15	1	
JM,ZA																																									4	
JO	3	8	8	44	30	21	43	57	121	158	61	138	24	18	65	14	70	13	64	15	32	72	65	19	84	82	55	194	129	170	144	253	48	100	92	86	117	118	207	87	223	146
JO,JP										4					2																										6	15
JO,KW						4																																				5
JO,KW,US																																			2							
JO,LB	6	7																																1								
JO,LK,PK																																						2				1
JO,LY,MA,PS,QA,SA																																									3	
JO,LY,MA,SA																																	1									
JO,MA,PK																																			6							
JO,MA,PK,SA																																			10	1	8					
JO,MA,PS,QA,SA																																								2		
JO,MA,PS,SA,YE																																		4								
JO,MA,QA																																									2	
JO,MA,SA																																	3		7							
JO,MA,SA,TN																																	1									
JO,MX,US																																1		3							15	
JO,MY																																							2	7	2	
JO,MY,PS,SA																																		4								
JO,MY,SA,SD																																							2			
JO,MY,US														1																												
JO,NP,PK																																										20
JO,NZ,US																																	6				5					
JO,None									5																																	
JO,OM,US																						5																				
JO,PK			1							3																			2					3		4	3		9	6		6
JO,PK,PL																																							1			
JO,PK,PS																																		2					9			
JO,PK,SD																																			23							
JO,PR,US																																	6									
JO,PS																						3						5									14					
JO,PS,SA																																		7								
JO,QA																																				3	31			22	1	
JO,QA,US																																						4		6		
JO,RU																																							3			
JO,SA																														2	5	13		11	27	5	8	11	43	11	2	8
JO,SA,SG																														3						2						
JO,SA,US																																					3					
JO,SA,YE																																										4
JO,SE																													51	35												
JO,TR																																										17
JO,US					1					8										1	24			2		6	14	6		3	9		4	49	8		19	10	86	63	8	32
JO,null									8																																	
JP	18366	18139	17937	19729	18840	19002	25475	21558	20183	23068	24514	29184	23845	27733	27296	34392	35802	38181	35718	42935	42564	41394	39004	41453	39977	40906	40609	42088	45140	42521	44094	47331	45071	42428	43451	40684	42000	40418	39051	39278	37979	33142
JP,KE	6															6			11					12	1	7			8	1	14	7							6			241
JP,KE,US				2																																						
JP,KH								2										3	14	6				3						7												
JP,KR			1			1	53	28	5	17	4	23	55	54	54	48	84	117	157	219	124	209	116	43	186	260	137	196	175	264	237	222	237	240	198	568	267	334	325	183	144	52
JP,KR,NZ																																										13
JP,KR,PK																														1												
JP,KR,PL																														6		4	2									
JP,KR,RU																															4											
JP,KR,SA																																		7								
JP,KR,SA,SG																																		13								
JP,KR,SE																																		1			2					
JP,KR,SG																																			14	12		182	1			
JP,KR,SI																																						1				
JP,KR,TH																		2														4										
JP,KR,US										4			3	1	28					2			15	58				15	15	35	40	13		66	89	10	24	8	2	9	3	
JP,KR,US,VN																																					1					
JP,KR,VN																								4							2										3	
JP,KZ																							1									2										
JP,KZ,US																																				1						
JP,LK								1	4	3			4	5	8	5					5	9	5	2		5		4				12	2		1			7			3	
JP,LK,US																					3																				4	
JP,LT															22						15																	4	6			
JP,LT,UA																											2															
JP,LU,MY																																	3									
JP,MA																																								1		
JP,MA,NG																																								18		
JP,MA,SA,US																																								3		
JP,MA,TR																																										3
JP,MG																						9				1			18													
JP,MG,US																																										6
JP,MM																						4					1								20	3	2	9	16	9	16	
JP,MN														7			6				11	3								1			14	17	8	41	9	6	33	37	13	
JP,MO																																			5	4			6			
JP,MO,US																																								3		
JP,MX			2		1		4				2					1								1	3										5				10	3	11	6
JP,MX,US																						25																				2
JP,MY					16				22		1		22	17	2	4	4	11	8	8	6		3	37	4	22	4	58	95	50	83	68	62	70	39	5	19	47	37	26	43	24
JP,MY,PL																												16	32	6	26											
JP,MY,SA																																	2									
JP,MY,SA,US																																18	9									
JP,MY,SG																													4			3										
JP,MY,TH																													12	6												
JP,MY,TW																																		5	14	8	7					
JP,MY,US																																	8	30							11	
JP,MY,null																														5												
JP,NC																				1																						
JP,NG									1	3	2										3		6														3					
JP,NG,OM																				1																						
JP,NG,TN																																										1
JP,NL	14	38		29			1					1	15	40			22	33	11	55	68	6	25	22		4	19	67	25	7	82	25	18	4	22	26	12	87	25	23	31	53
JP,NL,SE,US																																	2									
JP,NL,SI																								1																		
JP,NL,US														1				11			13					17							4					24	5	16	7	
JP,NL,null																														13												
JP,NO																			4					3					9							2		4				
JP,NO,PT,US																			2																							
JP,NO,US																	22														24											
JP,NP																																		10								
JP,NP,US																																	10									
JP,NZ					9	4		2					5		10	1		6	13		20	7	23	5	16		9		6	1	5	3		55		5		59	36	16	24	10
JP,NZ,US																						7	4											2								
JP,None				2			20		48	35	39			4						2	21	1																				
JP,None,US				3																																						
JP,OM																				4			1						1													
JP,OM,ZA																						5																				
JP,PA																	2				34																		12			
JP,PA,US																																	3		2							
JP,PE																				1				5									4									
JP,PF																		2																								
JP,PG																	3																									
JP,PH						2	16				4	2	3	3	13	5		6		1		9	7	1				3	2	47	12					4	6		5	21	10	15
JP,PH,TH										11																						3					1					
JP,PH,US																															2											
JP,PK		16				1			58		7						9				8		41						4		28	8		1	9			26		8	15	
JP,PK,null																				2																						
JP,PL	12			1	2		5		13	1		6		3		1	1		10	7	33	21	14	2	40	17	26		101	40	7	117	30	64	47	13	45	97	42	48	50	35
JP,PL,RS																			3																							
JP,PL,SE																					1																				4	
JP,PL,SI																																			13							
JP,PL,UA																																							4			1
JP,PL,US				14										1														14				50		13		11	29					
JP,PL,null																							31				4		6													
JP,PR,TH,US																																						2				
JP,PR,US																			23																							
JP,PT																16	10						16			6		19			32				6	23	10					
JP,PT,TN,US																																				1						
JP,PY							6																																			
JP,RO												1	2	8	5	5	16	12			10							4		4	5	6	1									
JP,RO,US																																				2						
JP,RS											5							5	7	7	5		1																7	7		17
JP,RS,TH																																									1	
JP,RU		1	8				1					5	15	18	4	10	21	6	6	11	6	13	83	62	53	84	24	66	2	10	32	16	12	75	64	168	107	122	180	79	80	124
JP,RU,UA														14				11			12		1																			
JP,RU,US																									3	21					23	2		2		13	18	4	26	12	52	
JP,RU,ZA																																	1									
JP,RW							2																																			
JP,SA																		5			3								4	2	3	16			27	1	41	66	36	6	24	18
JP,SA,SG																																				18						
JP,SA,TH																																										20
JP,SA,TN																																							20			
JP,SA,US																														18												
JP,SA,ZA																																			9							
JP,SD																										2						29				4						
JP,SE			1										34	1		16	2	4	6	10	6	6	1	13	5	2		9	13	16	44	9	23		19	7	19	10	28	4	3	32
JP,SE,SK																								1																		
JP,SE,US															2															5						3						
JP,SG							30	8	8	1	27	10	14	14	25	29	21	3	11	4				13		10		63	43	51	102	215	465	19	15	65	114	97	112	200	95	86
JP,SG,TH																																								4		
JP,SG,US																																	2					6	13	48	38	
JP,SG,US,null																													7													
JP,SI																				5				3		1										21	8	12	40			24
JP,SK			4							1								15	23	13	18	10			4		24	13	10	10				36								
JP,SK,US																										3																
JP,SV																																										1
JP,TH			9			9	17	52	18		8	2	6	7	25	3	2	24	13	35	42	24	49	31	38	44	67	21	154	64	112	70	68	152	27	64	94	129	36	68	120	106
JP,TH,TW																																						2				
JP,TH,US																																13										
JP,TH,VN																																										16
JP,TH,null																													3	1												
JP,TN																																			1						4	
JP,TR				3							3		1		5	21		8	19	49	55	34		29	13	5		8	3	25	20	3	9	37	19	25	21	22	125	24	56	38
JP,TR,US								4																													4					
JP,TW	12	43	27	16	10	71	24	12	23	4	26	57	18	15	12	14	73	24	11	34	5	5	9	14	41	20	29	45	76	65	110	166	118	153	88	37	78	195	82	119	230	74
JP,TW,US		1			2							18												14	66					9	1	30	7						2			1
JP,TW,VN																																								3		
JP,TZ																													15	5	1											
JP,UA																103	4			13				1			1			1			5									
JP,UA,US																						19																				
JP,US	124	163	131	185	311	255	343	235	381	265	299	368	397	269	311	299	584	433	481	376	1149	592	976	713	578	1273	824	1141	2038	1121	1965	1151	1695	1368	1335	1299	1930	1465	1513	1480	1494	673
JP,US,UZ																				11	7					9																
JP,US,VN																	2																									
JP,US,ZA																														7												
JP,US,null																			5									4	18	5	22											
JP,UZ																		21		16	42	45		2		4		5		5		12							4	6	3	
JP,VE																		3	2																							
JP,VN	9													29			6	28	5	1	2		2	44	29	10	5				7	5	4	9	1	30	55	6	43	24	23	117
JP,ZA								14	2	3				6	2			8	8	6	4		15	2		24	5	8	3	6	20		50	14	8	22	17	5	26	15	3	
JP,ZM																																										29
JP,null	30	15	16	24	7	60	5	10	14	26	9	6	6	6	43	17		1		18	13	20	12	8	8		31	127	102	65	59	2	19									
KE		5			19	1	21	3	4	55	153		3		1	1						5	13	4		7	4					13	10	2		8	1		2	7	11	
KE,KR,SG,US																																						4				
KE,MW,US																																						1				
KE,MY	7																																					4				
KE,NL,SE																																										1
KE,SE																															10	6		9			18	54				
KE,SE,SG																																							8			
KE,SE,UG																																		8								
KE,TZ																																		4								
KE,TZ,US																																										2
KE,US			2				1				14				4	1										1									2	1						4
KE,US,ZA																			3														16	2						4	1	
KE,ZA																		9	6												36	64	7			6			2	11	6	23
KG			2																						1				5	6		2		1	2		1				1	
KG,TR																																1										
KG,UZ																		6	5	1	6																					1
KH									1									2																					43			
KH,KR																																	9							1	11	1
KH,LB																																		2								
KH,PT																																										15
KP				5																																						
KP,KR																														7	3											
KR	43	43	75	60	125	86	154	318	287	430	612	589	658	1083	1276	2154	2290	3530	3514	4034	4875	5552	5774	5500	5264	5242	6524	7004	7002	11366	10676	10044	12059	13567	14638	13018	12144	12529	11989	12233	14135	12507
KR,KZ																																							2			8
KR,LA																																					1				11	
KR,LB																																							6			
KR,LK																												1													1	
KR,LU,MA																																		5								
KR,LU,MY																																		2								
KR,MA																																										1
KR,MA,QA,SA																																									4	
KR,MA,QA,SA,US																																										1
KR,MM																																			12							
KR,MN																																			12							
KR,MN,US																															6											
KR,MU,PL,TR																																								1		
KR,MU,TR,UZ																																									4	
KR,MX,SG																																									13	
KR,MX,US																						2																				2
KR,MY						5			2																						1	2			3	3		3		15	7	16
KR,MY,NG,PK,SA																																						4				
KR,MY,NZ,PK																																									19	9
KR,MY,PK																																					11	59	104	31		
KR,MY,PK,SA																															1										20	
KR,MY,PK,US																																										
KR,NC,VN																																								38		
KR,NG																																										
KR,NG,SA																																										
KR,NL																7																							51	28	7	
KR,NP																														1												
KR,NZ																							2					107						3								
KR,NZ,US																					11																	3				
KR,OM																																1		1	1			1		8		
KR,PH																																										11
KR,PK																							3							2				5	92	50	112	140	167	70	77	16
KR,PK,PL																																							10			
KR,PK,SA																															2						10		11			
KR,PK,SA,SE																																							10			
KR,PK,SE																																								15		
KR,PK,TR																																										
KR,PK,US																													4							11	21		12	7		
KR,PK,ZA																																						14				
KR,PL																						17							3	12	13	1	4	4		2	12	23		26	41	28
KR,PL,SA																																					1		3	2		
KR,PL,US																														8	7			19		28			6			
KR,PT																													22				2				17					
KR,PT,SA																																				1						
KR,QA																														9		4										
KR,RO																																				7			7			
KR,RO,US																														1												
KR,RU								7						1			7	8	21	47	52	10		6	27	29	35	65	1	1	42	12	26	30	41	28	11	3			4	3
KR,RU,US																										5													3			
KR,RU,VN																																										11
KR,RU,ZA																																					4					
KR,SA						1																											2	11		45	54	16		11	40	1
KR,SA,SG																																8			13	17					1	
KR,SA,TN,US																																										1
KR,SA,TR																																										2
KR,SA,US																																1	3		2		1	4				
KR,SA,VN																																										10
KR,SE																		1																		3		1				
KR,SE,US																				2		2											2					2				
KR,SE,VN																																				18						1
KR,SG																														136	609	72	308	190	293	55	46	53	31	39		
KR,SG,US																															8	54	17	2	93							243
KR,SK				12				14																															2	5	7	
KR,TH																										7	1	3	3							25			1		25	11
KR,TH,US																																						2				
KR,TH,VN																																								12	21	2
KR,TN																															3				1							
KR,TR																							2				1					1			4	3	9	5	2	11		2
KR,TR,US																																										1
KR,TW																														16	2	74	12	45	18	16		1	27		59	
KR,TW,US																												8			6				1		19					
KR,TZ																																				14						
KR,US		5		3	1	4	12	3	3	1	33	27	95	46	12	76	160	68	160	64	178	142	158	354	264	210	410	677	504	792	912	664	1084	729	889	629	886	706	732	1039	1083	673
KR,US,VE																								3																		
KR,US,VN																													4							11	7	2		32		2
KR,US,ZA																															41											
KR,US,null																					4						14	16	38	2												
KR,UZ																	2					19		6				1				4										
KR,VN																								1	1			7	17	74	94	64	104	91	243	64	95	507	453	254	156	239
KR,VN,null																														2												
KR,YE																															2											
KR,ZA																																					1		1			
KR,null								12															3					10	1	13												
KW	14	79	14	27	17	108	112		128	10	18	1			4	27	33	44	27	82	63	133	157	133	90	189	164	209	193	124	237	133	112	102	93	69	23	45	40	58	86	27
KW,MA,SA																																										7
KW,OM																																										
KW,PK																														13												
KW,SA																													8	29	5						2					1
KW,TR																																							18	1	3	
KW,US																					24	58												31	17							3
KW,VE																				7	3																					
KW,ZA																																9										
KZ	41	19	20	24	40	48	45	28	29	34	27	18	16		5	6			1	20	46	56	85	82	51	108	26	27	48	41	8	48	30	27	124	36	46	29	16	30	60	76
KZ,MA,SA,TR																																										4
KZ,NG																																	11									
KZ,PK								1												7		1		4	4	3	5			3				1			1	1		4	2	
KZ,PK,RU																								5																		
KZ,PK,TR																																							1			
KZ,PL																																										
KZ,PL,UA																																										9
KZ,PT																																					30					
KZ,RS,XK																																								3		
KZ,RU	1				9			10	4							8		15	14	8	14		8	15	15	30	16	28	9	5	9	8	17	25	32	35	84	133	92	61	124	153
KZ,RU,TR,US																																									12	
KZ,RU,US																																			16	1	1		6			
KZ,RU,UZ																																		6								
KZ,TR																																		12			5	3	4	1		7
KZ,TR,US																																						8				
KZ,US																			1				10		10		15	21			1	8	8	16	6	11	24	2	1			6
KZ,UZ																1		1						2					6	9	2		11		8		1		7			
LA,TH																																		8								
LA,VN																																						1				
LB	17		16	37	6	19						8				2	9		1	5		9	9	15	2	6		114	47	100	70	51	22	79	13	40	18	23	5		9	
LB,PK																																		4	5	8	4				2	
LB,PK,SA																																										19
LB,QA,SG																																					9					
LB,RU		7	23																																							
LB,SA			7																																	17				1		
LB,SA,US																															4											
LB,US				16															11	7					2	1	5	14	4	6	21	5	5	103	90	9	112	46	87		18	38
LC									20																																	
LI															29			2	12					5		24				6				19			17					
LI,SK																																6										
LI,TR																														2												
LK	22	27	24	31	23	6	4	36	15	14	16		4		6	4	3	8		16	2	11	7	2		6	20	1	5	1			4		10				3		3	4
LK,MX		6	2																																							
LK,NZ																													2													
LK,PK							3	1			2							2															1			3	1				2	26
LK,PL,SE																																										
LK,SA			3	5	8																																			6		
LK,SE										1					1																											
LK,TH				11																																						
LK,TH,US									6																																	
LK,US					8			4							2			6										4					4		3		9	1	27	12		36
LK,ZA																1																										
LS		8							2																																	
LS,ZA																													6													
LT	39	89	7	35	11	91	45	62	52	36	68	45	29	36	37	50	72	55	129	111	41	178	156	238	145	209	194	129	208	106	148	286	392	345	644	269	277	171	163	222	303	155
LT,LV													1												6						4		19		5	3	25	37	36	78	33	85
LT,LV,TW																																							36			
LT,LV,UA																																						33		5		
LT,MY,TW																																			4							
LT,NO																			1		9																					
LT,NO,US																						1																				
LT,NZ																															5											
LT,None																				6																						
LT,PL																															6		9	6		3	1	30	9	47	16	8
LT,PL,UA																																	5			15						
LT,PL,US																																										
LT,PT																													12													
LT,RO																						12																				
LT,RO,SE																	18																									
LT,RU			11				17	7								36			11				19		8	5																
LT,RU,UA																																			15							
LT,SE																					9	22		16			6	3			5				45							
LT,SE,TW																																								3		
LT,SE,ZA																																3										
LT,SG																													7	4				12								
LT,SK																																										
LT,TW																											4				8			6	7	1	16	4		6	2	5
LT,UA																											6				59	18		14	55	20	14			13	6	10
LT,US																								4	6					5				2				6				26
LU																																	1		33							
LU,NZ																														12												
LU,PT,RU																																							2			3
LU,ZA																																									2	
LV	197	415	228	206	289	204	193	321	176	225	513	347	387	83	107	160	29	175	98	297	211	309	253	224	367	89	266	186	288	128	326	362	368	660	844	259	377	281	434	679	877	505
LV,MG,SE																																		18								
LV,NL																	2		14	22	9	19														17						
LV,NL,RU																						6																				
LV,PL												18	7	4					17										1						20						65	
LV,PL,US																				6																						
LV,PT																																		13								
LV,RS,RU																																							38	34		
LV,RU							13					19		13	22									75		1			3	1			1				1		25		8	
LV,SE															20													25	26					34								
LV,SE,US																							42																			
LV,UA																								2											8			51	421	37		
LV,US																			41																30		103		62		39	17
LV,null																																27	67									
LY	2			1	1		1		1		19		5	7	27												1		32	30	3											1
LY,MA,MY,QA																																									2	
LY,MA,QA																																									2	
LY,MA,QA,SA																																									1	
LY,MA,SA																																	2									
LY,MA,TN,US																																								1		
LY,MY																																1										
LY,MY,SA																																		6			6	3	5			
LY,PL																																					4					
LY,PT,TN																																									1	
LY,RS																																		2		27		2				
LY,SA																																										2
LY,TR																																					7	19				8
LY,US		5					23																																			
MA		15			8	12	37	39	20	39	21	17	43	47	50		12	76	20	65	33	28	58	32	84	22	6	112	30	55	74	43	7	23	93	58	77	30	36	79	112	69
MA,MY																																									13	
MA,MY,SA																																										2
MA,MY,US																																									1	
MA,NG,TR,TW																																										
MA,PK																														9	13	17		8								2
MA,PK,SA																																1				8						
MA,PK,SA,US																																					1					
MA,PK,TR																				4										1						10						
MA,PK,US																																										1
MA,PS,QA,SA																																								4		
MA,PS,SA																																							2		7	2
MA,PT																																			8				15	36	1	4
MA,QA																																								4	4	
MA,QA,SA																																								2		
MA,QA,US																																									1	
MA,RO																																							1			1
MA,RU,SA,TW,US																																									2	
MA,RU,SA,US																																							5			
MA,RU,TW,US																																										3
MA,SA																															1		4	30		10		3	23		1	8
MA,SA,TR																																										4
MA,SA,TR,US																																								5	13	3
MA,SA,TR,UZ																																									4	1
MA,SA,TW,US																																										2
MA,SA,US																																						3	1		3	1
MA,SA,ZA																																				1			3			
MA,TN																					3										1	14										
MA,TR																																				1			2		4	13
MA,TR,TW																																									1	
MA,TR,TW,US																																								2		
MA,TR,US																																								16	8	16
MA,TW,US																																							10	2		
MA,US																						1	7				7		10	12	4	12		14					1	10		
MD	27	23	51	14	26	7	6		35	8	28	16	36	11	61	56	24	15	1	23	16	15	17	34	7	24	23	18	14	5	1	21	38	54	9	22	26	27	64	78	75	46
MD,MX																																	1									
MD,NL																							32																			
MD,NL,PL,RO																										9																
MD,PL												2				9		32	16		9	15	4	16	27	20	46	4	9	11	30	14	3	8								
MD,PL,PT,RU																				2	4																					
MD,PL,RO																							5			3			4													
MD,PL,RU															11														4	11												
MD,PL,RU,UA																												6														
MD,PL,UA																					11		5		22	6	17		6			10		8								
MD,PL,UA,US																							7																			
MD,RO																7				1	7			6	2	30	4		4	27	14	20	14	11	7	20	21	16	16	65	56	26
MD,RO,RU																													3													
MD,RO,SK																																		1								
MD,RO,UA																																	6								8	
MD,RS				6																				2																		
MD,RU				12		2					2	9	34	2	19		68		34	1	4	5	3				34			6												
MD,RU,TW,UA																											5															
MD,RU,UA																														8												
MD,RU,US																												10														
MD,SE																																									2	
MD,TR,US																									37																	
MD,UA													1						1													1		6	8	21		17	3	1		3
MD,UA,US																											10															
MD,US																							3	2		3	1	2	8	6	19		9	11	2							
MD,null	17			8			4																																			
ME																																							1			
ME,RS																				1					1	2				11					20	5		13		5		
ME,RS,US																																							1			
ME,RS,XK																																							2			
ME,RU																																	1									
MF						1																																				
MG																			3	2		4	3		3					1		2										
MG,NO,SE																																1				9						
MG,US																	5				4	1	7	2		2			9	7	20	7	12	3	48		13		10			
MG,ZA															2				4						4																	
MK			1	2		4		3				6	2			18	7		18	1	1	2	3				7		1							2				1		1
MK,PT																					1																					
MK,RS																					9		14														5					
MK,SI																	30		25					2																		
ML					21						6	12														9										6		26				
MM																					3																					
MM,RU,VN																																										30
MM,TH																																									3	3
MM,TW																																								2	2	
MM,US																							7																			
MN																							14																1			
MN,PK																					11																					
MN,RU						12															3	37							3			4					10	5		1	18	
MN,UZ																	2																									
MN,null																															8											
MO																													2	2		6	3	31	8	54	25	49	20	49	94	118
MO,RU,TH																																						14				4
MO,SG,US																																							2			
MO,US																														4	3			15				3				18
MR,SN																																10										
MR,SN,TN																							10	4																		
MT														2																			1	18	9	12	58	11	4	9	5	4
MT,PL																																										3
MT,PL,SI																																				3				1		
MU									8	3		3		7					11	14				17						44		5	15		2		13					
MU,MY																														1								12				
MU,MY,PK																																							26			
MU,MY,PK,TR																																							8			
MU,MY,US																														34												
MU,MY,ZA																																				11						
MU,NA																																					3					
MU,NG,SA																																				1						
MU,PK																																						11				
MU,PK,SA																																										3
MU,PK,TR																																										28
MU,US																											1															
MU,ZA																																	11		57	48	2		2		8	
MU,null																													7													
MW					4		2	4	8																																	
MW,ZA																																										9
MX	99	131	119	154	188	147	242	184	159	185	175	152	94	212	313	337	444	455	616	402	672	618	479	1008	690	649	899	680	795	1228	982	1065	1479	1221	1427	1552	2248	1467	2087	1661	1366	1434
MX,NL																						2						14								10						
MX,NL,PL																																								46		
MX,NL,US																													2													
MX,NO																																19										
MX,NO,US																																							6			
MX,PA																																3										
MX,PE				1																																						
MX,PK																											16								22							
MX,PL																								15		12		10	15	22	1	27	3	18	16	16			37	17	18	
MX,PL,TH																																										
MX,PL,UA																																							38			
MX,PL,US																																7				6						
MX,PR																							3		3																3	1
MX,PT																				5															2	1				15	3	
MX,PY										2																			1			20								4	16	27
MX,PY,US																																				8				2		
MX,PY,UY																																				8	25					
MX,RO															3	5		2	2	1				7					10	1												
MX,RO,SK																																									2	
MX,RO,US																									9																	
MX,RU																21	24	66	30	18		19	12	9	1	12	1	22	1	15		1		17		1		2		14		1
MX,RU,US																																		1								
MX,SE																						11	4	9			12					35		10					2			
MX,SI																																										13
MX,SK																																										
MX,TH,US																										5																
MX,UA																																				2						
MX,US	14	7	18	24	34	44		1	1		5	18	5	26	63	63	31	32	59	52	66	113	34	101	48	50	33	112	58	157	65	129	31	119	132	113	158	146	85	73	54	39
MX,US,VE																																			15				8	5		
MX,US,VN																																										1
MX,UY																																			15				23			
MX,VE								9													21															2		5		13		
MX,ZA																																		7								
MX,null													46																													
MY	2	10	2	11	22	11	5	3	12	14	47	37	50	35	61	34	56	42	65	31	56	69	41	74	14	20	87	54	86	132	203	266	316	713	591	499	355	519	457	503	337	239
MY,NG																																			1			6	3	1		7
MY,NG,PK,SA																																						44		16		
MY,NG,PK,ZA																																										7
MY,NL																															1				1							
MY,NO																																						10			1	
MY,NZ																													19	23				2	1	5	15	9	12		1	8
MY,NZ,PK																																							7	13	6	
MY,NZ,TW																																							1			
MY,OM																																				2						
MY,OM,PK																																		1					18			
MY,OM,PK,SA																																						63	40	24	21	
MY,OM,US																																										6
MY,PH																																					6					
MY,PH,PL,ZM																																										
MY,PK																								4						32	22	35	67	205	422	482	98	91	86	81	95	68
MY,PK,PL																																			35							2
MY,PK,PL,SA																																					3					3
MY,PK,SA																																	9	19	51	8	151	160	353	122	115	224
MY,PK,TH																									10																	
MY,PK,TR																																							7		15	
MY,PK,US																															1											
MY,PK,YE																																								3		
MY,PL																						1										15							2			
MY,PL,SA																																								6		
MY,PL,SA,UA																																					4					
MY,PT																															1					9						
MY,RO,SG																					3																					
MY,RU,UZ																					1																					
MY,SA																														4	2	21	129	239	16	39	2	11	39	17	25	10
MY,SA,TN																																										2
MY,SA,US																																				2						
MY,SD																																1		3		13						
MY,SG		1								1				21				43	4				1	1	2			13	4	4	2	18	74	14	7	2		13	42			
MY,TH																			6	3	2	10	1	2		11	2	8		22	7	13							27	67		13
MY,TN																			1																					15		
MY,TR														1						1		3	2																	2		23
MY,TR,TW																																										1
MY,TW																			2										7	36	5		6									11
MY,TW,US																																										
MY,US	7				2				9	4		7	1									5					1	3	4		45	19	15	23	6		9	31	18	12	22	13
MY,VN																																				1						
MY,YE																																							2		6	1
MY,ZA																																2					45	41		27	16	41
MZ			4											1						10		6																				
MZ,PL																																							14			
MZ,PT																													2		5		2	1	18	13						
MZ,SE																													9							4						
N,NO																1																										
NA																																							5		16	14
NA,TZ,ZA																																					1					
NA,US,ZA																															14											
NA,ZA																														50							1					
NC		15		10												4											18							6								
NE																																									1	
NF																7																										
NG	157	69	71	86	92	54	75	59	95	149	53	76	108	23	59	73	36	5	3	8	19	29	23		56		5	9	19	54	12	2	16	23	24	39	26	39	26	50	100	28
NG,NL								1																																		
NG,NZ																																								3	4	3
NG,NZ,TR																																						3				
NG,NZ,TR,US																																									3	
NG,NZ,US,ZA																																										1
NG,NZ,ZA																																							15			
NG,PK																															2				1	4		2	2	4	6	3
NG,PK,PL																																										
NG,PK,PL,US																																									3	
NG,PK,SD																																										5
NG,PK,TR																																					3					
NG,PL,US																7																	3								6	
NG,PT							1																																			
NG,PT,ZA																																								1		
NG,RO,ZA																																										4
NG,RW,UG																																										9
NG,SA																																					2					
NG,SA,ZA																																							4			
NG,SE,ZA																														4												
NG,SG,US																									1																	
NG,TH																															8										25	
NG,TR																																		16					73			13
NG,TR,US																																					1					
NG,TR,ZA																													1													
NG,TW																					4																					
NG,US	7	3	3		13	2	11	1						3		9	1										6						2	11	15		15	7	8	5	9	
NG,US,ZA																																	3				4			1	10	
NG,VN																																			3	5	4	3	2	6		2
NG,ZA																					12	32	39	23	10			8		5			2	26	7	17	22	54	16	73	52	25
NG,ZA,ZW																																									4	
NI						2																																				
NL	2107	1756	1572	1592	1671	1585	1805	1973	1882	1675	1998	2580	2280	2274	1890	2482	2808	2143	2451	2770	2551	2368	2703	2834	2718	2224	1826	2185	2482	2900	2179	2543	2279	2523	2401	2031	2390	2090	2224	1952	2357	1595
NL,NO												4				34		9		20	10				1										7						3	
NL,NO,US																																								6		
NL,NZ																												4											14			
NL,None										25							1		1																							
NL,PK						1																				5			14			18	7	11	2		6	5				5
NL,PK,US						1																																				
NL,PL	6	9	2		10			17	8	1	10	3	9	2	1	14	14	18	127	54	29	14	24	12	39		27	49	7	2	2		12			197	440	357	154	101	153	206
NL,PL,RU																					8																					
NL,PL,UA																																				33						
NL,PL,US																		1																			84					
NL,PT				1				1		2	5			11		4		8	14	4	6				11					6	21		4			6	1				1	
NL,PT,US																													17								6					
NL,QA,US																																				5						
NL,RO																					3	1		3							5	14		4	1			26				
NL,RS																											8		7			1	25					8	1			
NL,RU									2			2	11	38	23	21	32	33		88	33	60	74	78	34	26	23	8	5		12		1		2	1		5	10	6	4	
NL,RU,SE																12																										
NL,RU,TJ																				3																						
NL,RU,US																	4																									
NL,SA																															4	9	9	4		8						
NL,SA,SD																																		24								
NL,SA,SI																																		4								
NL,SA,US																																				1						
NL,SE					2		3				3		31		7	7		88	70	30	3			5			20	9		14	1		71	3		4	1	12		2		53
NL,SE,TZ																																									13	8
NL,SE,US																																				41	27					
NL,SG																												2		1					18		8					
NL,SG,US																													2				19	35								
NL,SI																		14						10	3			4		12		2			3	8		53	9	2		
NL,SK														3																									42			5
NL,SK,US															3																											
NL,TH																			5		3	4	6	5	6	8	7	15		8											3	2
NL,TR						1												2																		21					2	
NL,TW																						5							64	17				28	9				20			43
NL,TW,US																																			5							
NL,TZ															7									1			1															
NL,UA																											1	8		1		9	2						83			
NL,UA,US																					3																					
NL,US	3	16	50	20	10	39	3	46	55	3	46	6	13	89	18	49	25	78	34	43	77	13	78	9	86	145	32	41	83	190	209	91	289	201	287	94	470	134	333	329	239	440
NL,US,null																												15														
NL,VN																																									2	
NL,ZA																3			6			2	3		3						9	5	28	16		18		3	25	4		
NL,null						7				1	40																	9		1												
NO	27	50	57	31	71	33	37	65	73	15	137	84	113	113	112	173	257	249	261	326	588	180	266	444	503	391	540	312	587	585	447	438	506	649	267	680	566	455	315	663	243	456
NO,NZ										1		2								2		3		2				16		23			12	41		19			5			
NO,NZ,SI																																										8
NO,NZ,US																																		11								
NO,PK																														14												
NO,PL		1				11															2								27			1				13	5	2	14	1	5	3
NO,PL,SI,US																																				3						
NO,PL,US																															2	17	11		2			9				
NO,PS																																								2		
NO,QA,US																																		26								
NO,RO																								2												1						
NO,RS																																				2			1			
NO,RS,TR																																										4
NO,RU		1														1							1		1		9			71		2	148		22	26			16			
NO,SE				9	4		1	3					8		13	4			8		14			3		1	67	3	20	5	15	7		6		25		105		33	49	
NO,SE,SI																																				9						
NO,SE,TW																																					1					
NO,SE,US								1																114				7	63				50					4				
NO,SE,ZA																																59										
NO,SE,null																														6												
NO,SI																		1																		4						
NO,TW																																		31	16							
NO,UG																			2				2							6				3					6			
NO,US			2		1	15	1	2				11	16	1			22	1	3	54		9	1	8	7		20	5	8	34	149	5	6	92	194	108	63	42	63	13	157	29
NO,US,ZA																																				10	23	9	12		4	
NO,ZA																									9					10	4			7		1					8	
NP									4												2				2										3				2	11	11	17
NP,PG,US																					1																					
NP,PK																						3					3		2				1	3						1		
NP,SA,VN																																										1
NP,TW																																							3	5	16	
NP,US				2																																					5	2
NZ	125	239	178	137	229	141	244	456	336	953	585	568	275	819	538	865	982	684	845	1106	679	859	839	761	976	1057	950	775	909	896	1199	1390	951	1189	956	1267	1082	972	1268	1480	902	586
NZ,OM																							4	7		2																
NZ,PK																																		26	19	13	16	5	41			13
NZ,PL																									2	36		2								22	59					
NZ,PL,TH																																										21
NZ,PL,US																																7		41								
NZ,PT																2	1																									
NZ,QA,US																				1																3						
NZ,RS																							8																			
NZ,RU																					3	2										12			1	47	41	54	36	22	2	
NZ,RU,SE																																							20			
NZ,RU,US																																			19							
NZ,SA																																			20							
NZ,SA,US																																	30	56								
NZ,SE																	9		15		1	4			3				19	10												
NZ,SE,US																																								1		
NZ,SG								6							1			12		105	19	31	11	61		36	61	31	29	66	22	9	15	5	1		1	6	18	1		
NZ,SG,US																						9																			101	31
NZ,SG,null																														20												
NZ,SI						10																																				
NZ,TH																1	1								2										1	6						
NZ,TO																																						4				
NZ,TR																																					30					24
NZ,UA																																26	10									
NZ,US	5				3	31	7	14	8	4	5	5	15	65	71	102	57	20	82	143	140	123	22	169	161	27	16	291	165	827	406	205	287	127	528	261	149	225	317	304	67	510
NZ,US,null																											2	13		5												
NZ,VE																	1																									
NZ,ZA																						11								13												
NZ,null								9																								13										
None		36	165	27	9	66	142	164	217	77	129	39	45	89	54	100	24	124	202	246	103	31																				
None,PL		2																																								
None,SB												12																														
None,TR																			22		10	16																				
None,UA															2																											
None,US		1								6											6	5																				
OM		1							1													2		2	6	3	13	1		25	19	4		64	22	22	15	16	10	34	33	29
OM,PK																															2	5	5	2	3		3	25	26	39	82	34
OM,PK,RO,SA																																									1	
OM,PK,SA																																			1				11	27	30	44
OM,PK,ZA																																			2							
OM,SA																																										1
OM,SD																																			1			4	4			
OM,SI																																									53	
OM,TR																																							3			
OM,US																								2													1					21
OM,US,ZA																																				2						
OM,ZA																																					1					
PA					5						8									10			23	13	12	11	10									2					6	
PA,PG,US																																3										
PA,PR,US																								7		9																
PA,SG																						2																				
PA,TW																																		9								
PA,US															2					5					8	1					11	4	3	1		29		4				
PA,US,null																												2														
PA,ZA,null																												4														
PE										1		2						2		2	6	1						25						1		4						9
PE,US								4													1		3					1		46												
PE,VE																															22											
PF																	3																								5	
PG													7																													
PG,TZ																		1	2				1																			
PG,US																										6		13	5		6	15	2	14								
PG,US,null																														8												
PH						1			21	9				6	6		2	2		2		5			2					4			1	3		2	53	17		4	11	9
PH,RO																																		25								
PH,SG																																										1
PH,TH																																								1		
PH,TW																												43		2	9	83	51	55	2	2		1	5	34		
PH,US																8					1	1		4						8	12	13	8	24	4		1	4	3	21		
PH,US,null																													9													
PK	46	67	31	24	36	44	97	80	66	40	38	51	40	27	28	36	59	42	132	76	126	126	113	160	145	176	204	191	216	526	233	499	680	469	509	537	655	568	673	614	488	558
PK,PL																															4			18	8		1		2	29	2	5
PK,PL,SA																																				19	8	1	4			
PK,PL,TR																																										12
PK,PL,US																																										6
PK,PT																																		8								
PK,QA																																		2			12		5			14
PK,QA,US																																							17			
PK,RO																														1						4	2	9	5		1	6
PK,RS,SA,US																																										
PK,RS,TR																																							2			
PK,RU																																									1	
PK,RU,SA																																		14								
PK,RU,SA,TR												1																								4						
PK,RU,US																																							2			
PK,SA							4																						5		9	5	2	103	87	161	50	195	83	252	457	491
PK,SA,SE																																			13							
PK,SA,TH																																										7
PK,SA,TN																																								1		
PK,SA,TR																																4	4						1	2	2	34
PK,SA,TR,US																																										
PK,SA,US																																		16				3	6	8		26
PK,SA,ZA																																								16		
PK,SD																														1		1								4		
PK,SD,US																																2										
PK,SE								5																														8			12	
PK,SE,TH																																	1									
PK,TH																																						1				
PK,TH,US																																					2					
PK,TN,TR																																										4
PK,TR									3		3		2	3	7	6	4		4			1	12			1	5		5	3	7		4	44	15	11	21	6	21	45	59	131
PK,TR,US																															2								16	1		
PK,TR,ZA																																									1	
PK,TW																															99											1
PK,US			13	9	15	7		7	2	9	1	3		2	19			41	3	7				9			2	8	4	45	49	123	11	64	98	27	32	50	2	63	11	143
PK,US,VN																																								1		
PK,UZ																									2	5																
PK,ZA																																13										
PK,null																																								1		
PL	707	942	980	1232	1084	1181	1542	1609	1637	1586	1111	1610	1650	1937	1839	1985	2213	2430	2331	3000	3246	3422	3230	3197	4053	3876	3236	3382	3550	3940	4327	4763	5444	5718	6719	7319	5609	6689	6452	6110	4971	5374
PL,PR																																				16						
PL,PR,US																																					15					
PL,PT			1																		3		17	10			3			8	23	17	21	21	12	11	11	14	9	14	11	10
PL,PT,RU																																		9				6			1	
PL,PT,RU,SK,UA,US																																1										
PL,PT,RU,UA																																								149		
PL,PT,SE																									2																	
PL,PT,SK,UA																															3											
PL,PT,UA																																									7	
PL,PT,UA,US																										3																
PL,PT,US																																		1			4	4				
PL,QA,SK																																										19
PL,RO																				2								17								5			2		7	2
PL,RO,UA,US																																							4			
PL,RS							1													3	3	4	4		5		21	9	4	7	17	7	12	24	4	8	4	28		8	12	6
PL,RS,RU																	5																									
PL,RS,SK																																										2
PL,RU	10			2	8	2	2	20	26	3	3	18	11	53		13	23	27	10	23	84	35	38	19	33	55	29	38	10	17	36	9	37	45	87	47	50		39	45	120	32
PL,RU,SI																			1																							
PL,RU,SK,UA																																1						1				
PL,RU,TW,US																										23																
PL,RU,UA																	1										5		4			60	10	2	37	3	2	16	6	7	3	
PL,RU,US																								1														22				
PL,RU,UZ																					1																					
PL,SA																									7									4	20		2			67		1
PL,SA,SD,TR																																										4
PL,SA,UA																																									1	
PL,SE			14			18	10	5			25	6	16	1	77	29	28	46	106	14	48	44	12		12	2		19	3	75	6	3	42	5		50	12	10		2		23
PL,SE,SK																											6															
PL,SE,UA																																			1							
PL,SE,US																																		14				12				
PL,SG			11																								1						1					21				
PL,SI										7									1			3	2	2	5			1		6			3	8	55	74	25	14	11	1		
PL,SI,UA																												2									16	2	4	4		2
PL,SI,US																																		17	16					26		
PL,SK	9	11		10	4					13		1			15	16	6	27	10	39	10	11	36	12	14	10	1	17	4	7	1	3	1			46		45	2	6	5	
PL,SK,UA																														1						2	1	4				18
PL,SK,UA,US																														2												
PL,SK,US																													10									3	12			
PL,SK,UZ																																							1			
PL,TN																																		2		2		3	1	3		
PL,TN,US																																					2					
PL,TR																														19			1	1	15	4	4		11	1		25
PL,TR,UA																																								15		
PL,TW																					7					1			5							1		4		15		
PL,TW,US																											5											4			19	
PL,UA												1					6	8	9	22	31	25	23	14	52	2	79	85	60	68	50	65	13	74	85	132	75	113	90	37	106	36
PL,UA,US																7					1			13				2										2			3	
PL,UA,UZ																				2																						
PL,US	13	17	47	47	42	14	19	15	4	13	55	24	64	87	136	89	18	23	35	45	96	51	57	86	48	84	101	104	229	286	95	319	231	277	208	410	191	385	159	395	187	272
PL,US,ZA																																							13			
PL,US,null																							3						2													
PL,UZ																																								2		
PL,VN									2																																2	
PL,YE																																							5			
PL,ZA													2	1			3			4	1								1		4		47		6	17		25			1	
PL,null								13		11				14														22		10								11				
PR	10	6		8	17	18	3	53	28	50	50	50	37	61	28	10	49	145	75	105	82	51	145	90	229	272	309	324	401	45	139	85	85	149	5		132	39	35	12	2	
PR,SK																					11			5	8																	
PR,US		9			1	3		7	18	7		8	4		1	19	1	21	3		44		3	2	13	5	13	6	9	13	107	3	33	245	12	32	7	1	20	2	2	51
PS												20					17		19	2	8		40	14	120		23		73	19	38	2	26	25	30	33	20	32	19	37	13	25
PS,QA,SA																																								3		
PS,SA																																						2				7
PS,SA,US																																						8				
PS,TR																																	9	24		13					5	3
PS,TR,US																																									2	
PS,UA																																23										
PS,US											1		4									1							3		8		11	15	7	21						
PS,ZA																																										
PT	14	31	5	30	39	23	147	101	110	102	135	114	154	123	114	125	263	295	306	472	739	908	865	672	667	835	814	800	973	1048	1042	1324	1379	1275	1149	920	954	660	832	768	791	820
PT,RO																														2				3			5	1	14	2	2	
PT,RO,TR																																					4					
PT,RO,UA																																							5			
PT,RS																																								4	1	
PT,RS,SA																																										1
PT,RS,TN																																									2	
PT,RU																		9	3	10	8	1	5	6				16	12		11	45	34	39	20	14	12	21	24	6	26	36
PT,RU,UA																																			10							
PT,RU,US																																								2		
PT,RU,ZA																																			29							
PT,SA																																							7			2
PT,SA,TN																																							1			
PT,SA,ZA																																			13		4					
PT,SE																						9	5			10		4														11
PT,SG																																			6		10		2			
PT,SI																												2														
PT,SK																																		2	3					4		
PT,SK,UA																																			4		6					
PT,SK,UA,US																																	5									
PT,TH										10					4																	8		3	8	15	7		1		13	3
PT,TH,TR																																				3						7
PT,TH,US									4			4	4	5		8		6	2	8				10																		
PT,TN																														4			10	10		1	3	4	4	7	4	1
PT,TR																												4									2				19	10
PT,TW																																			5							
PT,UA																																	5				12					
PT,US						19			1			5	14	2		12	7	15	22		11			6	32	4	8	39	93	58	125	111	155	119	108	113	13	75	37	11	9	24
PT,US,null					9																																					
PT,UY																																			8		8		6			
PT,VE																																	1									
PT,ZA																																			4				19	5	3	
PT,null											1																	16														
PW,US																				6																4						
PY								6										5	2						17							7					5					1
PY,SA,SD																																										7
PY,US											5		3																					5					1			
PY,UY																																							16			
QA	49							3	1	8	20	39		32		2		2						2	2	2	17	17	8	22	13	15	10	26	5	3		1	6	12	20	8
QA,RU,US																											2															
QA,SA																	6							2										1		5						
QA,SG																												11			1				4		1	1		3		3
QA,SG,US																														10				9					2			
QA,SK																																			2		2					
QA,TH																																8										
QA,TN																																	1							3		
QA,TR																																									3	
QA,TW,US																																11										
QA,US																															13	31	47		25	46	26	1	7	14	10	
QA,US,ZA																																							9			
RE																			1	3																	2	21		1		30
RO	70	64	80	34	99	16	145	4	54	33	111	77	131	32	50	109	82	147	145	230	114	121	200	91	90	98	151	217	177	341	296	431	530	347	351	461	256	208	358	345	348	264
RO,RS																															5		2									
RO,RU													12	9		1								1				2			2	3			13						14	11
RO,RU,US																																									4	
RO,SE																																									1	
RO,SE,UA																													1												2	1
RO,SG																				4																	12					
RO,SI																													18											3		4
RO,SI,VN																																				4						
RO,SK																													25					5	18		18	4				4
RO,TJ																																								1		
RO,TN																																									1	1
RO,TR																												7		1						1				1		
RO,UA																							1												2	13	13	8	5	39	39	11
RO,US						10	19	8				2				23				14		16	32	2	11		25	1	16	13	57			20	31		3		24	2		2
RO,ZA																								4	11		1			11	43	4		18	40	11	12	8	2			9
RO,null						2					8		6																													
RS		35	5	12	31	42	43	48	38	91	37	106	11	62	14	38	142	96	73	137	69	53	165	193	138	165	166	90	200	298	265	284	434	476	366	586	451	551	624	404	514	479
RS,RU								8	1	2		5		2																	13						9	31		10		
RS,RU,SI																																				2	2					
RS,SA																																										49
RS,SE																										6										3						
RS,SG																															22				5	3	36					
RS,SG,US																																					37					
RS,SI																					5			2			1		2	17	6			3	8	13	6	11	4	24	42	21
RS,SK																																		1	4		9		12			5
RS,TR																																										16
RS,US		1						3	19		2	11	14	5		2	4	2	13	18		3	2		18	30	2	16	3	7		5	49	61	5	5	42	104	27	30	3	2
RS,US,null																												21														
RS,UZ																																						3				
RS,XK																					3											32		9								
RS,ZA																										6																
RS,null								4	5										4											1												
RU	5030	5381	5764	5575	6162	5225	5379	6263	5648	6278	6270	3195	4458	3742	3023	3916	3217	3549	2864	4396	8587	8300	8832	8289	10525	9021	9833	8948	10128	10342	11131	10533	10645	11233	12992	13777	15280	16594	17204	17182	17058	17513
RU,SA																																		5	15	21						
RU,SA,SG																																								6		
RU,SA,US																																	26									
RU,SE															2	20		12	3	35	35	79	36	52	46	51	54	49	10	9	5	4	3	2	6	4	2	4	7	170	128	23
RU,SE,SI																																										5
RU,SE,US																								9	7	9				6	2				4							43
RU,SG																									7		23							42		40	6				4	
RU,SG,TW																																								9		
RU,SI																											2						4									3
RU,SI,UA																																	1									
RU,SI,US																														3												
RU,SK				15		9		14	3		4	1			6	1					3						27		18	80		2			12	17					9	
RU,TH																										1																
RU,TJ					8		7	9	7	2			25	19											8					29			15			1	15		20			
RU,TR																			2					5									5	17		2	1				16	14
RU,TR,US																																								3	3	
RU,TW																										2	38			111		11	8	34	70	12	6		76	17	18	20
RU,TW,US																									2	12																
RU,TW,US,null																											3															
RU,TW,ZA																																		12								
RU,UA	13	17	3	5	2	6	35	11	40	12	2	11	97	15	125	37	137	38	83	174	270	180	97	114	152	165	261	94	110	193	203	212	195	244	338	420	185	255	272	89	573	45
RU,UA,US					3																1			2	11			1		69		20	6	60	7		34		67		47	
RU,UA,null											3																															
RU,US	2	8	3	3	39	30	19	10	7	37	18	21	98	134	40	39	24	102	91	105	204	67	92	319	398	736	539	391	780	452	587	289	367	350	460	348	449	701	338	536	840	800
RU,US,VN																																	16									5
RU,US,ZA																										3																
RU,US,null																												4											4			
RU,UZ						4	37					1	3	6	3		4	3	4	16	2	19		5	2	1	5	3			17	5	18	8	18	12	27	58	3	6		8
RU,VN																	3													14	5	20	71	51	98	50	23	32	87	69	61	55
RU,ZA																	19									14						4			14	56	46	59	96	7	10	20
RU,null			24			4	5	1			11	6																6	56	48												
RW																									2								8	1						5		
RW,SE																																									7	
RW,US,ZA																																								1		
RW,ZA																																						15		55		
SA	5	19	10	47	50	66	126	179	92	155	41	66	87	71	37	81	119	237	199	314	181	61	182	209	84	176	324	265	268	443	577	730	963	901	833	1376	891	882	1309	1243	1118	877
SA,SD																								1									7	5	3				5		18	
SA,SD,US																																										3
SA,SG			4																								10			45	137	29	40	23	65	79	13	37	40			102
SA,SG,US																																2										
SA,SK																																							6	2		
SA,SK,US																																					6					
SA,SY																																			1							
SA,TN																									1					2	4	4	1		10	48	39	11	22	100	71	83
SA,TN,TR																																					12	10	28	24	25	10
SA,TN,YE																																								2		
SA,TN,ZA																																										
SA,TR															4									1		17								2	3	36	10	36	9	40	44	10
SA,TR,US																																									4	
SA,TW																															1			4		1	10	27	12	1	7	
SA,UA																																									20	
SA,US				31	6	4	3	6	12	5		10	7			3	2	4	11		8	8	6				35				23	27	242	339	102	30	56	133	133	84	151	54
SA,US,YE																																					3					
SA,VN																																					2		7			
SA,ZA																			19		1									4		6	18	8	9		23	31	1	76	23	
SA,null																													7													
SD			13					6									1													1	10	16	1	2	3	2	6	7	3		2	
SD,TR																																										6
SD,TW																3																										
SD,US					12	1																																				
SE	273	149	333	196	388	360	760	761	660	844	717	737	988	1206	1430	1808	1429	1585	1372	1569	1759	2426	2559	2535	2346	2420	2676	2186	2002	2360	2037	2925	2541	2228	2228	2660	2284	2290	2280	2075	1697	1875
SE,SG																														19			36	17	2		154	3			5	
SE,SG,US																																				1						
SE,SI																		5																				14			39	59
SE,SK																		5		9		16	16	9	56	4	4		5					5								
SE,SK,UA																														1												
SE,SS								4																																		
SE,TH																									10	4		56														2
SE,TH,ZA																																										64
SE,TR																													2		2	1										1
SE,TW																											3									11		4		23	11	
SE,TZ																																								3		
SE,UA																								2										1					3		1	
SE,UA,US																																			2							
SE,US	1	6	28	37	1	9	1		3	4	62	1	83	19	64	8	13	79	55	58	20	74	217	599	71	440	191	337	390	389	199	328	259	116	562	133	234	234	65	53	88	104
SE,US,UY															2		6																									
SE,US,ZA																												6		12		14						4				
SE,US,null																														5												
SE,VN																																			10							
SE,ZA																						7	3		33	1	26	15	1	115	23	171	11	52	32	12			80	11	410	
SE,ZA,ZW																																									2	
SE,ZW																						2																				
SE,null																								18					45	32												
SG		5	1	27	25	45	37	78	103	144	127	135	110	119	48	74	299	322	242	441	560	338	630	560	331	1101	1145	3096	4701	4038	4850	6000	5616	5498	4699	3132	3438	3242	2249	2188	2759	1630
SG,SK																								17																		
SG,TH																												3						1	11	51	11			10		
SG,TW										3	9					5	8		8	13	10			4	2	9		1		80	17	19	24	13		82	56	153	23	81	21	18
SG,US																3			2	3	5	234	4	107	46	5	81	77	98	270	506	301	79	97	83	287	69	255	70	148	513	185
SG,VN																																					34			21	3	
SG,ZA																																									84	
SG,null																			2									23			9											
SI	52	83	56	51	34	31	34	73	185	161	172	88	114	174	246	204	484	311	362	299	400	298	199	369	402	459	382	661	342	279	440	445	686	395	305	589	652	464	478	219	324	539
SI,SK																																						2	1			
SI,TR																																										
SI,UA																									3	2	5	3		1	9	9				4		10			9	12
SI,US													1	37	1	16		21		19	11	9	7		16			15				27	9				43	38	30	60		
SK	265	281	220	238	208	121	178	150	180	125	237	474	440	698	347	360	276	88	130	189	208	185	115	156	78	171	189	221	116	351	249	274	542	423	287	331	372	398	628	520	579	321
SK,TH,US																																				6						
SK,TR																																						2	4			1
SK,TW																																			35							
SK,UA								15							1											11		1					1			11	6	3		1	3	
SK,UA,US																																2										
SK,US												2		4		32		15	17	9	4	12	4	11	29		4		10		39		79			20	18	17	7	2		7
SK,null			11		7			21			64	15																														
SN					2					15	8	1																				2								12		
SN,US	2		5																																							1
SR,US																							4		8																	
SS	37	31	32	31	76	9	25	24	16	5						14																										
SY															1				1			1			1			1	1		18	4	3		2			1	1			1
TG					2												5																									
TH	20	35	52	214	100	45	56	31	102	54	6		62	68	63	95	49	87	83	106	251	448	468	438	330	462	600	295	632	788	1008	1041	1080	960	1471	955	1343	1446	1613	1432	2044	2167
TH,TW																			4		1													9							15	15
TH,US	45	24		7	10	4		1	1	2	4	1	5	2	4	2	5	5		1	9	6	7	22	12	52	9	2	54	60	85	58	41	23	77	71	39	25	14	45	3	74
TH,US,VN																									4																	
TH,VN																																		2		8		10	8	17	70	39
TH,ZA																																				76						55
TJ		4		4	29	47	28	4		28		66	4	17	6	30		8	32	23	1				5	8	8	10					1		6	13		3		34	16	
TJ,US																															24					3				1		
TJ,null		1								1																																
TM,UZ																1																										
TN	12	1		2		35	8		24	35	27	49	5	3	22		47	39	90	142	26	143	148	147	71	165	204	131	133	221	235	260	337	397	354	320	190	91	162	41	62	103
TN,TR																							10														3	19	1		9	1
TN,US																														54			18	42	119	64	2	6	3	1		
TN,US,ZA																																									1	
TN,VN																																										2
TO,US																													3													
TR	2	39	104	44	34	63	61	142	100	159	227	293	346	428	615	647	583	645	743	549	1170	1109	1149	1287	1421	1321	1685	1358	1858	2360	2684	2652	3795	3377	3120	2997	3343	3344	3523	4075	3804	4589
TR,TW,US																																2										
TR,UA																					2		6				99				15	3	30	19	29	35	27	13	16	14	15	15
TR,US	7	4		7		6	2	11		8	2		8	53	22	4	7		44	6	42	69	30	38	165	62	33	63	34	98	70	83	103	132	269	118	84	87	49	36	92	118
TR,UZ														2						1																					2	
TR,XK																																	13		13				15	34		
TR,ZA											11									3							17	9	3		36	6	1	2	3			3	1		15	2
TR,null													7	15					29			8	12		14		9		7	17												
TT					2	1		4		6									7	17	8	12	8	10			12		9	18	55	10		38		13	44	23			8	
TT,US									4											1													4									
TW	13	35	74	57	102	86	119	206	324	484	453	568	822	1080	1017	2038	2628	2266	3035	2746	3101	3168	3046	3989	3821	4071	4393	4459	5472	6474	7763	8432	8369	7941	7332	7634	7285	5380	5868	5784	5385	4845
TW,UA																									3	5	5									3				6		
TW,US		1						22	9	45	10	34	38	44	83	32	80	29	69	11	119	40	193	74	168	83	87	158	108	232	364	423	240	238	198	121	259	191	297	610	93	180
TW,US,VN																																6								4		20
TW,US,null																								9																		
TW,VN																													1		4		65	23	21	1	10	15	5		6	1
TW,YE																								8														7				
TW,ZA																																	9	11					14	20	3	
TW,null																1										5	6	54	9	5	9			6			113					
TZ		64			42				2	75	54	132												4		4				6	2	9	3				11			2		1
TZ,US																																										4
TZ,ZA																															5			1				14				
UA	373	516	366	346	419	311	343	316	297	581	391	443	424	473	115	269	208	473	199	516	1955	2277	1577	2082	2057	2100	1877	2223	2457	2552	2379	3168	2174	3080	2199	1917	2012	2760	2478	2389	2607	1449
UA,US														2	8	1		6	4	1		53	8	52	68	18	50	60	51	130	138		94	95	189	28	84	132	194	107	54	139
UA,US,null																												10														
UA,UZ														116			52	51	13	23	15					63	44			7	9	9	8	11		8	20	8	24	10	14	
UA,null									1	6	1																															
UG							1			6																																
UG,US																														7									28	174		
UG,ZA																																										1
US	11915	10527	11675	11220	11509	11959	17141	22375	23756	27620	26013	30591	30078	28278	30855	63155	62260	64823	68667	69287	68191	73549	81093	83255	90884	94831	95156	90526	92549	95233	99516	93052	93396	86246	75663	78262	79502	79232	73311	74422	71094	60727
US,UY																	8							21				17	10	18	45	21		9		20	10		9	6	9	27
US,UZ																2			9	2						4		4	3												1	
US,VE		5						26			20	1				11		20		2	12	15			11		34		13	42	2			13			2	7	15	7		
US,VI																																				5	10					
US,VN					17														1		3	5	9			10			6		25	17	12	7	11	5	12	71	44	46	9	8
US,ZA				6	6			4	8	8	1	5	3		20	3	8	4	73	90	91	48	46	44	84	17	185	88	84	175	124	74	108	95	152	111	14	340	125	151	273	191
US,ZA,ZW																																33		1								
US,ZM																																										
US,ZW																	7			1	5												12									
US,null	8	2	1	14		17		18	17	48	6		18	16	4	7	1		5	1		1			3			112	369	136		70	52		15		8					
UY				4				1		7	13	6			8	2	12	21	52	66	22	15	24	13	66	71	75	39	27	100	57	11	68	49	41	48	77	52	19	59	30	109
UY,VE																												11														
UY,null																					2																					
UZ	12	2	145	29	21	51	18	17	31		41	38	6	8	12	14	28	21	21	55	106	111	78	49	77	101	65	96	80	81	114	85	121	23	31	13	70	10	38	76	48	20
VE	52	56	79	51	30	16	17	26	23	35	38	57	64	36	59	101	81	30	52	75	106	65	136	61	116	44	48	49	15	34	22	25	53	43	94	35	61	83	47	58		24
VN		6							2	1		14	2	19		1	12	23		4		4	7	40	26	15	12	7	23	34	62	89	85	137	199	199	280	225	359	529	612	746
XK																															5		4	3			2					
YE								11	5	7		6						33						14				10	28				2	1						10	2	2
ZA	198	134	126	190	201	172	402	249	418	549	470	354	459	433	324	607	411	563	423	609	297	349	394	618	597	495	750	703	577	750	1030	1023	1199	1148	1291	1318	1311	1088	1380	1644	1574	1053
ZA,ZW															1		3	2																						1		
ZM			8	4																																						
ZW							2					32	7								2						1													1		
total	202477	196160	202846	205563	212440	204001	215487	224152	217860	236788	230621	249354	243411	248411	257870	284881	288915	296785	298774	304730	306644	320772	336038	349988	364807	384807	392622	417664	455282	514206	544526	554374	597870	608362	604057	615778	642028	652980	679991	670775	700603	709001