"CollabGroup","Year","Value","source","iso3c","iso2c","TotalValue","Percentage"
"Italy-Serbia",1998,5,"absolute_counting_colabs_metalOrganic","ITA-SRB","IT-RS",1224109,4.08460357696904
"Switzerland-United Kingdom",1982,1,"absolute_counting_colabs_metalOrganic","CHE-GBR","CH-GB",645051,1.55026501780479
"Canada-Ukraine",2016,101,"absolute_counting_colabs_organic","CAN-UKR","CA-UA",2606936,38.7427999766776
"Cyprus-United States",2012,1,"absolute_counting_colabs_totalSpace","CYP-USA","CY-US",2340287,0.42729801943095
"Italy-Serbia",2006,1,"absolute_counting_colabs_organic","ITA-SRB","IT-RS",1660401,0.602264151852474
"Australia-Italy",1988,9,"absolute_counting_colabs_totalSpace","AUS-ITA","AU-IT",793726,11.3389255234174
"Norway",1999,22,"absolute_counting_colabs_raras","NOR","NO",1241217,17.7245397057888
"Greece-Iran-Poland-Spain",2020,1,"absolute_counting_colabs_metalOrganic","GRC-IRN-POL-ESP","GR-IR-PL-ES",2819039,0.354730814295226
"Austria-France",1981,1,"absolute_counting_colabs_organic","AUT-FRA","AT-FR",673793,1.48413533533296
"Australia-China-Spain",2007,3,"absolute_counting_colabs_organic","AUS-CHN-ESP","AU-CN-ES",1695677,1.76920486625696
"Argentina-Chile-France",2000,9,"absolute_counting_colabs_organic","ARG-CHL-FRA","AR-CL-FR",1326695,6.78377471837913
"Germany-Slovakia",1997,4,"absolute_counting_colabs_metalOrganic","DEU-SVK","DE-SK",1182320,3.38317883483321
"Italy-Sweden",2009,21,"absolute_counting_colabs_organic","ITA-SWE","IT-SE",1947736,10.7817486558753
"Egypt-United States",1987,21,"absolute_counting_colabs_totalSpace","EGY-USA","EG-US",743929,28.2285003004319
"Denmark-Poland",2014,169,"absolute_counting_colabs_totalSpace","DNK-POL","DK-PL",2599287,65.0178298895043
"Spain-United States-Venezuela",1988,1,"absolute_counting_colabs_organic","ESP-USA-VEN","ES-US-VE",793726,1.25988061371304
"Cuba-Mexico",2015,4,"absolute_counting_colabs_metalOrganic","CUB-MEX","CU-MX",2562487,1.56098352889205
"Czechia-United States",2018,305,"absolute_counting_colabs_totalSpace","CZE-USA","CZ-US",2750178,110.901912530753
"France-Germany",2010,910,"absolute_counting_colabs_totalSpace","FRA-DEU","FR-DE",2186977,416.099483442213
"Czechia-Hungary-Japan",2009,1,"absolute_counting_colabs_totalSpace","CZE-HUN-JPN","CZ-HU-JP",1947736,0.51341660266073
"Germany-Greece-Netherlands",2011,1,"absolute_counting_colabs_organic","DEU-GRC-NLD","DE-GR-NL",2306464,0.433564105054317
"Austria-Iran-Japan",2020,12,"absolute_counting_colabs_totalSpace","AUT-IRN-JPN","AT-IR-JP",2819039,4.25676977154271
"Germany-Peru",2000,2,"absolute_counting_colabs_metalOrganic","DEU-PER","DE-PE",1326695,1.50750549297314
"China-Thailand",2020,144,"absolute_counting_colabs_totalSpace","CHN-THA","CN-TH",2819039,51.0812372585126
"Poland-Switzerland",2021,85,"absolute_counting_colabs_organic","POL-CHE","PL-CH",2932339,28.9870986949326
"Slovakia-Switzerland",2014,1,"absolute_counting_colabs_organic","SVK-CHE","SK-CH",2599287,0.384720886920144
"Belarus-Russia",2012,56,"absolute_counting_colabs_organic","BLR-RUS","BY-RU",2340287,23.9286890881332
"Australia",1986,3,"absolute_counting_colabs_raras","AUS","AU",672378,4.46177596530523
"Slovenia-United States",2017,43,"absolute_counting_colabs_totalSpace","SVN-USA","SI-US",2722142,15.7963838771085
"Czechia-Iran-New Zealand",2015,5,"absolute_counting_colabs_organic","CZE-IRN-NZL","CZ-IR-NZ",2562487,1.95122941111506
"China-India-Poland",2020,7,"absolute_counting_colabs_totalSpace","CHN-IND-POL","CN-IN-PL",2819039,2.48311570006658
"Germany-Qatar",2021,4,"absolute_counting_colabs_organic","DEU-QAT","DE-QA",2932339,1.36409876211448
"China-Japan-South Korea",2016,2,"absolute_counting_colabs_metalOrganic","CHN-JPN-KOR","CN-JP-KR",2606936,0.767184157954012
"Bangladesh-Japan",2015,14,"absolute_counting_colabs_metalOrganic","BGD-JPN","BD-JP",2562487,5.46344235112217
"France-Unknown",1981,4,"absolute_counting_colabs_organic","FRA","FR-NA",673793,5.93654134133183
"Lebanon-South Korea",2019,6,"absolute_counting_colabs_totalSpace","LBN-KOR","LB-KR",2861304,2.09694600783419
"Brazil-Canada-Japan",2016,1,"absolute_counting_colabs_totalSpace","BRA-CAN-JPN","BR-CA-JP",2606936,0.383592078977006
"India-Ireland-Spain",2004,3,"absolute_counting_colabs_totalSpace","IND-IRL-ESP","IN-IE-ES",1537682,1.95098856590634
"China-Japan-United States",2007,14,"absolute_counting_colabs_totalSpace","CHN-JPN-USA","CN-JP-US",1695677,8.2562893758658
"India-Taiwan",2020,305,"absolute_counting_colabs_organic","IND-TWN","IN-TW",2819039,108.192898360044
"Spain-United Kingdom-Venezuela",2005,31,"absolute_counting_colabs_organic","ESP-GBR-VEN","ES-GB-VE",1597342,19.4072402779117
"Australia-Malaysia",1991,16,"absolute_counting_colabs_metalOrganic","AUS-MYS","AU-MY",823192,19.4365348545661
"China",2001,512,"absolute_counting_colabs_raras","CHN","CN",1343056,381.220142719291
"Poland-Spain-Sweden",2010,1,"absolute_counting_colabs_totalSpace","POL-ESP-SWE","PL-ES-SE",2186977,0.457252179606827
"Brazil-Italy-Poland-Spain",2021,8,"absolute_counting_colabs_totalSpace","BRA-ITA-POL-ESP","BR-IT-PL-ES",2932339,2.72819752422895
"India-Switzerland-Taiwan",2020,1,"absolute_counting_colabs_organic","IND-CHE-TWN","IN-CH-TW",2819039,0.354730814295226
"Italy-South Korea",2000,4,"absolute_counting_colabs_raras","ITA-KOR","IT-KR",1326695,3.01501098594628
"South Africa-Spain-United States",2021,2,"absolute_counting_colabs_metalOrganic","ZAF-ESP-USA","ZA-ES-US",2932339,0.682049381057238
"Russia-Sweden",2003,15,"absolute_counting_colabs_metalOrganic","RUS-SWE","RU-SE",1474230,10.1748031175597
"Lithuania-Spain",2015,8,"absolute_counting_colabs_organic","LTU-ESP","LT-ES",2562487,3.1219670577841
"Canada-France",2001,43,"absolute_counting_colabs_metalOrganic","CAN-FRA","CA-FR",1343056,32.0165354236905
"United States",2000,954,"absolute_counting_colabs_raras","USA","US",1326695,719.080120148188
"Belgium-Spain",2020,241,"absolute_counting_colabs_organic","BEL-ESP","BE-ES",2819039,85.4901262451495
"Israel-Italy",2016,8,"absolute_counting_colabs_metalOrganic","ISR-ITA","IL-IT",2606936,3.06873663181605
"Puerto Rico",2012,11,"absolute_counting_colabs_metalOrganic","PRI","PR",2340287,4.70027821374045
"Hungary",2021,1645,"absolute_counting_colabs_totalSpace","HUN","HU",2932339,560.985615919578
"Indonesia-Japan-Malaysia-United Kingdom",2021,19,"absolute_counting_colabs_organic","IDN-JPN-MYS-GBR","ID-JP-MY-GB",2932339,6.47946912004376
"France-Poland-United Kingdom",2003,11,"absolute_counting_colabs_totalSpace","FRA-POL-GBR","FR-PL-GB",1474230,7.46152228621043
"Morocco-Pakistan-Turkey",2000,4,"absolute_counting_colabs_organic","MAR-PAK-TUR","MA-PK-TR",1326695,3.01501098594628
"Canada-Turkey",2018,5,"absolute_counting_colabs_metalOrganic","CAN-TUR","CA-TR",2750178,1.8180641398484
"Israel-Singapore",2014,9,"absolute_counting_colabs_totalSpace","ISR-SGP","IL-SG",2599287,3.46248798228129
"China-France-Germany",2014,18,"absolute_counting_colabs_totalSpace","CHN-FRA-DEU","CN-FR-DE",2599287,6.92497596456259
"Greece-Moldova-Serbia",2020,8,"absolute_counting_colabs_organic","GRC-MDA-SRB","GR-MD-RS",2819039,2.83784651436181
"Cuba-Netherlands-Poland",2020,8,"absolute_counting_colabs_totalSpace","CUB-NLD-POL","CU-NL-PL",2819039,2.83784651436181
"France-Germany-Italy-Saudi Arabia-United States",2016,4,"absolute_counting_colabs_totalSpace","FRA-DEU-ITA-SAU-USA","FR-DE-IT-SA-US",2606936,1.53436831590802
"China-Russia",2003,23,"absolute_counting_colabs_totalSpace","CHN-RUS","CN-RU",1474230,15.6013647802582
"Austria-Poland",1995,6,"absolute_counting_colabs_totalSpace","AUT-POL","AT-PL",931356,6.44221973123059
"Chile-United States",2019,2,"absolute_counting_colabs_raras","CHL-USA","CL-US",2861304,0.698982002611397
"Austria-Spain-United States",2020,7,"absolute_counting_colabs_raras","AUT-ESP-USA","AT-ES-US",2819039,2.48311570006658
"China-Switzerland",1992,14,"absolute_counting_colabs_organic","CHN-CHE","CN-CH",893761,15.6641428748849
"Algeria-France-Saudi Arabia",2014,2,"absolute_counting_colabs_totalSpace","DZA-FRA-SAU","DZ-FR-SA",2599287,0.769441773840288
"India-Malaysia-Mauritius-Pakistan-Turkey",2021,10,"absolute_counting_colabs_organic","IND-MYS-MUS-PAK-TUR","IN-MY-MU-PK-TR",2932339,3.41024690528619
"Czechia-Germany-Norway",2018,1,"absolute_counting_colabs_organic","CZE-DEU-NOR","CZ-DE-NO",2750178,0.363612827969681
"Brazil-Italy-Netherlands",2006,3,"absolute_counting_colabs_totalSpace","BRA-ITA-NLD","BR-IT-NL",1660401,1.80679245555742
"Singapore",2001,560,"absolute_counting_colabs_organic","SGP","SG",1343056,416.959531099224
"New Zealand-Poland",2016,22,"absolute_counting_colabs_totalSpace","NZL-POL","NZ-PL",2606936,8.43902573749413
"Algeria-France",1998,13,"absolute_counting_colabs_metalOrganic","DZA-FRA","DZ-FR",1224109,10.6199693001195
"Australia-Poland",1998,1,"absolute_counting_colabs_totalSpace","AUS-POL","AU-PL",1224109,0.816920715393809
"Canada-New Zealand",1996,25,"absolute_counting_colabs_totalSpace","CAN-NZL","CA-NZ",1152504,21.691898683215
"Vietnam",1989,6,"absolute_counting_colabs_totalSpace","VNM","VN",778102,7.71107129913559
"India-Japan-Saudi Arabia",2022,1,"absolute_counting_colabs_totalSpace","IND-JPN-SAU","IN-JP-SA",2960168,0.337818664346078
"India-Italy-Poland",2016,9,"absolute_counting_colabs_totalSpace","IND-ITA-POL","IN-IT-PL",2606936,3.45232871079305
"Argentina-Belgium-Morocco-Romania-Turkey",2020,1,"absolute_counting_colabs_totalSpace","ARG-BEL-MAR-ROU-TUR","AR-BE-MA-RO-TR",2819039,0.354730814295226
"Canada-Costa Rica-United States",1996,2,"absolute_counting_colabs_totalSpace","CAN-CRI-USA","CA-CR-US",1152504,1.7353518946572
"Netherlands-Russia",1997,32,"absolute_counting_colabs_organic","NLD-RUS","NL-RU",1182320,27.0654306786657
"France-Romania-Senegal",2021,1,"absolute_counting_colabs_totalSpace","FRA-ROU-SEN","FR-RO-SN",2932339,0.341024690528619
"Germany-Greece",2007,21,"absolute_counting_colabs_organic","DEU-GRC","DE-GR",1695677,12.3844340637987
"Canada-Russia-United Kingdom",2013,15,"absolute_counting_colabs_organic","CAN-RUS-GBR","CA-RU-GB",2550387,5.88146034307734
"Hungary-Romania",2010,94,"absolute_counting_colabs_organic","HUN-ROU","HU-RO",2186977,42.9817048830418
"Greece-Unknown",1989,5,"absolute_counting_colabs_totalSpace","GRC","GR-NA",778102,6.42589274927966
"India",2006,15479,"absolute_counting_colabs_organic","IND","IN",1660401,9322.44680652445
"Canada-China-Hong Kong SAR China",2016,4,"absolute_counting_colabs_organic","CAN-CHN-HKG","CA-CN-HK",2606936,1.53436831590802
"China-Poland-United States",2014,1,"absolute_counting_colabs_metalOrganic","CHN-POL-USA","CN-PL-US",2599287,0.384720886920144
"Canada-Denmark",1986,1,"absolute_counting_colabs_totalSpace","CAN-DNK","CA-DK",672378,1.48725865510174
"Japan-Tunisia",2015,16,"absolute_counting_colabs_totalSpace","JPN-TUN","JP-TN",2562487,6.2439341155682
"Croatia-Germany",2019,36,"absolute_counting_colabs_organic","HRV-DEU","HR-DE",2861304,12.5816760470051
"Denmark-Iran",2019,1,"absolute_counting_colabs_totalSpace","DNK-IRN","DK-IR",2861304,0.349491001305698
"Portugal-Switzerland",2021,14,"absolute_counting_colabs_metalOrganic","PRT-CHE","PT-CH",2932339,4.77434566740066
"Bulgaria-Ireland",2015,3,"absolute_counting_colabs_totalSpace","BGR-IRL","BG-IE",2562487,1.17073764666904
"South Africa-Taiwan",2019,14,"absolute_counting_colabs_organic","ZAF-TWN","ZA-TW",2861304,4.89287401827978
"Italy-Poland",2007,2,"absolute_counting_colabs_raras","ITA-POL","IT-PL",1695677,1.17946991083797
"Belgium-France-Peru",2016,4,"absolute_counting_colabs_totalSpace","BEL-FRA-PER","BE-FR-PE",2606936,1.53436831590802
"China-Hong Kong SAR China",1991,19,"absolute_counting_colabs_organic","CHN-HKG","CN-HK",823192,23.0808851397973
"Japan-Netherlands",2006,4,"absolute_counting_colabs_totalSpace","JPN-NLD","JP-NL",1660401,2.4090566074099
"Germany-Sweden",1992,19,"absolute_counting_colabs_totalSpace","DEU-SWE","DE-SE",893761,21.2584796159152
"France-Hungary-Italy",2014,1,"absolute_counting_colabs_metalOrganic","FRA-HUN-ITA","FR-HU-IT",2599287,0.384720886920144
"Italy-Spain-United States",2014,4,"absolute_counting_colabs_organic","ITA-ESP-USA","IT-ES-US",2599287,1.53888354768058
"France-Portugal",2022,9,"absolute_counting_colabs_metalOrganic","FRA-PRT","FR-PT",2960168,3.0403679791147
"Canada-South Korea-United States-Vietnam",2020,1,"absolute_counting_colabs_raras","CAN-KOR-USA-VNM","CA-KR-US-VN",2819039,0.354730814295226
"Netherlands-Spain-United States",2014,11,"absolute_counting_colabs_totalSpace","NLD-ESP-USA","NL-ES-US",2599287,4.23192975612158
"Egypt-Japan-United States",2013,1,"absolute_counting_colabs_organic","EGY-JPN-USA","EG-JP-US",2550387,0.392097356205156
"Finland-Germany-Hungary",2003,15,"absolute_counting_colabs_totalSpace","FIN-DEU-HUN","FI-DE-HU",1474230,10.1748031175597
"Ireland-Russia-Spain",2003,8,"absolute_counting_colabs_organic","IRL-RUS-ESP","IE-RU-ES",1474230,5.42656166269849
"Poland-Taiwan",2001,7,"absolute_counting_colabs_totalSpace","POL-TWN","PL-TW",1343056,5.21199413874031
"France-Israel-Turkey",2007,8,"absolute_counting_colabs_metalOrganic","FRA-ISR-TUR","FR-IL-TR",1695677,4.71787964335189
"Chile-Hungary-Portugal",2005,7,"absolute_counting_colabs_organic","CHL-HUN-PRT","CL-HU-PT",1597342,4.38228006275425
"Japan-Romania",2001,10,"absolute_counting_colabs_organic","JPN-ROU","JP-RO",1343056,7.44570591248615
"Ireland-United Kingdom-United States",1990,2,"absolute_counting_colabs_metalOrganic","IRL-GBR-USA","IE-GB-US",839793,2.38153926027009
"Sweden-United States",2007,4,"absolute_counting_colabs_raras","SWE-USA","SE-US",1695677,2.35893982167594
"China-Netherlands",1996,9,"absolute_counting_colabs_totalSpace","CHN-NLD","CN-NL",1152504,7.80908352595739
"Pakistan-Turkey",1995,7,"absolute_counting_colabs_organic","PAK-TUR","PK-TR",931356,7.51592301976903
"Iran-Poland-Russia-Spain",2020,5,"absolute_counting_colabs_organic","IRN-POL-RUS-ESP","IR-PL-RU-ES",2819039,1.77365407147613
"South Africa-Spain",2019,20,"absolute_counting_colabs_organic","ZAF-ESP","ZA-ES",2861304,6.98982002611397
"Japan-Spain",2000,11,"absolute_counting_colabs_organic","JPN-ESP","JP-ES",1326695,8.29128021135227
"Tunisia",2015,383,"absolute_counting_colabs_totalSpace","TUN","TN",2562487,149.464172891414
"France-Poland",1985,41,"absolute_counting_colabs_totalSpace","FRA-POL","FR-PL",704006,58.2381400158521
"Germany-Venezuela",2019,1,"absolute_counting_colabs_organic","DEU-VEN","DE-VE",2861304,0.349491001305698
"France-Unknown",1992,27,"absolute_counting_colabs_totalSpace","FRA","FR-NA",893761,30.2094184015637
"Nigeria",2014,23,"absolute_counting_colabs_organic","NGA","NG",2599287,8.84858039916331
"India-United States",2017,350,"absolute_counting_colabs_metalOrganic","IND-USA","IN-US",2722142,128.575217604372
"Italy-Netherlands-Poland",2019,69,"absolute_counting_colabs_organic","ITA-NLD-POL","IT-NL-PL",2861304,24.1148790900932
"Saudi Arabia-Spain",2010,64,"absolute_counting_colabs_totalSpace","SAU-ESP","SA-ES",2186977,29.2641394948369
"Belgium-Iran-Spain",2014,6,"absolute_counting_colabs_totalSpace","BEL-IRN-ESP","BE-IR-ES",2599287,2.30832532152086
"Italy-Vietnam",2019,2,"absolute_counting_colabs_organic","ITA-VNM","IT-VN",2861304,0.698982002611397
"France-Spain",2007,315,"absolute_counting_colabs_totalSpace","FRA-ESP","FR-ES",1695677,185.766510956981
"Belgium-China",2014,19,"absolute_counting_colabs_raras","BEL-CHN","BE-CN",2599287,7.30969685148273
"Canada-Hong Kong SAR China-United States",2001,1,"absolute_counting_colabs_organic","CAN-HKG-USA","CA-HK-US",1343056,0.744570591248615
"Finland-Switzerland",1988,3,"absolute_counting_colabs_metalOrganic","FIN-CHE","FI-CH",793726,3.77964184113913
"Russia-Singapore",2017,6,"absolute_counting_colabs_organic","RUS-SGP","RU-SG",2722142,2.20414658750352
"Egypt-Japan-Saudi Arabia-United Arab Emirates",2021,5,"absolute_counting_colabs_organic","EGY-JPN-SAU-ARE","EG-JP-SA-AE",2932339,1.70512345264309
"Japan-Poland",1995,5,"absolute_counting_colabs_raras","JPN-POL","JP-PL",931356,5.36851644269216
"Saudi Arabia-Sri Lanka",1984,5,"absolute_counting_colabs_totalSpace","SAU-LKA","SA-LK",671670,7.44413179090923
"Azerbaijan-Italy-Turkey",2022,1,"absolute_counting_colabs_totalSpace","AZE-ITA-TUR","AZ-IT-TR",2960168,0.337818664346078
"Portugal-United Kingdom",2015,37,"absolute_counting_colabs_metalOrganic","PRT-GBR","PT-GB",2562487,14.4390976422515
"Austria-Finland-Sweden-United States",2021,4,"absolute_counting_colabs_totalSpace","AUT-FIN-SWE-USA","AT-FI-SE-US",2932339,1.36409876211448
"China-Germany-Taiwan-United States",2019,1,"absolute_counting_colabs_totalSpace","CHN-DEU-TWN-USA","CN-DE-TW-US",2861304,0.349491001305698
"Russia-Singapore",2021,2,"absolute_counting_colabs_metalOrganic","RUS-SGP","RU-SG",2932339,0.682049381057238
"France-Morocco",1998,15,"absolute_counting_colabs_raras","FRA-MAR","FR-MA",1224109,12.2538107309071
"Israel-United States",2005,164,"absolute_counting_colabs_totalSpace","ISR-USA","IL-US",1597342,102.670561470242
"Japan-Singapore",1997,3,"absolute_counting_colabs_metalOrganic","JPN-SGP","JP-SG",1182320,2.53738412612491
"Italy-Sweden",1997,10,"absolute_counting_colabs_organic","ITA-SWE","IT-SE",1182320,8.45794708708302
"China-Norway",2018,5,"absolute_counting_colabs_totalSpace","CHN-NOR","CN-NO",2750178,1.8180641398484
"Ethiopia-United Kingdom",1988,2,"absolute_counting_colabs_totalSpace","ETH-GBR","ET-GB",793726,2.51976122742609
"Belgium-India-Saudi Arabia-Turkey",2017,1,"absolute_counting_colabs_totalSpace","BEL-IND-SAU-TUR","BE-IN-SA-TR",2722142,0.36735776458392
"Lebanon-United States",2016,9,"absolute_counting_colabs_totalSpace","LBN-USA","LB-US",2606936,3.45232871079305
"Brazil",2022,3054,"absolute_counting_colabs_organic","BRA","BR",2960168,1031.69820091292
"Sweden-Unknown",2010,32,"absolute_counting_colabs_totalSpace","SWE","SE-NA",2186977,14.6320697474185
"Belgium-Egypt-Italy-Netherlands",2013,4,"absolute_counting_colabs_organic","BEL-EGY-ITA-NLD","BE-EG-IT-NL",2550387,1.56838942482063
"Portugal-United States",2019,38,"absolute_counting_colabs_totalSpace","PRT-USA","PT-US",2861304,13.2806580496165
"Egypt-Sweden",2019,22,"absolute_counting_colabs_organic","EGY-SWE","EG-SE",2861304,7.68880202872536
"Austria-Germany-Slovakia",2019,1,"absolute_counting_colabs_organic","AUT-DEU-SVK","AT-DE-SK",2861304,0.349491001305698
"Australia-Japan",2016,86,"absolute_counting_colabs_totalSpace","AUS-JPN","AU-JP",2606936,32.9889187920225
"Belgium-Chile-Hungary",2013,4,"absolute_counting_colabs_totalSpace","BEL-CHL-HUN","BE-CL-HU",2550387,1.56838942482063
"Austria-Hungary",1989,18,"absolute_counting_colabs_totalSpace","AUT-HUN","AT-HU",778102,23.1332138974068
"Germany-Italy",1999,146,"absolute_counting_colabs_organic","DEU-ITA","DE-IT",1241217,117.62649077478
"Canada-Egypt-United States",1985,7,"absolute_counting_colabs_totalSpace","CAN-EGY-USA","CA-EG-US",704006,9.94309707587719
"Hungary-Switzerland-United States",2021,13,"absolute_counting_colabs_organic","HUN-CHE-USA","HU-CH-US",2932339,4.43332097687205
"New Zealand-United Kingdom",1996,35,"absolute_counting_colabs_totalSpace","NZL-GBR","NZ-GB",1152504,30.368658156501
"Estonia-Sweden",2003,1,"absolute_counting_colabs_metalOrganic","EST-SWE","EE-SE",1474230,0.678320207837312
"Bangladesh-Germany",2021,31,"absolute_counting_colabs_totalSpace","BGD-DEU","BD-DE",2932339,10.5717654063872
"Ireland-Spain",1985,1,"absolute_counting_colabs_metalOrganic","IRL-ESP","IE-ES",704006,1.42044243941103
"Poland-United States-Unknown",1995,7,"absolute_counting_colabs_totalSpace","POL-USA","PL-US-NA",931356,7.51592301976903
"Australia-China-Japan",2018,2,"absolute_counting_colabs_organic","AUS-CHN-JPN","AU-CN-JP",2750178,0.727225655939361
"Brazil-Poland",2019,6,"absolute_counting_colabs_totalSpace","BRA-POL","BR-PL",2861304,2.09694600783419
"China-Germany-Luxembourg-United Kingdom",2011,5,"absolute_counting_colabs_totalSpace","CHN-DEU-LUX-GBR","CN-DE-LU-GB",2306464,2.16782052527158
"India-Serbia",2020,1,"absolute_counting_colabs_metalOrganic","IND-SRB","IN-RS",2819039,0.354730814295226
"Belgium-Saudi Arabia-United Kingdom",2017,12,"absolute_counting_colabs_organic","BEL-SAU-GBR","BE-SA-GB",2722142,4.40829317500703
"France-Iraq",1997,52,"absolute_counting_colabs_totalSpace","FRA-IRQ","FR-IQ",1182320,43.9813248528317
"Germany-Iraq",2012,6,"absolute_counting_colabs_organic","DEU-IRQ","DE-IQ",2340287,2.5637881165857
"New Zealand-Thailand",2005,2,"absolute_counting_colabs_totalSpace","NZL-THA","NZ-TH",1597342,1.25208001792979
"Germany-Spain",1990,55,"absolute_counting_colabs_organic","DEU-ESP","DE-ES",839793,65.4923296574275
"Canada-France",1995,62,"absolute_counting_colabs_totalSpace","CAN-FRA","CA-FR",931356,66.5696038893828
"Brazil-Germany-United States",2003,1,"absolute_counting_colabs_totalSpace","BRA-DEU-USA","BR-DE-US",1474230,0.678320207837312
"China-Iran",2010,58,"absolute_counting_colabs_totalSpace","CHN-IRN","CN-IR",2186977,26.520626417196
"Switzerland-Ukraine",2009,2,"absolute_counting_colabs_totalSpace","CHE-UKR","CH-UA",1947736,1.02683320532146
"China-Germany",2002,21,"absolute_counting_colabs_metalOrganic","CHN-DEU","CN-DE",1400151,14.9983823173358
"Russia-Sweden-United Kingdom",2012,4,"absolute_counting_colabs_totalSpace","RUS-SWE-GBR","RU-SE-GB",2340287,1.7091920777238
"China-Czechia-Japan-Taiwan-United States",2016,4,"absolute_counting_colabs_metalOrganic","CHN-CZE-JPN-TWN-USA","CN-CZ-JP-TW-US",2606936,1.53436831590802
"Australia-China-Japan-Netherlands-Spain-Switzerland",2021,160,"absolute_counting_colabs_totalSpace","AUS-CHN-JPN-NLD-ESP-CHE","AU-CN-JP-NL-ES-CH",2932339,54.563950484579
"Nepal-Pakistan",2002,3,"absolute_counting_colabs_organic","NPL-PAK","NP-PK",1400151,2.14262604533368
"Argentina-Brazil-Chile-Germany",2011,1,"absolute_counting_colabs_organic","ARG-BRA-CHL-DEU","AR-BR-CL-DE",2306464,0.433564105054317
"Italy-Serbia-United States",2007,6,"absolute_counting_colabs_organic","ITA-SRB-USA","IT-RS-US",1695677,3.53840973251392
"Germany-Turkey-Ukraine",2011,1,"absolute_counting_colabs_totalSpace","DEU-TUR-UKR","DE-TR-UA",2306464,0.433564105054317
"Australia-Canada-United Kingdom-United States",2012,8,"absolute_counting_colabs_organic","AUS-CAN-GBR-USA","AU-CA-GB-US",2340287,3.4183841554476
"China-India-Turkey-United States",2008,3,"absolute_counting_colabs_organic","CHN-IND-TUR-USA","CN-IN-TR-US",1793021,1.67315385597826
"Greece-Pakistan",2022,17,"absolute_counting_colabs_totalSpace","GRC-PAK","GR-PK",2960168,5.74291729388332
"South Africa-Taiwan",2014,11,"absolute_counting_colabs_organic","ZAF-TWN","ZA-TW",2599287,4.23192975612158
"Hungary-Japan",2016,5,"absolute_counting_colabs_totalSpace","HUN-JPN","HU-JP",2606936,1.91796039488503
"France-Spain-Ukraine",2020,13,"absolute_counting_colabs_organic","FRA-ESP-UKR","FR-ES-UA",2819039,4.61150058583794
"France-Portugal",1994,1,"absolute_counting_colabs_metalOrganic","FRA-PRT","FR-PT",882457,1.1331996913164
"Italy-United Kingdom",1991,31,"absolute_counting_colabs_organic","ITA-GBR","IT-GB",823192,37.6582862807219
"Germany-Hungary-Norway",2005,1,"absolute_counting_colabs_totalSpace","DEU-HUN-NOR","DE-HU-NO",1597342,0.626040008964893
"Denmark-United States",2001,32,"absolute_counting_colabs_totalSpace","DNK-USA","DK-US",1343056,23.8262589199557
"Belgium-Spain-United Kingdom-United States",2010,16,"absolute_counting_colabs_metalOrganic","BEL-ESP-GBR-USA","BE-ES-GB-US",2186977,7.31603487370923
"China-United Kingdom",2016,774,"absolute_counting_colabs_totalSpace","CHN-GBR","CN-GB",2606936,296.900269128203
"Hungary-Poland",1985,2,"absolute_counting_colabs_organic","HUN-POL","HU-PL",704006,2.84088487882206
"Netherlands-United States",1986,14,"absolute_counting_colabs_raras","NLD-USA","NL-US",672378,20.8216211714244
"Netherlands-Switzerland",1994,6,"absolute_counting_colabs_organic","NLD-CHE","NL-CH",882457,6.79919814789842
"Australia-China-India-Switzerland-Taiwan",2021,2,"absolute_counting_colabs_organic","AUS-CHN-IND-CHE-TWN","AU-CN-IN-CH-TW",2932339,0.682049381057238
"Norway-Spain-United Kingdom-United States",2002,4,"absolute_counting_colabs_organic","NOR-ESP-GBR-USA","NO-ES-GB-US",1400151,2.85683472711158
"Spain-United Kingdom-United States",2002,3,"absolute_counting_colabs_totalSpace","ESP-GBR-USA","ES-GB-US",1400151,2.14262604533368
"France-Venezuela",2013,6,"absolute_counting_colabs_totalSpace","FRA-VEN","FR-VE",2550387,2.35258413723094
"Denmark-Finland-India",2014,1,"absolute_counting_colabs_organic","DNK-FIN-IND","DK-FI-IN",2599287,0.384720886920144
"France-Hungary-Mexico",2012,1,"absolute_counting_colabs_totalSpace","FRA-HUN-MEX","FR-HU-MX",2340287,0.42729801943095
"Belgium-Croatia-Slovenia",2005,19,"absolute_counting_colabs_totalSpace","BEL-HRV-SVN","BE-HR-SI",1597342,11.894760170333
"Spain-Uruguay",2014,5,"absolute_counting_colabs_metalOrganic","ESP-URY","ES-UY",2599287,1.92360443460072
"Austria-Canada-Germany",2019,6,"absolute_counting_colabs_totalSpace","AUT-CAN-DEU","AT-CA-DE",2861304,2.09694600783419
"Syria",2022,1,"absolute_counting_colabs_totalSpace","SYR","SY",2960168,0.337818664346078
"Netherlands-United States",1986,42,"absolute_counting_colabs_totalSpace","NLD-USA","NL-US",672378,62.4648635142732
"Japan-Spain",1995,3,"absolute_counting_colabs_raras","JPN-ESP","JP-ES",931356,3.2211098656153
"Slovakia-Sweden",2004,9,"absolute_counting_colabs_totalSpace","SVK-SWE","SK-SE",1537682,5.85296569771904
"Chile-France-South Africa",2008,3,"absolute_counting_colabs_totalSpace","CHL-FRA-ZAF","CL-FR-ZA",1793021,1.67315385597826
"Czechia-India",2018,2,"absolute_counting_colabs_metalOrganic","CZE-IND","CZ-IN",2750178,0.727225655939361
"Canada-Poland-United Kingdom",2012,39,"absolute_counting_colabs_totalSpace","CAN-POL-GBR","CA-PL-GB",2340287,16.6646227578071
"Finland-Hungary",2001,57,"absolute_counting_colabs_totalSpace","FIN-HUN","FI-HU",1343056,42.4405237011711
"Australia-Iran",2019,89,"absolute_counting_colabs_totalSpace","AUS-IRN","AU-IR",2861304,31.1046991162072
"Croatia",1984,22,"absolute_counting_colabs_metalOrganic","HRV","HR",671670,32.7541798800006
"Spain",2011,2356,"absolute_counting_colabs_metalOrganic","ESP","ES",2306464,1021.47703150797
"Iran-United Kingdom",2012,9,"absolute_counting_colabs_totalSpace","IRN-GBR","IR-GB",2340287,3.84568217487855
"Australia-Belgium-Italy-Japan-United States",2010,20,"absolute_counting_colabs_totalSpace","AUS-BEL-ITA-JPN-USA","AU-BE-IT-JP-US",2186977,9.14504359213654
"Egypt-Italy-Saudi Arabia",2019,98,"absolute_counting_colabs_organic","EGY-ITA-SAU","EG-IT-SA",2861304,34.2501181279584
"France-Madagascar-Réunion",2021,11,"absolute_counting_colabs_totalSpace","FRA-MDG-REU","FR-MG-RE",2932339,3.75127159581481
"Austria-France-United Arab Emirates",2010,11,"absolute_counting_colabs_totalSpace","AUT-FRA-ARE","AT-FR-AE",2186977,5.0297739756751
"Germany-India-Spain",2011,40,"absolute_counting_colabs_metalOrganic","DEU-IND-ESP","DE-IN-ES",2306464,17.3425642021727
"Serbia",1990,10,"absolute_counting_colabs_metalOrganic","SRB","RS",839793,11.9076963013505
"France-Italy-Poland-Tunisia",2017,1,"absolute_counting_colabs_totalSpace","FRA-ITA-POL-TUN","FR-IT-PL-TN",2722142,0.36735776458392
"Austria-Israel",2000,12,"absolute_counting_colabs_metalOrganic","AUT-ISR","AT-IL",1326695,9.04503295783884
"Brazil-Uruguay",2018,14,"absolute_counting_colabs_metalOrganic","BRA-URY","BR-UY",2750178,5.09057959157553
"Canada-Norway",2012,14,"absolute_counting_colabs_organic","CAN-NOR","CA-NO",2340287,5.9821722720333
"Poland-United States",2001,111,"absolute_counting_colabs_totalSpace","POL-USA","PL-US",1343056,82.6473356285963
"South Korea-Taiwan",2011,5,"absolute_counting_colabs_totalSpace","KOR-TWN","KR-TW",2306464,2.16782052527158
"Denmark-Norway",2015,19,"absolute_counting_colabs_totalSpace","DNK-NOR","DK-NO",2562487,7.41467176223723
"Germany-New Zealand",2003,4,"absolute_counting_colabs_organic","DEU-NZL","DE-NZ",1474230,2.71328083134925
"Australia-Switzerland-United States",2007,33,"absolute_counting_colabs_organic","AUS-CHE-USA","AU-CH-US",1695677,19.4612535288265
"India-Italy-Switzerland-United States",2017,15,"absolute_counting_colabs_organic","IND-ITA-CHE-USA","IN-IT-CH-US",2722142,5.51036646875879
"Poland-Slovakia-Sweden",2007,6,"absolute_counting_colabs_organic","POL-SVK-SWE","PL-SK-SE",1695677,3.53840973251392
"Germany-Jordan-Netherlands",2018,4,"absolute_counting_colabs_organic","DEU-JOR-NLD","DE-JO-NL",2750178,1.45445131187872
"Ireland-United Arab Emirates",2011,2,"absolute_counting_colabs_totalSpace","IRL-ARE","IE-AE",2306464,0.867128210108634
"India-Oman",2017,7,"absolute_counting_colabs_totalSpace","IND-OMN","IN-OM",2722142,2.57150435208744
"Austria-France-Germany-Japan",1998,2,"absolute_counting_colabs_totalSpace","AUT-FRA-DEU-JPN","AT-FR-DE-JP",1224109,1.63384143078762
"Germany-Spain",2010,18,"absolute_counting_colabs_raras","DEU-ESP","DE-ES",2186977,8.23053923292289
"Romania",2006,13,"absolute_counting_colabs_metalOrganic","ROU","RO",1660401,7.82943397408216
"Canada-China-Germany-Spain",2018,50,"absolute_counting_colabs_organic","CAN-CHN-DEU-ESP","CA-CN-DE-ES",2750178,18.180641398484
"Belgium-Italy-United Kingdom",1996,20,"absolute_counting_colabs_organic","BEL-ITA-GBR","BE-IT-GB",1152504,17.353518946572
"Spain",2002,11215,"absolute_counting_colabs_totalSpace","ESP","ES",1400151,8009.85036613908
"Italy-Madagascar",2001,6,"absolute_counting_colabs_organic","ITA-MDG","IT-MG",1343056,4.46742354749169
"Malaysia",2019,457,"absolute_counting_colabs_organic","MYS","MY",2861304,159.717387596704
"Australia-United Kingdom",2000,131,"absolute_counting_colabs_organic","AUS-GBR","AU-GB",1326695,98.7416097897407
"Finland-Spain",1998,6,"absolute_counting_colabs_metalOrganic","FIN-ESP","FI-ES",1224109,4.90152429236285
"India-Singapore",2009,43,"absolute_counting_colabs_organic","IND-SGP","IN-SG",1947736,22.0769139144114
"France-Iran-United States",2018,44,"absolute_counting_colabs_organic","FRA-IRN-USA","FR-IR-US",2750178,15.9989644306659
"Italy-Japan",1999,38,"absolute_counting_colabs_totalSpace","ITA-JPN","IT-JP",1241217,30.6151140372715
"Germany-Italy-United Kingdom",2017,25,"absolute_counting_colabs_organic","DEU-ITA-GBR","DE-IT-GB",2722142,9.18394411459799
"Austria-Denmark",2015,61,"absolute_counting_colabs_totalSpace","AUT-DNK","AT-DK",2562487,23.8049988156037
"France-Slovakia",2017,36,"absolute_counting_colabs_organic","FRA-SVK","FR-SK",2722142,13.2248795250211
"Turkey-United States",2017,84,"absolute_counting_colabs_organic","TUR-USA","TR-US",2722142,30.8580522250492
"Poland",1992,116,"absolute_counting_colabs_metalOrganic","POL","PL",893761,129.788612391903
"India-Tanzania",2016,4,"absolute_counting_colabs_totalSpace","IND-TZA","IN-TZ",2606936,1.53436831590802
"Norway-Poland",2017,5,"absolute_counting_colabs_totalSpace","NOR-POL","NO-PL",2722142,1.8367888229196
"Czechia-India",2017,5,"absolute_counting_colabs_metalOrganic","CZE-IND","CZ-IN",2722142,1.8367888229196
"Japan-Spain-Sweden-United States",2016,6,"absolute_counting_colabs_organic","JPN-ESP-SWE-USA","JP-ES-SE-US",2606936,2.30155247386204
"France-Germany",2001,17,"absolute_counting_colabs_raras","FRA-DEU","FR-DE",1343056,12.6577000512265
"Germany-Moldova-Switzerland",2012,2,"absolute_counting_colabs_metalOrganic","DEU-MDA-CHE","DE-MD-CH",2340287,0.8545960388619
"Egypt",1982,725,"absolute_counting_colabs_organic","EGY","EG",645051,1123.94213790848
"Turkey",2007,409,"absolute_counting_colabs_metalOrganic","TUR","TR",1695677,241.201596766365
"France-Hungary",2005,2,"absolute_counting_colabs_metalOrganic","FRA-HUN","FR-HU",1597342,1.25208001792979
"Bulgaria-Finland",2004,2,"absolute_counting_colabs_totalSpace","BGR-FIN","BG-FI",1537682,1.30065904393756
"Netherlands-Spain-United Kingdom",2020,49,"absolute_counting_colabs_organic","NLD-ESP-GBR","NL-ES-GB",2819039,17.3818099004661
"Egypt-Qatar",2001,17,"absolute_counting_colabs_metalOrganic","EGY-QAT","EG-QA",1343056,12.6577000512265
"Australia-China-Japan",2013,1,"absolute_counting_colabs_organic","AUS-CHN-JPN","AU-CN-JP",2550387,0.392097356205156
"Switzerland-United States",2013,492,"absolute_counting_colabs_totalSpace","CHE-USA","CH-US",2550387,192.911899252937
"Canada-Denmark-Greenland-Norway",2008,4,"absolute_counting_colabs_totalSpace","CAN-DNK-GRL-NOR","CA-DK-GL-NO",1793021,2.23087180797102
"Puerto Rico",2005,229,"absolute_counting_colabs_organic","PRI","PR",1597342,143.36316205296
"Finland-Russia",2002,57,"absolute_counting_colabs_organic","FIN-RUS","FI-RU",1400151,40.70989486134
"Germany-Russia-United States",2011,36,"absolute_counting_colabs_totalSpace","DEU-RUS-USA","DE-RU-US",2306464,15.6083077819554
"Hungary-United States",1989,4,"absolute_counting_colabs_metalOrganic","HUN-USA","HU-US",778102,5.14071419942373
"Austria-Spain-Switzerland",2009,17,"absolute_counting_colabs_organic","AUT-ESP-CHE","AT-ES-CH",1947736,8.72808224523241
"France-Tunisia-United States",2019,3,"absolute_counting_colabs_totalSpace","FRA-TUN-USA","FR-TN-US",2861304,1.0484730039171
"Japan-Poland",2008,1,"absolute_counting_colabs_totalSpace","JPN-POL","JP-PL",1793021,0.557717951992754
"Finland-Taiwan",2018,3,"absolute_counting_colabs_organic","FIN-TWN","FI-TW",2750178,1.09083848390904
"Hungary",1988,775,"absolute_counting_colabs_organic","HUN","HU",793726,976.407475627609
"Italy-Switzerland",2001,66,"absolute_counting_colabs_metalOrganic","ITA-CHE","IT-CH",1343056,49.1416590224086
"Taiwan",1983,96,"absolute_counting_colabs_totalSpace","TWN","TW",671623,142.937332402255
"Iran-Russia",2018,1,"absolute_counting_colabs_organic","IRN-RUS","IR-RU",2750178,0.363612827969681
"Brazil-Italy",1996,16,"absolute_counting_colabs_organic","BRA-ITA","BR-IT",1152504,13.8828151572576
"Denmark-France",1986,19,"absolute_counting_colabs_totalSpace","DNK-FRA","DK-FR",672378,28.2579144469331
"China-Netherlands",2002,25,"absolute_counting_colabs_totalSpace","CHN-NLD","CN-NL",1400151,17.8552170444473
"Colombia-France-Lithuania",2017,5,"absolute_counting_colabs_raras","COL-FRA-LTU","CO-FR-LT",2722142,1.8367888229196
"Brazil-Italy",2000,10,"absolute_counting_colabs_totalSpace","BRA-ITA","BR-IT",1326695,7.5375274648657
"Bulgaria-Germany",1983,37,"absolute_counting_colabs_totalSpace","BGR-DEU","BG-DE",671623,55.0904301967026
"Netherlands-New Zealand",2008,4,"absolute_counting_colabs_organic","NLD-NZL","NL-NZ",1793021,2.23087180797102
"Canada-Finland-Ireland-United States",2013,3,"absolute_counting_colabs_metalOrganic","CAN-FIN-IRL-USA","CA-FI-IE-US",2550387,1.17629206861547
"Australia-Greece",2018,4,"absolute_counting_colabs_totalSpace","AUS-GRC","AU-GR",2750178,1.45445131187872
"Canada-Iran-Poland",2020,1,"absolute_counting_colabs_organic","CAN-IRN-POL","CA-IR-PL",2819039,0.354730814295226
"Australia-Brunei",2008,4,"absolute_counting_colabs_organic","AUS-BRN","AU-BN",1793021,2.23087180797102
"Austria-France",1988,6,"absolute_counting_colabs_organic","AUT-FRA","AT-FR",793726,7.55928368227827
"Hungary-Portugal-Spain",2011,22,"absolute_counting_colabs_totalSpace","HUN-PRT-ESP","HU-PT-ES",2306464,9.53841031119497
"France-Netherlands-Switzerland",2004,7,"absolute_counting_colabs_raras","FRA-NLD-CHE","FR-NL-CH",1537682,4.55230665378147
"Bulgaria-India",2006,5,"absolute_counting_colabs_totalSpace","BGR-IND","BG-IN",1660401,3.01132075926237
"Germany-Jordan",1989,1,"absolute_counting_colabs_totalSpace","DEU-JOR","DE-JO",778102,1.28517854985593
"Israel",1990,354,"absolute_counting_colabs_organic","ISR","IL",839793,421.532449067806
"Russia-Spain",2004,26,"absolute_counting_colabs_metalOrganic","RUS-ESP","RU-ES",1537682,16.9085675711883
"Malaysia-Netherlands",2011,1,"absolute_counting_colabs_organic","MYS-NLD","MY-NL",2306464,0.433564105054317
"Chile-Ecuador-Germany-Italy",2018,8,"absolute_counting_colabs_totalSpace","CHL-ECU-DEU-ITA","CL-EC-DE-IT",2750178,2.90890262375744
"Belgium-South Africa",2020,46,"absolute_counting_colabs_totalSpace","BEL-ZAF","BE-ZA",2819039,16.3176174575804
"France-India",2001,58,"absolute_counting_colabs_organic","FRA-IND","FR-IN",1343056,43.1850942924197
"China-Japan-Saudi Arabia",2012,15,"absolute_counting_colabs_totalSpace","CHN-JPN-SAU","CN-JP-SA",2340287,6.40947029146425
"China-Netherlands-Singapore",2021,3,"absolute_counting_colabs_totalSpace","CHN-NLD-SGP","CN-NL-SG",2932339,1.02307407158586
"Belarus-China",2020,4,"absolute_counting_colabs_raras","BLR-CHN","BY-CN",2819039,1.4189232571809
"Japan-South Korea-United States",2004,58,"absolute_counting_colabs_organic","JPN-KOR-USA","JP-KR-US",1537682,37.7191122741893
"Canada-Portugal",1996,6,"absolute_counting_colabs_totalSpace","CAN-PRT","CA-PT",1152504,5.2060556839716
"Egypt-Germany",2014,336,"absolute_counting_colabs_organic","EGY-DEU","EG-DE",2599287,129.266218005168
"Australia-China-United States",1998,1,"absolute_counting_colabs_totalSpace","AUS-CHN-USA","AU-CN-US",1224109,0.816920715393809
"Hong Kong SAR China",2011,277,"absolute_counting_colabs_metalOrganic","HKG","HK",2306464,120.097257100046
"Canada-France",2002,59,"absolute_counting_colabs_totalSpace","CAN-FRA","CA-FR",1400151,42.1383122248957
"Ireland-Russia-United Kingdom",2014,1,"absolute_counting_colabs_raras","IRL-RUS-GBR","IE-RU-GB",2599287,0.384720886920144
"China-Hong Kong SAR China",2006,148,"absolute_counting_colabs_organic","CHN-HKG","CN-HK",1660401,89.1350944741662
"Japan-Thailand",2016,64,"absolute_counting_colabs_organic","JPN-THA","JP-TH",2606936,24.5498930545284
"Netherlands-Russia",2016,1,"absolute_counting_colabs_organic","NLD-RUS","NL-RU",2606936,0.383592078977006
"Netherlands-Spain",2013,44,"absolute_counting_colabs_organic","NLD-ESP","NL-ES",2550387,17.2522836730269
"Germany-Greece",2002,66,"absolute_counting_colabs_totalSpace","DEU-GRC","DE-GR",1400151,47.137772997341
"Indonesia-United Kingdom",2019,4,"absolute_counting_colabs_totalSpace","IDN-GBR","ID-GB",2861304,1.39796400522279
"Israel",1995,60,"absolute_counting_colabs_raras","ISR","IL",931356,64.4221973123059
"Italy-Russia",2002,134,"absolute_counting_colabs_organic","ITA-RUS","IT-RU",1400151,95.7039633582378
"Germany-Switzerland",2021,957,"absolute_counting_colabs_organic","DEU-CHE","DE-CH",2932339,326.360628835888
"Ukraine",1997,338,"absolute_counting_colabs_totalSpace","UKR","UA",1182320,285.878611543406
"Germany-Japan",2004,257,"absolute_counting_colabs_totalSpace","DEU-JPN","DE-JP",1537682,167.134687145977
"Hungary-Russia",1991,9,"absolute_counting_colabs_raras","HUN-RUS","HU-RU",823192,10.9330508556934
"United Kingdom",1994,7425,"absolute_counting_colabs_organic","GBR","GB",882457,8414.0077080243
"Italy-Japan",2003,38,"absolute_counting_colabs_totalSpace","ITA-JPN","IT-JP",1474230,25.7761678978178
"Argentina-Chile-Mexico",2010,1,"absolute_counting_colabs_totalSpace","ARG-CHL-MEX","AR-CL-MX",2186977,0.457252179606827
"Italy-Poland",2014,139,"absolute_counting_colabs_totalSpace","ITA-POL","IT-PL",2599287,53.4762032819
"United States-Vietnam",2004,1,"absolute_counting_colabs_raras","USA-VNM","US-VN",1537682,0.650329521968782
"Spain-United States",2010,53,"absolute_counting_colabs_metalOrganic","ESP-USA","ES-US",2186977,24.2343655191618
"Czechia-Italy-Portugal",2005,13,"absolute_counting_colabs_totalSpace","CZE-ITA-PRT","CZ-IT-PT",1597342,8.13852011654361
"France-Mexico",2022,49,"absolute_counting_colabs_metalOrganic","FRA-MEX","FR-MX",2960168,16.5531145529578
"Ireland",1983,110,"absolute_counting_colabs_metalOrganic","IRL","IE",671623,163.782360044251
"India-United States",2011,187,"absolute_counting_colabs_metalOrganic","IND-USA","IN-US",2306464,81.0764876451573
"Unknown",2019,5,"absolute_counting_colabs_organic",NA,"NA",2861304,1.74745500652849
"Hungary-United States",2022,11,"absolute_counting_colabs_totalSpace","HUN-USA","HU-US",2960168,3.71600530780685
"Canada-Germany-Russia-United States",2007,16,"absolute_counting_colabs_totalSpace","CAN-DEU-RUS-USA","CA-DE-RU-US",1695677,9.43575928670378
"Poland-Russia-Ukraine",2020,6,"absolute_counting_colabs_metalOrganic","POL-RUS-UKR","PL-RU-UA",2819039,2.12838488577136
"China-Netherlands",1990,11,"absolute_counting_colabs_raras","CHN-NLD","CN-NL",839793,13.0984659314855
"Brazil-United States",1998,21,"absolute_counting_colabs_organic","BRA-USA","BR-US",1224109,17.15533502327
"France-Italy-United Kingdom",2018,9,"absolute_counting_colabs_organic","FRA-ITA-GBR","FR-IT-GB",2750178,3.27251545172712
"Germany-Netherlands-Switzerland",2022,3,"absolute_counting_colabs_totalSpace","DEU-NLD-CHE","DE-NL-CH",2960168,1.01345599303823
"Belgium-Russia",2018,1,"absolute_counting_colabs_raras","BEL-RUS","BE-RU",2750178,0.363612827969681
"Germany-Turkey",1999,59,"absolute_counting_colabs_totalSpace","DEU-TUR","DE-TR",1241217,47.5339928473426
"Belgium-Spain-United Kingdom-United States",2022,68,"absolute_counting_colabs_organic","BEL-ESP-GBR-USA","BE-ES-GB-US",2960168,22.9716691755333
"Ireland-Italy",2007,27,"absolute_counting_colabs_metalOrganic","IRL-ITA","IE-IT",1695677,15.9228437963126
"Bulgaria-France",1981,37,"absolute_counting_colabs_totalSpace","BGR-FRA","BG-FR",673793,54.9130074073195
"Cuba-Slovakia",1988,3,"absolute_counting_colabs_organic","CUB-SVK","CU-SK",793726,3.77964184113913
"Spain-Switzerland",2011,6,"absolute_counting_colabs_raras","ESP-CHE","ES-CH",2306464,2.6013846303259
"Belgium-Serbia-Spain",2020,43,"absolute_counting_colabs_totalSpace","BEL-SRB-ESP","BE-RS-ES",2819039,15.2534250146947
"Netherlands-Poland",1995,3,"absolute_counting_colabs_totalSpace","NLD-POL","NL-PL",931356,3.2211098656153
"Germany-Slovakia-Switzerland-United States",2008,17,"absolute_counting_colabs_totalSpace","DEU-SVK-CHE-USA","DE-SK-CH-US",1793021,9.48120518387682
"Chile",1982,3,"absolute_counting_colabs_metalOrganic","CHL","CL",645051,4.65079505341438
"Germany-India-Israel-Italy-United Kingdom",2017,5,"absolute_counting_colabs_metalOrganic","DEU-IND-ISR-ITA-GBR","DE-IN-IL-IT-GB",2722142,1.8367888229196
"Oman-Pakistan-Saudi Arabia",2021,30,"absolute_counting_colabs_totalSpace","OMN-PAK-SAU","OM-PK-SA",2932339,10.2307407158586
"Argentina-Israel",2017,5,"absolute_counting_colabs_metalOrganic","ARG-ISR","AR-IL",2722142,1.8367888229196
"Egypt-South Korea",2016,2,"absolute_counting_colabs_metalOrganic","EGY-KOR","EG-KR",2606936,0.767184157954012
"Germany-Poland-Slovakia",2014,11,"absolute_counting_colabs_totalSpace","DEU-POL-SVK","DE-PL-SK",2599287,4.23192975612158
"Argentina-Czechia-Germany",2008,27,"absolute_counting_colabs_organic","ARG-CZE-DEU","AR-CZ-DE",1793021,15.0583847038044
"Belgium-South Africa",2006,2,"absolute_counting_colabs_organic","BEL-ZAF","BE-ZA",1660401,1.20452830370495
"Germany-Spain-Turkey",2008,2,"absolute_counting_colabs_totalSpace","DEU-ESP-TUR","DE-ES-TR",1793021,1.11543590398551
"Colombia",2017,122,"absolute_counting_colabs_organic","COL","CO",2722142,44.8176472792382
"France-Italy-Netherlands-Spain",2012,103,"absolute_counting_colabs_organic","FRA-ITA-NLD-ESP","FR-IT-NL-ES",2340287,44.0116960013879
"Singapore-Switzerland",2011,44,"absolute_counting_colabs_totalSpace","SGP-CHE","SG-CH",2306464,19.0768206223899
"Bulgaria",1991,466,"absolute_counting_colabs_organic","BGR","BG",823192,566.089077639238
"Germany-Moldova",2017,18,"absolute_counting_colabs_organic","DEU-MDA","DE-MD",2722142,6.61243976251055
"Denmark-Germany-Iran",2009,4,"absolute_counting_colabs_organic","DNK-DEU-IRN","DK-DE-IR",1947736,2.05366641064292
"Germany-Poland-United States",2021,241,"absolute_counting_colabs_totalSpace","DEU-POL-USA","DE-PL-US",2932339,82.1869504173972
"Germany-Japan-Spain",2015,30,"absolute_counting_colabs_totalSpace","DEU-JPN-ESP","DE-JP-ES",2562487,11.7073764666904
"Italy",2017,530,"absolute_counting_colabs_metalOrganic","ITA","IT",2722142,194.699615229477
"Austria-India",2021,1,"absolute_counting_colabs_raras","AUT-IND","AT-IN",2932339,0.341024690528619
"France-Portugal",1992,10,"absolute_counting_colabs_totalSpace","FRA-PRT","FR-PT",893761,11.1886734820606
"Australia-China",2010,266,"absolute_counting_colabs_organic","AUS-CHN","AU-CN",2186977,121.629079775416
"Taiwan",1985,28,"absolute_counting_colabs_metalOrganic","TWN","TW",704006,39.7723883035088
"Poland-South Korea",2021,41,"absolute_counting_colabs_totalSpace","POL-KOR","PL-KR",2932339,13.9820123116734
"Latvia",1987,194,"absolute_counting_colabs_totalSpace","LVA","LV",743929,260.77757420399
"Algeria-France",2021,329,"absolute_counting_colabs_organic","DZA-FRA","DZ-FR",2932339,112.197123183916
"Cameroon-United Kingdom",2016,7,"absolute_counting_colabs_totalSpace","CMR-GBR","CM-GB",2606936,2.68514455283904
"Austria-Belgium-Spain",2004,4,"absolute_counting_colabs_metalOrganic","AUT-BEL-ESP","AT-BE-ES",1537682,2.60131808787513
"Japan-Kazakhstan",2003,1,"absolute_counting_colabs_totalSpace","JPN-KAZ","JP-KZ",1474230,0.678320207837312
"Poland-South Korea",2016,2,"absolute_counting_colabs_organic","POL-KOR","PL-KR",2606936,0.767184157954012
"Germany-Jordan",2018,87,"absolute_counting_colabs_organic","DEU-JOR","DE-JO",2750178,31.6343160333622
"Japan-Russia-Spain",2021,16,"absolute_counting_colabs_metalOrganic","JPN-RUS-ESP","JP-RU-ES",2932339,5.4563950484579
"China-Taiwan",1986,9,"absolute_counting_colabs_organic","CHN-TWN","CN-TW",672378,13.3853278959157
"Italy-Nigeria",1998,1,"absolute_counting_colabs_totalSpace","ITA-NGA","IT-NG",1224109,0.816920715393809
"Switzerland-Taiwan",2014,79,"absolute_counting_colabs_organic","CHE-TWN","CH-TW",2599287,30.3929500666914
"Germany-Singapore-United Arab Emirates",2014,6,"absolute_counting_colabs_organic","DEU-SGP-ARE","DE-SG-AE",2599287,2.30832532152086
"Armenia-Russia",1997,2,"absolute_counting_colabs_organic","ARM-RUS","AM-RU",1182320,1.6915894174166
"France-Israel-United States",2011,3,"absolute_counting_colabs_totalSpace","FRA-ISR-USA","FR-IL-US",2306464,1.30069231516295
"Egypt-Saudi Arabia",2010,497,"absolute_counting_colabs_organic","EGY-SAU","EG-SA",2186977,227.254333264593
"Kazakhstan",2019,16,"absolute_counting_colabs_organic","KAZ","KZ",2861304,5.59185602089117
"China-Russia",1998,2,"absolute_counting_colabs_totalSpace","CHN-RUS","CN-RU",1224109,1.63384143078762
"Canada-New Zealand-United States",2020,8,"absolute_counting_colabs_totalSpace","CAN-NZL-USA","CA-NZ-US",2819039,2.83784651436181
"Croatia-Italy",2011,21,"absolute_counting_colabs_totalSpace","HRV-ITA","HR-IT",2306464,9.10484620614066
"Pakistan",2004,1,"absolute_counting_colabs_raras","PAK","PK",1537682,0.650329521968782
"Pakistan-Turkey",2022,17,"absolute_counting_colabs_metalOrganic","PAK-TUR","PK-TR",2960168,5.74291729388332
"Brazil",2020,4163,"absolute_counting_colabs_organic","BRA","BR",2819039,1476.74437991103
"South Korea-Taiwan",2018,1,"absolute_counting_colabs_organic","KOR-TWN","KR-TW",2750178,0.363612827969681
"Greece-Romania",2016,4,"absolute_counting_colabs_organic","GRC-ROU","GR-RO",2606936,1.53436831590802
"Germany-Poland-United Kingdom",2019,79,"absolute_counting_colabs_totalSpace","DEU-POL-GBR","DE-PL-GB",2861304,27.6097891031502
"Hungary-South Korea",1999,1,"absolute_counting_colabs_totalSpace","HUN-KOR","HU-KR",1241217,0.805660895717671
"Germany-Lithuania-Qatar-Switzerland",2020,9,"absolute_counting_colabs_organic","DEU-LTU-QAT-CHE","DE-LT-QA-CH",2819039,3.19257732865703
"India-Pakistan",2003,6,"absolute_counting_colabs_organic","IND-PAK","IN-PK",1474230,4.06992124702387
"Pakistan-United States",1986,7,"absolute_counting_colabs_totalSpace","PAK-USA","PK-US",672378,10.4108105857122
"France-Germany-Greece",2011,2,"absolute_counting_colabs_metalOrganic","FRA-DEU-GRC","FR-DE-GR",2306464,0.867128210108634
"Russia-Saudi Arabia",2019,4,"absolute_counting_colabs_raras","RUS-SAU","RU-SA",2861304,1.39796400522279
"Barbados-United Kingdom",2011,11,"absolute_counting_colabs_metalOrganic","BRB-GBR","BB-GB",2306464,4.76920515559749
"France-Russia",2019,100,"absolute_counting_colabs_raras","FRA-RUS","FR-RU",2861304,34.9491001305698
"Italy-Spain-United States",2000,2,"absolute_counting_colabs_totalSpace","ITA-ESP-USA","IT-ES-US",1326695,1.50750549297314
"Iran-New Zealand",2014,7,"absolute_counting_colabs_totalSpace","IRN-NZL","IR-NZ",2599287,2.69304620844101
"Austria-Spain-United Kingdom",2018,5,"absolute_counting_colabs_organic","AUT-ESP-GBR","AT-ES-GB",2750178,1.8180641398484
"Italy-Poland-Ukraine",2021,16,"absolute_counting_colabs_totalSpace","ITA-POL-UKR","IT-PL-UA",2932339,5.4563950484579
"China-India-South Africa",2021,11,"absolute_counting_colabs_totalSpace","CHN-IND-ZAF","CN-IN-ZA",2932339,3.75127159581481
"Egypt-Italy-Saudi Arabia",2022,54,"absolute_counting_colabs_totalSpace","EGY-ITA-SAU","EG-IT-SA",2960168,18.2422078746882
"France-Mexico-Spain",2003,11,"absolute_counting_colabs_metalOrganic","FRA-MEX-ESP","FR-MX-ES",1474230,7.46152228621043
"Japan-Russia",2001,19,"absolute_counting_colabs_totalSpace","JPN-RUS","JP-RU",1343056,14.1468412337237
"Algeria-France-Italy",2011,11,"absolute_counting_colabs_totalSpace","DZA-FRA-ITA","DZ-FR-IT",2306464,4.76920515559749
"Australia-Brazil",2009,3,"absolute_counting_colabs_organic","AUS-BRA","AU-BR",1947736,1.54024980798219
"United Kingdom-United States",1991,24,"absolute_counting_colabs_metalOrganic","GBR-USA","GB-US",823192,29.1548022818492
"France-Saudi Arabia",2019,9,"absolute_counting_colabs_totalSpace","FRA-SAU","FR-SA",2861304,3.14541901175129
"Philippines",2011,1,"absolute_counting_colabs_raras","PHL","PH",2306464,0.433564105054317
"Brazil-Italy",2009,46,"absolute_counting_colabs_organic","BRA-ITA","BR-IT",1947736,23.6171637223936
"Ghana",2009,11,"absolute_counting_colabs_totalSpace","GHA","GH",1947736,5.64758262926803
"Germany-India-Portugal",2019,5,"absolute_counting_colabs_organic","DEU-IND-PRT","DE-IN-PT",2861304,1.74745500652849
"Germany-Ukraine",1999,6,"absolute_counting_colabs_metalOrganic","DEU-UKR","DE-UA",1241217,4.83396537430602
"Australia-Lebanon",2022,3,"absolute_counting_colabs_totalSpace","AUS-LBN","AU-LB",2960168,1.01345599303823
"Chile",2021,220,"absolute_counting_colabs_totalSpace","CHL","CL",2932339,75.0254319162962
"Cameroon-Sweden-United Kingdom",2002,7,"absolute_counting_colabs_organic","CMR-SWE-GBR","CM-SE-GB",1400151,4.99946077244526
"Morocco-Spain-Tunisia",2021,1,"absolute_counting_colabs_organic","MAR-ESP-TUN","MA-ES-TN",2932339,0.341024690528619
"Belgium-United Kingdom-United States",2012,1,"absolute_counting_colabs_raras","BEL-GBR-USA","BE-GB-US",2340287,0.42729801943095
"France-Poland-Tunisia-United States",2018,1,"absolute_counting_colabs_totalSpace","FRA-POL-TUN-USA","FR-PL-TN-US",2750178,0.363612827969681
"France-Morocco",1983,10,"absolute_counting_colabs_organic","FRA-MAR","FR-MA",671623,14.8893054585683
"Germany-Switzerland-United States",1988,14,"absolute_counting_colabs_raras","DEU-CHE-USA","DE-CH-US",793726,17.6383285919826
"Switzerland-United States",2018,827,"absolute_counting_colabs_totalSpace","CHE-USA","CH-US",2750178,300.707808730926
"New Zealand",1996,865,"absolute_counting_colabs_organic","NZL","NZ",1152504,750.539694439238
"Australia-Germany-Ireland",2020,16,"absolute_counting_colabs_totalSpace","AUS-DEU-IRL","AU-DE-IE",2819039,5.67569302872362
"Austria-Germany",1984,110,"absolute_counting_colabs_totalSpace","AUT-DEU","AT-DE",671670,163.770899400003
"Finland-Germany-Hungary-Netherlands",2013,6,"absolute_counting_colabs_metalOrganic","FIN-DEU-HUN-NLD","FI-DE-HU-NL",2550387,2.35258413723094
"Italy-Japan",2011,35,"absolute_counting_colabs_totalSpace","ITA-JPN","IT-JP",2306464,15.1747436769011
"Australia-Indonesia-New Zealand",2005,58,"absolute_counting_colabs_totalSpace","AUS-IDN-NZL","AU-ID-NZ",1597342,36.3103205199638
"Cameroon",2018,6,"absolute_counting_colabs_totalSpace","CMR","CM",2750178,2.18167696781808
"Brazil-Canada-United Kingdom",2015,14,"absolute_counting_colabs_totalSpace","BRA-CAN-GBR","BR-CA-GB",2562487,5.46344235112217
"Czechia-Japan",2004,5,"absolute_counting_colabs_raras","CZE-JPN","CZ-JP",1537682,3.25164760984391
"Poland-Spain",2011,38,"absolute_counting_colabs_organic","POL-ESP","PL-ES",2306464,16.475435992064
"Austria-Turkey",1997,16,"absolute_counting_colabs_organic","AUT-TUR","AT-TR",1182320,13.5327153393328
"Finland-Slovenia",2020,32,"absolute_counting_colabs_organic","FIN-SVN","FI-SI",2819039,11.3513860574472
"Finland",2002,562,"absolute_counting_colabs_totalSpace","FIN","FI",1400151,401.385279159176
"Canada-Spain",2000,16,"absolute_counting_colabs_metalOrganic","CAN-ESP","CA-ES",1326695,12.0600439437851
"France-Morocco-Poland",1996,1,"absolute_counting_colabs_totalSpace","FRA-MAR-POL","FR-MA-PL",1152504,0.867675947328599
"Portugal-Russia-United Kingdom",2008,1,"absolute_counting_colabs_raras","PRT-RUS-GBR","PT-RU-GB",1793021,0.557717951992754
"India-Libya",2012,13,"absolute_counting_colabs_organic","IND-LBY","IN-LY",2340287,5.55487425260235
"Algeria-France",2001,45,"absolute_counting_colabs_metalOrganic","DZA-FRA","DZ-FR",1343056,33.5056766061877
"France-Portugal-Spain",2019,19,"absolute_counting_colabs_organic","FRA-PRT-ESP","FR-PT-ES",2861304,6.64032902480827
"France-Russia-Spain-Switzerland",2010,4,"absolute_counting_colabs_organic","FRA-RUS-ESP-CHE","FR-RU-ES-CH",2186977,1.82900871842731
"India-Saudi Arabia",2020,673,"absolute_counting_colabs_totalSpace","IND-SAU","IN-SA",2819039,238.733838020687
"Netherlands-Russia",2009,5,"absolute_counting_colabs_organic","NLD-RUS","NL-RU",1947736,2.56708301330365
"Belgium-United States",1986,4,"absolute_counting_colabs_totalSpace","BEL-USA","BE-US",672378,5.94903462040697
"Belgium-France-Switzerland",1989,22,"absolute_counting_colabs_organic","BEL-FRA-CHE","BE-FR-CH",778102,28.2739280968305
"Syria",2000,2,"absolute_counting_colabs_totalSpace","SYR","SY",1326695,1.50750549297314
"Germany-Sweden",1997,34,"absolute_counting_colabs_metalOrganic","DEU-SWE","DE-SE",1182320,28.7570200960823
"Czechia-Norway",2018,11,"absolute_counting_colabs_totalSpace","CZE-NOR","CZ-NO",2750178,3.99974110766649
"Belgium-Germany-United States",2011,9,"absolute_counting_colabs_organic","BEL-DEU-USA","BE-DE-US",2306464,3.90207694548885
"Algeria-Croatia-France-Germany",2021,4,"absolute_counting_colabs_organic","DZA-HRV-FRA-DEU","DZ-HR-FR-DE",2932339,1.36409876211448
"Germany-Japan-Ukraine",2018,3,"absolute_counting_colabs_totalSpace","DEU-JPN-UKR","DE-JP-UA",2750178,1.09083848390904
"Canada-South Korea",1994,6,"absolute_counting_colabs_totalSpace","CAN-KOR","CA-KR",882457,6.79919814789842
"Germany-Russia",2007,96,"absolute_counting_colabs_metalOrganic","DEU-RUS","DE-RU",1695677,56.6145557202227
"Germany-Italy-Morocco",2000,2,"absolute_counting_colabs_totalSpace","DEU-ITA-MAR","DE-IT-MA",1326695,1.50750549297314
"Pakistan-Sri Lanka",2016,3,"absolute_counting_colabs_totalSpace","PAK-LKA","PK-LK",2606936,1.15077623693102
"Brazil-United States",2008,1,"absolute_counting_colabs_raras","BRA-USA","BR-US",1793021,0.557717951992754
"Germany-Spain-Ukraine",2009,4,"absolute_counting_colabs_metalOrganic","DEU-ESP-UKR","DE-ES-UA",1947736,2.05366641064292
"China-Sweden",1998,7,"absolute_counting_colabs_totalSpace","CHN-SWE","CN-SE",1224109,5.71844500775666
"Italy-Switzerland",2011,261,"absolute_counting_colabs_organic","ITA-CHE","IT-CH",2306464,113.160231419177
"Japan-Sweden",2000,8,"absolute_counting_colabs_raras","JPN-SWE","JP-SE",1326695,6.03002197189256
"Bulgaria-Italy",2002,3,"absolute_counting_colabs_organic","BGR-ITA","BG-IT",1400151,2.14262604533368
"Germany-Spain-United Kingdom",2014,21,"absolute_counting_colabs_totalSpace","DEU-ESP-GBR","DE-ES-GB",2599287,8.07913862532302
"Jamaica-Trinidad & Tobago",2013,2,"absolute_counting_colabs_organic","JAM-TTO","JM-TT",2550387,0.784194712410313
"Brazil-Portugal-Spain",2006,4,"absolute_counting_colabs_totalSpace","BRA-PRT-ESP","BR-PT-ES",1660401,2.4090566074099
"Brazil-China-India-United States",2022,2,"absolute_counting_colabs_organic","BRA-CHN-IND-USA","BR-CN-IN-US",2960168,0.675637328692155
"Austria-Poland",2000,1,"absolute_counting_colabs_raras","AUT-POL","AT-PL",1326695,0.75375274648657
"Czechia-Germany-Russia",1996,6,"absolute_counting_colabs_organic","CZE-DEU-RUS","CZ-DE-RU",1152504,5.2060556839716
"Germany-Nigeria",2011,6,"absolute_counting_colabs_totalSpace","DEU-NGA","DE-NG",2306464,2.6013846303259
"China-Singapore-United States",2012,79,"absolute_counting_colabs_totalSpace","CHN-SGP-USA","CN-SG-US",2340287,33.7565435350451
"Czechia-Latvia-Slovenia-United Kingdom",2009,1,"absolute_counting_colabs_totalSpace","CZE-LVA-SVN-GBR","CZ-LV-SI-GB",1947736,0.51341660266073
"Kazakhstan-Pakistan",2018,1,"absolute_counting_colabs_organic","KAZ-PAK","KZ-PK",2750178,0.363612827969681
"Kazakhstan",1987,45,"absolute_counting_colabs_organic","KAZ","KZ",743929,60.4896435009255
"Germany-Unknown",2009,14,"absolute_counting_colabs_totalSpace","DEU","DE-NA",1947736,7.18783243725022
"Mexico-Russia",2006,12,"absolute_counting_colabs_metalOrganic","MEX-RUS","MX-RU",1660401,7.22716982222969
"Argentina-Japan",2009,4,"absolute_counting_colabs_organic","ARG-JPN","AR-JP",1947736,2.05366641064292
"Spain-Venezuela",2003,2,"absolute_counting_colabs_organic","ESP-VEN","ES-VE",1474230,1.35664041567462
"Czechia-France-Russia",2003,1,"absolute_counting_colabs_totalSpace","CZE-FRA-RUS","CZ-FR-RU",1474230,0.678320207837312
"Canada-Germany",1988,9,"absolute_counting_colabs_organic","CAN-DEU","CA-DE",793726,11.3389255234174
"South Africa-Spain",2015,23,"absolute_counting_colabs_metalOrganic","ZAF-ESP","ZA-ES",2562487,8.97565529112928
"Estonia",2020,71,"absolute_counting_colabs_totalSpace","EST","EE",2819039,25.1858878149611
"Argentina",2018,715,"absolute_counting_colabs_totalSpace","ARG","AR",2750178,259.983171998322
"France-Vietnam",1998,7,"absolute_counting_colabs_totalSpace","FRA-VNM","FR-VN",1224109,5.71844500775666
"Slovakia",2000,189,"absolute_counting_colabs_organic","SVK","SK",1326695,142.459269085962
"Venezuela",1985,30,"absolute_counting_colabs_totalSpace","VEN","VE",704006,42.6132731823308
"Cuba-Germany",2000,6,"absolute_counting_colabs_organic","CUB-DEU","CU-DE",1326695,4.52251647891942
"Germany-Japan-Nigeria-Vietnam",2020,6,"absolute_counting_colabs_totalSpace","DEU-JPN-NGA-VNM","DE-JP-NG-VN",2819039,2.12838488577136
"Denmark-India",2007,48,"absolute_counting_colabs_organic","DNK-IND","DK-IN",1695677,28.3072778601113
"Pakistan",2013,728,"absolute_counting_colabs_totalSpace","PAK","PK",2550387,285.446875317354
"Canada-South Korea-United States",2021,17,"absolute_counting_colabs_totalSpace","CAN-KOR-USA","CA-KR-US",2932339,5.79741973898652
"Belgium-Germany-Poland",1999,3,"absolute_counting_colabs_raras","BEL-DEU-POL","BE-DE-PL",1241217,2.41698268715301
"Pakistan-United Kingdom-United States",2016,3,"absolute_counting_colabs_metalOrganic","PAK-GBR-USA","PK-GB-US",2606936,1.15077623693102
"Sweden-United States",1990,4,"absolute_counting_colabs_organic","SWE-USA","SE-US",839793,4.76307852054018
"Azerbaijan-Italy-Russia",1987,5,"absolute_counting_colabs_organic","AZE-ITA-RUS","AZ-IT-RU",743929,6.72107150010283
"Canada-Malaysia-Saudi Arabia",2021,5,"absolute_counting_colabs_organic","CAN-MYS-SAU","CA-MY-SA",2932339,1.70512345264309
"Australia-Brazil-Cyprus-Finland-United States",2018,21,"absolute_counting_colabs_organic","AUS-BRA-CYP-FIN-USA","AU-BR-CY-FI-US",2750178,7.63586938736329
"France-Germany-Poland",2000,2,"absolute_counting_colabs_totalSpace","FRA-DEU-POL","FR-DE-PL",1326695,1.50750549297314
"Belgium-Spain",2012,5,"absolute_counting_colabs_metalOrganic","BEL-ESP","BE-ES",2340287,2.13649009715475
"Norway-Poland",2001,2,"absolute_counting_colabs_organic","NOR-POL","NO-PL",1343056,1.48914118249723
"India-Mexico",1998,10,"absolute_counting_colabs_metalOrganic","IND-MEX","IN-MX",1224109,8.16920715393809
"Czechia-India-Portugal",2022,10,"absolute_counting_colabs_organic","CZE-IND-PRT","CZ-IN-PT",2960168,3.37818664346078
"Ireland-Switzerland-Unknown",2008,6,"absolute_counting_colabs_metalOrganic","IRL-CHE","IE-CH-NA",1793021,3.34630771195652
"China-Hong Kong SAR China",2009,331,"absolute_counting_colabs_totalSpace","CHN-HKG","CN-HK",1947736,169.940895480702
"Finland",1985,160,"absolute_counting_colabs_totalSpace","FIN","FI",704006,227.270790305764
"Australia-New Zealand",1996,13,"absolute_counting_colabs_totalSpace","AUS-NZL","AU-NZ",1152504,11.2797873152718
"Germany-Italy-Russia",2006,1,"absolute_counting_colabs_totalSpace","DEU-ITA-RUS","DE-IT-RU",1660401,0.602264151852474
"Australia-France-Netherlands",2016,6,"absolute_counting_colabs_totalSpace","AUS-FRA-NLD","AU-FR-NL",2606936,2.30155247386204
"France-South Korea-United States",2005,21,"absolute_counting_colabs_organic","FRA-KOR-USA","FR-KR-US",1597342,13.1468401882628
"United States",2000,69287,"absolute_counting_colabs_organic","USA","US",1326695,52225.266545815
"Slovakia-United States",2013,79,"absolute_counting_colabs_organic","SVK-USA","SK-US",2550387,30.9756911402073
"Japan-Thailand",2010,3,"absolute_counting_colabs_metalOrganic","JPN-THA","JP-TH",2186977,1.37175653882048
"Austria-Zimbabwe",2002,6,"absolute_counting_colabs_organic","AUT-ZWE","AT-ZW",1400151,4.28525209066736
"Australia-China-Malaysia",2006,1,"absolute_counting_colabs_metalOrganic","AUS-CHN-MYS","AU-CN-MY",1660401,0.602264151852474
"Netherlands-United Kingdom",1990,50,"absolute_counting_colabs_metalOrganic","NLD-GBR","NL-GB",839793,59.5384815067523
"Russia-Vietnam",2011,5,"absolute_counting_colabs_organic","RUS-VNM","RU-VN",2306464,2.16782052527158
"Iraq-Saudi Arabia-United Arab Emirates-Uzbekistan",2022,1,"absolute_counting_colabs_organic","IRQ-SAU-ARE-UZB","IQ-SA-AE-UZ",2960168,0.337818664346078
"South Africa-United Kingdom-United States",2018,30,"absolute_counting_colabs_organic","ZAF-GBR-USA","ZA-GB-US",2750178,10.9083848390904
"France-Senegal",2012,18,"absolute_counting_colabs_organic","FRA-SEN","FR-SN",2340287,7.6913643497571
"India-South Africa-United Kingdom-United States",2011,15,"absolute_counting_colabs_organic","IND-ZAF-GBR-USA","IN-ZA-GB-US",2306464,6.50346157581475
"Australia-Canada-Spain",2015,17,"absolute_counting_colabs_organic","AUS-CAN-ESP","AU-CA-ES",2562487,6.63417999779121
"Latvia-Lithuania",2017,25,"absolute_counting_colabs_totalSpace","LVA-LTU","LV-LT",2722142,9.18394411459799
"Australia",2022,126,"absolute_counting_colabs_raras","AUS","AU",2960168,42.5651517076058
"Belgium-Cameroon-Madagascar",2022,1,"absolute_counting_colabs_totalSpace","BEL-CMR-MDG","BE-CM-MG",2960168,0.337818664346078
"Canada-Denmark-France-India-United States",2019,20,"absolute_counting_colabs_totalSpace","CAN-DNK-FRA-IND-USA","CA-DK-FR-IN-US",2861304,6.98982002611397
"Czechia-Iran",2020,1,"absolute_counting_colabs_raras","CZE-IRN","CZ-IR",2819039,0.354730814295226
"Egypt-Slovakia",1997,4,"absolute_counting_colabs_organic","EGY-SVK","EG-SK",1182320,3.38317883483321
"Germany-Ireland-United Kingdom",2004,44,"absolute_counting_colabs_organic","DEU-IRL-GBR","DE-IE-GB",1537682,28.6144989666264
"China-Singapore-United States",2005,4,"absolute_counting_colabs_raras","CHN-SGP-USA","CN-SG-US",1597342,2.50416003585957
"Brazil-Pakistan",2017,3,"absolute_counting_colabs_metalOrganic","BRA-PAK","BR-PK",2722142,1.10207329375176
"Hungary-United States",2001,89,"absolute_counting_colabs_totalSpace","HUN-USA","HU-US",1343056,66.2667826211267
"Japan-Netherlands",1998,1,"absolute_counting_colabs_raras","JPN-NLD","JP-NL",1224109,0.816920715393809
"Czechia-Finland-Spain",2014,24,"absolute_counting_colabs_totalSpace","CZE-FIN-ESP","CZ-FI-ES",2599287,9.23330128608345
"Australia-Croatia",2012,46,"absolute_counting_colabs_organic","AUS-HRV","AU-HR",2340287,19.6557088938237
"Indonesia-Japan",1988,14,"absolute_counting_colabs_totalSpace","IDN-JPN","ID-JP",793726,17.6383285919826
"China-United Kingdom",2000,35,"absolute_counting_colabs_totalSpace","CHN-GBR","CN-GB",1326695,26.3813461270299
"Japan",2005,45433,"absolute_counting_colabs_totalSpace","JPN","JP",1597342,28442.875727302
"Austria-Japan-Russia-United States",2002,4,"absolute_counting_colabs_raras","AUT-JPN-RUS-USA","AT-JP-RU-US",1400151,2.85683472711158
"Netherlands-Sweden",1998,88,"absolute_counting_colabs_totalSpace","NLD-SWE","NL-SE",1224109,71.8890229546552
"Switzerland",1986,3199,"absolute_counting_colabs_totalSpace","CHE","CH",672378,4757.74043767048
"Canada-Italy",2002,29,"absolute_counting_colabs_totalSpace","CAN-ITA","CA-IT",1400151,20.7120517715589
"Mexico-United States",1989,9,"absolute_counting_colabs_totalSpace","MEX-USA","MX-US",778102,11.5666069487034
"Czechia-United Kingdom-United States",2022,4,"absolute_counting_colabs_metalOrganic","CZE-GBR-USA","CZ-GB-US",2960168,1.35127465738431
"Slovakia-Turkey",2022,1,"absolute_counting_colabs_organic","SVK-TUR","SK-TR",2960168,0.337818664346078
"Czechia-Switzerland",2005,1,"absolute_counting_colabs_organic","CZE-CHE","CZ-CH",1597342,0.626040008964893
"Greece-Poland-United Kingdom",2016,3,"absolute_counting_colabs_totalSpace","GRC-POL-GBR","GR-PL-GB",2606936,1.15077623693102
"China-Portugal",2017,26,"absolute_counting_colabs_raras","CHN-PRT","CN-PT",2722142,9.55130187918191
"Argentina-Colombia-Spain",2018,46,"absolute_counting_colabs_organic","ARG-COL-ESP","AR-CO-ES",2750178,16.7261900866053
"Austria-Brazil-Germany-Vietnam",2013,11,"absolute_counting_colabs_metalOrganic","AUT-BRA-DEU-VNM","AT-BR-DE-VN",2550387,4.31307091825672
"Russia-Spain",2019,29,"absolute_counting_colabs_totalSpace","RUS-ESP","RU-ES",2861304,10.1352390378653
"Italy-Poland",2003,19,"absolute_counting_colabs_metalOrganic","ITA-POL","IT-PL",1474230,12.8880839489089
"Argentina-Brazil-United States-Uruguay",2005,5,"absolute_counting_colabs_organic","ARG-BRA-USA-URY","AR-BR-US-UY",1597342,3.13020004482446
"Slovakia-Spain",2013,5,"absolute_counting_colabs_totalSpace","SVK-ESP","SK-ES",2550387,1.96048678102578
"China-Mexico-Spain-United States",2017,13,"absolute_counting_colabs_totalSpace","CHN-MEX-ESP-USA","CN-MX-ES-US",2722142,4.77565093959095
"Spain",1998,9654,"absolute_counting_colabs_totalSpace","ESP","ES",1224109,7886.55258641183
"Ireland-Poland",2018,1,"absolute_counting_colabs_organic","IRL-POL","IE-PL",2750178,0.363612827969681
"Belgium-Germany",2012,2,"absolute_counting_colabs_raras","BEL-DEU","BE-DE",2340287,0.8545960388619
"Georgia",2006,38,"absolute_counting_colabs_organic","GEO","GE",1660401,22.886037770394
"Greece-Russia",2020,33,"absolute_counting_colabs_organic","GRC-RUS","GR-RU",2819039,11.7061168717425
"China-France-Japan-United Kingdom",2007,3,"absolute_counting_colabs_totalSpace","CHN-FRA-JPN-GBR","CN-FR-JP-GB",1695677,1.76920486625696
"Spain-Venezuela",1999,3,"absolute_counting_colabs_totalSpace","ESP-VEN","ES-VE",1241217,2.41698268715301
"Hungary-Spain",2001,30,"absolute_counting_colabs_metalOrganic","HUN-ESP","HU-ES",1343056,22.3371177374585
"Finland-Germany-India",2016,7,"absolute_counting_colabs_totalSpace","FIN-DEU-IND","FI-DE-IN",2606936,2.68514455283904
"Hungary-Romania",1997,2,"absolute_counting_colabs_organic","HUN-ROU","HU-RO",1182320,1.6915894174166
"Canada-France-Morocco",1997,3,"absolute_counting_colabs_totalSpace","CAN-FRA-MAR","CA-FR-MA",1182320,2.53738412612491
"South Africa-United Kingdom",2008,20,"absolute_counting_colabs_totalSpace","ZAF-GBR","ZA-GB",1793021,11.1543590398551
"Nigeria",2007,5,"absolute_counting_colabs_organic","NGA","NG",1695677,2.94867477709493
"Japan-United Kingdom-United States",2021,19,"absolute_counting_colabs_totalSpace","JPN-GBR-USA","JP-GB-US",2932339,6.47946912004376
"Belgium-Germany-Poland",2013,4,"absolute_counting_colabs_organic","BEL-DEU-POL","BE-DE-PL",2550387,1.56838942482063
"Italy-Japan",2002,1,"absolute_counting_colabs_metalOrganic","ITA-JPN","IT-JP",1400151,0.714208681777894
"Italy-Spain",2001,143,"absolute_counting_colabs_totalSpace","ITA-ESP","IT-ES",1343056,106.473594548552
"Austria-Spain-United States",2006,10,"absolute_counting_colabs_organic","AUT-ESP-USA","AT-ES-US",1660401,6.02264151852474
"France-Germany-Italy",2003,5,"absolute_counting_colabs_totalSpace","FRA-DEU-ITA","FR-DE-IT",1474230,3.39160103918656
"Saudi Arabia-Tunisia",2005,1,"absolute_counting_colabs_totalSpace","SAU-TUN","SA-TN",1597342,0.626040008964893
"Canada",2018,56,"absolute_counting_colabs_raras","CAN","CA",2750178,20.3623183663021
"Germany-Romania",1997,4,"absolute_counting_colabs_raras","DEU-ROU","DE-RO",1182320,3.38317883483321
"Mexico-United States",2005,13,"absolute_counting_colabs_metalOrganic","MEX-USA","MX-US",1597342,8.13852011654361
"Spain-United States",1998,156,"absolute_counting_colabs_totalSpace","ESP-USA","ES-US",1224109,127.439631601434
"Greece-United States",2020,173,"absolute_counting_colabs_organic","GRC-USA","GR-US",2819039,61.3684308730741
"Greece-Russia",2014,13,"absolute_counting_colabs_totalSpace","GRC-RUS","GR-RU",2599287,5.00137152996187
"Austria-United Kingdom",1992,1,"absolute_counting_colabs_metalOrganic","AUT-GBR","AT-GB",893761,1.11886734820606
"Belgium-Kuwait-Saudi Arabia",2020,4,"absolute_counting_colabs_raras","BEL-KWT-SAU","BE-KW-SA",2819039,1.4189232571809
"Greece",1984,17,"absolute_counting_colabs_raras","GRC","GR",671670,25.3100480890914
"France-Germany-Italy-Spain",2015,14,"absolute_counting_colabs_totalSpace","FRA-DEU-ITA-ESP","FR-DE-IT-ES",2562487,5.46344235112217
"Bulgaria",2006,370,"absolute_counting_colabs_totalSpace","BGR","BG",1660401,222.837736185415
"France-Germany",1996,8,"absolute_counting_colabs_raras","FRA-DEU","FR-DE",1152504,6.94140757862879
"Brazil-China-Pakistan-Saudi Arabia",2021,14,"absolute_counting_colabs_totalSpace","BRA-CHN-PAK-SAU","BR-CN-PK-SA",2932339,4.77434566740066
"Oman",2021,6,"absolute_counting_colabs_raras","OMN","OM",2932339,2.04614814317171
"China-Saudi Arabia-United States",2020,1,"absolute_counting_colabs_metalOrganic","CHN-SAU-USA","CN-SA-US",2819039,0.354730814295226
"Portugal-Russia",2019,24,"absolute_counting_colabs_totalSpace","PRT-RUS","PT-RU",2861304,8.38778403133676
"Italy-Saudi Arabia-United Kingdom",2019,19,"absolute_counting_colabs_totalSpace","ITA-SAU-GBR","IT-SA-GB",2861304,6.64032902480827
"Moldova-Russia",2007,34,"absolute_counting_colabs_organic","MDA-RUS","MD-RU",1695677,20.0509884842455
"Tanzania",2000,1,"absolute_counting_colabs_totalSpace","TZA","TZ",1326695,0.75375274648657
"Hungary-Sweden",1982,9,"absolute_counting_colabs_organic","HUN-SWE","HU-SE",645051,13.9523851602431
"Colombia-United Kingdom-Venezuela",2004,1,"absolute_counting_colabs_metalOrganic","COL-GBR-VEN","CO-GB-VE",1537682,0.650329521968782
"Algeria-Morocco-Turkey",2020,1,"absolute_counting_colabs_organic","DZA-MAR-TUR","DZ-MA-TR",2819039,0.354730814295226
"China-United States",2001,187,"absolute_counting_colabs_totalSpace","CHN-USA","CN-US",1343056,139.234700563491
"France-Madagascar",2008,13,"absolute_counting_colabs_totalSpace","FRA-MDG","FR-MG",1793021,7.2503333759058
"Croatia-United Kingdom",2010,1,"absolute_counting_colabs_totalSpace","HRV-GBR","HR-GB",2186977,0.457252179606827
"United Kingdom-Unknown",1995,1,"absolute_counting_colabs_organic","GBR","GB-NA",931356,1.07370328853843
"Colombia-Venezuela",2020,1,"absolute_counting_colabs_totalSpace","COL-VEN","CO-VE",2819039,0.354730814295226
"Argentina",2017,4,"absolute_counting_colabs_raras","ARG","AR",2722142,1.46943105833568
"Bulgaria-Russia",1986,9,"absolute_counting_colabs_organic","BGR-RUS","BG-RU",672378,13.3853278959157
"Morocco-Pakistan",2014,8,"absolute_counting_colabs_organic","MAR-PAK","MA-PK",2599287,3.07776709536115
"India-Switzerland-United States",2006,5,"absolute_counting_colabs_organic","IND-CHE-USA","IN-CH-US",1660401,3.01132075926237
"India-Pakistan-Palestinian Territories-Saudi Arabia",2016,3,"absolute_counting_colabs_totalSpace","IND-PAK-PSE-SAU","IN-PK-PS-SA",2606936,1.15077623693102
"Hungary-United Kingdom",2020,7,"absolute_counting_colabs_metalOrganic","HUN-GBR","HU-GB",2819039,2.48311570006658
"Germany-Ireland",2013,3,"absolute_counting_colabs_metalOrganic","DEU-IRL","DE-IE",2550387,1.17629206861547
"Finland-India",1997,6,"absolute_counting_colabs_organic","FIN-IND","FI-IN",1182320,5.07476825224981
"Algeria-Saudi Arabia",2002,3,"absolute_counting_colabs_metalOrganic","DZA-SAU","DZ-SA",1400151,2.14262604533368
"Croatia-Germany-Slovenia",2017,3,"absolute_counting_colabs_organic","HRV-DEU-SVN","HR-DE-SI",2722142,1.10207329375176
"Cameroon-Japan-Madagascar",2012,2,"absolute_counting_colabs_totalSpace","CMR-JPN-MDG","CM-JP-MG",2340287,0.8545960388619
"Portugal-Spain",1993,22,"absolute_counting_colabs_organic","PRT-ESP","PT-ES",868981,25.317009232653
"Germany-Slovenia-Switzerland",2014,17,"absolute_counting_colabs_organic","DEU-SVN-CHE","DE-SI-CH",2599287,6.54025507764245
"Finland-Italy-Russia",2021,6,"absolute_counting_colabs_totalSpace","FIN-ITA-RUS","FI-IT-RU",2932339,2.04614814317171
"Hungary-United States",2007,9,"absolute_counting_colabs_organic","HUN-USA","HU-US",1695677,5.30761459877087
"Brazil-Italy",1997,28,"absolute_counting_colabs_totalSpace","BRA-ITA","BR-IT",1182320,23.6822518438325
"Ireland-United Kingdom",2008,41,"absolute_counting_colabs_metalOrganic","IRL-GBR","IE-GB",1793021,22.8664360317029
"Algeria-Russia",2020,7,"absolute_counting_colabs_totalSpace","DZA-RUS","DZ-RU",2819039,2.48311570006658
"Croatia-United States",2016,51,"absolute_counting_colabs_organic","HRV-USA","HR-US",2606936,19.5631960278273
"Germany-Jordan-Libya",2004,11,"absolute_counting_colabs_totalSpace","DEU-JOR-LBY","DE-JO-LY",1537682,7.1536247416566
"China-Serbia-Switzerland",1989,26,"absolute_counting_colabs_organic","CHN-SRB-CHE","CN-RS-CH",778102,33.4146422962542
"Indonesia-Singapore-Taiwan",2022,1,"absolute_counting_colabs_organic","IDN-SGP-TWN","ID-SG-TW",2960168,0.337818664346078
"Oman-Pakistan",2017,3,"absolute_counting_colabs_totalSpace","OMN-PAK","OM-PK",2722142,1.10207329375176
"India-Israel-Malaysia",2020,6,"absolute_counting_colabs_metalOrganic","IND-ISR-MYS","IN-IL-MY",2819039,2.12838488577136
"Malaysia",2000,31,"absolute_counting_colabs_organic","MYS","MY",1326695,23.3663351410837
"China-Hong Kong SAR China",2000,158,"absolute_counting_colabs_organic","CHN-HKG","CN-HK",1326695,119.092933944878
"Czechia-Netherlands",1987,4,"absolute_counting_colabs_raras","CZE-NLD","CZ-NL",743929,5.37685720008227
"Greece-Italy",1997,6,"absolute_counting_colabs_organic","GRC-ITA","GR-IT",1182320,5.07476825224981
"Italy-Ukraine",2018,13,"absolute_counting_colabs_totalSpace","ITA-UKR","IT-UA",2750178,4.72696676360585
"Brazil-India-United States",2012,2,"absolute_counting_colabs_totalSpace","BRA-IND-USA","BR-IN-US",2340287,0.8545960388619
"Finland-Portugal-Russia",2007,4,"absolute_counting_colabs_organic","FIN-PRT-RUS","FI-PT-RU",1695677,2.35893982167594
"Finland-India",1996,46,"absolute_counting_colabs_metalOrganic","FIN-IND","FI-IN",1152504,39.9130935771156
"Belgium",2021,1130,"absolute_counting_colabs_organic","BEL","BE",2932339,385.357900297339
"Iran-United States",2022,25,"absolute_counting_colabs_metalOrganic","IRN-USA","IR-US",2960168,8.44546660865194
"Colombia-Spain",1991,4,"absolute_counting_colabs_organic","COL-ESP","CO-ES",823192,4.85913371364153
"Russia-Spain",2016,88,"absolute_counting_colabs_organic","RUS-ESP","RU-ES",2606936,33.7561029499765
"Germany-Uruguay",2000,4,"absolute_counting_colabs_organic","DEU-URY","DE-UY",1326695,3.01501098594628
"Turkey-United Kingdom",2001,26,"absolute_counting_colabs_totalSpace","TUR-GBR","TR-GB",1343056,19.358835372464
"Brazil-Uruguay",2009,9,"absolute_counting_colabs_organic","BRA-URY","BR-UY",1947736,4.62074942394657
"Mexico-Switzerland",1982,3,"absolute_counting_colabs_totalSpace","MEX-CHE","MX-CH",645051,4.65079505341438
"Austria-France-India",2015,5,"absolute_counting_colabs_organic","AUT-FRA-IND","AT-FR-IN",2562487,1.95122941111506
"India-Romania",2014,16,"absolute_counting_colabs_organic","IND-ROU","IN-RO",2599287,6.1555341907223
"Germany-South Korea",2022,12,"absolute_counting_colabs_metalOrganic","DEU-KOR","DE-KR",2960168,4.05382397215293
"Australia-Poland-United Kingdom",2018,5,"absolute_counting_colabs_totalSpace","AUS-POL-GBR","AU-PL-GB",2750178,1.8180641398484
"Croatia-United Kingdom",1989,38,"absolute_counting_colabs_totalSpace","HRV-GBR","HR-GB",778102,48.8367848945254
"Germany-Switzerland-United States",1996,6,"absolute_counting_colabs_totalSpace","DEU-CHE-USA","DE-CH-US",1152504,5.2060556839716
"Australia-Iran-Italy",2021,6,"absolute_counting_colabs_metalOrganic","AUS-IRN-ITA","AU-IR-IT",2932339,2.04614814317171
"Colombia-Germany-Spain",1994,15,"absolute_counting_colabs_totalSpace","COL-DEU-ESP","CO-DE-ES",882457,16.9979953697461
"Egypt",1988,1096,"absolute_counting_colabs_totalSpace","EGY","EG",793726,1380.8291526295
"Czechia-Greece",2020,4,"absolute_counting_colabs_totalSpace","CZE-GRC","CZ-GR",2819039,1.4189232571809
"Canada-Philippines",2020,2,"absolute_counting_colabs_organic","CAN-PHL","CA-PH",2819039,0.709461628590452
"Germany-Switzerland",2015,66,"absolute_counting_colabs_metalOrganic","DEU-CHE","DE-CH",2562487,25.7562282267188
"India-Taiwan-United States",2022,1,"absolute_counting_colabs_totalSpace","IND-TWN-USA","IN-TW-US",2960168,0.337818664346078
"France-Morocco",2022,1,"absolute_counting_colabs_metalOrganic","FRA-MAR","FR-MA",2960168,0.337818664346078
"Austria-Japan",2015,15,"absolute_counting_colabs_totalSpace","AUT-JPN","AT-JP",2562487,5.85368823334518
"Chile-Italy",1998,2,"absolute_counting_colabs_metalOrganic","CHL-ITA","CL-IT",1224109,1.63384143078762
"China-Unknown",2007,2,"absolute_counting_colabs_totalSpace","CHN","CN-NA",1695677,1.17946991083797
"Austria-Belgium",2013,67,"absolute_counting_colabs_organic","AUT-BEL","AT-BE",2550387,26.2705228657455
"Netherlands-United States",1988,3,"absolute_counting_colabs_metalOrganic","NLD-USA","NL-US",793726,3.77964184113913
"China-Romania",2021,6,"absolute_counting_colabs_organic","CHN-ROU","CN-RO",2932339,2.04614814317171
"Germany-Russia-United Kingdom",1996,9,"absolute_counting_colabs_organic","DEU-RUS-GBR","DE-RU-GB",1152504,7.80908352595739
"Denmark-India",2017,53,"absolute_counting_colabs_totalSpace","DNK-IND","DK-IN",2722142,19.4699615229477
"Belgium-Greece",2007,23,"absolute_counting_colabs_totalSpace","BEL-GRC","BE-GR",1695677,13.5639039746367
"Sweden-Ukraine",2003,2,"absolute_counting_colabs_totalSpace","SWE-UKR","SE-UA",1474230,1.35664041567462
"Poland-Sweden",1997,30,"absolute_counting_colabs_totalSpace","POL-SWE","PL-SE",1182320,25.3738412612491
"Spain-Switzerland-United Kingdom",2003,33,"absolute_counting_colabs_organic","ESP-CHE-GBR","ES-CH-GB",1474230,22.3845668586313
"Argentina-Israel",1986,1,"absolute_counting_colabs_totalSpace","ARG-ISR","AR-IL",672378,1.48725865510174
"Germany-Japan-Russia",2016,17,"absolute_counting_colabs_totalSpace","DEU-JPN-RUS","DE-JP-RU",2606936,6.5210653426091
"China-Uzbekistan",2010,5,"absolute_counting_colabs_organic","CHN-UZB","CN-UZ",2186977,2.28626089803414
"Denmark-India",2008,18,"absolute_counting_colabs_totalSpace","DNK-IND","DK-IN",1793021,10.0389231358696
"Belgium-Cameroon-Italy-Pakistan",2022,1,"absolute_counting_colabs_organic","BEL-CMR-ITA-PAK","BE-CM-IT-PK",2960168,0.337818664346078
"Germany-Japan-United Kingdom",2007,43,"absolute_counting_colabs_organic","DEU-JPN-GBR","DE-JP-GB",1695677,25.3586030830164
"China-South Korea",2002,8,"absolute_counting_colabs_raras","CHN-KOR","CN-KR",1400151,5.71366945422315
"France-Germany-Spain",2015,3,"absolute_counting_colabs_metalOrganic","FRA-DEU-ESP","FR-DE-ES",2562487,1.17073764666904
"France-Tunisia-United States",2020,6,"absolute_counting_colabs_organic","FRA-TUN-USA","FR-TN-US",2819039,2.12838488577136
"Hong Kong SAR China-India-Spain",2004,3,"absolute_counting_colabs_organic","HKG-IND-ESP","HK-IN-ES",1537682,1.95098856590634
"France-Spain-United Kingdom",2005,11,"absolute_counting_colabs_organic","FRA-ESP-GBR","FR-ES-GB",1597342,6.88644009861382
"China-Poland-Saudi Arabia-South Korea",2020,6,"absolute_counting_colabs_totalSpace","CHN-POL-SAU-KOR","CN-PL-SA-KR",2819039,2.12838488577136
"Japan-Poland",2010,78,"absolute_counting_colabs_totalSpace","JPN-POL","JP-PL",2186977,35.6656700093325
"Japan-Mexico",1987,4,"absolute_counting_colabs_metalOrganic","JPN-MEX","JP-MX",743929,5.37685720008227
"Netherlands-United States",2002,5,"absolute_counting_colabs_metalOrganic","NLD-USA","NL-US",1400151,3.57104340888947
"Italy-South Korea",2017,93,"absolute_counting_colabs_totalSpace","ITA-KOR","IT-KR",2722142,34.1642721063045
"Germany-Serbia",2000,1,"absolute_counting_colabs_organic","DEU-SRB","DE-RS",1326695,0.75375274648657
"Hungary-Israel-United States",2016,4,"absolute_counting_colabs_organic","HUN-ISR-USA","HU-IL-US",2606936,1.53436831590802
"Austria-France",2013,19,"absolute_counting_colabs_totalSpace","AUT-FRA","AT-FR",2550387,7.44984976789797
"China-Thailand",2020,144,"absolute_counting_colabs_organic","CHN-THA","CN-TH",2819039,51.0812372585126
"Czechia-Serbia-Slovakia",2020,3,"absolute_counting_colabs_metalOrganic","CZE-SRB-SVK","CZ-RS-SK",2819039,1.06419244288568
"Australia",1996,2039,"absolute_counting_colabs_organic","AUS","AU",1152504,1769.19125660301
"Armenia-Saudi Arabia",2021,1,"absolute_counting_colabs_organic","ARM-SAU","AM-SA",2932339,0.341024690528619
"Ukraine-Uzbekistan",2021,14,"absolute_counting_colabs_totalSpace","UKR-UZB","UA-UZ",2932339,4.77434566740066
"Greece-Spain-United Kingdom",2001,11,"absolute_counting_colabs_totalSpace","GRC-ESP-GBR","GR-ES-GB",1343056,8.19027650373477
"France-Germany-Switzerland-United States",2015,4,"absolute_counting_colabs_totalSpace","FRA-DEU-CHE-USA","FR-DE-CH-US",2562487,1.56098352889205
"Austria-India",1988,2,"absolute_counting_colabs_totalSpace","AUT-IND","AT-IN",793726,2.51976122742609
"Canada-Romania",2003,7,"absolute_counting_colabs_organic","CAN-ROU","CA-RO",1474230,4.74824145486118
"Japan-United Kingdom-United States",2006,1,"absolute_counting_colabs_totalSpace","JPN-GBR-USA","JP-GB-US",1660401,0.602264151852474
"Hungary-Portugal-Spain",2006,54,"absolute_counting_colabs_organic","HUN-PRT-ESP","HU-PT-ES",1660401,32.5222642000336
"Austria-Belgium-Germany-Italy",2020,9,"absolute_counting_colabs_totalSpace","AUT-BEL-DEU-ITA","AT-BE-DE-IT",2819039,3.19257732865703
"Malaysia-Saudi Arabia-United States",2016,2,"absolute_counting_colabs_metalOrganic","MYS-SAU-USA","MY-SA-US",2606936,0.767184157954012
"Germany-Slovenia",2015,21,"absolute_counting_colabs_metalOrganic","DEU-SVN","DE-SI",2562487,8.19516352668326
"Malaysia-Nigeria",2018,6,"absolute_counting_colabs_organic","MYS-NGA","MY-NG",2750178,2.18167696781808
"Hungary",2003,1506,"absolute_counting_colabs_totalSpace","HUN","HU",1474230,1021.55023300299
"India-Japan-Spain",2017,8,"absolute_counting_colabs_totalSpace","IND-JPN-ESP","IN-JP-ES",2722142,2.93886211667136
"Italy-Saudi Arabia-United States",2013,3,"absolute_counting_colabs_totalSpace","ITA-SAU-USA","IT-SA-US",2550387,1.17629206861547
"France-Morocco-Portugal-Romania",1996,12,"absolute_counting_colabs_totalSpace","FRA-MAR-PRT-ROU","FR-MA-PT-RO",1152504,10.4121113679432
"China-India-Romania-United States",2022,15,"absolute_counting_colabs_organic","CHN-IND-ROU-USA","CN-IN-RO-US",2960168,5.06727996519116
"Algeria",2022,135,"absolute_counting_colabs_totalSpace","DZA","DZ",2960168,45.6055196867205
"India-Poland",2020,30,"absolute_counting_colabs_metalOrganic","IND-POL","IN-PL",2819039,10.6419244288568
"New Zealand-Russia",2017,41,"absolute_counting_colabs_totalSpace","NZL-RUS","NZ-RU",2722142,15.0616683479407
"Italy-Slovakia",2005,3,"absolute_counting_colabs_organic","ITA-SVK","IT-SK",1597342,1.87812002689468
"France-Iran-Japan",2004,5,"absolute_counting_colabs_organic","FRA-IRN-JPN","FR-IR-JP",1537682,3.25164760984391
"Czechia",2008,44,"absolute_counting_colabs_raras","CZE","CZ",1793021,24.5395898876812
"Romania-Slovakia",2022,4,"absolute_counting_colabs_totalSpace","ROU-SVK","RO-SK",2960168,1.35127465738431
"Brazil-Romania",2014,7,"absolute_counting_colabs_raras","BRA-ROU","BR-RO",2599287,2.69304620844101
"Czechia",1999,1063,"absolute_counting_colabs_organic","CZE","CZ",1241217,856.417532147884
"Argentina-Chile-Germany",2018,2,"absolute_counting_colabs_totalSpace","ARG-CHL-DEU","AR-CL-DE",2750178,0.727225655939361
"Netherlands",2016,2062,"absolute_counting_colabs_totalSpace","NLD","NL",2606936,790.966866850586
"Hong Kong SAR China-Netherlands-United Kingdom",2022,27,"absolute_counting_colabs_organic","HKG-NLD-GBR","HK-NL-GB",2960168,9.1211039373441
"India-Iran",2011,6,"absolute_counting_colabs_totalSpace","IND-IRN","IN-IR",2306464,2.6013846303259
"Russia-South Korea-Vietnam",2020,2,"absolute_counting_colabs_totalSpace","RUS-KOR-VNM","RU-KR-VN",2819039,0.709461628590452
"India-United Kingdom-United States",2007,1,"absolute_counting_colabs_totalSpace","IND-GBR-USA","IN-GB-US",1695677,0.589734955418986
"India-Italy-Turkey",2020,17,"absolute_counting_colabs_organic","IND-ITA-TUR","IN-IT-TR",2819039,6.03042384301884
"Algeria",2013,31,"absolute_counting_colabs_totalSpace","DZA","DZ",2550387,12.1550180423598
"Canada-Italy-Netherlands",1998,6,"absolute_counting_colabs_organic","CAN-ITA-NLD","CA-IT-NL",1224109,4.90152429236285
"Iraq-Saudi Arabia",2019,10,"absolute_counting_colabs_totalSpace","IRQ-SAU","IQ-SA",2861304,3.49491001305698
"Estonia-Hungary",2008,11,"absolute_counting_colabs_totalSpace","EST-HUN","EE-HU",1793021,6.1348974719203
"India-Oman",2021,10,"absolute_counting_colabs_metalOrganic","IND-OMN","IN-OM",2932339,3.41024690528619
"Italy-Switzerland",2016,7,"absolute_counting_colabs_raras","ITA-CHE","IT-CH",2606936,2.68514455283904
"France-Poland-Serbia",2008,4,"absolute_counting_colabs_totalSpace","FRA-POL-SRB","FR-PL-RS",1793021,2.23087180797102
"Serbia-United States",2006,30,"absolute_counting_colabs_totalSpace","SRB-USA","RS-US",1660401,18.0679245555742
"Germany-Singapore-United Kingdom",2004,6,"absolute_counting_colabs_totalSpace","DEU-SGP-GBR","DE-SG-GB",1537682,3.90197713181269
"Saudi Arabia",2006,176,"absolute_counting_colabs_organic","SAU","SA",1660401,105.998490726035
"Germany-South Africa",2018,133,"absolute_counting_colabs_totalSpace","DEU-ZAF","DE-ZA",2750178,48.3605061199675
"India-Israel",1998,2,"absolute_counting_colabs_totalSpace","IND-ISR","IN-IL",1224109,1.63384143078762
"Ecuador-Italy",2017,4,"absolute_counting_colabs_totalSpace","ECU-ITA","EC-IT",2722142,1.46943105833568
"Algeria",2012,1,"absolute_counting_colabs_metalOrganic","DZA","DZ",2340287,0.42729801943095
"Australia-United Kingdom",2014,5,"absolute_counting_colabs_raras","AUS-GBR","AU-GB",2599287,1.92360443460072
"Belgium-Canada-Saudi Arabia",2022,44,"absolute_counting_colabs_organic","BEL-CAN-SAU","BE-CA-SA",2960168,14.8640212312274
"Australia-Germany-United Kingdom",1994,6,"absolute_counting_colabs_metalOrganic","AUS-DEU-GBR","AU-DE-GB",882457,6.79919814789842
"Germany-Malaysia-Pakistan-Poland-Saudi Arabia",2017,1,"absolute_counting_colabs_totalSpace","DEU-MYS-PAK-POL-SAU","DE-MY-PK-PL-SA",2722142,0.36735776458392
"France-Germany-Morocco",2022,1,"absolute_counting_colabs_totalSpace","FRA-DEU-MAR","FR-DE-MA",2960168,0.337818664346078
"Belgium-France-United States",2013,6,"absolute_counting_colabs_totalSpace","BEL-FRA-USA","BE-FR-US",2550387,2.35258413723094
"China-Finland-Sweden-Tanzania",2015,7,"absolute_counting_colabs_totalSpace","CHN-FIN-SWE-TZA","CN-FI-SE-TZ",2562487,2.73172117556109
"Bangladesh-Germany",2018,20,"absolute_counting_colabs_totalSpace","BGD-DEU","BD-DE",2750178,7.27225655939361
"Saudi Arabia-United Kingdom",1999,7,"absolute_counting_colabs_totalSpace","SAU-GBR","SA-GB",1241217,5.6396262700237
"France-Russia-Ukraine",2006,4,"absolute_counting_colabs_totalSpace","FRA-RUS-UKR","FR-RU-UA",1660401,2.4090566074099
"Germany-Sweden",1993,2,"absolute_counting_colabs_raras","DEU-SWE","DE-SE",868981,2.30154629387754
"Brazil-France",2009,79,"absolute_counting_colabs_totalSpace","BRA-FRA","BR-FR",1947736,40.5599116101977
"Finland-Thailand",2020,4,"absolute_counting_colabs_totalSpace","FIN-THA","FI-TH",2819039,1.4189232571809
"Unknown",2004,349988,"absolute_counting_colabs_organic",NA,"NA",1537682,227607.52873481
"Bulgaria-Germany",2016,24,"absolute_counting_colabs_totalSpace","BGR-DEU","BG-DE",2606936,9.20620989544814
"Czechia-India",2014,99,"absolute_counting_colabs_organic","CZE-IND","CZ-IN",2599287,38.0873678050942
"India-Italy-Poland-Saudi Arabia",2020,1,"absolute_counting_colabs_organic","IND-ITA-POL-SAU","IN-IT-PL-SA",2819039,0.354730814295226
"Argentina-Mexico",1987,25,"absolute_counting_colabs_organic","ARG-MEX","AR-MX",743929,33.6053575005142
"Germany-Iraq-Spain",2021,9,"absolute_counting_colabs_totalSpace","DEU-IRQ-ESP","DE-IQ-ES",2932339,3.06922221475757
"Egypt-France",2019,26,"absolute_counting_colabs_totalSpace","EGY-FRA","EG-FR",2861304,9.08676603394816
"Greece-Poland",2021,1,"absolute_counting_colabs_metalOrganic","GRC-POL","GR-PL",2932339,0.341024690528619
"Austria-Bulgaria-Portugal",2013,8,"absolute_counting_colabs_organic","AUT-BGR-PRT","AT-BG-PT",2550387,3.13677884964125
"Austria-Japan",2002,5,"absolute_counting_colabs_totalSpace","AUT-JPN","AT-JP",1400151,3.57104340888947
"China-Japan-Saudi Arabia",2022,4,"absolute_counting_colabs_organic","CHN-JPN-SAU","CN-JP-SA",2960168,1.35127465738431
"Denmark-Norway",2015,19,"absolute_counting_colabs_organic","DNK-NOR","DK-NO",2562487,7.41467176223723
"France-Russia-Switzerland",2011,8,"absolute_counting_colabs_organic","FRA-RUS-CHE","FR-RU-CH",2306464,3.46851284043454
"Austria-Germany",2008,185,"absolute_counting_colabs_totalSpace","AUT-DEU","AT-DE",1793021,103.17782111866
"Czechia-Russia",2018,6,"absolute_counting_colabs_totalSpace","CZE-RUS","CZ-RU",2750178,2.18167696781808
"Cuba-Mexico",2010,15,"absolute_counting_colabs_organic","CUB-MEX","CU-MX",2186977,6.85878269410241
"France-Italy-Sweden",2016,1,"absolute_counting_colabs_organic","FRA-ITA-SWE","FR-IT-SE",2606936,0.383592078977006
"Egypt-Kuwait-Saudi Arabia-Switzerland-United Kingdom",2021,1,"absolute_counting_colabs_organic","EGY-KWT-SAU-CHE-GBR","EG-KW-SA-CH-GB",2932339,0.341024690528619
"Spain-United States-Venezuela",2017,52,"absolute_counting_colabs_organic","ESP-USA-VEN","ES-US-VE",2722142,19.1026037583638
"Germany-Ukraine",2014,296,"absolute_counting_colabs_organic","DEU-UKR","DE-UA",2599287,113.877382528363
"France-Netherlands-Spain",2007,5,"absolute_counting_colabs_metalOrganic","FRA-NLD-ESP","FR-NL-ES",1695677,2.94867477709493
"Netherlands-United States",2014,213,"absolute_counting_colabs_totalSpace","NLD-USA","NL-US",2599287,81.9455489139906
"South Africa-Switzerland",2017,2,"absolute_counting_colabs_metalOrganic","ZAF-CHE","ZA-CH",2722142,0.734715529167839
"Czechia-United States",2015,296,"absolute_counting_colabs_organic","CZE-USA","CZ-US",2562487,115.512781138012
"Poland-Switzerland",1995,32,"absolute_counting_colabs_totalSpace","POL-CHE","PL-CH",931356,34.3585052332298
"Italy-Rwanda",2006,10,"absolute_counting_colabs_organic","ITA-RWA","IT-RW",1660401,6.02264151852474
"Australia-Brazil-Cyprus-Finland-United States",2018,21,"absolute_counting_colabs_totalSpace","AUS-BRA-CYP-FIN-USA","AU-BR-CY-FI-US",2750178,7.63586938736329
"Germany-Pakistan-Turkey",1999,4,"absolute_counting_colabs_organic","DEU-PAK-TUR","DE-PK-TR",1241217,3.22264358287068
"Kenya-South Africa-United States",2014,2,"absolute_counting_colabs_totalSpace","KEN-ZAF-USA","KE-ZA-US",2599287,0.769441773840288
"Japan-Unknown",2012,3,"absolute_counting_colabs_totalSpace","JPN","JP-NA",2340287,1.28189405829285
"France-Italy-United States",2010,3,"absolute_counting_colabs_metalOrganic","FRA-ITA-USA","FR-IT-US",2186977,1.37175653882048
"France-Taiwan",2001,4,"absolute_counting_colabs_totalSpace","FRA-TWN","FR-TW",1343056,2.97828236499446
"Vietnam",1983,3,"absolute_counting_colabs_raras","VNM","VN",671623,4.46679163757048
"Cuba-Italy",1999,4,"absolute_counting_colabs_raras","CUB-ITA","CU-IT",1241217,3.22264358287068
"France-Japan-United States",2005,1,"absolute_counting_colabs_organic","FRA-JPN-USA","FR-JP-US",1597342,0.626040008964893
"Malaysia-United States",2022,14,"absolute_counting_colabs_totalSpace","MYS-USA","MY-US",2960168,4.72946130084509
"Vietnam",2002,12,"absolute_counting_colabs_raras","VNM","VN",1400151,8.57050418133473
"Italy-Poland",2010,6,"absolute_counting_colabs_raras","ITA-POL","IT-PL",2186977,2.74351307764096
"Egypt-Iraq",2008,15,"absolute_counting_colabs_organic","EGY-IRQ","EG-IQ",1793021,8.36576927989131
"Switzerland-Unknown",1985,3,"absolute_counting_colabs_metalOrganic","CHE","CH-NA",704006,4.26132731823308
"France-Thailand",2020,10,"absolute_counting_colabs_totalSpace","FRA-THA","FR-TH",2819039,3.54730814295226
"Sweden-United States",2007,191,"absolute_counting_colabs_organic","SWE-USA","SE-US",1695677,112.639376485026
"Belgium-Croatia",2007,21,"absolute_counting_colabs_totalSpace","BEL-HRV","BE-HR",1695677,12.3844340637987
"Belarus-Ukraine",2009,16,"absolute_counting_colabs_totalSpace","BLR-UKR","BY-UA",1947736,8.21466564257168
"China-Germany-Singapore",2018,2,"absolute_counting_colabs_totalSpace","CHN-DEU-SGP","CN-DE-SG",2750178,0.727225655939361
"Belgium-Brazil-Switzerland",2021,116,"absolute_counting_colabs_organic","BEL-BRA-CHE","BE-BR-CH",2932339,39.5588641013198
"Norway-Switzerland",2008,10,"absolute_counting_colabs_metalOrganic","NOR-CHE","NO-CH",1793021,5.57717951992754
"Greece-Portugal",1991,1,"absolute_counting_colabs_totalSpace","GRC-PRT","GR-PT",823192,1.21478342841038
"Chile-Germany",2009,6,"absolute_counting_colabs_totalSpace","CHL-DEU","CL-DE",1947736,3.08049961596438
"Japan",2013,3959,"absolute_counting_colabs_metalOrganic","JPN","JP",2550387,1552.31343321621
"Pakistan-United Kingdom",2010,16,"absolute_counting_colabs_totalSpace","PAK-GBR","PK-GB",2186977,7.31603487370923
"China-South Korea",2019,41,"absolute_counting_colabs_raras","CHN-KOR","CN-KR",2861304,14.3291310535336
"Germany-Ireland",2010,66,"absolute_counting_colabs_metalOrganic","DEU-IRL","DE-IE",2186977,30.1786438540506
"Chile-India",2018,5,"absolute_counting_colabs_organic","CHL-IND","CL-IN",2750178,1.8180641398484
"Czechia-Germany",2006,63,"absolute_counting_colabs_totalSpace","CZE-DEU","CZ-DE",1660401,37.9426415667059
"India-Italy-Japan",2007,5,"absolute_counting_colabs_totalSpace","IND-ITA-JPN","IN-IT-JP",1695677,2.94867477709493
"France-Germany-Spain-United Kingdom",2019,74,"absolute_counting_colabs_organic","FRA-DEU-ESP-GBR","FR-DE-ES-GB",2861304,25.8623340966217
"Estonia",2001,20,"absolute_counting_colabs_organic","EST","EE",1343056,14.8914118249723
"Brazil-Finland",2020,15,"absolute_counting_colabs_totalSpace","BRA-FIN","BR-FI",2819039,5.32096221442839
"Finland-South Korea",2003,1,"absolute_counting_colabs_organic","FIN-KOR","FI-KR",1474230,0.678320207837312
"India-Saudi Arabia-South Korea",2019,29,"absolute_counting_colabs_organic","IND-SAU-KOR","IN-SA-KR",2861304,10.1352390378653
"Austria-France-Indonesia",2004,2,"absolute_counting_colabs_organic","AUT-FRA-IDN","AT-FR-ID",1537682,1.30065904393756
"Belgium-Spain-Switzerland",2011,40,"absolute_counting_colabs_organic","BEL-ESP-CHE","BE-ES-CH",2306464,17.3425642021727
"Germany-New Zealand-United Kingdom",2004,7,"absolute_counting_colabs_organic","DEU-NZL-GBR","DE-NZ-GB",1537682,4.55230665378147
"Chile-Japan-Spain",2016,4,"absolute_counting_colabs_organic","CHL-JPN-ESP","CL-JP-ES",2606936,1.53436831590802
"Spain-United Kingdom",2009,215,"absolute_counting_colabs_organic","ESP-GBR","ES-GB",1947736,110.384569572057
"Ethiopia-United Kingdom",1989,3,"absolute_counting_colabs_organic","ETH-GBR","ET-GB",778102,3.85553564956779
"Switzerland-Thailand",2019,52,"absolute_counting_colabs_totalSpace","CHE-THA","CH-TH",2861304,18.1735320678963
"Austria-United States",2012,39,"absolute_counting_colabs_organic","AUT-USA","AT-US",2340287,16.6646227578071
"India-Russia",1986,4,"absolute_counting_colabs_organic","IND-RUS","IN-RU",672378,5.94903462040697
"China-Sweden-United States",2021,15,"absolute_counting_colabs_organic","CHN-SWE-USA","CN-SE-US",2932339,5.11537035792928
"Austria-Malaysia-Switzerland",2019,29,"absolute_counting_colabs_totalSpace","AUT-MYS-CHE","AT-MY-CH",2861304,10.1352390378653
"Canada-Germany",2003,51,"absolute_counting_colabs_organic","CAN-DEU","CA-DE",1474230,34.5943305997029
"Finland-Poland-Ukraine",2010,18,"absolute_counting_colabs_organic","FIN-POL-UKR","FI-PL-UA",2186977,8.23053923292289
"Belgium-United States",2015,94,"absolute_counting_colabs_totalSpace","BEL-USA","BE-US",2562487,36.6831129289632
"Hungary-Slovakia",1984,9,"absolute_counting_colabs_organic","HUN-SVK","HU-SK",671670,13.3994372236366
"Japan-Russia",2009,2,"absolute_counting_colabs_organic","JPN-RUS","JP-RU",1947736,1.02683320532146
"Spain-Switzerland-United States",2018,9,"absolute_counting_colabs_organic","ESP-CHE-USA","ES-CH-US",2750178,3.27251545172712
"Brazil-Peru",2004,4,"absolute_counting_colabs_totalSpace","BRA-PER","BR-PE",1537682,2.60131808787513
"Germany-Japan",1994,7,"absolute_counting_colabs_metalOrganic","DEU-JPN","DE-JP",882457,7.93239783921483
"Luxembourg",2016,2,"absolute_counting_colabs_totalSpace","LUX","LU",2606936,0.767184157954012
"Ukraine",2014,3201,"absolute_counting_colabs_totalSpace","UKR","UA",2599287,1231.49155903138
"India-Malaysia-Thailand",2021,2,"absolute_counting_colabs_organic","IND-MYS-THA","IN-MY-TH",2932339,0.682049381057238
"Croatia-Germany",1994,19,"absolute_counting_colabs_organic","HRV-DEU","HR-DE",882457,21.5307941350117
"Spain-United Kingdom-Uruguay",2011,4,"absolute_counting_colabs_organic","ESP-GBR-URY","ES-GB-UY",2306464,1.73425642021727
"Austria-Fiji-Hungary",2020,3,"absolute_counting_colabs_totalSpace","AUT-FJI-HUN","AT-FJ-HU",2819039,1.06419244288568
"China-Macao SAR China-Singapore-United Kingdom",2017,11,"absolute_counting_colabs_organic","CHN-MAC-SGP-GBR","CN-MO-SG-GB",2722142,4.04093541042311
"Germany-United Kingdom-Vietnam",2015,1,"absolute_counting_colabs_totalSpace","DEU-GBR-VNM","DE-GB-VN",2562487,0.390245882223012
"Cameroon-France-Italy",2019,4,"absolute_counting_colabs_organic","CMR-FRA-ITA","CM-FR-IT",2861304,1.39796400522279
"Canada-Jordan",2019,1,"absolute_counting_colabs_organic","CAN-JOR","CA-JO",2861304,0.349491001305698
"Italy-Ukraine",2014,8,"absolute_counting_colabs_metalOrganic","ITA-UKR","IT-UA",2599287,3.07776709536115
"Moldova",1997,9,"absolute_counting_colabs_metalOrganic","MDA","MD",1182320,7.61215237837472
"Spain-Ukraine",1998,2,"absolute_counting_colabs_organic","ESP-UKR","ES-UA",1224109,1.63384143078762
"Australia-Germany-United Kingdom",2019,12,"absolute_counting_colabs_metalOrganic","AUS-DEU-GBR","AU-DE-GB",2861304,4.19389201566838
"India-Spain",2013,98,"absolute_counting_colabs_metalOrganic","IND-ESP","IN-ES",2550387,38.4255409081053
"India-Portugal",2013,4,"absolute_counting_colabs_raras","IND-PRT","IN-PT",2550387,1.56838942482063
"Hong Kong SAR China",2014,563,"absolute_counting_colabs_organic","HKG","HK",2599287,216.597859336041
"Cameroon-Sweden",2012,1,"absolute_counting_colabs_organic","CMR-SWE","CM-SE",2340287,0.42729801943095
"Canada-China",2000,1,"absolute_counting_colabs_metalOrganic","CAN-CHN","CA-CN",1326695,0.75375274648657
"Croatia-Slovenia-United States",2004,1,"absolute_counting_colabs_metalOrganic","HRV-SVN-USA","HR-SI-US",1537682,0.650329521968782
"Czechia-France",1994,26,"absolute_counting_colabs_totalSpace","CZE-FRA","CZ-FR",882457,29.4631919742265
"Australia-Hungary",2017,10,"absolute_counting_colabs_totalSpace","AUS-HUN","AU-HU",2722142,3.6735776458392
"Bangladesh-China-India",2022,2,"absolute_counting_colabs_organic","BGD-CHN-IND","BD-CN-IN",2960168,0.675637328692155
"Norway-Switzerland",2016,144,"absolute_counting_colabs_organic","NOR-CHE","NO-CH",2606936,55.2372593726889
"France-Japan",1987,19,"absolute_counting_colabs_totalSpace","FRA-JPN","FR-JP",743929,25.5400717003908
"Iran-Turkey",2018,3,"absolute_counting_colabs_metalOrganic","IRN-TUR","IR-TR",2750178,1.09083848390904
"Germany-Russia",2013,1,"absolute_counting_colabs_raras","DEU-RUS","DE-RU",2550387,0.392097356205156
"Armenia-Germany",2020,16,"absolute_counting_colabs_totalSpace","ARM-DEU","AM-DE",2819039,5.67569302872362
"Pakistan-United States",1999,3,"absolute_counting_colabs_organic","PAK-USA","PK-US",1241217,2.41698268715301
"Italy-Japan-United States",2020,8,"absolute_counting_colabs_organic","ITA-JPN-USA","IT-JP-US",2819039,2.83784651436181
"Czechia-Saudi Arabia-Switzerland",2015,3,"absolute_counting_colabs_metalOrganic","CZE-SAU-CHE","CZ-SA-CH",2562487,1.17073764666904
"Denmark-Germany-United States",2001,1,"absolute_counting_colabs_totalSpace","DNK-DEU-USA","DK-DE-US",1343056,0.744570591248615
"Czechia-Ireland-Slovakia",2015,36,"absolute_counting_colabs_organic","CZE-IRL-SVK","CZ-IE-SK",2562487,14.0488517600284
"Japan-Netherlands",2009,25,"absolute_counting_colabs_organic","JPN-NLD","JP-NL",1947736,12.8354150665183
"Bangladesh-Germany-Pakistan",1999,8,"absolute_counting_colabs_organic","BGD-DEU-PAK","BD-DE-PK",1241217,6.44528716574137
"Australia-Norway",2021,51,"absolute_counting_colabs_totalSpace","AUS-NOR","AU-NO",2932339,17.3922592169596
"France-Germany-United Kingdom",2000,91,"absolute_counting_colabs_totalSpace","FRA-DEU-GBR","FR-DE-GB",1326695,68.5914999302779
"Hungary",1981,434,"absolute_counting_colabs_organic","HUN","HU",673793,644.114735534504
"Argentina-Australia",2000,1,"absolute_counting_colabs_organic","ARG-AUS","AR-AU",1326695,0.75375274648657
"New Zealand-United States",1987,7,"absolute_counting_colabs_organic","NZL-USA","NZ-US",743929,9.40950010014397
"Chile-Japan-Spain",2018,1,"absolute_counting_colabs_metalOrganic","CHL-JPN-ESP","CL-JP-ES",2750178,0.363612827969681
"Djibouti-France-Germany-Morocco",2022,4,"absolute_counting_colabs_totalSpace","DJI-FRA-DEU-MAR","DJ-FR-DE-MA",2960168,1.35127465738431
"Canada-Finland-Slovakia",1985,1,"absolute_counting_colabs_organic","CAN-FIN-SVK","CA-FI-SK",704006,1.42044243941103
"Estonia-United Kingdom",2012,41,"absolute_counting_colabs_organic","EST-GBR","EE-GB",2340287,17.519218796669
"Poland-Tunisia",2013,1,"absolute_counting_colabs_totalSpace","POL-TUN","PL-TN",2550387,0.392097356205156
"Austria-Germany-United States",2016,18,"absolute_counting_colabs_totalSpace","AUT-DEU-USA","AT-DE-US",2606936,6.90465742158611
"Germany-Spain",2020,74,"absolute_counting_colabs_metalOrganic","DEU-ESP","DE-ES",2819039,26.2500802578467
"Belgium-India-Serbia",2019,4,"absolute_counting_colabs_totalSpace","BEL-IND-SRB","BE-IN-RS",2861304,1.39796400522279
"Australia-Germany",2022,214,"absolute_counting_colabs_organic","AUS-DEU","AU-DE",2960168,72.2931941700606
"Romania-Turkey",2016,1,"absolute_counting_colabs_organic","ROU-TUR","RO-TR",2606936,0.383592078977006
"Cameroon-South Korea",2009,7,"absolute_counting_colabs_totalSpace","CMR-KOR","CM-KR",1947736,3.59391621862511
"Sweden-United Kingdom-United States",1996,20,"absolute_counting_colabs_organic","SWE-GBR-USA","SE-GB-US",1152504,17.353518946572
"Greece-Latvia",2013,9,"absolute_counting_colabs_organic","GRC-LVA","GR-LV",2550387,3.52887620584641
"India-Spain-United Kingdom",2021,4,"absolute_counting_colabs_metalOrganic","IND-ESP-GBR","IN-ES-GB",2932339,1.36409876211448
"Bulgaria-Italy",2021,13,"absolute_counting_colabs_metalOrganic","BGR-ITA","BG-IT",2932339,4.43332097687205
"Italy-Spain",2020,2,"absolute_counting_colabs_raras","ITA-ESP","IT-ES",2819039,0.709461628590452
"Germany-Hungary-India",2003,1,"absolute_counting_colabs_totalSpace","DEU-HUN-IND","DE-HU-IN",1474230,0.678320207837312
"Belgium-Cameroon",2021,9,"absolute_counting_colabs_organic","BEL-CMR","BE-CM",2932339,3.06922221475757
"Italy-Poland",2018,72,"absolute_counting_colabs_totalSpace","ITA-POL","IT-PL",2750178,26.180123613817
"Mexico-Slovenia",2022,13,"absolute_counting_colabs_organic","MEX-SVN","MX-SI",2960168,4.39164263649901
"Poland-United Kingdom",1981,2,"absolute_counting_colabs_metalOrganic","POL-GBR","PL-GB",673793,2.96827067066592
"Saudi Arabia-United Kingdom",1991,1,"absolute_counting_colabs_totalSpace","SAU-GBR","SA-GB",823192,1.21478342841038
"Australia-France-United States",2008,13,"absolute_counting_colabs_totalSpace","AUS-FRA-USA","AU-FR-US",1793021,7.2503333759058
"Canada-Italy-United Kingdom",2012,4,"absolute_counting_colabs_totalSpace","CAN-ITA-GBR","CA-IT-GB",2340287,1.7091920777238
"Belgium-Germany-Netherlands",2009,13,"absolute_counting_colabs_totalSpace","BEL-DEU-NLD","BE-DE-NL",1947736,6.67441583458949
"Indonesia-Malaysia",2018,1,"absolute_counting_colabs_organic","IDN-MYS","ID-MY",2750178,0.363612827969681
"Denmark-Netherlands",2021,3,"absolute_counting_colabs_totalSpace","DNK-NLD","DK-NL",2932339,1.02307407158586
"South Korea",2006,6070,"absolute_counting_colabs_totalSpace","KOR","KR",1660401,3655.74340174452
"Australia-Spain",1998,9,"absolute_counting_colabs_organic","AUS-ESP","AU-ES",1224109,7.35228643854428
"France-Italy-Moldova-Poland-Romania",2004,5,"absolute_counting_colabs_totalSpace","FRA-ITA-MDA-POL-ROU","FR-IT-MD-PL-RO",1537682,3.25164760984391
"India-Iran-Portugal-United States",2017,2,"absolute_counting_colabs_organic","IND-IRN-PRT-USA","IN-IR-PT-US",2722142,0.734715529167839
"Estonia",1997,38,"absolute_counting_colabs_totalSpace","EST","EE",1182320,32.1401989309155
"Brazil-France-Germany-Hungary",1982,1,"absolute_counting_colabs_totalSpace","BRA-FRA-DEU-HUN","BR-FR-DE-HU",645051,1.55026501780479
"China-Germany",2020,1483,"absolute_counting_colabs_totalSpace","CHN-DEU","CN-DE",2819039,526.06579759982
"Armenia",2000,155,"absolute_counting_colabs_totalSpace","ARM","AM",1326695,116.831675705418
"China-Spain",2011,2,"absolute_counting_colabs_raras","CHN-ESP","CN-ES",2306464,0.867128210108634
"Germany-Russia-Ukraine",2019,6,"absolute_counting_colabs_organic","DEU-RUS-UKR","DE-RU-UA",2861304,2.09694600783419
"Finland-Norway",2016,2,"absolute_counting_colabs_totalSpace","FIN-NOR","FI-NO",2606936,0.767184157954012
"Australia-China-New Zealand",2019,3,"absolute_counting_colabs_organic","AUS-CHN-NZL","AU-CN-NZ",2861304,1.0484730039171
"Hungary-United Kingdom",2019,42,"absolute_counting_colabs_organic","HUN-GBR","HU-GB",2861304,14.6786220548393
"Austria-France-Poland",2017,6,"absolute_counting_colabs_organic","AUT-FRA-POL","AT-FR-PL",2722142,2.20414658750352
"Italy-Spain-United Kingdom",2013,5,"absolute_counting_colabs_metalOrganic","ITA-ESP-GBR","IT-ES-GB",2550387,1.96048678102578
"Iran-Libya-United Kingdom",2004,4,"absolute_counting_colabs_organic","IRN-LBY-GBR","IR-LY-GB",1537682,2.60131808787513
"France-Poland",2022,277,"absolute_counting_colabs_totalSpace","FRA-POL","FR-PL",2960168,93.5757700238635
"Czechia-Sweden",2007,6,"absolute_counting_colabs_totalSpace","CZE-SWE","CZ-SE",1695677,3.53840973251392
"Bangladesh-Japan-United Kingdom",2005,4,"absolute_counting_colabs_metalOrganic","BGD-JPN-GBR","BD-JP-GB",1597342,2.50416003585957
"Portugal",1982,15,"absolute_counting_colabs_metalOrganic","PRT","PT",645051,23.2539752670719
"France-Latvia",2014,17,"absolute_counting_colabs_totalSpace","FRA-LVA","FR-LV",2599287,6.54025507764245
"Brazil-France-Japan",2001,2,"absolute_counting_colabs_metalOrganic","BRA-FRA-JPN","BR-FR-JP",1343056,1.48914118249723
"Austria-Germany-United States",2009,1,"absolute_counting_colabs_metalOrganic","AUT-DEU-USA","AT-DE-US",1947736,0.51341660266073
"Brazil-Italy-United Kingdom",2004,4,"absolute_counting_colabs_metalOrganic","BRA-ITA-GBR","BR-IT-GB",1537682,2.60131808787513
"China-France-Germany-United States",2019,92,"absolute_counting_colabs_totalSpace","CHN-FRA-DEU-USA","CN-FR-DE-US",2861304,32.1531721201243
"Belgium-Bulgaria",1991,21,"absolute_counting_colabs_organic","BEL-BGR","BE-BG",823192,25.510451996618
"Finland-Turkey",2003,3,"absolute_counting_colabs_totalSpace","FIN-TUR","FI-TR",1474230,2.03496062351193
"Egypt-South Africa",2022,6,"absolute_counting_colabs_totalSpace","EGY-ZAF","EG-ZA",2960168,2.02691198607647
"New Zealand-United States",2008,291,"absolute_counting_colabs_organic","NZL-USA","NZ-US",1793021,162.295924029891
"India-Spain-United States",2007,9,"absolute_counting_colabs_totalSpace","IND-ESP-USA","IN-ES-US",1695677,5.30761459877087
"Germany-Iran",2018,120,"absolute_counting_colabs_totalSpace","DEU-IRN","DE-IR",2750178,43.6335393563617
"Germany-Greece",1983,17,"absolute_counting_colabs_totalSpace","DEU-GRC","DE-GR",671623,25.3118192795661
"Australia-Germany-India",2014,11,"absolute_counting_colabs_organic","AUS-DEU-IND","AU-DE-IN",2599287,4.23192975612158
"Malaysia-Saudi Arabia",2018,11,"absolute_counting_colabs_totalSpace","MYS-SAU","MY-SA",2750178,3.99974110766649
"Canada-South Korea-United States",2017,7,"absolute_counting_colabs_organic","CAN-KOR-USA","CA-KR-US",2722142,2.57150435208744
"Germany-Russia",1988,6,"absolute_counting_colabs_organic","DEU-RUS","DE-RU",793726,7.55928368227827
"Thailand-United States",2019,14,"absolute_counting_colabs_organic","THA-USA","TH-US",2861304,4.89287401827978
"Bangladesh",1994,4,"absolute_counting_colabs_organic","BGD","BD",882457,4.53279876526562
"Venezuela",2002,6,"absolute_counting_colabs_metalOrganic","VEN","VE",1400151,4.28525209066736
"Lebanon-Switzerland",2006,6,"absolute_counting_colabs_totalSpace","LBN-CHE","LB-CH",1660401,3.61358491111484
"Germany-Ireland-Switzerland",2017,1,"absolute_counting_colabs_organic","DEU-IRL-CHE","DE-IE-CH",2722142,0.36735776458392
"France-Poland-United States",2017,22,"absolute_counting_colabs_totalSpace","FRA-POL-USA","FR-PL-US",2722142,8.08187082084623
"India-Poland",2009,6,"absolute_counting_colabs_totalSpace","IND-POL","IN-PL",1947736,3.08049961596438
"Belarus-Germany-Poland-Portugal-Russia",2019,3,"absolute_counting_colabs_raras","BLR-DEU-POL-PRT-RUS","BY-DE-PL-PT-RU",2861304,1.0484730039171
"France-Russia-Switzerland",2011,8,"absolute_counting_colabs_totalSpace","FRA-RUS-CHE","FR-RU-CH",2306464,3.46851284043454
"France-Indonesia-South Korea",2013,1,"absolute_counting_colabs_metalOrganic","FRA-IDN-KOR","FR-ID-KR",2550387,0.392097356205156
"Germany-Japan",2022,460,"absolute_counting_colabs_organic","DEU-JPN","DE-JP",2960168,155.396585599196
"Malaysia-Philippines",2017,6,"absolute_counting_colabs_organic","MYS-PHL","MY-PH",2722142,2.20414658750352
"China-Denmark",2010,3,"absolute_counting_colabs_organic","CHN-DNK","CN-DK",2186977,1.37175653882048
"Ethiopia",2010,4,"absolute_counting_colabs_organic","ETH","ET",2186977,1.82900871842731
"Canada-Sweden-United States",2015,15,"absolute_counting_colabs_totalSpace","CAN-SWE-USA","CA-SE-US",2562487,5.85368823334518
"Bangladesh-Japan-Morocco-Pakistan-Russia-Saudi Arabia",2022,8,"absolute_counting_colabs_totalSpace","BGD-JPN-MAR-PAK-RUS-SAU","BD-JP-MA-PK-RU-SA",2960168,2.70254931476862
"Singapore-Taiwan",2010,82,"absolute_counting_colabs_totalSpace","SGP-TWN","SG-TW",2186977,37.4946787277598
"Canada-Saudi Arabia-Taiwan",2017,4,"absolute_counting_colabs_organic","CAN-SAU-TWN","CA-SA-TW",2722142,1.46943105833568
"Malaysia-Pakistan-Saudi Arabia-United Arab Emirates",2020,2,"absolute_counting_colabs_totalSpace","MYS-PAK-SAU-ARE","MY-PK-SA-AE",2819039,0.709461628590452
"France-Mexico",1998,37,"absolute_counting_colabs_organic","FRA-MEX","FR-MX",1224109,30.2260664695709
"Poland-Romania",2022,2,"absolute_counting_colabs_organic","POL-ROU","PL-RO",2960168,0.675637328692155
"Russia-Switzerland",2005,27,"absolute_counting_colabs_organic","RUS-CHE","RU-CH",1597342,16.9030802420521
"France-Morocco",1997,48,"absolute_counting_colabs_raras","FRA-MAR","FR-MA",1182320,40.5981460179985
"Austria",2013,151,"absolute_counting_colabs_metalOrganic","AUT","AT",2550387,59.2067007869786
"Denmark-Poland",2006,11,"absolute_counting_colabs_totalSpace","DNK-POL","DK-PL",1660401,6.62490567037722
"Canada-Japan-United States",2015,19,"absolute_counting_colabs_organic","CAN-JPN-USA","CA-JP-US",2562487,7.41467176223723
"South Korea",2017,225,"absolute_counting_colabs_raras","KOR","KR",2722142,82.6554970313819
"Japan-United Kingdom-United States",2013,6,"absolute_counting_colabs_organic","JPN-GBR-USA","JP-GB-US",2550387,2.35258413723094
"Germany-Russia",1987,10,"absolute_counting_colabs_totalSpace","DEU-RUS","DE-RU",743929,13.4421430002057
"Croatia",2011,617,"absolute_counting_colabs_organic","HRV","HR",2306464,267.509052818514
"Nigeria",2016,39,"absolute_counting_colabs_organic","NGA","NG",2606936,14.9600910801032
"Italy-Taiwan",2017,1,"absolute_counting_colabs_raras","ITA-TWN","IT-TW",2722142,0.36735776458392
"Oman",2007,5,"absolute_counting_colabs_metalOrganic","OMN","OM",1695677,2.94867477709493
"Denmark-Germany-Portugal",2002,20,"absolute_counting_colabs_metalOrganic","DNK-DEU-PRT","DK-DE-PT",1400151,14.2841736355579
"Belarus-Germany-Portugal-Russia",2013,4,"absolute_counting_colabs_totalSpace","BLR-DEU-PRT-RUS","BY-DE-PT-RU",2550387,1.56838942482063
"Indonesia-Spain-Tunisia",2014,4,"absolute_counting_colabs_organic","IDN-ESP-TUN","ID-ES-TN",2599287,1.53888354768058
"Ireland-United Kingdom",2005,66,"absolute_counting_colabs_metalOrganic","IRL-GBR","IE-GB",1597342,41.3186405916829
"India-Portugal-Slovakia",2020,4,"absolute_counting_colabs_organic","IND-PRT-SVK","IN-PT-SK",2819039,1.4189232571809
"Pakistan-Qatar",2017,12,"absolute_counting_colabs_organic","PAK-QAT","PK-QA",2722142,4.40829317500703
"Bangladesh",2007,45,"absolute_counting_colabs_metalOrganic","BGD","BD",1695677,26.5380729938544
"China-Taiwan",2013,85,"absolute_counting_colabs_organic","CHN-TWN","CN-TW",2550387,33.3282752774383
"Germany-Philippines-United States",2017,2,"absolute_counting_colabs_totalSpace","DEU-PHL-USA","DE-PH-US",2722142,0.734715529167839
"France-Spain-Tunisia-United Kingdom",2019,9,"absolute_counting_colabs_organic","FRA-ESP-TUN-GBR","FR-ES-TN-GB",2861304,3.14541901175129
