Country,Year,Value,source,iso3c
China,1996,0.56,FigureS-2,CHN
China,1997,0.64,FigureS-2,CHN
China,1998,0.65,FigureS-2,CHN
China,1999,0.75,FigureS-2,CHN
China,2000,0.89,FigureS-2,CHN
China,2001,0.94,FigureS-2,CHN
China,2002,1.06,FigureS-2,CHN
China,2003,1.12,FigureS-2,CHN
China,2004,1.21,FigureS-2,CHN
China,2005,1.31,FigureS-2,CHN
China,2006,1.37,FigureS-2,CHN
China,2007,1.37,FigureS-2,CHN
China,2008,1.45,FigureS-2,CHN
China,2009,1.66,FigureS-2,CHN
China,2010,1.71,FigureS-2,CHN
China,2011,1.78,FigureS-2,CHN
China,2012,1.91,FigureS-2,CHN
China,2013,2,FigureS-2,CHN
China,2014,2.02,FigureS-2,CHN
China,2015,2.06,FigureS-2,CHN
China,2016,2.1,FigureS-2,CHN
China,2017,2.12,FigureS-2,CHN
China,2018,2.14,FigureS-2,CHN
China,2019,2.24,FigureS-2,CHN
China,2020,2.41,FigureS-2,CHN
China,2021,2.43,FigureS-2,CHN
US,1996,2.45,FigureS-2,USA
US,1997,2.48,FigureS-2,USA
US,1998,2.5,FigureS-2,USA
US,1999,2.54,FigureS-2,USA
US,2000,2.62,FigureS-2,USA
US,2001,2.64,FigureS-2,USA
US,2002,2.55,FigureS-2,USA
US,2003,2.55,FigureS-2,USA
US,2004,2.49,FigureS-2,USA
US,2005,2.5,FigureS-2,USA
US,2006,2.55,FigureS-2,USA
US,2007,2.62,FigureS-2,USA
US,2008,2.74,FigureS-2,USA
US,2009,2.79,FigureS-2,USA
US,2010,2.71,FigureS-2,USA
US,2011,2.74,FigureS-2,USA
US,2012,2.67,FigureS-2,USA
US,2013,2.7,FigureS-2,USA
US,2014,2.72,FigureS-2,USA
US,2015,2.79,FigureS-2,USA
US,2016,2.85,FigureS-2,USA
US,2017,2.9,FigureS-2,USA
US,2018,3.01,FigureS-2,USA
US,2019,3.17,FigureS-2,USA
US,2020,3.47,FigureS-2,USA
US,2021,3.46,FigureS-2,USA
China,1996,21.43,FigureS-3,CHN
China,1997,20.6,FigureS-3,CHN
China,1998,20.66,FigureS-3,CHN
China,1999,21.86,FigureS-3,CHN
China,2000,22.99,FigureS-3,CHN
China,2001,24.57,FigureS-3,CHN
China,2002,25.92,FigureS-3,CHN
China,2003,26.8,FigureS-3,CHN
China,2004,26.39,FigureS-3,CHN
China,2005,26.31,FigureS-3,CHN
China,2006,25.57,FigureS-3,CHN
China,2007,29.16,FigureS-3,CHN
China,2008,27.16,FigureS-3,CHN
China,2009,34.57,FigureS-3,CHN
China,2010,33.92,FigureS-3,CHN
China,2011,33.77,FigureS-3,CHN
China,2012,34.39,FigureS-3,CHN
China,2013,37.04,FigureS-3,CHN
China,2014,39.97,FigureS-3,CHN
China,2015,41.49,FigureS-3,CHN
China,2016,50.7,FigureS-3,CHN
China,2017,54.95,FigureS-3,CHN
China,2018,56.66,FigureS-3,CHN
China,2019,60.4,FigureS-3,CHN
China,2020,70.14,FigureS-3,CHN
China,2021,71.84,FigureS-3,CHN
China,2022,77.1,FigureS-3,CHN
US,1996,68.23,FigureS-3,USA
US,1997,65.84,FigureS-3,USA
US,1998,62.6,FigureS-3,USA
US,1999,59.03,FigureS-3,USA
US,2000,53.17,FigureS-3,USA
US,2001,53.15,FigureS-3,USA
US,2002,55.54,FigureS-3,USA
US,2003,58.62,FigureS-3,USA
US,2004,66.1,FigureS-3,USA
US,2005,65.44,FigureS-3,USA
US,2006,64.18,FigureS-3,USA
US,2007,64.57,FigureS-3,USA
US,2008,73.42,FigureS-3,USA
US,2009,86.58,FigureS-3,USA
US,2010,95.14,FigureS-3,USA
US,2011,99.48,FigureS-3,USA
US,2012,103.04,FigureS-3,USA
US,2013,104.54,FigureS-3,USA
US,2014,104.54,FigureS-3,USA
US,2015,105.13,FigureS-3,USA
US,2016,107.16,FigureS-3,USA
US,2017,106.21,FigureS-3,USA
US,2018,107.44,FigureS-3,USA
US,2019,108.74,FigureS-3,USA
US,2020,133.48,FigureS-3,USA
US,2021,126.43,FigureS-3,USA
US,2022,121.38,FigureS-3,USA
covid,1996,NA,FigureS-4_organicKW,NA
covid,1997,NA,FigureS-4_organicKW,NA
covid,1998,NA,FigureS-4_organicKW,NA
covid,1999,NA,FigureS-4_organicKW,NA
covid,2000,NA,FigureS-4_organicKW,NA
covid,2001,NA,FigureS-4_organicKW,NA
covid,2002,NA,FigureS-4_organicKW,NA
covid,2003,NA,FigureS-4_organicKW,NA
covid,2004,NA,FigureS-4_organicKW,NA
covid,2005,NA,FigureS-4_organicKW,NA
covid,2006,NA,FigureS-4_organicKW,NA
covid,2007,NA,FigureS-4_organicKW,NA
covid,2008,NA,FigureS-4_organicKW,NA
covid,2009,NA,FigureS-4_organicKW,NA
covid,2010,NA,FigureS-4_organicKW,NA
covid,2011,NA,FigureS-4_organicKW,NA
covid,2012,NA,FigureS-4_organicKW,NA
covid,2013,NA,FigureS-4_organicKW,NA
covid,2014,NA,FigureS-4_organicKW,NA
covid,2015,NA,FigureS-4_organicKW,NA
covid,2016,NA,FigureS-4_organicKW,NA
covid,2017,NA,FigureS-4_organicKW,NA
covid,2018,NA,FigureS-4_organicKW,NA
covid,2019,NA,FigureS-4_organicKW,NA
covid,2020,NA,FigureS-4_organicKW,NA
covid,2021,2,FigureS-4_organicKW,NA
covid,2022,NA,FigureS-4_organicKW,NA
pandemic,1996,NA,FigureS-4_organicKW,NA
pandemic,1997,NA,FigureS-4_organicKW,NA
pandemic,1998,NA,FigureS-4_organicKW,NA
pandemic,1999,NA,FigureS-4_organicKW,NA
pandemic,2000,NA,FigureS-4_organicKW,NA
pandemic,2001,NA,FigureS-4_organicKW,NA
pandemic,2002,NA,FigureS-4_organicKW,NA
pandemic,2003,NA,FigureS-4_organicKW,NA
pandemic,2004,NA,FigureS-4_organicKW,NA
pandemic,2005,NA,FigureS-4_organicKW,NA
pandemic,2006,1,FigureS-4_organicKW,NA
pandemic,2007,NA,FigureS-4_organicKW,NA
pandemic,2008,NA,FigureS-4_organicKW,NA
pandemic,2009,NA,FigureS-4_organicKW,NA
pandemic,2010,90,FigureS-4_organicKW,NA
pandemic,2011,15,FigureS-4_organicKW,NA
pandemic,2012,22,FigureS-4_organicKW,NA
pandemic,2013,NA,FigureS-4_organicKW,NA
pandemic,2014,NA,FigureS-4_organicKW,NA
pandemic,2015,13,FigureS-4_organicKW,NA
pandemic,2016,4,FigureS-4_organicKW,NA
pandemic,2017,93,FigureS-4_organicKW,NA
pandemic,2018,NA,FigureS-4_organicKW,NA
pandemic,2019,59,FigureS-4_organicKW,NA
pandemic,2020,12,FigureS-4_organicKW,NA
pandemic,2021,564,FigureS-4_organicKW,NA
pandemic,2022,260,FigureS-4_organicKW,NA
coronaviruses,1996,NA,FigureS-4_organicKW,NA
coronaviruses,1997,NA,FigureS-4_organicKW,NA
coronaviruses,1998,NA,FigureS-4_organicKW,NA
coronaviruses,1999,NA,FigureS-4_organicKW,NA
coronaviruses,2000,NA,FigureS-4_organicKW,NA
coronaviruses,2001,NA,FigureS-4_organicKW,NA
coronaviruses,2002,NA,FigureS-4_organicKW,NA
coronaviruses,2003,NA,FigureS-4_organicKW,NA
coronaviruses,2004,NA,FigureS-4_organicKW,NA
coronaviruses,2005,NA,FigureS-4_organicKW,NA
coronaviruses,2006,NA,FigureS-4_organicKW,NA
coronaviruses,2007,NA,FigureS-4_organicKW,NA
coronaviruses,2008,NA,FigureS-4_organicKW,NA
coronaviruses,2009,NA,FigureS-4_organicKW,NA
coronaviruses,2010,16,FigureS-4_organicKW,NA
coronaviruses,2011,NA,FigureS-4_organicKW,NA
coronaviruses,2012,NA,FigureS-4_organicKW,NA
coronaviruses,2013,NA,FigureS-4_organicKW,NA
coronaviruses,2014,NA,FigureS-4_organicKW,NA
coronaviruses,2015,10,FigureS-4_organicKW,NA
coronaviruses,2016,NA,FigureS-4_organicKW,NA
coronaviruses,2017,NA,FigureS-4_organicKW,NA
coronaviruses,2018,NA,FigureS-4_organicKW,NA
coronaviruses,2019,NA,FigureS-4_organicKW,NA
coronaviruses,2020,50,FigureS-4_organicKW,NA
coronaviruses,2021,80,FigureS-4_organicKW,NA
coronaviruses,2022,197,FigureS-4_organicKW,NA
coronavirinae,1996,NA,FigureS-4_organicKW,NA
coronavirinae,1997,NA,FigureS-4_organicKW,NA
coronavirinae,1998,NA,FigureS-4_organicKW,NA
coronavirinae,1999,NA,FigureS-4_organicKW,NA
coronavirinae,2000,NA,FigureS-4_organicKW,NA
coronavirinae,2001,NA,FigureS-4_organicKW,NA
coronavirinae,2002,NA,FigureS-4_organicKW,NA
coronavirinae,2003,NA,FigureS-4_organicKW,NA
coronavirinae,2004,NA,FigureS-4_organicKW,NA
coronavirinae,2005,NA,FigureS-4_organicKW,NA
coronavirinae,2006,NA,FigureS-4_organicKW,NA
coronavirinae,2007,NA,FigureS-4_organicKW,NA
coronavirinae,2008,NA,FigureS-4_organicKW,NA
coronavirinae,2009,NA,FigureS-4_organicKW,NA
coronavirinae,2010,NA,FigureS-4_organicKW,NA
coronavirinae,2011,NA,FigureS-4_organicKW,NA
coronavirinae,2012,NA,FigureS-4_organicKW,NA
coronavirinae,2013,NA,FigureS-4_organicKW,NA
coronavirinae,2014,NA,FigureS-4_organicKW,NA
coronavirinae,2015,NA,FigureS-4_organicKW,NA
coronavirinae,2016,NA,FigureS-4_organicKW,NA
coronavirinae,2017,NA,FigureS-4_organicKW,NA
coronavirinae,2018,190,FigureS-4_organicKW,NA
coronavirinae,2019,NA,FigureS-4_organicKW,NA
coronavirinae,2020,180,FigureS-4_organicKW,NA
coronavirinae,2021,29,FigureS-4_organicKW,NA
coronavirinae,2022,113,FigureS-4_organicKW,NA
alphacoronavirus,1996,NA,FigureS-4_organicKW,NA
alphacoronavirus,1997,NA,FigureS-4_organicKW,NA
alphacoronavirus,1998,NA,FigureS-4_organicKW,NA
alphacoronavirus,1999,NA,FigureS-4_organicKW,NA
alphacoronavirus,2000,NA,FigureS-4_organicKW,NA
alphacoronavirus,2001,NA,FigureS-4_organicKW,NA
alphacoronavirus,2002,NA,FigureS-4_organicKW,NA
alphacoronavirus,2003,NA,FigureS-4_organicKW,NA
alphacoronavirus,2004,NA,FigureS-4_organicKW,NA
alphacoronavirus,2005,NA,FigureS-4_organicKW,NA
alphacoronavirus,2006,NA,FigureS-4_organicKW,NA
alphacoronavirus,2007,NA,FigureS-4_organicKW,NA
alphacoronavirus,2008,NA,FigureS-4_organicKW,NA
alphacoronavirus,2009,NA,FigureS-4_organicKW,NA
alphacoronavirus,2010,NA,FigureS-4_organicKW,NA
alphacoronavirus,2011,NA,FigureS-4_organicKW,NA
alphacoronavirus,2012,NA,FigureS-4_organicKW,NA
alphacoronavirus,2013,NA,FigureS-4_organicKW,NA
alphacoronavirus,2014,NA,FigureS-4_organicKW,NA
alphacoronavirus,2015,NA,FigureS-4_organicKW,NA
alphacoronavirus,2016,NA,FigureS-4_organicKW,NA
alphacoronavirus,2017,NA,FigureS-4_organicKW,NA
alphacoronavirus,2018,NA,FigureS-4_organicKW,NA
alphacoronavirus,2019,NA,FigureS-4_organicKW,NA
alphacoronavirus,2020,128,FigureS-4_organicKW,NA
alphacoronavirus,2021,5,FigureS-4_organicKW,NA
alphacoronavirus,2022,86,FigureS-4_organicKW,NA
betacoronavirus,1996,NA,FigureS-4_organicKW,NA
betacoronavirus,1997,NA,FigureS-4_organicKW,NA
betacoronavirus,1998,NA,FigureS-4_organicKW,NA
betacoronavirus,1999,NA,FigureS-4_organicKW,NA
betacoronavirus,2000,NA,FigureS-4_organicKW,NA
betacoronavirus,2001,NA,FigureS-4_organicKW,NA
betacoronavirus,2002,NA,FigureS-4_organicKW,NA
betacoronavirus,2003,NA,FigureS-4_organicKW,NA
betacoronavirus,2004,NA,FigureS-4_organicKW,NA
betacoronavirus,2005,NA,FigureS-4_organicKW,NA
betacoronavirus,2006,NA,FigureS-4_organicKW,NA
betacoronavirus,2007,NA,FigureS-4_organicKW,NA
betacoronavirus,2008,NA,FigureS-4_organicKW,NA
betacoronavirus,2009,NA,FigureS-4_organicKW,NA
betacoronavirus,2010,NA,FigureS-4_organicKW,NA
betacoronavirus,2011,NA,FigureS-4_organicKW,NA
betacoronavirus,2012,NA,FigureS-4_organicKW,NA
betacoronavirus,2013,NA,FigureS-4_organicKW,NA
betacoronavirus,2014,NA,FigureS-4_organicKW,NA
betacoronavirus,2015,NA,FigureS-4_organicKW,NA
betacoronavirus,2016,NA,FigureS-4_organicKW,NA
betacoronavirus,2017,NA,FigureS-4_organicKW,NA
betacoronavirus,2018,NA,FigureS-4_organicKW,NA
betacoronavirus,2019,NA,FigureS-4_organicKW,NA
betacoronavirus,2020,128,FigureS-4_organicKW,NA
betacoronavirus,2021,NA,FigureS-4_organicKW,NA
betacoronavirus,2022,258,FigureS-4_organicKW,NA
anticoronavirus,1996,NA,FigureS-4_organicKW,NA
anticoronavirus,1997,NA,FigureS-4_organicKW,NA
anticoronavirus,1998,NA,FigureS-4_organicKW,NA
anticoronavirus,1999,NA,FigureS-4_organicKW,NA
anticoronavirus,2000,NA,FigureS-4_organicKW,NA
anticoronavirus,2001,NA,FigureS-4_organicKW,NA
anticoronavirus,2002,NA,FigureS-4_organicKW,NA
anticoronavirus,2003,NA,FigureS-4_organicKW,NA
anticoronavirus,2004,NA,FigureS-4_organicKW,NA
anticoronavirus,2005,NA,FigureS-4_organicKW,NA
anticoronavirus,2006,NA,FigureS-4_organicKW,NA
anticoronavirus,2007,NA,FigureS-4_organicKW,NA
anticoronavirus,2008,NA,FigureS-4_organicKW,NA
anticoronavirus,2009,NA,FigureS-4_organicKW,NA
anticoronavirus,2010,NA,FigureS-4_organicKW,NA
anticoronavirus,2011,NA,FigureS-4_organicKW,NA
anticoronavirus,2012,NA,FigureS-4_organicKW,NA
anticoronavirus,2013,NA,FigureS-4_organicKW,NA
anticoronavirus,2014,NA,FigureS-4_organicKW,NA
anticoronavirus,2015,NA,FigureS-4_organicKW,NA
anticoronavirus,2016,NA,FigureS-4_organicKW,NA
anticoronavirus,2017,NA,FigureS-4_organicKW,NA
anticoronavirus,2018,NA,FigureS-4_organicKW,NA
anticoronavirus,2019,NA,FigureS-4_organicKW,NA
anticoronavirus,2020,7,FigureS-4_organicKW,NA
anticoronavirus,2021,124,FigureS-4_organicKW,NA
anticoronavirus,2022,135,FigureS-4_organicKW,NA
coronavirus,1996,NA,FigureS-4_organicKW,NA
coronavirus,1997,NA,FigureS-4_organicKW,NA
coronavirus,1998,NA,FigureS-4_organicKW,NA
coronavirus,1999,NA,FigureS-4_organicKW,NA
coronavirus,2000,NA,FigureS-4_organicKW,NA
coronavirus,2001,NA,FigureS-4_organicKW,NA
coronavirus,2002,22,FigureS-4_organicKW,NA
coronavirus,2003,12,FigureS-4_organicKW,NA
coronavirus,2004,60,FigureS-4_organicKW,NA
coronavirus,2005,304,FigureS-4_organicKW,NA
coronavirus,2006,286,FigureS-4_organicKW,NA
coronavirus,2007,214,FigureS-4_organicKW,NA
coronavirus,2008,338,FigureS-4_organicKW,NA
coronavirus,2009,251,FigureS-4_organicKW,NA
coronavirus,2010,213,FigureS-4_organicKW,NA
coronavirus,2011,86,FigureS-4_organicKW,NA
coronavirus,2012,41,FigureS-4_organicKW,NA
coronavirus,2013,820,FigureS-4_organicKW,NA
coronavirus,2014,194,FigureS-4_organicKW,NA
coronavirus,2015,114,FigureS-4_organicKW,NA
coronavirus,2016,104,FigureS-4_organicKW,NA
coronavirus,2017,72,FigureS-4_organicKW,NA
coronavirus,2018,208,FigureS-4_organicKW,NA
coronavirus,2019,40,FigureS-4_organicKW,NA
coronavirus,2020,1267,FigureS-4_organicKW,NA
coronavirus,2021,8203,FigureS-4_organicKW,NA
coronavirus,2022,12118,FigureS-4_organicKW,NA
corona,1996,NA,FigureS-4_organicKW,NA
corona,1997,NA,FigureS-4_organicKW,NA
corona,1998,NA,FigureS-4_organicKW,NA
corona,1999,NA,FigureS-4_organicKW,NA
corona,2000,NA,FigureS-4_organicKW,NA
corona,2001,NA,FigureS-4_organicKW,NA
corona,2002,4,FigureS-4_organicKW,NA
corona,2003,NA,FigureS-4_organicKW,NA
corona,2004,2,FigureS-4_organicKW,NA
corona,2005,1,FigureS-4_organicKW,NA
corona,2006,11,FigureS-4_organicKW,NA
corona,2007,NA,FigureS-4_organicKW,NA
corona,2008,NA,FigureS-4_organicKW,NA
corona,2009,NA,FigureS-4_organicKW,NA
corona,2010,5,FigureS-4_organicKW,NA
corona,2011,18,FigureS-4_organicKW,NA
corona,2012,14,FigureS-4_organicKW,NA
corona,2013,8,FigureS-4_organicKW,NA
corona,2014,NA,FigureS-4_organicKW,NA
corona,2015,3,FigureS-4_organicKW,NA
corona,2016,NA,FigureS-4_organicKW,NA
corona,2017,74,FigureS-4_organicKW,NA
corona,2018,85,FigureS-4_organicKW,NA
corona,2019,13,FigureS-4_organicKW,NA
corona,2020,49,FigureS-4_organicKW,NA
corona,2021,2,FigureS-4_organicKW,NA
corona,2022,32,FigureS-4_organicKW,NA
coronaviridae,1996,NA,FigureS-4_organicKW,NA
coronaviridae,1997,NA,FigureS-4_organicKW,NA
coronaviridae,1998,NA,FigureS-4_organicKW,NA
coronaviridae,1999,NA,FigureS-4_organicKW,NA
coronaviridae,2000,NA,FigureS-4_organicKW,NA
coronaviridae,2001,NA,FigureS-4_organicKW,NA
coronaviridae,2002,NA,FigureS-4_organicKW,NA
coronaviridae,2003,4,FigureS-4_organicKW,NA
coronaviridae,2004,NA,FigureS-4_organicKW,NA
coronaviridae,2005,NA,FigureS-4_organicKW,NA
coronaviridae,2006,NA,FigureS-4_organicKW,NA
coronaviridae,2007,NA,FigureS-4_organicKW,NA
coronaviridae,2008,NA,FigureS-4_organicKW,NA
coronaviridae,2009,NA,FigureS-4_organicKW,NA
coronaviridae,2010,NA,FigureS-4_organicKW,NA
coronaviridae,2011,NA,FigureS-4_organicKW,NA
coronaviridae,2012,NA,FigureS-4_organicKW,NA
coronaviridae,2013,NA,FigureS-4_organicKW,NA
coronaviridae,2014,NA,FigureS-4_organicKW,NA
coronaviridae,2015,3,FigureS-4_organicKW,NA
coronaviridae,2016,4,FigureS-4_organicKW,NA
coronaviridae,2017,40,FigureS-4_organicKW,NA
coronaviridae,2018,81,FigureS-4_organicKW,NA
coronaviridae,2019,NA,FigureS-4_organicKW,NA
coronaviridae,2020,53,FigureS-4_organicKW,NA
coronaviridae,2021,36,FigureS-4_organicKW,NA
coronaviridae,2022,68,FigureS-4_organicKW,NA
pandemic,1996,NA,FigureS-4_organoMetallicKW,NA
pandemic,1997,NA,FigureS-4_organoMetallicKW,NA
pandemic,1998,NA,FigureS-4_organoMetallicKW,NA
pandemic,1999,NA,FigureS-4_organoMetallicKW,NA
pandemic,2000,NA,FigureS-4_organoMetallicKW,NA
pandemic,2001,NA,FigureS-4_organoMetallicKW,NA
pandemic,2002,NA,FigureS-4_organoMetallicKW,NA
pandemic,2003,NA,FigureS-4_organoMetallicKW,NA
pandemic,2004,NA,FigureS-4_organoMetallicKW,NA
pandemic,2005,NA,FigureS-4_organoMetallicKW,NA
pandemic,2006,NA,FigureS-4_organoMetallicKW,NA
pandemic,2007,NA,FigureS-4_organoMetallicKW,NA
pandemic,2008,NA,FigureS-4_organoMetallicKW,NA
pandemic,2009,NA,FigureS-4_organoMetallicKW,NA
pandemic,2010,NA,FigureS-4_organoMetallicKW,NA
pandemic,2011,NA,FigureS-4_organoMetallicKW,NA
pandemic,2012,NA,FigureS-4_organoMetallicKW,NA
pandemic,2013,NA,FigureS-4_organoMetallicKW,NA
pandemic,2014,NA,FigureS-4_organoMetallicKW,NA
pandemic,2015,NA,FigureS-4_organoMetallicKW,NA
pandemic,2016,NA,FigureS-4_organoMetallicKW,NA
pandemic,2017,NA,FigureS-4_organoMetallicKW,NA
pandemic,2018,NA,FigureS-4_organoMetallicKW,NA
pandemic,2019,NA,FigureS-4_organoMetallicKW,NA
pandemic,2020,NA,FigureS-4_organoMetallicKW,NA
pandemic,2021,96,FigureS-4_organoMetallicKW,NA
pandemic,2022,7,FigureS-4_organoMetallicKW,NA
coronavirus,1996,NA,FigureS-4_organoMetallicKW,NA
coronavirus,1997,NA,FigureS-4_organoMetallicKW,NA
coronavirus,1998,NA,FigureS-4_organoMetallicKW,NA
coronavirus,1999,NA,FigureS-4_organoMetallicKW,NA
coronavirus,2000,NA,FigureS-4_organoMetallicKW,NA
coronavirus,2001,NA,FigureS-4_organoMetallicKW,NA
coronavirus,2002,NA,FigureS-4_organoMetallicKW,NA
coronavirus,2003,NA,FigureS-4_organoMetallicKW,NA
coronavirus,2004,NA,FigureS-4_organoMetallicKW,NA
coronavirus,2005,NA,FigureS-4_organoMetallicKW,NA
coronavirus,2006,NA,FigureS-4_organoMetallicKW,NA
coronavirus,2007,4,FigureS-4_organoMetallicKW,NA
coronavirus,2008,NA,FigureS-4_organoMetallicKW,NA
coronavirus,2009,NA,FigureS-4_organoMetallicKW,NA
coronavirus,2010,NA,FigureS-4_organoMetallicKW,NA
coronavirus,2011,NA,FigureS-4_organoMetallicKW,NA
coronavirus,2012,NA,FigureS-4_organoMetallicKW,NA
coronavirus,2013,60,FigureS-4_organoMetallicKW,NA
coronavirus,2014,NA,FigureS-4_organoMetallicKW,NA
coronavirus,2015,NA,FigureS-4_organoMetallicKW,NA
coronavirus,2016,NA,FigureS-4_organoMetallicKW,NA
coronavirus,2017,NA,FigureS-4_organoMetallicKW,NA
coronavirus,2018,NA,FigureS-4_organoMetallicKW,NA
coronavirus,2019,NA,FigureS-4_organoMetallicKW,NA
coronavirus,2020,2,FigureS-4_organoMetallicKW,NA
coronavirus,2021,224,FigureS-4_organoMetallicKW,NA
coronavirus,2022,220,FigureS-4_organoMetallicKW,NA
corona,1996,NA,FigureS-4_organoMetallicKW,NA
corona,1997,NA,FigureS-4_organoMetallicKW,NA
corona,1998,NA,FigureS-4_organoMetallicKW,NA
corona,1999,NA,FigureS-4_organoMetallicKW,NA
corona,2000,NA,FigureS-4_organoMetallicKW,NA
corona,2001,NA,FigureS-4_organoMetallicKW,NA
corona,2002,NA,FigureS-4_organoMetallicKW,NA
corona,2003,NA,FigureS-4_organoMetallicKW,NA
corona,2004,NA,FigureS-4_organoMetallicKW,NA
corona,2005,NA,FigureS-4_organoMetallicKW,NA
corona,2006,NA,FigureS-4_organoMetallicKW,NA
corona,2007,NA,FigureS-4_organoMetallicKW,NA
corona,2008,NA,FigureS-4_organoMetallicKW,NA
corona,2009,NA,FigureS-4_organoMetallicKW,NA
corona,2010,NA,FigureS-4_organoMetallicKW,NA
corona,2011,NA,FigureS-4_organoMetallicKW,NA
corona,2012,NA,FigureS-4_organoMetallicKW,NA
corona,2013,3,FigureS-4_organoMetallicKW,NA
corona,2014,NA,FigureS-4_organoMetallicKW,NA
corona,2015,NA,FigureS-4_organoMetallicKW,NA
corona,2016,NA,FigureS-4_organoMetallicKW,NA
corona,2017,NA,FigureS-4_organoMetallicKW,NA
corona,2018,1,FigureS-4_organoMetallicKW,NA
corona,2019,NA,FigureS-4_organoMetallicKW,NA
corona,2020,NA,FigureS-4_organoMetallicKW,NA
corona,2021,NA,FigureS-4_organoMetallicKW,NA
corona,2022,NA,FigureS-4_organoMetallicKW,NA
coronaviruses,1996,NA,FigureS-4_organoMetallicKW,NA
coronaviruses,1997,NA,FigureS-4_organoMetallicKW,NA
coronaviruses,1998,NA,FigureS-4_organoMetallicKW,NA
coronaviruses,1999,NA,FigureS-4_organoMetallicKW,NA
coronaviruses,2000,NA,FigureS-4_organoMetallicKW,NA
coronaviruses,2001,NA,FigureS-4_organoMetallicKW,NA
coronaviruses,2002,NA,FigureS-4_organoMetallicKW,NA
coronaviruses,2003,NA,FigureS-4_organoMetallicKW,NA
coronaviruses,2004,NA,FigureS-4_organoMetallicKW,NA
coronaviruses,2005,NA,FigureS-4_organoMetallicKW,NA
coronaviruses,2006,NA,FigureS-4_organoMetallicKW,NA
coronaviruses,2007,NA,FigureS-4_organoMetallicKW,NA
coronaviruses,2008,NA,FigureS-4_organoMetallicKW,NA
coronaviruses,2009,NA,FigureS-4_organoMetallicKW,NA
coronaviruses,2010,NA,FigureS-4_organoMetallicKW,NA
coronaviruses,2011,NA,FigureS-4_organoMetallicKW,NA
coronaviruses,2012,NA,FigureS-4_organoMetallicKW,NA
coronaviruses,2013,NA,FigureS-4_organoMetallicKW,NA
coronaviruses,2014,NA,FigureS-4_organoMetallicKW,NA
coronaviruses,2015,NA,FigureS-4_organoMetallicKW,NA
coronaviruses,2016,NA,FigureS-4_organoMetallicKW,NA
coronaviruses,2017,NA,FigureS-4_organoMetallicKW,NA
coronaviruses,2018,NA,FigureS-4_organoMetallicKW,NA
coronaviruses,2019,NA,FigureS-4_organoMetallicKW,NA
coronaviruses,2020,NA,FigureS-4_organoMetallicKW,NA
coronaviruses,2021,38,FigureS-4_organoMetallicKW,NA
coronaviruses,2022,8,FigureS-4_organoMetallicKW,NA
CN,1996,1.32,FigureS-5,NA
CN,1997,1.53,FigureS-5,NA
CN,1998,1.5,FigureS-5,NA
CN,1999,1.78,FigureS-5,NA
CN,2000,2.3,FigureS-5,NA
CN,2001,2.42,FigureS-5,NA
CN,2002,3.08,FigureS-5,NA
CN,2003,3.82,FigureS-5,NA
CN,2004,4.29,FigureS-5,NA
CN,2005,4.99,FigureS-5,NA
CN,2006,6.02,FigureS-5,NA
CN,2007,6.96,FigureS-5,NA
CN,2008,8.41,FigureS-5,NA
CN,2009,10.02,FigureS-5,NA
CN,2010,12.24,FigureS-5,NA
CN,2011,14.23,FigureS-5,NA
CN,2012,16.69,FigureS-5,NA
CN,2013,19.4,FigureS-5,NA
CN,2014,21.98,FigureS-5,NA
CN,2015,23.58,FigureS-5,NA
CN,2016,25.61,FigureS-5,NA
CN,2017,27.14,FigureS-5,NA
CN,2018,30.26,FigureS-5,NA
CN,2019,33.02,FigureS-5,NA
CN,2020,32.29,FigureS-5,NA
CN,2021,36.42,FigureS-5,NA
CN,2022,41.3,FigureS-5,NA
US,1996,22.84,FigureS-5,USA
US,1997,22.22,FigureS-5,USA
US,1998,22.66,FigureS-5,USA
US,1999,23.84,FigureS-5,USA
US,2000,23.42,FigureS-5,USA
US,2001,23.32,FigureS-5,USA
US,2002,23.87,FigureS-5,USA
US,2003,25.24,FigureS-5,USA
US,2004,24.96,FigureS-5,USA
US,2005,25.92,FigureS-5,USA
US,2006,25.74,FigureS-5,USA
US,2007,25.59,FigureS-5,USA
US,2008,23.27,FigureS-5,USA
US,2009,22.33,FigureS-5,USA
US,2010,20.98,FigureS-5,USA
US,2011,20.53,FigureS-5,USA
US,2012,18.77,FigureS-5,USA
US,2013,17.67,FigureS-5,USA
US,2014,16.33,FigureS-5,USA
US,2015,14.71,FigureS-5,USA
US,2016,15.02,FigureS-5,USA
US,2017,14.76,FigureS-5,USA
US,2018,14.44,FigureS-5,USA
US,2019,13.05,FigureS-5,USA
US,2020,13.77,FigureS-5,USA
US,2021,12.47,FigureS-5,USA
US,2022,10.83,FigureS-5,USA
IN,1996,1.71,FigureS-5,NA
IN,1997,1.95,FigureS-5,NA
IN,1998,1.74,FigureS-5,NA
IN,1999,1.96,FigureS-5,NA
IN,2000,2.25,FigureS-5,NA
IN,2001,2.83,FigureS-5,NA
IN,2002,3.01,FigureS-5,NA
IN,2003,3.25,FigureS-5,NA
IN,2004,3.74,FigureS-5,NA
IN,2005,3.73,FigureS-5,NA
IN,2006,4.33,FigureS-5,NA
IN,2007,4.7,FigureS-5,NA
IN,2008,4.47,FigureS-5,NA
IN,2009,4.96,FigureS-5,NA
IN,2010,5.69,FigureS-5,NA
IN,2011,5.98,FigureS-5,NA
IN,2012,7.15,FigureS-5,NA
IN,2013,7.98,FigureS-5,NA
IN,2014,8.97,FigureS-5,NA
IN,2015,8.58,FigureS-5,NA
IN,2016,8.37,FigureS-5,NA
IN,2017,8.16,FigureS-5,NA
IN,2018,7.07,FigureS-5,NA
IN,2019,7.28,FigureS-5,NA
IN,2020,6.59,FigureS-5,NA
IN,2021,6.3,FigureS-5,NA
IN,2022,7.49,FigureS-5,NA
DE,1996,7.35,FigureS-5,NA
DE,1997,8.59,FigureS-5,NA
DE,1998,8.29,FigureS-5,NA
DE,1999,7.88,FigureS-5,NA
DE,2000,7.82,FigureS-5,NA
DE,2001,7.36,FigureS-5,NA
DE,2002,6.5,FigureS-5,NA
DE,2003,6.6,FigureS-5,NA
DE,2004,6.58,FigureS-5,NA
DE,2005,6.29,FigureS-5,NA
DE,2006,6.13,FigureS-5,NA
DE,2007,5.66,FigureS-5,NA
DE,2008,5.93,FigureS-5,NA
DE,2009,5.72,FigureS-5,NA
DE,2010,5.74,FigureS-5,NA
DE,2011,5.92,FigureS-5,NA
DE,2012,6.04,FigureS-5,NA
DE,2013,6.42,FigureS-5,NA
DE,2014,5.86,FigureS-5,NA
DE,2015,6.02,FigureS-5,NA
DE,2016,5.89,FigureS-5,NA
DE,2017,5.98,FigureS-5,NA
DE,2018,5.88,FigureS-5,NA
DE,2019,5.9,FigureS-5,NA
DE,2020,6.03,FigureS-5,NA
DE,2021,6.03,FigureS-5,NA
DE,2022,4.98,FigureS-5,NA
JP,1996,12.31,FigureS-5,NA
JP,1997,12.74,FigureS-5,NA
JP,1998,13.14,FigureS-5,NA
JP,1999,12.25,FigureS-5,NA
JP,2000,14.46,FigureS-5,NA
JP,2001,14.4,FigureS-5,NA
JP,2002,13.26,FigureS-5,NA
JP,2003,12.01,FigureS-5,NA
JP,2004,12.2,FigureS-5,NA
JP,2005,11.33,FigureS-5,NA
JP,2006,11.12,FigureS-5,NA
JP,2007,10.71,FigureS-5,NA
JP,2008,10.59,FigureS-5,NA
JP,2009,10.5,FigureS-5,NA
JP,2010,8.73,FigureS-5,NA
JP,2011,8.78,FigureS-5,NA
JP,2012,9.15,FigureS-5,NA
JP,2013,8.13,FigureS-5,NA
JP,2014,7.54,FigureS-5,NA
JP,2015,7.62,FigureS-5,NA
JP,2016,7.07,FigureS-5,NA
JP,2017,7.06,FigureS-5,NA
JP,2018,6.72,FigureS-5,NA
JP,2019,6.26,FigureS-5,NA
JP,2020,6.34,FigureS-5,NA
JP,2021,5.92,FigureS-5,NA
JP,2022,5.07,FigureS-5,NA
RU,1996,1.52,FigureS-5,NA
RU,1997,1.29,FigureS-5,NA
RU,1998,1.37,FigureS-5,NA
RU,1999,1.14,FigureS-5,NA
RU,2000,1.67,FigureS-5,NA
RU,2001,3.17,FigureS-5,NA
RU,2002,3,FigureS-5,NA
RU,2003,2.91,FigureS-5,NA
RU,2004,2.75,FigureS-5,NA
RU,2005,3.25,FigureS-5,NA
RU,2006,2.75,FigureS-5,NA
RU,2007,2.9,FigureS-5,NA
RU,2008,2.51,FigureS-5,NA
RU,2009,2.58,FigureS-5,NA
RU,2010,2.32,FigureS-5,NA
RU,2011,2.36,FigureS-5,NA
RU,2012,2.21,FigureS-5,NA
RU,2013,2.13,FigureS-5,NA
RU,2014,2.14,FigureS-5,NA
RU,2015,2.51,FigureS-5,NA
RU,2016,2.57,FigureS-5,NA
RU,2017,2.74,FigureS-5,NA
RU,2018,2.88,FigureS-5,NA
RU,2019,2.93,FigureS-5,NA
RU,2020,2.95,FigureS-5,NA
RU,2021,2.86,FigureS-5,NA
RU,2022,2.82,FigureS-5,NA
GB,1996,4.38,FigureS-5,NA
GB,1997,4.19,FigureS-5,NA
GB,1998,4.33,FigureS-5,NA
GB,1999,4.27,FigureS-5,NA
GB,2000,6.64,FigureS-5,NA
GB,2001,6.14,FigureS-5,NA
GB,2002,5.35,FigureS-5,NA
GB,2003,5.53,FigureS-5,NA
GB,2004,5.38,FigureS-5,NA
GB,2005,5.17,FigureS-5,NA
GB,2006,5.23,FigureS-5,NA
GB,2007,5.27,FigureS-5,NA
GB,2008,5.13,FigureS-5,NA
GB,2009,4.78,FigureS-5,NA
GB,2010,4.58,FigureS-5,NA
GB,2011,4.71,FigureS-5,NA
GB,2012,4.33,FigureS-5,NA
GB,2013,4.1,FigureS-5,NA
GB,2014,3.89,FigureS-5,NA
GB,2015,3.96,FigureS-5,NA
GB,2016,4.02,FigureS-5,NA
GB,2017,3.86,FigureS-5,NA
GB,2018,3.4,FigureS-5,NA
GB,2019,3.3,FigureS-5,NA
GB,2020,3.18,FigureS-5,NA
GB,2021,2.76,FigureS-5,NA
GB,2022,2.73,FigureS-5,NA
FR,1996,5.1,FigureS-5,NA
FR,1997,5.27,FigureS-5,NA
FR,1998,5.36,FigureS-5,NA
FR,1999,5.43,FigureS-5,NA
FR,2000,5.68,FigureS-5,NA
FR,2001,5.4,FigureS-5,NA
FR,2002,5.24,FigureS-5,NA
FR,2003,4.95,FigureS-5,NA
FR,2004,4.49,FigureS-5,NA
FR,2005,4.48,FigureS-5,NA
FR,2006,4.75,FigureS-5,NA
FR,2007,4.87,FigureS-5,NA
FR,2008,4.51,FigureS-5,NA
FR,2009,4.58,FigureS-5,NA
FR,2010,4.31,FigureS-5,NA
FR,2011,4.22,FigureS-5,NA
FR,2012,4.06,FigureS-5,NA
FR,2013,3.97,FigureS-5,NA
FR,2014,3.73,FigureS-5,NA
FR,2015,3.37,FigureS-5,NA
FR,2016,3.35,FigureS-5,NA
FR,2017,3.1,FigureS-5,NA
FR,2018,3.04,FigureS-5,NA
FR,2019,2.53,FigureS-5,NA
FR,2020,2.67,FigureS-5,NA
FR,2021,2.56,FigureS-5,NA
FR,2022,2.25,FigureS-5,NA
KR,1996,0.78,FigureS-5,NA
KR,1997,0.84,FigureS-5,NA
KR,1998,1.23,FigureS-5,NA
KR,1999,1.25,FigureS-5,NA
KR,2000,1.39,FigureS-5,NA
KR,2001,1.69,FigureS-5,NA
KR,2002,1.8,FigureS-5,NA
KR,2003,1.8,FigureS-5,NA
KR,2004,1.67,FigureS-5,NA
KR,2005,1.56,FigureS-5,NA
KR,2006,1.47,FigureS-5,NA
KR,2007,1.77,FigureS-5,NA
KR,2008,1.93,FigureS-5,NA
KR,2009,1.68,FigureS-5,NA
KR,2010,2.43,FigureS-5,NA
KR,2011,2.2,FigureS-5,NA
KR,2012,2.06,FigureS-5,NA
KR,2013,2.26,FigureS-5,NA
KR,2014,2.46,FigureS-5,NA
KR,2015,2.72,FigureS-5,NA
KR,2016,2.37,FigureS-5,NA
KR,2017,2.16,FigureS-5,NA
KR,2018,2.22,FigureS-5,NA
KR,2019,2.04,FigureS-5,NA
KR,2020,2.07,FigureS-5,NA
KR,2021,2.26,FigureS-5,NA
KR,2022,1.98,FigureS-5,NA
ES,1996,3.33,FigureS-5,NA
ES,1997,3.37,FigureS-5,NA
ES,1998,3.42,FigureS-5,NA
ES,1999,3.46,FigureS-5,NA
ES,2000,3.7,FigureS-5,NA
ES,2001,3.84,FigureS-5,NA
ES,2002,3.83,FigureS-5,NA
ES,2003,3.84,FigureS-5,NA
ES,2004,3.42,FigureS-5,NA
ES,2005,3.72,FigureS-5,NA
ES,2006,3.62,FigureS-5,NA
ES,2007,3.59,FigureS-5,NA
ES,2008,3.51,FigureS-5,NA
ES,2009,3.33,FigureS-5,NA
ES,2010,3.15,FigureS-5,NA
ES,2011,3.11,FigureS-5,NA
ES,2012,3.24,FigureS-5,NA
ES,2013,3.21,FigureS-5,NA
ES,2014,2.76,FigureS-5,NA
ES,2015,2.56,FigureS-5,NA
ES,2016,2.66,FigureS-5,NA
ES,2017,2.35,FigureS-5,NA
ES,2018,2.34,FigureS-5,NA
ES,2019,2.09,FigureS-5,NA
ES,2020,1.98,FigureS-5,NA
ES,2021,1.96,FigureS-5,NA
ES,2022,1.75,FigureS-5,NA
China-US,1996,0.02,FigureS-6,CHN
China-US,1997,0.03,FigureS-6,CHN
China-US,1998,0.03,FigureS-6,CHN
China-US,1999,0.03,FigureS-6,CHN
China-US,2000,0.03,FigureS-6,CHN
China-US,2001,0.05,FigureS-6,CHN
China-US,2002,0.04,FigureS-6,CHN
China-US,2003,0.1,FigureS-6,CHN
China-US,2004,0.09,FigureS-6,CHN
China-US,2005,0.13,FigureS-6,CHN
China-US,2006,0.19,FigureS-6,CHN
China-US,2007,0.3,FigureS-6,CHN
China-US,2008,0.49,FigureS-6,CHN
China-US,2009,0.52,FigureS-6,CHN
China-US,2010,0.82,FigureS-6,CHN
China-US,2011,0.64,FigureS-6,CHN
China-US,2012,0.77,FigureS-6,CHN
China-US,2013,0.93,FigureS-6,CHN
China-US,2014,1.05,FigureS-6,CHN
China-US,2015,1.09,FigureS-6,CHN
China-US,2016,1.48,FigureS-6,CHN
China-US,2017,1.6,FigureS-6,CHN
China-US,2018,1.44,FigureS-6,CHN
China-US,2019,1.5,FigureS-6,CHN
China-US,2020,1.61,FigureS-6,CHN
China-US,2021,1.3,FigureS-6,CHN
China-US,2022,1.57,FigureS-6,CHN
UK-US,1996,0.17,FigureS-6,NA
UK-US,1997,0.16,FigureS-6,NA
UK-US,1998,0.23,FigureS-6,NA
UK-US,1999,0.26,FigureS-6,NA
UK-US,2000,0.12,FigureS-6,NA
UK-US,2001,0.23,FigureS-6,NA
UK-US,2002,0.32,FigureS-6,NA
UK-US,2003,0.29,FigureS-6,NA
UK-US,2004,0.2,FigureS-6,NA
UK-US,2005,0.22,FigureS-6,NA
UK-US,2006,0.23,FigureS-6,NA
UK-US,2007,0.33,FigureS-6,NA
UK-US,2008,0.37,FigureS-6,NA
UK-US,2009,0.39,FigureS-6,NA
UK-US,2010,0.5,FigureS-6,NA
UK-US,2011,0.47,FigureS-6,NA
UK-US,2012,0.44,FigureS-6,NA
UK-US,2013,0.31,FigureS-6,NA
UK-US,2014,0.37,FigureS-6,NA
UK-US,2015,0.41,FigureS-6,NA
UK-US,2016,0.22,FigureS-6,NA
UK-US,2017,0.31,FigureS-6,NA
UK-US,2018,0.33,FigureS-6,NA
UK-US,2019,0.41,FigureS-6,NA
UK-US,2020,0.31,FigureS-6,NA
UK-US,2021,0.31,FigureS-6,NA
UK-US,2022,0.32,FigureS-6,NA
Japan-US,1996,0.1,FigureS-6,JPN
Japan-US,1997,0.2,FigureS-6,JPN
Japan-US,1998,0.15,FigureS-6,JPN
Japan-US,1999,0.16,FigureS-6,JPN
Japan-US,2000,0.12,FigureS-6,JPN
Japan-US,2001,0.37,FigureS-6,JPN
Japan-US,2002,0.18,FigureS-6,JPN
Japan-US,2003,0.29,FigureS-6,JPN
Japan-US,2004,0.2,FigureS-6,JPN
Japan-US,2005,0.16,FigureS-6,JPN
Japan-US,2006,0.33,FigureS-6,JPN
Japan-US,2007,0.21,FigureS-6,JPN
Japan-US,2008,0.27,FigureS-6,JPN
Japan-US,2009,0.45,FigureS-6,JPN
Japan-US,2010,0.22,FigureS-6,JPN
Japan-US,2011,0.36,FigureS-6,JPN
Japan-US,2012,0.21,FigureS-6,JPN
Japan-US,2013,0.28,FigureS-6,JPN
Japan-US,2014,0.22,FigureS-6,JPN
Japan-US,2015,0.22,FigureS-6,JPN
Japan-US,2016,0.21,FigureS-6,JPN
Japan-US,2017,0.3,FigureS-6,JPN
Japan-US,2018,0.22,FigureS-6,JPN
Japan-US,2019,0.22,FigureS-6,JPN
Japan-US,2020,0.22,FigureS-6,JPN
Japan-US,2021,0.21,FigureS-6,JPN
Japan-US,2022,0.09,FigureS-6,JPN
India-US,1996,0.05,FigureS-6,IND
India-US,1997,0.07,FigureS-6,IND
India-US,1998,0.03,FigureS-6,IND
India-US,1999,0.07,FigureS-6,IND
India-US,2000,0.09,FigureS-6,IND
India-US,2001,0.08,FigureS-6,IND
India-US,2002,0.12,FigureS-6,IND
India-US,2003,0.16,FigureS-6,IND
India-US,2004,0.13,FigureS-6,IND
India-US,2005,0.11,FigureS-6,IND
India-US,2006,0.14,FigureS-6,IND
India-US,2007,0.13,FigureS-6,IND
India-US,2008,0.14,FigureS-6,IND
India-US,2009,0.22,FigureS-6,IND
India-US,2010,0.21,FigureS-6,IND
India-US,2011,0.31,FigureS-6,IND
India-US,2012,0.33,FigureS-6,IND
India-US,2013,0.28,FigureS-6,IND
India-US,2014,0.33,FigureS-6,IND
India-US,2015,0.25,FigureS-6,IND
India-US,2016,0.33,FigureS-6,IND
India-US,2017,0.34,FigureS-6,IND
India-US,2018,0.27,FigureS-6,IND
India-US,2019,0.25,FigureS-6,IND
India-US,2020,0.39,FigureS-6,IND
India-US,2021,0.32,FigureS-6,IND
India-US,2022,0.31,FigureS-6,IND
Germany-US,1996,0.13,FigureS-6,DEU
Germany-US,1997,0.14,FigureS-6,DEU
Germany-US,1998,0.14,FigureS-6,DEU
Germany-US,1999,0.19,FigureS-6,DEU
Germany-US,2000,0.14,FigureS-6,DEU
Germany-US,2001,0.31,FigureS-6,DEU
Germany-US,2002,0.14,FigureS-6,DEU
Germany-US,2003,0.14,FigureS-6,DEU
Germany-US,2004,0.17,FigureS-6,DEU
Germany-US,2005,0.16,FigureS-6,DEU
Germany-US,2006,0.11,FigureS-6,DEU
Germany-US,2007,0.19,FigureS-6,DEU
Germany-US,2008,0.17,FigureS-6,DEU
Germany-US,2009,0.2,FigureS-6,DEU
Germany-US,2010,0.37,FigureS-6,DEU
Germany-US,2011,0.35,FigureS-6,DEU
Germany-US,2012,0.25,FigureS-6,DEU
Germany-US,2013,0.24,FigureS-6,DEU
Germany-US,2014,0.24,FigureS-6,DEU
Germany-US,2015,0.18,FigureS-6,DEU
Germany-US,2016,0.25,FigureS-6,DEU
Germany-US,2017,0.26,FigureS-6,DEU
Germany-US,2018,0.24,FigureS-6,DEU
Germany-US,2019,0.28,FigureS-6,DEU
Germany-US,2020,0.26,FigureS-6,DEU
Germany-US,2021,0.43,FigureS-6,DEU
Germany-US,2022,0.38,FigureS-6,DEU
Canada-US,1996,0.11,FigureS-6,CAN
Canada-US,1997,0.1,FigureS-6,CAN
Canada-US,1998,0.08,FigureS-6,CAN
Canada-US,1999,0.26,FigureS-6,CAN
Canada-US,2000,0.12,FigureS-6,CAN
Canada-US,2001,0.13,FigureS-6,CAN
Canada-US,2002,0.07,FigureS-6,CAN
Canada-US,2003,0.23,FigureS-6,CAN
Canada-US,2004,0.16,FigureS-6,CAN
Canada-US,2005,0.14,FigureS-6,CAN
Canada-US,2006,0.18,FigureS-6,CAN
Canada-US,2007,0.23,FigureS-6,CAN
Canada-US,2008,0.21,FigureS-6,CAN
Canada-US,2009,0.21,FigureS-6,CAN
Canada-US,2010,0.3,FigureS-6,CAN
Canada-US,2011,0.32,FigureS-6,CAN
Canada-US,2012,0.22,FigureS-6,CAN
Canada-US,2013,0.22,FigureS-6,CAN
Canada-US,2014,0.3,FigureS-6,CAN
Canada-US,2015,0.22,FigureS-6,CAN
Canada-US,2016,0.22,FigureS-6,CAN
Canada-US,2017,0.2,FigureS-6,CAN
Canada-US,2018,0.13,FigureS-6,CAN
Canada-US,2019,0.19,FigureS-6,CAN
Canada-US,2020,0.24,FigureS-6,CAN
Canada-US,2021,0.15,FigureS-6,CAN
Canada-US,2022,0.23,FigureS-6,CAN
Italy-US,1996,0.1,FigureS-6,ITA
Italy-US,1997,0.08,FigureS-6,ITA
Italy-US,1998,0.1,FigureS-6,ITA
Italy-US,1999,0.05,FigureS-6,ITA
Italy-US,2000,0.07,FigureS-6,ITA
Italy-US,2001,0.08,FigureS-6,ITA
Italy-US,2002,0.1,FigureS-6,ITA
Italy-US,2003,0.15,FigureS-6,ITA
Italy-US,2004,0.12,FigureS-6,ITA
Italy-US,2005,0.14,FigureS-6,ITA
Italy-US,2006,0.07,FigureS-6,ITA
Italy-US,2007,0.12,FigureS-6,ITA
Italy-US,2008,0.12,FigureS-6,ITA
Italy-US,2009,0.29,FigureS-6,ITA
Italy-US,2010,0.2,FigureS-6,ITA
Italy-US,2011,0.17,FigureS-6,ITA
Italy-US,2012,0.29,FigureS-6,ITA
Italy-US,2013,0.19,FigureS-6,ITA
Italy-US,2014,0.15,FigureS-6,ITA
Italy-US,2015,0.19,FigureS-6,ITA
Italy-US,2016,0.24,FigureS-6,ITA
Italy-US,2017,0.14,FigureS-6,ITA
Italy-US,2018,0.16,FigureS-6,ITA
Italy-US,2019,0.11,FigureS-6,ITA
Italy-US,2020,0.17,FigureS-6,ITA
Italy-US,2021,0.09,FigureS-6,ITA
Italy-US,2022,0.1,FigureS-6,ITA
China-Japan,1996,0.05,FigureS-6,NA
China-Japan,1997,0.02,FigureS-6,NA
China-Japan,1998,0.02,FigureS-6,NA
China-Japan,1999,0.03,FigureS-6,NA
China-Japan,2000,0.05,FigureS-6,NA
China-Japan,2001,0.07,FigureS-6,NA
China-Japan,2002,0.08,FigureS-6,NA
China-Japan,2003,0.08,FigureS-6,NA
China-Japan,2004,0.1,FigureS-6,NA
China-Japan,2005,0.09,FigureS-6,NA
China-Japan,2006,0.07,FigureS-6,NA
China-Japan,2007,0.1,FigureS-6,NA
China-Japan,2008,0.13,FigureS-6,NA
China-Japan,2009,0.13,FigureS-6,NA
China-Japan,2010,0.12,FigureS-6,NA
China-Japan,2011,0.16,FigureS-6,NA
China-Japan,2012,0.15,FigureS-6,NA
China-Japan,2013,0.13,FigureS-6,NA
China-Japan,2014,0.18,FigureS-6,NA
China-Japan,2015,0.13,FigureS-6,NA
China-Japan,2016,0.14,FigureS-6,NA
China-Japan,2017,0.13,FigureS-6,NA
China-Japan,2018,0.18,FigureS-6,NA
China-Japan,2019,0.15,FigureS-6,NA
China-Japan,2020,0.25,FigureS-6,NA
China-Japan,2021,0.24,FigureS-6,NA
China-Japan,2022,0.23,FigureS-6,NA
Germany-UK,1996,0.11,FigureS-6,DEU
Germany-UK,1997,0.14,FigureS-6,DEU
Germany-UK,1998,0.05,FigureS-6,DEU
Germany-UK,1999,0.12,FigureS-6,DEU
Germany-UK,2000,0.1,FigureS-6,DEU
Germany-UK,2001,0.1,FigureS-6,DEU
Germany-UK,2002,0.06,FigureS-6,DEU
Germany-UK,2003,0.06,FigureS-6,DEU
Germany-UK,2004,0.06,FigureS-6,DEU
Germany-UK,2005,0.05,FigureS-6,DEU
Germany-UK,2006,0.06,FigureS-6,DEU
Germany-UK,2007,0.08,FigureS-6,DEU
Germany-UK,2008,0.08,FigureS-6,DEU
Germany-UK,2009,0.09,FigureS-6,DEU
Germany-UK,2010,0.1,FigureS-6,DEU
Germany-UK,2011,0.16,FigureS-6,DEU
Germany-UK,2012,0.16,FigureS-6,DEU
Germany-UK,2013,0.11,FigureS-6,DEU
Germany-UK,2014,0.09,FigureS-6,DEU
Germany-UK,2015,0.14,FigureS-6,DEU
Germany-UK,2016,0.2,FigureS-6,DEU
Germany-UK,2017,0.18,FigureS-6,DEU
Germany-UK,2018,0.11,FigureS-6,DEU
Germany-UK,2019,0.13,FigureS-6,DEU
Germany-UK,2020,0.22,FigureS-6,DEU
Germany-UK,2021,0.15,FigureS-6,DEU
Germany-UK,2022,0.08,FigureS-6,DEU
Germany-France,1996,0.11,FigureS-6,NA
Germany-France,1997,0.11,FigureS-6,NA
Germany-France,1998,0.11,FigureS-6,NA
Germany-France,1999,0.13,FigureS-6,NA
Germany-France,2000,0.06,FigureS-6,NA
Germany-France,2001,0.14,FigureS-6,NA
Germany-France,2002,0.13,FigureS-6,NA
Germany-France,2003,0.07,FigureS-6,NA
Germany-France,2004,0.07,FigureS-6,NA
Germany-France,2005,0.12,FigureS-6,NA
Germany-France,2006,0.17,FigureS-6,NA
Germany-France,2007,0.09,FigureS-6,NA
Germany-France,2008,0.07,FigureS-6,NA
Germany-France,2009,0.17,FigureS-6,NA
Germany-France,2010,0.17,FigureS-6,NA
Germany-France,2011,0.11,FigureS-6,NA
Germany-France,2012,0.09,FigureS-6,NA
Germany-France,2013,0.11,FigureS-6,NA
Germany-France,2014,0.11,FigureS-6,NA
Germany-France,2015,0.12,FigureS-6,NA
Germany-France,2016,0.1,FigureS-6,NA
Germany-France,2017,0.11,FigureS-6,NA
Germany-France,2018,0.12,FigureS-6,NA
Germany-France,2019,0.14,FigureS-6,NA
Germany-France,2020,0.12,FigureS-6,NA
Germany-France,2021,0.07,FigureS-6,NA
Germany-France,2022,0.12,FigureS-6,NA
H,1996,68.1979623052394,FigureS-7a_b,NA
H,1997,68.3743385920851,FigureS-7a_b,NA
H,1998,69.7941283956633,FigureS-7a_b,NA
H,1999,66.0985867279574,FigureS-7a_b,NA
H,2000,80.1805769654261,FigureS-7a_b,NA
H,2001,81.6844472085347,FigureS-7a_b,NA
H,2002,83.5827216261999,FigureS-7a_b,NA
H,2003,84.4411831113118,FigureS-7a_b,NA
H,2004,84.5541003699753,FigureS-7a_b,NA
H,2005,86.0359341057205,FigureS-7a_b,NA
H,2006,86.8634056702835,FigureS-7a_b,NA
H,2007,87.6885464189823,FigureS-7a_b,NA
H,2008,76.3362800772789,FigureS-7a_b,NA
H,2009,75.9643005546422,FigureS-7a_b,NA
H,2010,78.8784006753386,FigureS-7a_b,NA
H,2011,81.7075258182925,FigureS-7a_b,NA
H,2012,77.8921249593231,FigureS-7a_b,NA
H,2013,82.5068847534007,FigureS-7a_b,NA
H,2014,81.7164623259136,FigureS-7a_b,NA
H,2015,82.4763626775153,FigureS-7a_b,NA
H,2016,84.409804080969,FigureS-7a_b,NA
H,2017,84.7061541126874,FigureS-7a_b,NA
H,2018,84.3671679197995,FigureS-7a_b,NA
H,2019,86.998820754717,FigureS-7a_b,NA
H,2020,85.5022831050228,FigureS-7a_b,NA
H,2021,85.0861112997035,FigureS-7a_b,NA
H,2022,86.1228374124594,FigureS-7a_b,NA
O,1996,46.2732999766676,FigureS-7a_b,NA
O,1997,44.505132769257,FigureS-7a_b,NA
O,1998,46.4880009745401,FigureS-7a_b,NA
O,1999,44.9288473763998,FigureS-7a_b,NA
O,2000,55.4601287039076,FigureS-7a_b,NA
O,2001,56.0015308807348,FigureS-7a_b,NA
O,2002,57.1122717861848,FigureS-7a_b,NA
O,2003,57.5818469180402,FigureS-7a_b,NA
O,2004,57.5277481444492,FigureS-7a_b,NA
O,2005,59.144188993483,FigureS-7a_b,NA
O,2006,58.8335666783339,FigureS-7a_b,NA
O,2007,60.0947370718823,FigureS-7a_b,NA
O,2008,51.8451300665457,FigureS-7a_b,NA
O,2009,52.3459377427689,FigureS-7a_b,NA
O,2010,54.631441617743,FigureS-7a_b,NA
O,2011,55.9082523440917,FigureS-7a_b,NA
O,2012,54.8080052066385,FigureS-7a_b,NA
O,2013,58.7181840941333,FigureS-7a_b,NA
O,2014,58.7277024843981,FigureS-7a_b,NA
O,2015,57.9764191810751,FigureS-7a_b,NA
O,2016,59.8426957157955,FigureS-7a_b,NA
O,2017,59.9376311382317,FigureS-7a_b,NA
O,2018,60.5200501253133,FigureS-7a_b,NA
O,2019,61.9188005390836,FigureS-7a_b,NA
O,2020,60.6573619367623,FigureS-7a_b,NA
O,2021,59.8547083983977,FigureS-7a_b,NA
O,2022,60.0839413386691,FigureS-7a_b,NA
N,1996,41.567936121121,FigureS-7a_b,NA
N,1997,40.8963448830801,FigureS-7a_b,NA
N,1998,43.7495431843099,FigureS-7a_b,NA
N,1999,40.8112866154824,FigureS-7a_b,NA
N,2000,52.3379578653747,FigureS-7a_b,NA
N,2001,55.3556905707315,FigureS-7a_b,NA
N,2002,56.4323357801619,FigureS-7a_b,NA
N,2003,58.5707834725672,FigureS-7a_b,NA
N,2004,59.2868329663845,FigureS-7a_b,NA
N,2005,60.9680485155684,FigureS-7a_b,NA
N,2006,62.6531326566328,FigureS-7a_b,NA
N,2007,65.6763659383117,FigureS-7a_b,NA
N,2008,56.8975274671662,FigureS-7a_b,NA
N,2009,58.7396794999187,FigureS-7a_b,NA
N,2010,60.4715858946318,FigureS-7a_b,NA
N,2011,63.4074440365926,FigureS-7a_b,NA
N,2012,62.6098275301009,FigureS-7a_b,NA
N,2013,67.2586163731954,FigureS-7a_b,NA
N,2014,67.1586715867159,FigureS-7a_b,NA
N,2015,68.150826835424,FigureS-7a_b,NA
N,2016,70.2036419803268,FigureS-7a_b,NA
N,2017,70.9850045236674,FigureS-7a_b,NA
N,2018,70.3487886382623,FigureS-7a_b,NA
N,2019,73.0795148247978,FigureS-7a_b,NA
N,2020,72.4153528043422,FigureS-7a_b,NA
N,2021,72.0347613551497,FigureS-7a_b,NA
N,2022,72.938678899978,FigureS-7a_b,NA
P,1996,22.7464806989345,FigureS-7a_b,NA
P,1997,23.7716710150935,FigureS-7a_b,NA
P,1998,23.8518698988915,FigureS-7a_b,NA
P,1999,21.7076629664042,FigureS-7a_b,NA
P,2000,26.9495216423206,FigureS-7a_b,NA
P,2001,25.699660335837,FigureS-7a_b,NA
P,2002,26.663372859025,FigureS-7a_b,NA
P,2003,25.4007676676451,FigureS-7a_b,NA
P,2004,25.9164264475566,FigureS-7a_b,NA
P,2005,25.6290731354091,FigureS-7a_b,NA
P,2006,26.3585054252713,FigureS-7a_b,NA
P,2007,25.5593634716553,FigureS-7a_b,NA
P,2008,21.1111761606463,FigureS-7a_b,NA
P,2009,21.6003324239851,FigureS-7a_b,NA
P,2010,21.7681593185219,FigureS-7a_b,NA
P,2011,22.8323094771677,FigureS-7a_b,NA
P,2012,21.4753498210218,FigureS-7a_b,NA
P,2013,23.0927146791288,FigureS-7a_b,NA
P,2014,22.716683388032,FigureS-7a_b,NA
P,2015,22.5091347421554,FigureS-7a_b,NA
P,2016,23.2806275912527,FigureS-7a_b,NA
P,2017,22.6279620396928,FigureS-7a_b,NA
P,2018,22.437343358396,FigureS-7a_b,NA
P,2019,22.8815700808625,FigureS-7a_b,NA
P,2020,22.0987335228741,FigureS-7a_b,NA
P,2021,22.6424061375518,FigureS-7a_b,NA
P,2022,21.5050877235792,FigureS-7a_b,NA
Cl,1996,16.1537863272237,FigureS-7a_b,NA
Cl,1997,17.3928945892565,FigureS-7a_b,NA
Cl,1998,18.7233524180777,FigureS-7a_b,NA
Cl,1999,16.220842094968,FigureS-7a_b,NA
Cl,2000,21.7524284910323,FigureS-7a_b,NA
Cl,2001,22.4800267904129,FigureS-7a_b,NA
Cl,2002,23.0566534914361,FigureS-7a_b,NA
Cl,2003,24.2424926620005,FigureS-7a_b,NA
Cl,2004,22.3165444764737,FigureS-7a_b,NA
Cl,2005,22.893283852281,FigureS-7a_b,NA
Cl,2006,23.1930346517326,FigureS-7a_b,NA
Cl,2007,24.3915216869311,FigureS-7a_b,NA
Cl,2008,20.566711550846,FigureS-7a_b,NA
Cl,2009,20.9878773644559,FigureS-7a_b,NA
Cl,2010,21.0563677525805,FigureS-7a_b,NA
Cl,2011,21.1034823788965,FigureS-7a_b,NA
Cl,2012,21.4021314676212,FigureS-7a_b,NA
Cl,2013,23.0192773095218,FigureS-7a_b,NA
Cl,2014,23.9223221725305,FigureS-7a_b,NA
Cl,2015,23.2436810185708,FigureS-7a_b,NA
Cl,2016,23.7114868709861,FigureS-7a_b,NA
Cl,2017,23.3093996034572,FigureS-7a_b,NA
Cl,2018,24.4778613199666,FigureS-7a_b,NA
Cl,2019,24.8294305929919,FigureS-7a_b,NA
Cl,2020,24.2375290772809,FigureS-7a_b,NA
Cl,2021,24.4732613664652,FigureS-7a_b,NA
Cl,2022,24.6406871477026,FigureS-7a_b,NA
S,1996,12.2028361807482,FigureS-7a_b,NA
S,1997,12.3088927360952,FigureS-7a_b,NA
S,1998,12.86392983311,FigureS-7a_b,NA
S,1999,12.3062252432882,FigureS-7a_b,NA
S,2000,14.6786072573344,FigureS-7a_b,NA
S,2001,14.8758551404105,FigureS-7a_b,NA
S,2002,15.7091097308489,FigureS-7a_b,NA
S,2003,15.4007676676451,FigureS-7a_b,NA
S,2004,16.2085480173412,FigureS-7a_b,NA
S,2005,17.3719225199131,FigureS-7a_b,NA
S,2006,16.8599054952748,FigureS-7a_b,NA
S,2007,16.9347973194211,FigureS-7a_b,NA
S,2008,14.238042269188,FigureS-7a_b,NA
S,2009,13.987100504055901,FigureS-7a_b,NA
S,2010,15.2987222286175,FigureS-7a_b,NA
S,2011,15.800985184199,FigureS-7a_b,NA
S,2012,15.7216075496258,FigureS-7a_b,NA
S,2013,16.5501126596011,FigureS-7a_b,NA
S,2014,16.8976482391552,FigureS-7a_b,NA
S,2015,16.5348250273101,FigureS-7a_b,NA
S,2016,16.4559791886838,FigureS-7a_b,NA
S,2017,16.5931971741516,FigureS-7a_b,NA
S,2018,17.2431077694236,FigureS-7a_b,NA
S,2019,18.1961758760108,FigureS-7a_b,NA
S,2020,17.0952873266133,FigureS-7a_b,NA
S,2021,16.6610088940186,FigureS-7a_b,NA
S,2022,17.7692101217637,FigureS-7a_b,NA
F,1996,11.1684338786198,FigureS-7a_b,NA
F,1997,10.8970763941382,FigureS-7a_b,NA
F,1998,11.7821902789621,FigureS-7a_b,NA
F,1999,10.9956477089344,FigureS-7a_b,NA
F,2000,13.4796545058602,FigureS-7a_b,NA
F,2001,13.3712864182175,FigureS-7a_b,NA
F,2002,14.3304159608507,FigureS-7a_b,NA
F,2003,14.4253781892075,FigureS-7a_b,NA
F,2004,14.6696325215062,FigureS-7a_b,NA
F,2005,14.4913106444605,FigureS-7a_b,NA
F,2006,14.4207210360518,FigureS-7a_b,NA
F,2007,14.6886119054376,FigureS-7a_b,NA
F,2008,12.073844232383,FigureS-7a_b,NA
F,2009,12.8200032519738,FigureS-7a_b,NA
F,2010,13.8674647941368,FigureS-7a_b,NA
F,2011,14.4164019855836,FigureS-7a_b,NA
F,2012,14.9670517409697,FigureS-7a_b,NA
F,2013,17.1609780522407,FigureS-7a_b,NA
F,2014,16.5490502831296,FigureS-7a_b,NA
F,2015,17.4501826948431,FigureS-7a_b,NA
F,2016,18.4659783757418,FigureS-7a_b,NA
F,2017,18.9493541742863,FigureS-7a_b,NA
F,2018,18.3771929824561,FigureS-7a_b,NA
F,2019,19.5754716981132,FigureS-7a_b,NA
F,2020,19.277160334281,FigureS-7a_b,NA
F,2021,19.845203340349,FigureS-7a_b,NA
F,2022,20.1825236085015,FigureS-7a_b,NA
Fe,1996,8.43595260933814,FigureS-7a_b,NA
Fe,1997,9.39991709541342,FigureS-7a_b,NA
Fe,1998,8.36399074186868,FigureS-7a_b,NA
Fe,1999,9.61660716905472,FigureS-7a_b,NA
Fe,2000,8.9676772125572,FigureS-7a_b,NA
Fe,2001,11.5772855570971,FigureS-7a_b,NA
Fe,2002,9.91906644080557,FigureS-7a_b,NA
Fe,2003,10.4447956649357,FigureS-7a_b,NA
Fe,2004,10.3797353428513,FigureS-7a_b,NA
Fe,2005,10.1217414916727,FigureS-7a_b,NA
Fe,2006,10.3473923696185,FigureS-7a_b,NA
Fe,2007,11.030101940582,FigureS-7a_b,NA
Fe,2008,9.61106882891322,FigureS-7a_b,NA
Fe,2009,9.33316471247132,FigureS-7a_b,NA
Fe,2010,9.88642032155328,FigureS-7a_b,NA
Fe,2011,10.5916810894083,FigureS-7a_b,NA
Fe,2012,9.28652782297429,FigureS-7a_b,NA
Fe,2013,11.2676291412835,FigureS-7a_b,NA
Fe,2014,10.9255700851939,FigureS-7a_b,NA
Fe,2015,10.7394432515915,FigureS-7a_b,NA
Fe,2016,10.8507438419641,FigureS-7a_b,NA
Fe,2017,11.821209262931,FigureS-7a_b,NA
Fe,2018,11.530910609858,FigureS-7a_b,NA
Fe,2019,11.3776111859838,FigureS-7a_b,NA
Fe,2020,10.7133626260016,FigureS-7a_b,NA
Fe,2021,11.2589675696472,FigureS-7a_b,NA
Fe,2022,11.1417486152119,FigureS-7a_b,NA
Ru,1996,7.53895211676561,FigureS-7a_b,NA
Ru,1997,8.57574797005682,FigureS-7a_b,NA
Ru,1998,7.97904738701425,FigureS-7a_b,NA
Ru,1999,7.64340554550345,FigureS-7a_b,NA
Ru,2000,10.1690768063814,FigureS-7a_b,NA
Ru,2001,8.37918002200641,FigureS-7a_b,NA
Ru,2002,8.8085827216262,FigureS-7a_b,NA
Ru,2003,9.96387446376157,FigureS-7a_b,NA
Ru,2004,10.2435481308305,FigureS-7a_b,NA
Ru,2005,10.3208725561188,FigureS-7a_b,NA
Ru,2006,10.6077178858943,FigureS-7a_b,NA
Ru,2007,10.9100434393486,FigureS-7a_b,NA
Ru,2008,9.43153211170306,FigureS-7a_b,NA
Ru,2009,8.52920453108345,FigureS-7a_b,NA
Ru,2010,7.67046544645255,FigureS-7a_b,NA
Ru,2011,8.704996291295,FigureS-7a_b,NA
Ru,2012,8.5624796615685,FigureS-7a_b,NA
Ru,2013,8.72736376533422,FigureS-7a_b,NA
Ru,2014,9.08565306851225,FigureS-7a_b,NA
Ru,2015,8.1101442724225,FigureS-7a_b,NA
Ru,2016,9.24315096333631,FigureS-7a_b,NA
Ru,2017,7.86540645633217,FigureS-7a_b,NA
Ru,2018,7.52297410192147,FigureS-7a_b,NA
Ru,2019,7.97464622641509,FigureS-7a_b,NA
Ru,2020,7.77548031360386,FigureS-7a_b,NA
Ru,2021,7.21026546269265,FigureS-7a_b,NA
Ru,2022,6.64210243771504,FigureS-7a_b,NA
B,1996,7.24081611489902,FigureS-7a_b,NA
B,1997,7.41264538782278,FigureS-7a_b,NA
B,1998,7.91813862833475,FigureS-7a_b,NA
B,1999,6.34994376253118,FigureS-7a_b,NA
B,2000,8.05745185837676,FigureS-7a_b,NA
B,2001,9.30488446634454,FigureS-7a_b,NA
B,2002,8.78035008469791,FigureS-7a_b,NA
B,2003,8.21404380221269,FigureS-7a_b,NA
B,2004,8.54120798057062,FigureS-7a_b,NA
B,2005,8.57395003620565,FigureS-7a_b,NA
B,2006,8.33479173958698,FigureS-7a_b,NA
B,2007,7.85837462618148,FigureS-7a_b,NA
B,2008,6.55699315028394,FigureS-7a_b,NA
B,2009,6.86708460551752,FigureS-7a_b,NA
B,2010,7.07378841947738,FigureS-7a_b,NA
B,2011,6.88107419311893,FigureS-7a_b,NA
B,2012,7.45403514480963,FigureS-7a_b,NA
B,2013,7.9662855712259,FigureS-7a_b,NA
B,2014,7.30185182036152,FigureS-7a_b,NA
B,2015,7.4000828718876,FigureS-7a_b,NA
B,2016,7.5075197138444,FigureS-7a_b,NA
B,2017,8.0559779784019,FigureS-7a_b,NA
B,2018,7.62322472848789,FigureS-7a_b,NA
B,2019,7.51347708894879,FigureS-7a_b,NA
B,2020,7.57732402860343,FigureS-7a_b,NA
B,2021,8.16303437662661,FigureS-7a_b,NA
B,2022,7.88658158658891,FigureS-7a_b,NA
Si,1996,5.50125735618179,FigureS-7a_b,NA
Si,1997,5.18885177147595,FigureS-7a_b,NA
Si,1998,6.00803995614569,FigureS-7a_b,NA
Si,1999,6.01251894958189,FigureS-7a_b,NA
Si,2000,5.32677579583547,FigureS-7a_b,NA
Si,2001,5.73841075443716,FigureS-7a_b,NA
Si,2002,6.19471108601543,FigureS-7a_b,NA
Si,2003,6.09844208624972,FigureS-7a_b,NA
Si,2004,5.51785187370906,FigureS-7a_b,NA
Si,2005,5.23171614771904,FigureS-7a_b,NA
Si,2006,4.86961848092405,FigureS-7a_b,NA
Si,2007,5.35460915500644,FigureS-7a_b,NA
Si,2008,4.48061198602736,FigureS-7a_b,NA
Si,2009,4.27273219996025,FigureS-7a_b,NA
Si,2010,5.06887686581482,FigureS-7a_b,NA
Si,2011,4.38007569561992,FigureS-7a_b,NA
Si,2012,4.04734786853238,FigureS-7a_b,NA
Si,2013,4.42126345656346,FigureS-7a_b,NA
Si,2014,4.39573520159165,FigureS-7a_b,NA
Si,2015,4.88567446415791,FigureS-7a_b,NA
Si,2016,4.67644906918137,FigureS-7a_b,NA
Si,2017,4.99143390633121,FigureS-7a_b,NA
Si,2018,4.21052631578947,FigureS-7a_b,NA
Si,2019,4.77804919137466,FigureS-7a_b,NA
Si,2020,4.61359524424916,FigureS-7a_b,NA
Si,2021,5.38393645189762,FigureS-7a_b,NA
Si,2022,5.20729118371928,FigureS-7a_b,NA
Pd,1996,4.88165296969383,FigureS-7a_b,NA
Pd,1997,4.75238350686401,FigureS-7a_b,NA
Pd,1998,5.02862711657936,FigureS-7a_b,NA
Pd,1999,4.47943664726882,FigureS-7a_b,NA
Pd,2000,5.34145684993516,FigureS-7a_b,NA
Pd,2001,5.81017078888198,FigureS-7a_b,NA
Pd,2002,6.70995670995671,FigureS-7a_b,NA
Pd,2003,6.28584330548657,FigureS-7a_b,NA
Pd,2004,5.41117189095944,FigureS-7a_b,NA
Pd,2005,6.28394279507603,FigureS-7a_b,NA
Pd,2006,6.38781939096955,FigureS-7a_b,NA
Pd,2007,5.89159808779551,FigureS-7a_b,NA
Pd,2008,5.58515309408114,FigureS-7a_b,NA
Pd,2009,5.64940109483117,FigureS-7a_b,NA
Pd,2010,5.12643413529795,FigureS-7a_b,NA
Pd,2011,6.27626999372373,FigureS-7a_b,NA
Pd,2012,5.12731858119102,FigureS-7a_b,NA
Pd,2013,5.77985479429191,FigureS-7a_b,NA
Pd,2014,5.93296716377302,FigureS-7a_b,NA
Pd,2015,5.39043959769465,FigureS-7a_b,NA
Pd,2016,4.94065523128201,FigureS-7a_b,NA
Pd,2017,5.05110781728233,FigureS-7a_b,NA
Pd,2018,5.51169590643275,FigureS-7a_b,NA
Pd,2019,5.48770215633423,FigureS-7a_b,NA
Pd,2020,5.2059102265874,FigureS-7a_b,NA
Pd,2021,4.77742322402517,FigureS-7a_b,NA
Pd,2022,5.04868109611771,FigureS-7a_b,NA
Pt,1996,4.30612086174267,FigureS-7a_b,NA
Pt,1997,4.55243715100827,FigureS-7a_b,NA
Pt,1998,4.63881106103058,FigureS-7a_b,NA
Pt,1999,4.05887818475231,FigureS-7a_b,NA
Pt,2000,5.71093004477722,FigureS-7a_b,NA
Pt,2001,4.99210639621107,FigureS-7a_b,NA
Pt,2002,5.98061358930924,FigureS-7a_b,NA
Pt,2003,5.37818920749605,FigureS-7a_b,NA
Pt,2004,4.92089792768459,FigureS-7a_b,NA
Pt,2005,5.61866401158581,FigureS-7a_b,NA
Pt,2006,5.80154007700385,FigureS-7a_b,NA
Pt,2007,5.28912269978826,FigureS-7a_b,NA
Pt,2008,5.00361024920477,FigureS-7a_b,NA
Pt,2009,5.00623294972087,FigureS-7a_b,NA
Pt,2010,4.94033229730248,FigureS-7a_b,NA
Pt,2011,4.71481009528519,FigureS-7a_b,NA
Pt,2012,5.50968109339408,FigureS-7a_b,NA
Pt,2013,5.42101310189435,FigureS-7a_b,NA
Pt,2014,4.642304487561,FigureS-7a_b,NA
Pt,2015,4.98173051568916,FigureS-7a_b,NA
Pt,2016,4.43053410291846,FigureS-7a_b,NA
Pt,2017,4.08477545284799,FigureS-7a_b,NA
Pt,2018,4.27109440267335,FigureS-7a_b,NA
Pt,2019,4.50219002695418,FigureS-7a_b,NA
Pt,2020,4.18928232962867,FigureS-7a_b,NA
Pt,2021,4.42890442890443,FigureS-7a_b,NA
Pt,2022,4.26539127888534,FigureS-7a_b,NA
Co,1996,4.07020454722215,FigureS-7a_b,NA
Co,1997,4.26470946819146,FigureS-7a_b,NA
Co,1998,4.29284931173103,FigureS-7a_b,NA
Co,1999,3.65543547361729,FigureS-7a_b,NA
Co,2000,4.42389096870489,FigureS-7a_b,NA
Co,2001,5.07104243410037,FigureS-7a_b,NA
Co,2002,5.15245623941276,FigureS-7a_b,NA
Co,2003,5.5678482727478,FigureS-7a_b,NA
Co,2004,5.0253081235672,FigureS-7a_b,NA
Co,2005,4.62753439536568,FigureS-7a_b,NA
Co,2006,4.77336366818341,FigureS-7a_b,NA
Co,2007,5.18652725327978,FigureS-7a_b,NA
Co,2008,4.05713951173819,FigureS-7a_b,NA
Co,2009,3.99631442973027,FigureS-7a_b,NA
Co,2010,4.46836268754077,FigureS-7a_b,NA
Co,2011,4.38387949561612,FigureS-7a_b,NA
Co,2012,4.624959323137,FigureS-7a_b,NA
Co,2013,4.52307435533673,FigureS-7a_b,NA
Co,2014,4.42634380260853,FigureS-7a_b,NA
Co,2015,4.22081591140242,FigureS-7a_b,NA
Co,2016,4.81464921551093,FigureS-7a_b,NA
Co,2017,5.09345704440894,FigureS-7a_b,NA
Co,2018,5.52005012531328,FigureS-7a_b,NA
Co,2019,5.24764150943396,FigureS-7a_b,NA
Co,2020,5.78099422762126,FigureS-7a_b,NA
Co,2021,6.08776336931677,FigureS-7a_b,NA
Co,2022,5.683121446524,FigureS-7a_b,NA
Cu,1996,3.90428538096596,FigureS-7a_b,NA
Cu,1997,3.78922728048572,FigureS-7a_b,NA
Cu,1998,4.18077719576075,FigureS-7a_b,NA
Cu,1999,4.00753093060785,FigureS-7a_b,NA
Cu,2000,5.17262472778879,FigureS-7a_b,NA
Cu,2001,6.4273070851074,FigureS-7a_b,NA
Cu,2002,6.00649350649351,FigureS-7a_b,NA
Cu,2003,6.92481372770377,FigureS-7a_b,NA
Cu,2004,7.04995800894296,FigureS-7a_b,NA
Cu,2005,6.42876538740043,FigureS-7a_b,NA
Cu,2006,6.94784739236962,FigureS-7a_b,NA
Cu,2007,7.24498482897121,FigureS-7a_b,NA
Cu,2008,6.29159104658197,FigureS-7a_b,NA
Cu,2009,6.48407436180015,FigureS-7a_b,NA
Cu,2010,7.2368673496796,FigureS-7a_b,NA
Cu,2011,6.76505829323494,FigureS-7a_b,NA
Cu,2012,6.25813537260007,FigureS-7a_b,NA
Cu,2013,6.68780772761412,FigureS-7a_b,NA
Cu,2014,6.88183379529648,FigureS-7a_b,NA
Cu,2015,6.92356951821298,FigureS-7a_b,NA
Cu,2016,6.73725713356638,FigureS-7a_b,NA
Cu,2017,7.55741207722959,FigureS-7a_b,NA
Cu,2018,7.51044277360067,FigureS-7a_b,NA
Cu,2019,8.15363881401617,FigureS-7a_b,NA
Cu,2020,7.82932713018006,FigureS-7a_b,NA
Cu,2021,7.38905107837147,FigureS-7a_b,NA
Cu,2022,8.22576315853688,FigureS-7a_b,NA
Ni,1996,3.72799626681876,FigureS-7a_b,NA
Ni,1997,3.43322523225476,FigureS-7a_b,NA
Ni,1998,3.26958216591546,FigureS-7a_b,NA
Ni,1999,3.03437820920338,FigureS-7a_b,NA
Ni,2000,4.48016834275368,FigureS-7a_b,NA
Ni,2001,4.60938621250538,FigureS-7a_b,NA
Ni,2002,4.77366836062488,FigureS-7a_b,NA
Ni,2003,5.62429442312034,FigureS-7a_b,NA
Ni,2004,5.02303833670018,FigureS-7a_b,NA
Ni,2005,5.2928131788559,FigureS-7a_b,NA
Ni,2006,4.86305565278264,FigureS-7a_b,NA
Ni,2007,6.05531422584096,FigureS-7a_b,NA
Ni,2008,4.52939913744316,FigureS-7a_b,NA
Ni,2009,4.90686708460552,FigureS-7a_b,NA
Ni,2010,4.94416944860136,FigureS-7a_b,NA
Ni,2011,5.3101047946899,FigureS-7a_b,NA
Ni,2012,4.8120728929385,FigureS-7a_b,NA
Ni,2013,4.94200116832179,FigureS-7a_b,NA
Ni,2014,5.22556838471611,FigureS-7a_b,NA
Ni,2015,5.1418239349079,FigureS-7a_b,NA
Ni,2016,5.59507357125437,FigureS-7a_b,NA
Ni,2017,5.87499278138174,FigureS-7a_b,NA
Ni,2018,5.93358395989975,FigureS-7a_b,NA
Ni,2019,5.98045822102426,FigureS-7a_b,NA
Ni,2020,5.69483932109934,FigureS-7a_b,NA
Ni,2021,5.79129608255822,FigureS-7a_b,NA
Ni,2022,6.16871233010419,FigureS-7a_b,NA
Mo,1996,3.33912322090582,FigureS-7a_b,NA
Mo,1997,3.27716953987954,FigureS-7a_b,NA
Mo,1998,3.21841880862468,FigureS-7a_b,NA
Mo,1999,3.05393906792508,FigureS-7a_b,NA
Mo,2000,3.35706770412782,FigureS-7a_b,NA
Mo,2001,3.9109218772425,FigureS-7a_b,NA
Mo,2002,3.55260681347638,FigureS-7a_b,NA
Mo,2003,3.50417701512757,FigureS-7a_b,NA
Mo,2004,3.00746759879247,FigureS-7a_b,NA
Mo,2005,3.03901158580739,FigureS-7a_b,NA
Mo,2006,3.56361568078404,FigureS-7a_b,NA
Mo,2007,3.32016327956168,FigureS-7a_b,NA
Mo,2008,2.33397732373202,FigureS-7a_b,NA
Mo,2009,2.51847301765099,FigureS-7a_b,NA
Mo,2010,2.23130348029623,FigureS-7a_b,NA
Mo,2011,1.83343159816657,FigureS-7a_b,NA
Mo,2012,2.10706150341686,FigureS-7a_b,NA
Mo,2013,2.04122506884753,FigureS-7a_b,NA
Mo,2014,1.70387878993997,FigureS-7a_b,NA
Mo,2015,2.12453384563227,FigureS-7a_b,NA
Mo,2016,1.90431672221771,FigureS-7a_b,NA
Mo,2017,1.5630714739456,FigureS-7a_b,NA
Mo,2018,2.1031746031746,FigureS-7a_b,NA
Mo,2019,1.77729110512129,FigureS-7a_b,NA
Mo,2020,1.59171189799259,FigureS-7a_b,NA
Mo,2021,1.39633828954217,FigureS-7a_b,NA
Mo,2022,1.32012395988385,FigureS-7a_b,NA
Br,1996,3.08765198454878,FigureS-7a_b,NA
Br,1997,3.011387188803,FigureS-7a_b,NA
Br,1998,2.40467779266659,FigureS-7a_b,NA
Br,1999,2.46466819893393,FigureS-7a_b,NA
Br,2000,2.85301818003866,FigureS-7a_b,NA
Br,2001,3.09046548342343,FigureS-7a_b,NA
Br,2002,3.08441558441558,FigureS-7a_b,NA
Br,2003,3.19033641905622,FigureS-7a_b,NA
Br,2004,3.0460539755317,FigureS-7a_b,NA
Br,2005,3.45085083272991,FigureS-7a_b,NA
Br,2006,3.47392369618481,FigureS-7a_b,NA
Br,2007,3.4031127895047,FigureS-7a_b,NA
Br,2008,3.11066877427161,FigureS-7a_b,NA
Br,2009,3.64763057578002,FigureS-7a_b,NA
Br,2010,3.19442845631403,FigureS-7a_b,NA
Br,2011,3.57747389642253,FigureS-7a_b,NA
Br,2012,3.61617312072893,FigureS-7a_b,NA
Br,2013,4.12584494700826,FigureS-7a_b,NA
Br,2014,4.57598585202442,FigureS-7a_b,NA
Br,2015,4.30745470297962,FigureS-7a_b,NA
Br,2016,4.83497276644175,FigureS-7a_b,NA
Br,2017,4.80856224373905,FigureS-7a_b,NA
Br,2018,4.84544695071011,FigureS-7a_b,NA
Br,2019,5.61194407008086,FigureS-7a_b,NA
Br,2020,4.86344447316275,FigureS-7a_b,NA
Br,2021,5.15083621879738,FigureS-7a_b,NA
Br,2022,5.23657304604573,FigureS-7a_b,NA
Rh,1996,2.95284266196562,FigureS-7a_b,NA
Rh,1997,2.90409890029504,FigureS-7a_b,NA
Rh,1998,3.65939822146425,FigureS-7a_b,NA
Rh,1999,2.87300112474938,FigureS-7a_b,NA
Rh,2000,3.64334825907167,FigureS-7a_b,NA
Rh,2001,3.79849782327896,FigureS-7a_b,NA
Rh,2002,3.97844908714474,FigureS-7a_b,NA
Rh,2003,3.4206367125762,FigureS-7a_b,NA
Rh,2004,4.17867762217128,FigureS-7a_b,NA
Rh,2005,3.60925054308472,FigureS-7a_b,NA
Rh,2006,3.58986699334967,FigureS-7a_b,NA
Rh,2007,3.22193359673441,FigureS-7a_b,NA
Rh,2008,2.89015084987218,FigureS-7a_b,NA
Rh,2009,3.13996133764521,FigureS-7a_b,NA
Rh,2010,2.8682705959096,FigureS-7a_b,NA
Rh,2011,3.21421099678579,FigureS-7a_b,NA
Rh,2012,3.01008786202408,FigureS-7a_b,NA
Rh,2013,2.76725360927981,FigureS-7a_b,NA
Rh,2014,2.50480384988182,FigureS-7a_b,NA
Rh,2015,2.94571891362489,FigureS-7a_b,NA
Rh,2016,2.37785545890578,FigureS-7a_b,NA
Rh,2017,2.43315559491039,FigureS-7a_b,NA
Rh,2018,2.71303258145363,FigureS-7a_b,NA
Rh,2019,2.43219339622642,FigureS-7a_b,NA
Rh,2020,2.58249332299474,FigureS-7a_b,NA
Rh,2021,2.8945164867495,FigureS-7a_b,NA
Rh,2022,2.53044093604353,FigureS-7a_b,NA
Sn,1996,2.81544085240972,FigureS-7a_b,NA
Sn,1997,2.3749725683353198,FigureS-7a_b,NA
Sn,1998,2.12693385308807,FigureS-7a_b,NA
Sn,1999,2.7580810797594,FigureS-7a_b,NA
Sn,2000,2.47620445814676,FigureS-7a_b,NA
Sn,2001,2.44223317227192,FigureS-7a_b,NA
Sn,2002,2.43035949557689,FigureS-7a_b,NA
Sn,2003,2.21268909460375,FigureS-7a_b,NA
Sn,2004,2.0995528519872,FigureS-7a_b,NA
Sn,2005,2.22891020999276,FigureS-7a_b,NA
Sn,2006,2.29698984949247,FigureS-7a_b,NA
Sn,2007,2.16105302219991,FigureS-7a_b,NA
Sn,2008,2.02369104072751,FigureS-7a_b,NA
Sn,2009,1.50313454138137,FigureS-7a_b,NA
Sn,2010,2.07206170139289,FigureS-7a_b,NA
Sn,2011,1.88858669811141,FigureS-7a_b,NA
Sn,2012,2.47315327041979,FigureS-7a_b,NA
Sn,2013,2.80397229408328,FigureS-7a_b,NA
Sn,2014,2.67655211114323,FigureS-7a_b,NA
Sn,2015,3.07191019700908,FigureS-7a_b,NA
Sn,2016,2.93065604422405,FigureS-7a_b,NA
Sn,2017,2.80852374444166,FigureS-7a_b,NA
Sn,2018,2.66708437761069,FigureS-7a_b,NA
Sn,2019,2.73753369272237,FigureS-7a_b,NA
Sn,2020,2.17325751701559,FigureS-7a_b,NA
Sn,2021,2.3988956027791,FigureS-7a_b,NA
Sn,2022,2.8623020424099,FigureS-7a_b,NA
W,1996,2.79729344360045,FigureS-7a_b,NA
W,1997,2.87727682816805,FigureS-7a_b,NA
W,1998,2.74333049092459,FigureS-7a_b,NA
W,1999,3.18597486429654,FigureS-7a_b,NA
W,2000,2.80408133303971,FigureS-7a_b,NA
W,2001,3.16700952016457,FigureS-7a_b,NA
W,2002,2.38565782044043,FigureS-7a_b,NA
W,2003,2.16075863626101,FigureS-7a_b,NA
W,2004,1.89981160769004,FigureS-7a_b,NA
W,2005,2.40993845039826,FigureS-7a_b,NA
W,2006,2.37793139656983,FigureS-7a_b,NA
W,2007,2.6696644910611,FigureS-7a_b,NA
W,2008,1.40116698866187,FigureS-7a_b,NA
W,2009,1.75787248649528,FigureS-7a_b,NA
W,2010,1.42166455623345,FigureS-7a_b,NA
W,2011,1.65465299834535,FigureS-7a_b,NA
W,2012,1.34030263586072,FigureS-7a_b,NA
W,2013,1.33021780856213,FigureS-7a_b,NA
W,2014,1.23114595201252,FigureS-7a_b,NA
W,2015,1.2487286699062,FigureS-7a_b,NA
W,2016,1.43077798552963,FigureS-7a_b,NA
W,2017,1.09145508094477,FigureS-7a_b,NA
W,2018,0.76858813700919,FigureS-7a_b,NA
W,2019,1.23399595687332,FigureS-7a_b,NA
W,2020,1.24924614456793,FigureS-7a_b,NA
W,2021,1.30807703623238,FigureS-7a_b,NA
W,2022,1.15663356189454,FigureS-7a_b,NA
Re,1996,2.6676690949628,FigureS-7a_b,NA
Re,1997,2.07261466435834,FigureS-7a_b,NA
Re,1998,2.97722012425387,FigureS-7a_b,NA
Re,1999,2.26905961171695,FigureS-7a_b,NA
Re,2000,3.05610609508429,FigureS-7a_b,NA
Re,2001,3.01392144668229,FigureS-7a_b,NA
Re,2002,2.76915113871636,FigureS-7a_b,NA
Re,2003,2.5378189207496,FigureS-7a_b,NA
Re,2004,2.91213655037792,FigureS-7a_b,NA
Re,2005,2.58417813178856,FigureS-7a_b,NA
Re,2006,1.86603080154008,FigureS-7a_b,NA
Re,2007,2.10429809434415,FigureS-7a_b,NA
Re,2008,1.83634837929083,FigureS-7a_b,NA
Re,2009,1.7632924427743,FigureS-7a_b,NA
Re,2010,1.82264686696596,FigureS-7a_b,NA
Re,2011,1.8695676981304299,FigureS-7a_b,NA
Re,2012,1.63317604946307,FigureS-7a_b,NA
Re,2013,1.65400984728365,FigureS-7a_b,NA
Re,2014,1.62055537606067,FigureS-7a_b,NA
Re,2015,1.48039326477568,FigureS-7a_b,NA
Re,2016,1.76611657588814,FigureS-7a_b,NA
Re,2017,1.64776992819881,FigureS-7a_b,NA
Re,2018,1.35129490392648,FigureS-7a_b,NA
Re,2019,1.84257075471698,FigureS-7a_b,NA
Re,2020,1.67140518652537,FigureS-7a_b,NA
Re,2021,1.76748817525517,FigureS-7a_b,NA
Re,2022,1.70078817012762,FigureS-7a_b,NA
I,1996,2.5847095118347,FigureS-7a_b,NA
I,1997,2.01409377971764,FigureS-7a_b,NA
I,1998,2.15617005725423,FigureS-7a_b,NA
I,1999,2.0587803804587,FigureS-7a_b,NA
I,2000,2.32450023245002,FigureS-7a_b,NA
I,2001,2.39917715160503,FigureS-7a_b,NA
I,2002,2.42565405608884,FigureS-7a_b,NA
I,2003,2.30526078121472,FigureS-7a_b,NA
I,2004,2.2039630478698,FigureS-7a_b,NA
I,2005,2.06145908761767,FigureS-7a_b,NA
I,2006,2.4785614280714,FigureS-7a_b,NA
I,2007,2.12612691275021,FigureS-7a_b,NA
I,2008,1.7797552836485,FigureS-7a_b,NA
I,2009,2.1842423804448,FigureS-7a_b,NA
I,2010,2.13921184912321,FigureS-7a_b,NA
I,2011,2.35645409764355,FigureS-7a_b,NA
I,2012,2.39179954441913,FigureS-7a_b,NA
I,2013,2.39505966786281,FigureS-7a_b,NA
I,2014,2.25143265257537,FigureS-7a_b,NA
I,2015,2.56526161148152,FigureS-7a_b,NA
I,2016,2.47947321355987,FigureS-7a_b,NA
I,2017,2.53325376811873,FigureS-7a_b,NA
I,2018,2.55639097744361,FigureS-7a_b,NA
I,2019,2.6027628032345,FigureS-7a_b,NA
I,2020,2.90126647712587,FigureS-7a_b,NA
I,2021,3.00767193971077,FigureS-7a_b,NA
I,2022,2.93550669822601,FigureS-7a_b,NA
Mn,1996,2.4524926762243,FigureS-7a_b,NA
Mn,1997,2.44812367413621,FigureS-7a_b,NA
Mn,1998,1.94908027774394,FigureS-7a_b,NA
Mn,1999,1.72869088953005,FigureS-7a_b,NA
Mn,2000,2.52024762044581,FigureS-7a_b,NA
Mn,2001,2.56422523082811,FigureS-7a_b,NA
Mn,2002,1.80924148315453,FigureS-7a_b,NA
Mn,2003,2.45202077218334,FigureS-7a_b,NA
Mn,2004,2.5126540617836,FigureS-7a_b,NA
Mn,2005,2.75389210716872,FigureS-7a_b,NA
Mn,2006,2.27730136506825,FigureS-7a_b,NA
Mn,2007,2.77007705572897,FigureS-7a_b,NA
Mn,2008,2.23054856273052,FigureS-7a_b,NA
Mn,2009,2.26373507253708,FigureS-7a_b,NA
Mn,2010,2.52292697901078,FigureS-7a_b,NA
Mn,2011,2.94223929705776,FigureS-7a_b,NA
Mn,2012,2.05824926781647,FigureS-7a_b,NA
Mn,2013,1.72077109238087,FigureS-7a_b,NA
Mn,2014,1.9164385192239,FigureS-7a_b,NA
Mn,2015,2.13583455757713,FigureS-7a_b,NA
Mn,2016,1.88399317128689,FigureS-7a_b,NA
Mn,2017,2.11746135633025,FigureS-7a_b,NA
Mn,2018,2.28070175438596,FigureS-7a_b,NA
Mn,2019,2.48904986522911,FigureS-7a_b,NA
Mn,2020,1.87171534418885,FigureS-7a_b,NA
Mn,2021,2.26084595016634,FigureS-7a_b,NA
Mn,2022,2.18393889851395,FigureS-7a_b,NA
Cr,1996,2.13361677857569,FigureS-7a_b,NA
Cr,1997,2.10431347687206,FigureS-7a_b,NA
Cr,1998,2.20002436350347,FigureS-7a_b,NA
Cr,1999,2.03188419971637,FigureS-7a_b,NA
Cr,2000,1.95502703760797,FigureS-7a_b,NA
Cr,2001,2.41113715734584,FigureS-7a_b,NA
Cr,2002,2.2656691134952,FigureS-7a_b,NA
Cr,2003,2.14269586814179,FigureS-7a_b,NA
Cr,2004,1.77724311687133,FigureS-7a_b,NA
Cr,2005,1.96189355539464,FigureS-7a_b,NA
Cr,2006,1.77633881694085,FigureS-7a_b,NA
Cr,2007,2.17633319508415,FigureS-7a_b,NA
Cr,2008,1.72901664617606,FigureS-7a_b,NA
Cr,2009,1.41641524091706,FigureS-7a_b,NA
Cr,2010,1.6979394497525,FigureS-7a_b,NA
Cr,2011,1.40930789859069,FigureS-7a_b,NA
Cr,2012,1.38911487146111,FigureS-7a_b,NA
Cr,2013,1.20670950513227,FigureS-7a_b,NA
Cr,2014,1.12401584845342,FigureS-7a_b,NA
Cr,2015,1.12442083851283,FigureS-7a_b,NA
Cr,2016,1.0873099747988,FigureS-7a_b,NA
Cr,2017,1.02985620512426,FigureS-7a_b,NA
Cr,2018,1.33040935672515,FigureS-7a_b,NA
Cr,2019,1.23399595687332,FigureS-7a_b,NA
Cr,2020,1.12862927543724,FigureS-7a_b,NA
Cr,2021,0.896191187453323,FigureS-7a_b,NA
Cr,2022,0.878455869793319,FigureS-7a_b,NA
Ti,1996,2.04547222150209,FigureS-7a_b,NA
Ti,1997,2.02140889029772,FigureS-7a_b,NA
Ti,1998,2.26824217322451,FigureS-7a_b,NA
Ti,1999,2.37419922734608,FigureS-7a_b,NA
Ti,2000,2.16545547970344,FigureS-7a_b,NA
Ti,2001,2.03320097593647,FigureS-7a_b,NA
Ti,2002,1.91040843214756,FigureS-7a_b,NA
Ti,2003,2.39557462181079,FigureS-7a_b,NA
Ti,2004,2.24254942460903,FigureS-7a_b,NA
Ti,2005,2.58417813178856,FigureS-7a_b,NA
Ti,2006,2.82201610080504,FigureS-7a_b,NA
Ti,2007,2.45355918884111,FigureS-7a_b,NA
Ti,2008,1.94172862634896,FigureS-7a_b,NA
Ti,2009,1.92408447905187,FigureS-7a_b,NA
Ti,2010,1.71328805494801,FigureS-7a_b,NA
Ti,2011,1.57857699842142,FigureS-7a_b,NA
Ti,2012,1.39521640091116,FigureS-7a_b,NA
Ti,2013,1.16498372694651,FigureS-7a_b,NA
Ti,2014,1.2022378288299,FigureS-7a_b,NA
Ti,2015,1.22424379402569,FigureS-7a_b,NA
Ti,2016,1.09950410535729,FigureS-7a_b,NA
Ti,2017,1.31860093553293,FigureS-7a_b,NA
Ti,2018,1.48705096073517,FigureS-7a_b,NA
Ti,2019,1.32243935309973,FigureS-7a_b,NA
Ti,2020,1.50771086413371,FigureS-7a_b,NA
Ti,2021,0.787561952610496,FigureS-7a_b,NA
Ti,2022,0.856494473048486,FigureS-7a_b,NA
Os,1996,2.00399242993804,FigureS-7a_b,NA
Os,1997,1.77513350076809,FigureS-7a_b,NA
Os,1998,2.5971494700938,FigureS-7a_b,NA
Os,1999,1.93407990610788,FigureS-7a_b,NA
Os,2000,2.4835449851966,FigureS-7a_b,NA
Os,2001,1.83227287949098,FigureS-7a_b,NA
Os,2002,1.66337285902503,FigureS-7a_b,NA
Os,2003,1.53307744411831,FigureS-7a_b,NA
Os,2004,1.72957759266405,FigureS-7a_b,NA
Os,2005,1.60662563359884,FigureS-7a_b,NA
Os,2006,1.60570528526426,FigureS-7a_b,NA
Os,2007,1.89255855580537,FigureS-7a_b,NA
Os,2008,1.03819058212829,FigureS-7a_b,NA
Os,2009,0.937652436270347,FigureS-7a_b,NA
Os,2010,1.21445838609416,FigureS-7a_b,NA
Os,2011,1.1962950988037,FigureS-7a_b,NA
Os,2012,0.671168239505369,FigureS-7a_b,NA
Os,2013,0.821163314695819,FigureS-7a_b,NA
Os,2014,0.738007380073801,FigureS-7a_b,NA
Os,2015,0.602704637058801,FigureS-7a_b,NA
Os,2016,1.18892772945289,FigureS-7a_b,NA
Os,2017,0.564014706731602,FigureS-7a_b,NA
Os,2018,0.657894736842105,FigureS-7a_b,NA
Os,2019,0.623315363881402,FigureS-7a_b,NA
Os,2020,0.682777634186267,FigureS-7a_b,NA
Os,2021,0.785298843551271,FigureS-7a_b,NA
Os,2022,0.81013152436495,FigureS-7a_b,NA
Zn,1996,1.75770616752651,FigureS-7a_b,NA
Zn,1997,1.5898173660725201,FigureS-7a_b,NA
Zn,1998,1.77609940309417,FigureS-7a_b,NA
Zn,1999,1.92918969142745,FigureS-7a_b,NA
Zn,2000,2.49333235459639,FigureS-7a_b,NA
Zn,2001,3.25551356264651,FigureS-7a_b,NA
Zn,2002,3.41614906832298,FigureS-7a_b,NA
Zn,2003,3.32580717995033,FigureS-7a_b,NA
Zn,2004,3.37063349751458,FigureS-7a_b,NA
Zn,2005,3.72239319333816,FigureS-7a_b,NA
Zn,2006,3.95301015050753,FigureS-7a_b,NA
Zn,2007,3.82222610290105,FigureS-7a_b,NA
Zn,2008,3.89516616903772,FigureS-7a_b,NA
Zn,2009,4.2293725497281,FigureS-7a_b,NA
Zn,2010,4.71202179501938,FigureS-7a_b,NA
Zn,2011,4.67677209532323,FigureS-7a_b,NA
Zn,2012,4.66563618613733,FigureS-7a_b,NA
Zn,2013,4.58649753817909,FigureS-7a_b,NA
Zn,2014,5.10823541415138,FigureS-7a_b,NA
Zn,2015,5.1625419068068,FigureS-7a_b,NA
Zn,2016,5.21705552394114,FigureS-7a_b,NA
Zn,2017,4.7989374193921,FigureS-7a_b,NA
Zn,2018,4.49039264828738,FigureS-7a_b,NA
Zn,2019,4.72961590296496,FigureS-7a_b,NA
Zn,2020,4.98621521495649,FigureS-7a_b,NA
Zn,2021,4.38816846583837,FigureS-7a_b,NA
Zn,2022,4.84614821502648,FigureS-7a_b,NA
Ir,1996,1.73696627174448,FigureS-7a_b,NA
Ir,1997,1.77269513057472,FigureS-7a_b,NA
Ir,1998,1.61286392983311,FigureS-7a_b,NA
Ir,1999,1.86806200792215,FigureS-7a_b,NA
Ir,2000,1.9672612493577,FigureS-7a_b,NA
Ir,2001,1.7461608381572,FigureS-7a_b,NA
Ir,2002,2.40918501788067,FigureS-7a_b,NA
Ir,2003,2.03883495145631,FigureS-7a_b,NA
Ir,2004,2.53989150418776,FigureS-7a_b,NA
Ir,2005,2.68826937002172,FigureS-7a_b,NA
Ir,2006,2.88983199159958,FigureS-7a_b,NA
Ir,2007,2.50158258933444,FigureS-7a_b,NA
Ir,2008,2.58571902503757,FigureS-7a_b,NA
Ir,2009,2.520279669744,FigureS-7a_b,NA
Ir,2010,3.08315106864664,FigureS-7a_b,NA
Ir,2011,3.06776469693224,FigureS-7a_b,NA
Ir,2012,3.5246501789782,FigureS-7a_b,NA
Ir,2013,3.8270883751982,FigureS-7a_b,NA
Ir,2014,3.64922543234649,FigureS-7a_b,NA
Ir,2015,4.2170490074208,FigureS-7a_b,NA
Ir,2016,4.50979595154865,FigureS-7a_b,NA
Ir,2017,4.89711062773104,FigureS-7a_b,NA
Ir,2018,4.33583959899749,FigureS-7a_b,NA
Ir,2019,4.62643194070081,FigureS-7a_b,NA
Ir,2020,4.30559145343327,FigureS-7a_b,NA
Ir,2021,4.21843528639645,FigureS-7a_b,NA
Ir,2022,3.9725726556209,FigureS-7a_b,NA
Au,1996,1.25735618178519,FigureS-7a_b,NA
Au,1997,1.55568018336544,FigureS-7a_b,NA
Au,1998,1.08173955414789,FigureS-7a_b,NA
Au,1999,0.863122891094919,FigureS-7a_b,NA
Au,2000,1.40693435121975,FigureS-7a_b,NA
Au,2001,1.21035258096924,FigureS-7a_b,NA
Au,2002,1.05401844532279,FigureS-7a_b,NA
Au,2003,1.85143373221946,FigureS-7a_b,NA
Au,2004,1.84760650974873,FigureS-7a_b,NA
Au,2005,2.03430485155684,FigureS-7a_b,NA
Au,2006,2.00822541127056,FigureS-7a_b,NA
Au,2007,1.59132086180175,FigureS-7a_b,NA
Au,2008,1.63534531545772,FigureS-7a_b,NA
Au,2009,2.04693682137631,FigureS-7a_b,NA
Au,2010,2.5440313111546,FigureS-7a_b,NA
Au,2011,2.39449209760551,FigureS-7a_b,NA
Au,2012,2.29010738691832,FigureS-7a_b,NA
Au,2013,2.81064841859301,FigureS-7a_b,NA
Au,2014,2.81429081571922,FigureS-7a_b,NA
Au,2015,2.53135947564697,FigureS-7a_b,NA
Au,2016,2.89407365254857,FigureS-7a_b,NA
Au,2017,3.13769273710755,FigureS-7a_b,NA
Au,2018,2.84043441938179,FigureS-7a_b,NA
Au,2019,3.18817385444744,FigureS-7a_b,NA
Au,2020,3.82097010424744,FigureS-7a_b,NA
Au,2021,3.3018761174101,FigureS-7a_b,NA
Au,2022,3.78712086088675,FigureS-7a_b,NA
Li,1996,1.25217120783968,FigureS-7a_b,NA
Li,1997,1.09238984662651,FigureS-7a_b,NA
Li,1998,0.97454013887197,FigureS-7a_b,NA
Li,1999,1.13208469851826,FigureS-7a_b,NA
Li,2000,1.20874012087401,FigureS-7a_b,NA
Li,2001,1.17925656604315,FigureS-7a_b,NA
Li,2002,1.1622435535479,FigureS-7a_b,NA
Li,2003,0.952811018288553,FigureS-7a_b,NA
Li,2004,1.09176748303334,FigureS-7a_b,NA
Li,2005,1.19478638667632,FigureS-7a_b,NA
Li,2006,0.951610080504025,FigureS-7a_b,NA
Li,2007,0.995394119316321,FigureS-7a_b,NA
Li,2008,0.960131139863006,FigureS-7a_b,NA
Li,2009,0.91597261115427,FigureS-7a_b,NA
Li,2010,1.07823951498408,FigureS-7a_b,NA
Li,2011,0.98138039901862,FigureS-7a_b,NA
Li,2012,1.17759518385942,FigureS-7a_b,NA
Li,2013,1.31519652841525,FigureS-7a_b,NA
Li,2014,1.06449912425392,FigureS-7a_b,NA
Li,2015,0.977511583229744,FigureS-7a_b,NA
Li,2016,0.920656857166084,FigureS-7a_b,NA
Li,2017,1.27817667327571,FigureS-7a_b,NA
Li,2018,1.17794486215539,FigureS-7a_b,NA
Li,2019,1.08237870619946,FigureS-7a_b,NA
Li,2020,1.62186611527526,FigureS-7a_b,NA
Li,2021,1.26055174598864,FigureS-7a_b,NA
Li,2022,0.951660525609429,FigureS-7a_b,NA
Al,1996,1.17698908562984,FigureS-7a_b,NA
Al,1997,1.16797932262076,FigureS-7a_b,NA
Al,1998,1.52759166768181,FigureS-7a_b,NA
Al,1999,1.70668492346814,FigureS-7a_b,NA
Al,2000,2.09939073625486,FigureS-7a_b,NA
Al,2001,2.02124097019567,FigureS-7a_b,NA
Al,2002,1.97393186523621,FigureS-7a_b,NA
Al,2003,1.63919620681869,FigureS-7a_b,NA
Al,2004,1.73184737953106,FigureS-7a_b,NA
Al,2005,1.80575669804489,FigureS-7a_b,NA
Al,2006,1.99072453622681,FigureS-7a_b,NA
Al,2007,1.95586212918295,FigureS-7a_b,NA
Al,2008,1.47337197275725,FigureS-7a_b,NA
Al,2009,1.55372079998555,FigureS-7a_b,NA
Al,2010,1.84375119910978,FigureS-7a_b,NA
Al,2011,1.70980809829019,FigureS-7a_b,NA
Al,2012,1.59860071591279,FigureS-7a_b,NA
Al,2013,1.48209964115831,FigureS-7a_b,NA
Al,2014,1.60355059771796,FigureS-7a_b,NA
Al,2015,1.64425358797604,FigureS-7a_b,NA
Al,2016,1.39013088366799,FigureS-7a_b,NA
Al,2017,1.67664440123968,FigureS-7a_b,NA
Al,2018,2.05096073517126,FigureS-7a_b,NA
Al,2019,2.08263140161725,FigureS-7a_b,NA
Al,2020,2.31972085810287,FigureS-7a_b,NA
Al,2021,2.45999954737819,FigureS-7a_b,NA
Al,2022,2.28398526146263,FigureS-7a_b,NA
V,1996,1.10180696342001,FigureS-7a_b,NA
V,1997,0.938772524444661,FigureS-7a_b,NA
V,1998,0.760141308320136,FigureS-7a_b,NA
V,1999,0.953591862682772,FigureS-7a_b,NA
V,2000,1.20139959382417,FigureS-7a_b,NA
V,2001,1.09314452470937,FigureS-7a_b,NA
V,2002,1.18812347073217,FigureS-7a_b,NA
V,2003,1.33890268683676,FigureS-7a_b,NA
V,2004,1.15078194157569,FigureS-7a_b,NA
V,2005,1.10879797248371,FigureS-7a_b,NA
V,2006,1.60133006650333,FigureS-7a_b,NA
V,2007,1.27043723123267,FigureS-7a_b,NA
V,2008,1.40702144683176,FigureS-7a_b,NA
V,2009,1.08760455998988,FigureS-7a_b,NA
V,2010,1.08399524193239,FigureS-7a_b,NA
V,2011,1.07647539892352,FigureS-7a_b,NA
V,2012,1.12268141880898,FigureS-7a_b,NA
V,2013,0.98305933405658,FigureS-7a_b,NA
V,2014,1.17162922781302,FigureS-7a_b,NA
V,2015,0.868271367762836,FigureS-7a_b,NA
V,2016,0.784489065929599,FigureS-7a_b,NA
V,2017,0.906658453483224,FigureS-7a_b,NA
V,2018,1.02548036758563,FigureS-7a_b,NA
V,2019,1.02131064690027,FigureS-7a_b,NA
V,2020,0.926165245110709,FigureS-7a_b,NA
V,2021,0.941453368637835,FigureS-7a_b,NA
V,2022,0.951660525609429,FigureS-7a_b,NA
Hg,1996,0.845150753117465,FigureS-7a_b,NA
Hg,1997,0.69005876472166,FigureS-7a_b,NA
Hg,1998,0.667559995127299,FigureS-7a_b,NA
Hg,1999,0.467015501980537,FigureS-7a_b,NA
Hg,2000,0.780542709633218,FigureS-7a_b,NA
Hg,2001,0.746304358226092,FigureS-7a_b,NA
Hg,2002,0.515245623941276,FigureS-7a_b,NA
Hg,2003,0.745089184917589,FigureS-7a_b,NA
Hg,2004,0.610572667226547,FigureS-7a_b,NA
Hg,2005,0.522719044170891,FigureS-7a_b,NA
Hg,2006,0.546902345117256,FigureS-7a_b,NA
Hg,2007,0.504245705179979,FigureS-7a_b,NA
Hg,2008,0.400054641609586,FigureS-7a_b,NA
Hg,2009,0.464309587902658,FigureS-7a_b,NA
Hg,2010,0.466213882813399,FigureS-7a_b,NA
Hg,2011,0.471671199528329,FigureS-7a_b,NA
Hg,2012,0.547103807354377,FigureS-7a_b,NA
Hg,2013,0.485688058082283,FigureS-7a_b,NA
Hg,2014,0.4404237590763,FigureS-7a_b,NA
Hg,2015,0.696877236599239,FigureS-7a_b,NA
Hg,2016,0.438988700105683,FigureS-7a_b,NA
Hg,2017,0.429267165874223,FigureS-7a_b,NA
Hg,2018,0.365497076023392,FigureS-7a_b,NA
Hg,2019,0.38536051212938,FigureS-7a_b,NA
Hg,2020,0.495390712501077,FigureS-7a_b,NA
Hg,2021,0.371149885712993,FigureS-7a_b,NA
Hg,2022,0.380664210243772,FigureS-7a_b,NA
Na,1996,0.795893500635159,FigureS-7a_b,NA
Na,1997,0.694935505108386,FigureS-7a_b,NA
Na,1998,0.63345109026678,FigureS-7a_b,NA
Na,1999,0.760428382806005,FigureS-7a_b,NA
Na,2000,0.893097457730798,FigureS-7a_b,NA
Na,2001,0.765440367411376,FigureS-7a_b,NA
Na,2002,0.821099190664408,FigureS-7a_b,NA
Na,2003,0.848950101603071,FigureS-7a_b,NA
Na,2004,1.15759130217673,FigureS-7a_b,NA
Na,2005,0.979815351194786,FigureS-7a_b,NA
Na,2006,0.78316415820791,FigureS-7a_b,NA
Na,2007,0.785837462618148,FigureS-7a_b,NA
Na,2008,0.903538044220674,FigureS-7a_b,NA
Na,2009,0.762407183248722,FigureS-7a_b,NA
Na,2010,0.867196193545911,FigureS-7a_b,NA
Na,2011,0.96045949903954,FigureS-7a_b,NA
Na,2012,0.821672632606573,FigureS-7a_b,NA
Na,2013,0.969707085037136,FigureS-7a_b,NA
Na,2014,0.897852296495315,FigureS-7a_b,NA
Na,2015,0.969977775266508,FigureS-7a_b,NA
Na,2016,1.13405414193968,FigureS-7a_b,NA
Na,2017,0.960557469826176,FigureS-7a_b,NA
Na,2018,1.07978279030911,FigureS-7a_b,NA
Na,2019,0.846529649595687,FigureS-7a_b,NA
Na,2020,1.13078314810028,FigureS-7a_b,NA
Na,2021,1.15871183832349,FigureS-7a_b,NA
Na,2022,1.18103511383324,FigureS-7a_b,NA
Se,1996,0.772561117880383,FigureS-7a_b,NA
Se,1997,0.819292384969886,FigureS-7a_b,NA
Se,1998,0.66025094408576,FigureS-7a_b,NA
Se,1999,0.718861558022397,FigureS-7a_b,NA
Se,2000,0.949374831779588,FigureS-7a_b,NA
Se,2001,1.19360857293211,FigureS-7a_b,NA
Se,2002,0.809335591944288,FigureS-7a_b,NA
Se,2003,0.871528561752088,FigureS-7a_b,NA
Se,2004,0.930612615475407,FigureS-7a_b,NA
Se,2005,0.814627081824765,FigureS-7a_b,NA
Se,2006,1.06536576828841,FigureS-7a_b,NA
Se,2007,0.805483399183602,FigureS-7a_b,NA
Se,2008,0.761079562086529,FigureS-7a_b,NA
Se,2009,0.771440443713754,FigureS-7a_b,NA
Se,2010,1.01684509420206,FigureS-7a_b,NA
Se,2011,0.937636699062363,FigureS-7a_b,NA
Se,2012,0.846078750406769,FigureS-7a_b,NA
Se,2013,0.831177501460402,FigureS-7a_b,NA
Se,2014,0.829833183124458,FigureS-7a_b,NA
Se,2015,0.811767808038573,FigureS-7a_b,NA
Se,2016,0.703194862206325,FigureS-7a_b,NA
Se,2017,0.769985947756453,FigureS-7a_b,NA
Se,2018,0.977443609022556,FigureS-7a_b,NA
Se,2019,0.907597708894879,FigureS-7a_b,NA
Se,2020,0.803394503316964,FigureS-7a_b,NA
Se,2021,0.597460791635549,FigureS-7a_b,NA
Se,2022,0.990703008711354,FigureS-7a_b,NA
Ga,1996,0.64812174318824,FigureS-7a_b,NA
Ga,1997,0.699812245495111,FigureS-7a_b,NA
Ga,1998,0.769886709708856,FigureS-7a_b,NA
Ga,1999,0.745757738764732,FigureS-7a_b,NA
Ga,2000,0.778095867283271,FigureS-7a_b,NA
Ga,2001,0.703248337559202,FigureS-7a_b,NA
Ga,2002,0.639939770374553,FigureS-7a_b,NA
Ga,2003,0.803793181305035,FigureS-7a_b,NA
Ga,2004,0.587874798556416,FigureS-7a_b,NA
Ga,2005,0.706010137581463,FigureS-7a_b,NA
Ga,2006,0.809415470773539,FigureS-7a_b,NA
Ga,2007,0.820763572067844,FigureS-7a_b,NA
Ga,2008,0.831333060125285,FigureS-7a_b,NA
Ga,2009,0.561868800925006,FigureS-7a_b,NA
Ga,2010,0.711791565941445,FigureS-7a_b,NA
Ga,2011,0.612411799387588,FigureS-7a_b,NA
Ga,2012,0.602017572404816,FigureS-7a_b,NA
Ga,2013,0.522406742885755,FigureS-7a_b,NA
Ga,2014,0.493138571938715,FigureS-7a_b,NA
Ga,2015,0.60458808904961,FigureS-7a_b,NA
Ga,2016,0.747906674254126,FigureS-7a_b,NA
Ga,2017,0.723786790891066,FigureS-7a_b,NA
Ga,2018,0.651629072681704,FigureS-7a_b,NA
Ga,2019,0.76019204851752,FigureS-7a_b,NA
Ga,2020,0.600930472990437,FigureS-7a_b,NA
Ga,2021,1.17907981985652,FigureS-7a_b,NA
Ga,2022,0.819892145140431,FigureS-7a_b,NA
As,1996,0.645529256215488,FigureS-7a_b,NA
As,1997,0.463290336738924,FigureS-7a_b,NA
As,1998,0.414179559020587,FigureS-7a_b,NA
As,1999,0.354540564330774,FigureS-7a_b,NA
As,2000,0.552986371088111,FigureS-7a_b,NA
As,2001,0.452088217002344,FigureS-7a_b,NA
As,2002,0.675230566534914,FigureS-7a_b,NA
As,2003,0.424475050801535,FigureS-7a_b,NA
As,2004,0.390403341126268,FigureS-7a_b,NA
As,2005,0.613233164373642,FigureS-7a_b,NA
As,2006,0.566590829541477,FigureS-7a_b,NA
As,2007,0.414747549715134,FigureS-7a_b,NA
As,2008,0.483968542044767,FigureS-7a_b,NA
As,2009,0.3920435041824,FigureS-7a_b,NA
As,2010,0.345343616898814,FigureS-7a_b,NA
As,2011,0.31000969968999,FigureS-7a_b,NA
As,2012,0.325414904002603,FigureS-7a_b,NA
As,2013,0.303763665192356,FigureS-7a_b,NA
As,2014,0.2618735864778,FigureS-7a_b,NA
As,2015,0.212830074961389,FigureS-7a_b,NA
As,2016,0.32720916998618,FigureS-7a_b,NA
As,2017,0.311844308841364,FigureS-7a_b,NA
As,2018,0.373851294903926,FigureS-7a_b,NA
As,2019,0.357985175202156,FigureS-7a_b,NA
As,2020,0.26923408288102,FigureS-7a_b,NA
As,2021,0.586145246339421,FigureS-7a_b,NA
As,2022,0.478270417998585,FigureS-7a_b,NA
Ta,1996,0.617011899515205,FigureS-7a_b,NA
Ta,1997,0.536441442539806,FigureS-7a_b,NA
Ta,1998,0.716287002070898,FigureS-7a_b,NA
Ta,1999,0.596606191011785,FigureS-7a_b,NA
Ta,2000,0.633732168636375,FigureS-7a_b,NA
Ta,2001,0.552552265225087,FigureS-7a_b,NA
Ta,2002,0.576416337285902,FigureS-7a_b,NA
Ta,2003,0.52833596748701706,FigureS-7a_b,NA
Ta,2004,0.338198243184965,FigureS-7a_b,NA
Ta,2005,0.434467776973208,FigureS-7a_b,NA
Ta,2006,0.601592579628981,FigureS-7a_b,NA
Ta,2007,0.397284494990286,FigureS-7a_b,NA
Ta,2008,0.444938820912125,FigureS-7a_b,NA
Ta,2009,0.276417770229987,FigureS-7a_b,NA
Ta,2010,0.362610797743755,FigureS-7a_b,NA
Ta,2011,0.462161699537838,FigureS-7a_b,NA
Ta,2012,0.254230393752034,FigureS-7a_b,NA
Ta,2013,0.211966953183677,FigureS-7a_b,NA
Ta,2014,0.256772152974986,FigureS-7a_b,NA
Ta,2015,0.226014238897051,FigureS-7a_b,NA
Ta,2016,0.17478253800504,FigureS-7a_b,NA
Ta,2017,0.219445995110589,FigureS-7a_b,NA
Ta,2018,0.123224728487886,FigureS-7a_b,NA
Ta,2019,0.189521563342318,FigureS-7a_b,NA
Ta,2020,0.114155251141553,FigureS-7a_b,NA
Ta,2021,0.17878561567882,FigureS-7a_b,NA
Ta,2022,0.119567604499646,FigureS-7a_b,NA
K,1996,0.500349985741322,FigureS-7a_b,NA
K,1997,0.499865889639365,FigureS-7a_b,NA
K,1998,0.611523937142161,FigureS-7a_b,NA
K,1999,0.496356790063084,FigureS-7a_b,NA
K,2000,0.707137439134797,FigureS-7a_b,NA
K,2001,0.703248337559202,FigureS-7a_b,NA
K,2002,0.752870318087709,FigureS-7a_b,NA
K,2003,0.690900880559946,FigureS-7a_b,NA
K,2004,0.66958712576889,FigureS-7a_b,NA
K,2005,0.807838522809558,FigureS-7a_b,NA
K,2006,0.767850892544627,FigureS-7a_b,NA
K,2007,0.991028355635109,FigureS-7a_b,NA
K,2008,0.686923091934508,FigureS-7a_b,NA
K,2009,0.673881230691406,FigureS-7a_b,NA
K,2010,0.94969494647174,FigureS-7a_b,NA
K,2011,0.933832899066167,FigureS-7a_b,NA
K,2012,0.953872437357631,FigureS-7a_b,NA
K,2013,1.01310189435033,FigureS-7a_b,NA
K,2014,1.05089530157974,FigureS-7a_b,NA
K,2015,1.16020642633819,FigureS-7a_b,NA
K,2016,1.12795707666043,FigureS-7a_b,NA
K,2017,1.28587653275328,FigureS-7a_b,NA
K,2018,1.57477025898079,FigureS-7a_b,NA
K,2019,1.62567385444744,FigureS-7a_b,NA
K,2020,1.71017489446024,FigureS-7a_b,NA
K,2021,2.35815963971304,FigureS-7a_b,NA
K,2022,1.79839437788243,FigureS-7a_b,NA
Y,1996,0.487387550877557,FigureS-7a_b,NA
Y,1997,0.441345004998659,FigureS-7a_b,NA
Y,1998,0.504324521866244,FigureS-7a_b,NA
Y,1999,0.305638417526529,FigureS-7a_b,NA
Y,2000,0.533411632288532,FigureS-7a_b,NA
Y,2001,0.423384203224418,FigureS-7a_b,NA
Y,2002,0.668172407302842,FigureS-7a_b,NA
Y,2003,0.517046737412509,FigureS-7a_b,NA
Y,2004,0.408561636062374,FigureS-7a_b,NA
Y,2005,0.395999275887038,FigureS-7a_b,NA
Y,2006,0.533776688834442,FigureS-7a_b,NA
Y,2007,0.643950142978761,FigureS-7a_b,NA
Y,2008,0.659602287141658,FigureS-7a_b,NA
Y,2009,0.440823110693574,FigureS-7a_b,NA
Y,2010,0.69836153639538,FigureS-7a_b,NA
Y,2011,0.562962399437038,FigureS-7a_b,NA
Y,2012,0.585746827204686,FigureS-7a_b,NA
Y,2013,0.639238921805892,FigureS-7a_b,NA
Y,2014,0.491438094104443,FigureS-7a_b,NA
Y,2015,0.581986665159905,FigureS-7a_b,NA
Y,2016,0.53450938948053,FigureS-7a_b,NA
Y,2017,0.506265760649868,FigureS-7a_b,NA
Y,2018,0.515873015873016,FigureS-7a_b,NA
Y,2019,0.505390835579515,FigureS-7a_b,NA
Y,2020,0.488929094511933,FigureS-7a_b,NA
Y,2021,0.56125104668794,FigureS-7a_b,NA
Y,2022,0.541714453039213,FigureS-7a_b,NA
Ag,1996,0.477017602986545,FigureS-7a_b,NA
Ag,1997,0.658359952207944,FigureS-7a_b,NA
Ag,1998,0.6553782433914,FigureS-7a_b,NA
Ag,1999,0.479241038681598,FigureS-7a_b,NA
Ag,2000,1.01788641757812,FigureS-7a_b,NA
Ag,2001,0.987896474190308,FigureS-7a_b,NA
Ag,2002,1.38575192923019,FigureS-7a_b,NA
Ag,2003,0.925716866109731,FigureS-7a_b,NA
Ag,2004,1.28242957986245,FigureS-7a_b,NA
Ag,2005,1.62472845763939,FigureS-7a_b,NA
Ag,2006,1.48101155057753,FigureS-7a_b,NA
Ag,2007,1.58913797996114,FigureS-7a_b,NA
Ag,2008,1.21967878539508,FigureS-7a_b,NA
Ag,2009,1.25742985673249,FigureS-7a_b,NA
Ag,2010,1.08399524193239,FigureS-7a_b,NA
Ag,2011,1.2970957987029,FigureS-7a_b,NA
Ag,2012,1.09013992840872,FigureS-7a_b,NA
Ag,2013,1.54886088625553,FigureS-7a_b,NA
Ag,2014,1.28386076487493,FigureS-7a_b,NA
Ag,2015,1.41635589708818,FigureS-7a_b,NA
Ag,2016,1.613689943907,FigureS-7a_b,NA
Ag,2017,1.72861845271324,FigureS-7a_b,NA
Ag,2018,1.4452798663325,FigureS-7a_b,NA
Ag,2019,1.45299865229111,FigureS-7a_b,NA
Ag,2020,1.78340656500388,FigureS-7a_b,NA
Ag,2021,1.78106682961052,FigureS-7a_b,NA
Ag,2022,1.51533637539347,FigureS-7a_b,NA
In,1996,0.458870194177274,FigureS-7a_b,NA
In,1997,0.316988125137158,FigureS-7a_b,NA
In,1998,0.372761603118528,FigureS-7a_b,NA
In,1999,0.344760134969925,FigureS-7a_b,NA
In,2000,0.318089505493161,FigureS-7a_b,NA
In,2001,0.354016169927762,FigureS-7a_b,NA
In,2002,0.456427630340674,FigureS-7a_b,NA
In,2003,0.349966132309776,FigureS-7a_b,NA
In,2004,0.304151440179767,FigureS-7a_b,NA
In,2005,0.3552679217958,FigureS-7a_b,NA
In,2006,0.393769688484424,FigureS-7a_b,NA
In,2007,0.375455676584227,FigureS-7a_b,NA
In,2008,0.214663466229534,FigureS-7a_b,NA
In,2009,0.350490506043251,FigureS-7a_b,NA
In,2010,0.318483557806684,FigureS-7a_b,NA
In,2011,0.235835599764164,FigureS-7a_b,NA
In,2012,0.229824275951839,FigureS-7a_b,NA
In,2013,0.235333388967704,FigureS-7a_b,NA
In,2014,0.207458295781114,FigureS-7a_b,NA
In,2015,0.286284702602931,FigureS-7a_b,NA
In,2016,0.227623770425169,FigureS-7a_b,NA
In,2017,0.28874473040867,FigureS-7a_b,NA
In,2018,0.252715121136174,FigureS-7a_b,NA
In,2019,0.429582210242588,FigureS-7a_b,NA
In,2020,0.297234427500646,FigureS-7a_b,NA
In,2021,0.296467286758549,FigureS-7a_b,NA
In,2022,0.231814743417681,FigureS-7a_b,NA
Cd,1996,0.427760350504239,FigureS-7a_b,NA
Cd,1997,0.295042793396893,FigureS-7a_b,NA
Cd,1998,0.338652698258009,FigureS-7a_b,NA
Cd,1999,0.386326959753533,FigureS-7a_b,NA
Cd,2000,0.567667425187795,FigureS-7a_b,NA
Cd,2001,0.464048222743147,FigureS-7a_b,NA
Cd,2002,0.581121776773951,FigureS-7a_b,NA
Cd,2003,0.623165500112892,FigureS-7a_b,NA
Cd,2004,0.544748848083165,FigureS-7a_b,NA
Cd,2005,0.592867487328023,FigureS-7a_b,NA
Cd,2006,0.625656282814141,FigureS-7a_b,NA
Cd,2007,0.622121324572701,FigureS-7a_b,NA
Cd,2008,0.483968542044767,FigureS-7a_b,NA
Cd,2009,0.630521580459251,FigureS-7a_b,NA
Cd,2010,0.738651625033575,FigureS-7a_b,NA
Cd,2011,0.557256699442743,FigureS-7a_b,NA
Cd,2012,0.56744223885454,FigureS-7a_b,NA
Cd,2013,0.519068680630894,FigureS-7a_b,NA
Cd,2014,0.686993045045658,FigureS-7a_b,NA
Cd,2015,0.578219761178288,FigureS-7a_b,NA
Cd,2016,0.68693602146167,FigureS-7a_b,NA
Cd,2017,0.508190725519259,FigureS-7a_b,NA
Cd,2018,0.56390977443609,FigureS-7a_b,NA
Cd,2019,0.425370619946092,FigureS-7a_b,NA
Cd,2020,0.516929439131559,FigureS-7a_b,NA
Cd,2021,0.579355919161744,FigureS-7a_b,NA
Cd,2022,0.546594763426954,FigureS-7a_b,NA
Nb,1996,0.412205428667721,FigureS-7a_b,NA
Nb,1997,0.653483211821219,FigureS-7a_b,NA
Nb,1998,0.579851382628822,FigureS-7a_b,NA
Nb,1999,0.745757738764732,FigureS-7a_b,NA
Nb,2000,0.831926398982114,FigureS-7a_b,NA
Nb,2001,1.15772855570971,FigureS-7a_b,NA
Nb,2002,0.421136834180312,FigureS-7a_b,NA
Nb,2003,0.397380898622714,FigureS-7a_b,NA
Nb,2004,0.254216129105477,FigureS-7a_b,NA
Nb,2005,0.434467776973208,FigureS-7a_b,NA
Nb,2006,0.374081204060203,FigureS-7a_b,NA
Nb,2007,0.38418720394665,FigureS-7a_b,NA
Nb,2008,0.501531916554456,FigureS-7a_b,NA
Nb,2009,0.411916677205471,FigureS-7a_b,NA
Nb,2010,0.443190975020145,FigureS-7a_b,NA
Nb,2011,0.424123699575876,FigureS-7a_b,NA
Nb,2012,0.162707452001302,FigureS-7a_b,NA
Nb,2013,0.193607610781941,FigureS-7a_b,NA
Nb,2014,0.270375975649157,FigureS-7a_b,NA
Nb,2015,0.209063170979772,FigureS-7a_b,NA
Nb,2016,0.355662141289326,FigureS-7a_b,NA
Nb,2017,0.207896205894242,FigureS-7a_b,NA
Nb,2018,0.196324143692565,FigureS-7a_b,NA
Nb,2019,0.17688679245283,FigureS-7a_b,NA
Nb,2020,0.21107952097872,FigureS-7a_b,NA
Nb,2021,0.142575870731211,FigureS-7a_b,NA
Nb,2022,0.202532881091237,FigureS-7a_b,NA
Sb,1996,0.39405801985845,FigureS-7a_b,NA
Sb,1997,0.348686937650874,FigureS-7a_b,NA
Sb,1998,0.389816055548788,FigureS-7a_b,NA
Sb,1999,0.528143185485843,FigureS-7a_b,NA
Sb,2000,0.819692187232377,FigureS-7a_b,NA
Sb,2001,0.612352293929101,FigureS-7a_b,NA
Sb,2002,0.703463203463203,FigureS-7a_b,NA
Sb,2003,0.697674418604651,FigureS-7a_b,NA
Sb,2004,0.526590553147059,FigureS-7a_b,NA
Sb,2005,0.724112961622013,FigureS-7a_b,NA
Sb,2006,0.763475673783689,FigureS-7a_b,NA
Sb,2007,0.580646569601188,FigureS-7a_b,NA
Sb,2008,0.483968542044767,FigureS-7a_b,NA
Sb,2009,0.419143285577496,FigureS-7a_b,NA
Sb,2010,0.542956908790914,FigureS-7a_b,NA
Sb,2011,0.627626999372373,FigureS-7a_b,NA
Sb,2012,0.429140904653433,FigureS-7a_b,NA
Sb,2013,0.645915046315614,FigureS-7a_b,NA
Sb,2014,0.698896389885558,FigureS-7a_b,NA
Sb,2015,0.508532037518364,FigureS-7a_b,NA
Sb,2016,0.8292008779774,FigureS-7a_b,NA
Sb,2017,0.512040655258042,FigureS-7a_b,NA
Sb,2018,0.722639933166249,FigureS-7a_b,NA
Sb,2019,0.543295148247978,FigureS-7a_b,NA
Sb,2020,0.799086757990868,FigureS-7a_b,NA
Sb,2021,0.82150858849888,FigureS-7a_b,NA
Sb,2022,0.778409506844635,FigureS-7a_b,NA
Tc,1996,0.318875897648614,FigureS-7a_b,NA
Tc,1997,0.0755894759942455,FigureS-7a_b,NA
Tc,1998,0.116944816664636,FigureS-7a_b,NA
Tc,1999,0.0586825761650936,FigureS-7a_b,NA
Tc,2000,0.0611710587486848,FigureS-7a_b,NA
Tc,2001,0.100464048222743,FigureS-7a_b,NA
Tc,2002,0.0846979107848673,FigureS-7a_b,NA
Tc,2003,0.10160307067058,FigureS-7a_b,NA
Tc,2004,0.108949769616633,FigureS-7a_b,NA
Tc,2005,0.242125271542361,FigureS-7a_b,NA
Tc,2006,0.0984424221211061,FigureS-7a_b,NA
Tc,2007,0.106961210189692,FigureS-7a_b,NA
Tc,2008,0.0761079562086529,FigureS-7a_b,NA
Tc,2009,0.0686527795342451,FigureS-7a_b,NA
Tc,2010,0.0882544798741414,FigureS-7a_b,NA
Tc,2011,0.0836835999163164,FigureS-7a_b,NA
Tc,2012,0.10372600065083,FigureS-7a_b,NA
Tc,2013,0.176917299507636,FigureS-7a_b,NA
Tc,2014,0.136038226741714,FigureS-7a_b,NA
Tc,2015,0.129958187365804,FigureS-7a_b,NA
Tc,2016,0.197138444028941,FigureS-7a_b,NA
Tc,2017,0.211746135633025,FigureS-7a_b,NA
Tc,2018,0.14828738512949,FigureS-7a_b,NA
Tc,2019,0.12003032345013501,FigureS-7a_b,NA
Tc,2020,0.137847850435082,FigureS-7a_b,NA
Tc,2021,0.242152669337135,FigureS-7a_b,NA
Tc,2022,0.217173812254459,FigureS-7a_b,NA
Sm,1996,0.30591346278485,FigureS-7a_b,NA
Sm,1997,0.324303235717247,FigureS-7a_b,NA
Sm,1998,0.47508831770008503,FigureS-7a_b,NA
Sm,1999,0.489021468042447,FigureS-7a_b,NA
Sm,2000,0.633732168636375,FigureS-7a_b,NA
Sm,2001,0.420992202076257,FigureS-7a_b,NA
Sm,2002,0.329380764163373,FigureS-7a_b,NA
Sm,2003,0.399638744637616,FigureS-7a_b,NA
Sm,2004,0.35635653812107,FigureS-7a_b,NA
Sm,2005,0.409576393917451,FigureS-7a_b,NA
Sm,2006,0.231886594329717,FigureS-7a_b,NA
Sm,2007,0.377638558424832,FigureS-7a_b,NA
Sm,2008,0.261499131588705,FigureS-7a_b,NA
Sm,2009,0.314357464183122,FigureS-7a_b,NA
Sm,2010,0.335750738651625,FigureS-7a_b,NA
Sm,2011,0.325224899674775,FigureS-7a_b,NA
Sm,2012,0.252196550602018,FigureS-7a_b,NA
Sm,2013,0.255361762496871,FigureS-7a_b,NA
Sm,2014,0.248269763803629,FigureS-7a_b,NA
Sm,2015,0.303235770520209,FigureS-7a_b,NA
Sm,2016,0.329241525079262,FigureS-7a_b,NA
Sm,2017,0.311844308841364,FigureS-7a_b,NA
Sm,2018,0.340434419381788,FigureS-7a_b,NA
Sm,2019,0.292705525606469,FigureS-7a_b,NA
Sm,2020,0.359696734729043,FigureS-7a_b,NA
Sm,2021,0.257994432751714,FigureS-7a_b,NA
Sm,2022,0.605158488079842,FigureS-7a_b,NA
Nd,1996,0.282581080030073,FigureS-7a_b,NA
Nd,1997,0.16824754334203,FigureS-7a_b,NA
Nd,1998,0.253380436106712,FigureS-7a_b,NA
Nd,1999,0.27385202210377,FigureS-7a_b,NA
Nd,2000,0.391494775991583,FigureS-7a_b,NA
Nd,2001,0.279864134334784,FigureS-7a_b,NA
Nd,2002,0.322322604931301,FigureS-7a_b,NA
Nd,2003,0.340934748250169,FigureS-7a_b,NA
Nd,2004,0.417640783530426,FigureS-7a_b,NA
Nd,2005,0.28059377262853,FigureS-7a_b,NA
Nd,2006,0.352205110255513,FigureS-7a_b,NA
Nd,2007,0.412564667874528,FigureS-7a_b,NA
Nd,2008,0.271256561871865,FigureS-7a_b,NA
Nd,2009,0.341457245578219,FigureS-7a_b,NA
Nd,2010,0.324239284754998,FigureS-7a_b,NA
Nd,2011,0.235835599764164,FigureS-7a_b,NA
Nd,2012,0.337617962902701,FigureS-7a_b,NA
Nd,2013,0.243678544604857,FigureS-7a_b,NA
Nd,2014,0.2023568622783,FigureS-7a_b,NA
Nd,2015,0.244848758805138,FigureS-7a_b,NA
Nd,2016,0.286562068124543,FigureS-7a_b,NA
Nd,2017,0.265645151975976,FigureS-7a_b,NA
Nd,2018,0.325814536340852,FigureS-7a_b,NA
Nd,2019,0.301128706199461,FigureS-7a_b,NA
Nd,2020,0.370466098044284,FigureS-7a_b,NA
Nd,2021,0.32136148641003,FigureS-7a_b,NA
Nd,2022,0.419706693345697,FigureS-7a_b,NA
Ge,1996,0.277396106084567,FigureS-7a_b,NA
Ge,1997,0.195069615469021,FigureS-7a_b,NA
Ge,1998,0.275307589231331,FigureS-7a_b,NA
Ge,1999,0.264071592742921,FigureS-7a_b,NA
Ge,2000,0.298514766693582,FigureS-7a_b,NA
Ge,2001,0.325312156149835,FigureS-7a_b,NA
Ge,2002,0.214097496706192,FigureS-7a_b,NA
Ge,2003,0.39286520659291,FigureS-7a_b,NA
Ge,2004,0.231518260435345,FigureS-7a_b,NA
Ge,2005,0.307748008689356,FigureS-7a_b,NA
Ge,2006,0.315015750787539,FigureS-7a_b,NA
Ge,2007,0.240117002466657,FigureS-7a_b,NA
Ge,2008,0.204906035946373,FigureS-7a_b,NA
Ge,2009,0.298097595346064,FigureS-7a_b,NA
Ge,2010,0.212961897087602,FigureS-7a_b,NA
Ge,2011,0.317617299682383,FigureS-7a_b,NA
Ge,2012,0.52879921900423,FigureS-7a_b,NA
Ge,2013,0.273721104898606,FigureS-7a_b,NA
Ge,2014,0.278878364820515,FigureS-7a_b,NA
Ge,2015,0.250499114777564,FigureS-7a_b,NA
Ge,2016,0.455247540850337,FigureS-7a_b,NA
Ge,2017,0.413867446919094,FigureS-7a_b,NA
Ge,2018,0.35296574770259,FigureS-7a_b,NA
Ge,2019,0.547506738544474,FigureS-7a_b,NA
Ge,2020,0.299388300163694,FigureS-7a_b,NA
Ge,2021,0.373412994772218,FigureS-7a_b,NA
Ge,2022,0.383104365437642,FigureS-7a_b,NA
La,1996,0.264433671220802,FigureS-7a_b,NA
La,1997,0.299919533783619,FigureS-7a_b,NA
La,1998,0.30941649409185,FigureS-7a_b,NA
La,1999,0.271406914763558,FigureS-7a_b,NA
La,2000,0.401282145391372,FigureS-7a_b,NA
La,2001,0.289432138927427,FigureS-7a_b,NA
La,2002,0.329380764163373,FigureS-7a_b,NA
La,2003,0.39286520659291,FigureS-7a_b,NA
La,2004,0.476655242072769,FigureS-7a_b,NA
La,2005,0.443519188993483,FigureS-7a_b,NA
La,2006,0.479086454322716,FigureS-7a_b,NA
La,2007,0.440942131802405,FigureS-7a_b,NA
La,2008,0.429326932459068,FigureS-7a_b,NA
La,2009,0.294484291160051,FigureS-7a_b,NA
La,2010,0.425923794175204,FigureS-7a_b,NA
La,2011,0.427927499572072,FigureS-7a_b,NA
La,2012,0.301008786202408,FigureS-7a_b,NA
La,2013,0.292080447300342,FigureS-7a_b,NA
La,2014,0.278878364820515,FigureS-7a_b,NA
La,2015,0.346555166308811,FigureS-7a_b,NA
La,2016,0.300788553776116,FigureS-7a_b,NA
La,2017,0.325319062927102,FigureS-7a_b,NA
La,2018,0.371762740183793,FigureS-7a_b,NA
La,2019,0.31376347708894903,FigureS-7a_b,NA
La,2020,0.523391057120703,FigureS-7a_b,NA
La,2021,0.339466358883835,FigureS-7a_b,NA
La,2022,0.424587003733437,FigureS-7a_b,NA
U,1996,0.233323827547767,FigureS-7a_b,NA
U,1997,0.236521908756187,FigureS-7a_b,NA
U,1998,0.229016932634913,FigureS-7a_b,NA
U,1999,0.37165631571226,FigureS-7a_b,NA
U,2000,0.369473194842056,FigureS-7a_b,NA
U,2001,0.308568148112711,FigureS-7a_b,NA
U,2002,0.50583474496518,FigureS-7a_b,NA
U,2003,0.51930458342741,FigureS-7a_b,NA
U,2004,0.708173502508115,FigureS-7a_b,NA
U,2005,0.46841057204924,FigureS-7a_b,NA
U,2006,0.636594329716486,FigureS-7a_b,NA
U,2007,0.512977232542402,FigureS-7a_b,NA
U,2008,0.731807271237047,FigureS-7a_b,NA
U,2009,0.794926920922838,FigureS-7a_b,NA
U,2010,0.88638195004029,FigureS-7a_b,NA
U,2011,0.838737899161262,FigureS-7a_b,NA
U,2012,0.575577611454605,FigureS-7a_b,NA
U,2013,0.799465910039222,FigureS-7a_b,NA
U,2014,0.865543217644158,FigureS-7a_b,NA
U,2015,0.576336309187479,FigureS-7a_b,NA
U,2016,0.831233233070482,FigureS-7a_b,NA
U,2017,0.766136018017671,FigureS-7a_b,NA
U,2018,0.933583959899749,FigureS-7a_b,NA
U,2019,0.697018194070081,FigureS-7a_b,NA
U,2020,0.842164211251831,FigureS-7a_b,NA
U,2021,0.907506732749451,FigureS-7a_b,NA
U,2022,0.971181767160391,FigureS-7a_b,NA
Pb,1996,0.220361392684002,FigureS-7a_b,NA
Pb,1997,0.277974202043354,FigureS-7a_b,NA
Pb,1998,0.192471677427214,FigureS-7a_b,NA
Pb,1999,0.256736270722285,FigureS-7a_b,NA
Pb,2000,0.325430032543003,FigureS-7a_b,NA
Pb,2001,0.169832081519399,FigureS-7a_b,NA
Pb,2002,0.411725955204216,FigureS-7a_b,NA
Pb,2003,0.548656581621133,FigureS-7a_b,NA
Pb,2004,0.211090178632226,FigureS-7a_b,NA
Pb,2005,0.312273714699493,FigureS-7a_b,NA
Pb,2006,0.310640532026601,FigureS-7a_b,NA
Pb,2007,0.397284494990286,FigureS-7a_b,NA
Pb,2008,0.370782350760104,FigureS-7a_b,NA
Pb,2009,0.298097595346064,FigureS-7a_b,NA
Pb,2010,0.303134952611181,FigureS-7a_b,NA
Pb,2011,0.365164799634835,FigureS-7a_b,NA
Pb,2012,0.231858119101855,FigureS-7a_b,NA
Pb,2013,0.260368855879162,FigureS-7a_b,NA
Pb,2014,0.238066896798,FigureS-7a_b,NA
Pb,2015,0.19587900704411,FigureS-7a_b,NA
Pb,2016,0.186976668563531,FigureS-7a_b,NA
Pb,2017,0.134747540857379,FigureS-7a_b,NA
Pb,2018,0.156641604010025,FigureS-7a_b,NA
Pb,2019,0.259012803234501,FigureS-7a_b,NA
Pb,2020,0.21107952097872,FigureS-7a_b,NA
Pb,2021,0.212732251567203,FigureS-7a_b,NA
Pb,2022,0.424587003733437,FigureS-7a_b,NA
Mg,1996,0.217768905711249,FigureS-7a_b,NA
Mg,1997,0.204823096242472,FigureS-7a_b,NA
Mg,1998,0.207089779510294,FigureS-7a_b,NA
Mg,1999,0.129590689031248,FigureS-7a_b,NA
Mg,2000,0.364579510142162,FigureS-7a_b,NA
Mg,2001,0.325312156149835,FigureS-7a_b,NA
Mg,2002,0.289384528514963,FigureS-7a_b,NA
Mg,2003,0.444795664935651,FigureS-7a_b,NA
Mg,2004,0.285993145243662,FigureS-7a_b,NA
Mg,2005,0.500090514120203,FigureS-7a_b,NA
Mg,2006,0.341267063353168,FigureS-7a_b,NA
Mg,2007,0.264128702713322,FigureS-7a_b,NA
Mg,2008,0.228323868625959,FigureS-7a_b,NA
Mg,2009,0.457082979530632,FigureS-7a_b,NA
Mg,2010,0.612025632170677,FigureS-7a_b,NA
Mg,2011,0.633332699366667,FigureS-7a_b,NA
Mg,2012,0.555239179954442,FigureS-7a_b,NA
Mg,2013,0.594175081365267,FigureS-7a_b,NA
Mg,2014,0.564558640978115,FigureS-7a_b,NA
Mg,2015,0.86262101179041,FigureS-7a_b,NA
Mg,2016,0.91659214697992,FigureS-7a_b,NA
Mg,2017,0.69683728271959,FigureS-7a_b,NA
Mg,2018,0.724728487886383,FigureS-7a_b,NA
Mg,2019,1.03605121293801,FigureS-7a_b,NA
Mg,2020,0.622469199620918,FigureS-7a_b,NA
Mg,2021,0.733247335189083,FigureS-7a_b,NA
Mg,2022,0.722285937385618,FigureS-7a_b,NA
Hf,1996,0.217768905711249,FigureS-7a_b,NA
Hf,1997,0.397454341518129,FigureS-7a_b,NA
Hf,1998,0.380070654160068,FigureS-7a_b,NA
Hf,1999,0.249400948701648,FigureS-7a_b,NA
Hf,2000,0.230003180895055,FigureS-7a_b,NA
Hf,2001,0.196144094149165,FigureS-7a_b,NA
Hf,2002,0.195275738754,FigureS-7a_b,NA
Hf,2003,0.307067058026643,FigureS-7a_b,NA
Hf,2004,0.367705472456136,FigureS-7a_b,NA
Hf,2005,0.529507603186097,FigureS-7a_b,NA
Hf,2006,0.328141407070354,FigureS-7a_b,NA
Hf,2007,0.371089912903015,FigureS-7a_b,NA
Hf,2008,0.632281482348809,FigureS-7a_b,NA
Hf,2009,0.352297158136258,FigureS-7a_b,NA
Hf,2010,0.260926288323549,FigureS-7a_b,NA
Hf,2011,0.275775499724224,FigureS-7a_b,NA
Hf,2012,0.219655060201757,FigureS-7a_b,NA
Hf,2013,0.332137194358675,FigureS-7a_b,NA
Hf,2014,0.200656384444029,FigureS-7a_b,NA
Hf,2015,0.124307831393378,FigureS-7a_b,NA
Hf,2016,0.229656125518251,FigureS-7a_b,NA
Hf,2017,0.219445995110589,FigureS-7a_b,NA
Hf,2018,0.215121136173768,FigureS-7a_b,NA
Hf,2019,0.21900269541779,FigureS-7a_b,NA
Hf,2020,0.161540449728612,FigureS-7a_b,NA
Hf,2021,0.167470070382692,FigureS-7a_b,NA
Hf,2022,0.136648690856738,FigureS-7a_b,NA
Te,1996,0.197029009929225,FigureS-7a_b,NA
Te,1997,0.387700860744678,FigureS-7a_b,NA
Te,1998,0.185162626385674,FigureS-7a_b,NA
Te,1999,0.293412880825468,FigureS-7a_b,NA
Te,2000,0.305855293743424,FigureS-7a_b,NA
Te,2001,0.34923216763144,FigureS-7a_b,NA
Te,2002,0.270562770562771,FigureS-7a_b,NA
Te,2003,0.279972905847821,FigureS-7a_b,NA
Te,2004,0.274644210908596,FigureS-7a_b,NA
Te,2005,0.18781679942071,FigureS-7a_b,NA
Te,2006,0.220948547427371,FigureS-7a_b,NA
Te,2007,0.294689048481806,FigureS-7a_b,NA
Te,2008,0.290771422438187,FigureS-7a_b,NA
Te,2009,0.254737945113909,FigureS-7a_b,NA
Te,2010,0.199531867541537,FigureS-7a_b,NA
Te,2011,0.108408299891592,FigureS-7a_b,NA
Te,2012,0.178978197201432,FigureS-7a_b,NA
Te,2013,0.201952766419094,FigureS-7a_b,NA
Te,2014,0.21936164062101501,FigureS-7a_b,NA
Te,2015,0.274983990658078,FigureS-7a_b,NA
Te,2016,0.130070725957239,FigureS-7a_b,NA
Te,2017,0.136672505726771,FigureS-7a_b,NA
Te,2018,0.22765246449457,FigureS-7a_b,NA
Te,2019,0.178992587601078,FigureS-7a_b,NA
Te,2020,0.133540105108986,FigureS-7a_b,NA
Te,2021,0.0746825989544436,FigureS-7a_b,NA
Te,2022,0.256216295356385,FigureS-7a_b,NA
Gd,1996,0.194436522956472,FigureS-7a_b,NA
Gd,1997,0.163370802955305,FigureS-7a_b,NA
Gd,1998,0.216835180899013,FigureS-7a_b,NA
Gd,1999,0.232285197320162,FigureS-7a_b,NA
Gd,2000,0.318089505493161,FigureS-7a_b,NA
Gd,2001,0.239200114816055,FigureS-7a_b,NA
Gd,2002,0.275268210050819,FigureS-7a_b,NA
Gd,2003,0.349966132309776,FigureS-7a_b,NA
Gd,2004,0.326849308849899,FigureS-7a_b,NA
Gd,2005,0.242125271542361,FigureS-7a_b,NA
Gd,2006,0.465960798039902,FigureS-7a_b,NA
Gd,2007,0.28159175743817,FigureS-7a_b,NA
Gd,2008,0.316140741174404,FigureS-7a_b,NA
Gd,2009,0.303517551625084,FigureS-7a_b,NA
Gd,2010,0.389470856835885,FigureS-7a_b,NA
Gd,2011,0.389889499610111,FigureS-7a_b,NA
Gd,2012,0.406768630003254,FigureS-7a_b,NA
Gd,2013,0.53742802303263,FigureS-7a_b,NA
Gd,2014,0.437022803407758,FigureS-7a_b,NA
Gd,2015,0.521716201454025,FigureS-7a_b,NA
Gd,2016,0.506056418177384,FigureS-7a_b,NA
Gd,2017,0.506265760649868,FigureS-7a_b,NA
Gd,2018,0.522138680033417,FigureS-7a_b,NA
Gd,2019,0.568564690026954,FigureS-7a_b,NA
Gd,2020,0.665546652881882,FigureS-7a_b,NA
Gd,2021,0.58161902822097,FigureS-7a_b,NA
Gd,2022,0.575876625753398,FigureS-7a_b,NA
Yb,1996,0.171104140201695,FigureS-7a_b,NA
Yb,1997,0.173124283728756,FigureS-7a_b,NA
Yb,1998,0.236325983676453,FigureS-7a_b,NA
Yb,1999,0.330089490928652,FigureS-7a_b,NA
Yb,2000,0.413516357141109,FigureS-7a_b,NA
Yb,2001,0.387504186002009,FigureS-7a_b,NA
Yb,2002,0.527009222661397,FigureS-7a_b,NA
Yb,2003,0.501241815308196,FigureS-7a_b,NA
Yb,2004,0.547018634950178,FigureS-7a_b,NA
Yb,2005,0.409576393917451,FigureS-7a_b,NA
Yb,2006,0.483461673083654,FigureS-7a_b,NA
Yb,2007,0.600292506166641,FigureS-7a_b,NA
Yb,2008,0.343461545967254,FigureS-7a_b,NA
Yb,2009,0.437209806507561,FigureS-7a_b,NA
Yb,2010,0.379877978588696,FigureS-7a_b,NA
Yb,2011,0.329028699670971,FigureS-7a_b,NA
Yb,2012,0.423039375203384,FigureS-7a_b,NA
Yb,2013,0.479011933572561,FigureS-7a_b,NA
Yb,2014,0.331593177682929,FigureS-7a_b,NA
Yb,2015,0.412475985987117,FigureS-7a_b,NA
Yb,2016,0.329241525079262,FigureS-7a_b,NA
Yb,2017,0.411942482049703,FigureS-7a_b,NA
Yb,2018,0.446950710108605,FigureS-7a_b,NA
Yb,2019,0.446428571428571,FigureS-7a_b,NA
Yb,2020,0.385543206685621,FigureS-7a_b,NA
Yb,2021,0.416412066897504,FigureS-7a_b,NA
Yb,2022,0.553915229008565,FigureS-7a_b,NA
Bi,1996,0.171104140201695,FigureS-7a_b,NA
Bi,1997,0.160932432761942,FigureS-7a_b,NA
Bi,1998,0.192471677427214,FigureS-7a_b,NA
Bi,1999,0.286077558804832,FigureS-7a_b,NA
Bi,2000,0.34745161369253,FigureS-7a_b,NA
Bi,2001,0.150696072334115,FigureS-7a_b,NA
Bi,2002,0.25879917184265,FigureS-7a_b,NA
Bi,2003,0.255136599683902,FigureS-7a_b,NA
Bi,2004,0.320039948248859,FigureS-7a_b,NA
Bi,2005,0.221759594496741,FigureS-7a_b,NA
Bi,2006,0.150945047252363,FigureS-7a_b,NA
Bi,2007,0.246665647988474,FigureS-7a_b,NA
Bi,2008,0.181488203266788,FigureS-7a_b,NA
Bi,2009,0.341457245578219,FigureS-7a_b,NA
Bi,2010,0.234066229231419,FigureS-7a_b,NA
Bi,2011,0.336636299663364,FigureS-7a_b,NA
Bi,2012,0.313211845102506,FigureS-7a_b,NA
Bi,2013,0.338813318868397,FigureS-7a_b,NA
Bi,2014,0.355399867362729,FigureS-7a_b,NA
Bi,2015,0.380457302143368,FigureS-7a_b,NA
Bi,2016,0.34956507601008,FigureS-7a_b,NA
Bi,2017,0.352268571098577,FigureS-7a_b,NA
Bi,2018,0.33625730994152,FigureS-7a_b,NA
Bi,2019,0.397995283018868,FigureS-7a_b,NA
Bi,2020,0.633238562936159,FigureS-7a_b,NA
Bi,2021,0.615565664109353,FigureS-7a_b,NA
Bi,2022,1.09806983724165,FigureS-7a_b,NA
Eu,1996,0.145179270474166,FigureS-7a_b,NA
Eu,1997,0.21213820682256,FigureS-7a_b,NA
Eu,1998,0.263125837495432,FigureS-7a_b,NA
Eu,1999,0.293412880825468,FigureS-7a_b,NA
Eu,2000,0.45021899239032,FigureS-7a_b,NA
Eu,2001,0.332488159594317,FigureS-7a_b,NA
Eu,2002,0.439958592132505,FigureS-7a_b,NA
Eu,2003,0.438022126890946,FigureS-7a_b,NA
Eu,2004,0.4131012097964,FigureS-7a_b,NA
Eu,2005,0.461622013034033,FigureS-7a_b,NA
Eu,2006,0.553465173258663,FigureS-7a_b,NA
Eu,2007,0.506428587020585,FigureS-7a_b,NA
Eu,2008,0.599106219386062,FigureS-7a_b,NA
Eu,2009,0.569095409297032,FigureS-7a_b,NA
Eu,2010,0.525689727945973,FigureS-7a_b,NA
Eu,2011,0.631430799368569,FigureS-7a_b,NA
Eu,2012,0.652863651155223,FigureS-7a_b,NA
Eu,2013,0.589167987982976,FigureS-7a_b,NA
Eu,2014,0.652983488360229,FigureS-7a_b,NA
Eu,2015,0.719478660488944,FigureS-7a_b,NA
Eu,2016,0.682871311275506,FigureS-7a_b,NA
Eu,2017,0.731486650368631,FigureS-7a_b,NA
Eu,2018,0.680868838763576,FigureS-7a_b,NA
Eu,2019,0.635950134770889,FigureS-7a_b,NA
Eu,2020,0.887395537175842,FigureS-7a_b,NA
Eu,2021,0.694774481182248,FigureS-7a_b,NA
Eu,2022,0.827212610722042,FigureS-7a_b,NA
Ba,1996,0.142586783501413,FigureS-7a_b,NA
Ba,1997,0.107288288507961,FigureS-7a_b,NA
Ba,1998,0.0706541600682178,FigureS-7a_b,NA
Ba,1999,0.0782434348867915,FigureS-7a_b,NA
Ba,2000,0.0415963199491057,FigureS-7a_b,NA
Ba,2001,0.0861120413337798,FigureS-7a_b,NA
Ba,2002,0.0705815923207228,FigureS-7a_b,NA
Ba,2003,0.0541883043576428,FigureS-7a_b,NA
Ba,2004,0.0680936060103956,FigureS-7a_b,NA
Ba,2005,0.11314265025344,FigureS-7a_b,NA
Ba,2006,0.0240637031851593,FigureS-7a_b,NA
Ba,2007,0.0480234004933313,FigureS-7a_b,NA
Ba,2008,0.0448841793025389,FigureS-7a_b,NA
Ba,2009,0.0614261711622193,FigureS-7a_b,NA
Ba,2010,0.0690687233797629,FigureS-7a_b,NA
Ba,2011,0.0665664999334335,FigureS-7a_b,NA
Ba,2012,0.0732183534005857,FigureS-7a_b,NA
Ba,2013,0.0650922139697905,FigureS-7a_b,NA
Ba,2014,0.0629176798680429,FigureS-7a_b,NA
Ba,2015,0.0602704637058801,FigureS-7a_b,NA
Ba,2016,0.044711812047801,FigureS-7a_b,NA
Ba,2017,0.0981732083389478,FigureS-7a_b,NA
Ba,2018,0.139933166248956,FigureS-7a_b,NA
Ba,2019,0.101078167115903,FigureS-7a_b,NA
Ba,2020,0.0796932885327819,FigureS-7a_b,NA
Ba,2021,0.0746825989544436,FigureS-7a_b,NA
Ba,2022,0.0878455869793319,FigureS-7a_b,NA
Cs,1996,0.134809322583154,FigureS-7a_b,NA
Cs,1997,0.107288288507961,FigureS-7a_b,NA
Cs,1998,0.0877086124984773,FigureS-7a_b,NA
Cs,1999,0.122255367010612,FigureS-7a_b,NA
Cs,2000,0.0758521128483692,FigureS-7a_b,NA
Cs,2001,0.165048079223078,FigureS-7a_b,NA
Cs,2002,0.0894033502729155,FigureS-7a_b,NA
Cs,2003,0.0880559945811696,FigureS-7a_b,NA
Cs,2004,0.163424654424949,FigureS-7a_b,NA
Cs,2005,0.117668356263577,FigureS-7a_b,NA
Cs,2006,0.185946797339867,FigureS-7a_b,NA
Cs,2007,0.11350985571151,FigureS-7a_b,NA
Cs,2008,0.093671330718342,FigureS-7a_b,NA
Cs,2009,0.110205777673393,FigureS-7a_b,NA
Cs,2010,0.103603085069644,FigureS-7a_b,NA
Cs,2011,0.0931930999068069,FigureS-7a_b,NA
Cs,2012,0.117962902700944,FigureS-7a_b,NA
Cs,2013,0.0968038053909705,FigureS-7a_b,NA
Cs,2014,0.0714200690394001,FigureS-7a_b,NA
Cs,2015,0.0696877236599239,FigureS-7a_b,NA
Cs,2016,0.0975530444679294,FigureS-7a_b,NA
Cs,2017,0.0981732083389478,FigureS-7a_b,NA
Cs,2018,0.129490392648287,FigureS-7a_b,NA
Cs,2019,0.0863376010781671,FigureS-7a_b,NA
Cs,2020,0.101232015163264,FigureS-7a_b,NA
Cs,2021,0.176522506619594,FigureS-7a_b,NA
Cs,2022,0.246455674580903,FigureS-7a_b,NA
Ce,1996,0.127031861664895,FigureS-7a_b,NA
Ce,1997,0.0633976250274317,FigureS-7a_b,NA
Ce,1998,0.129126568400536,FigureS-7a_b,NA
Ce,1999,0.168712406474644,FigureS-7a_b,NA
Ce,2000,0.195747387995791,FigureS-7a_b,NA
Ce,2001,0.12916806200067,FigureS-7a_b,NA
Ce,2002,0.185864859777903,FigureS-7a_b,NA
Ce,2003,0.198690449311357,FigureS-7a_b,NA
Ce,2004,0.25648591597249,FigureS-7a_b,NA
Ce,2005,0.289645184648805,FigureS-7a_b,NA
Ce,2006,0.286576828841442,FigureS-7a_b,NA
Ce,2007,0.209556656698173,FigureS-7a_b,NA
Ce,2008,0.21076049411627,FigureS-7a_b,NA
Ce,2009,0.227638163718813,FigureS-7a_b,NA
Ce,2010,0.230229077932543,FigureS-7a_b,NA
Ce,2011,0.296696399703304,FigureS-7a_b,NA
Ce,2012,0.160673608851285,FigureS-7a_b,NA
Ce,2013,0.295418509555203,FigureS-7a_b,NA
Ce,2014,0.265274542146343,FigureS-7a_b,NA
Ce,2015,0.278750894639696,FigureS-7a_b,NA
Ce,2016,0.264206162100642,FigureS-7a_b,NA
Ce,2017,0.3907678684864,FigureS-7a_b,NA
Ce,2018,0.254803675856307,FigureS-7a_b,NA
Ce,2019,0.345350404312668,FigureS-7a_b,NA
Ce,2020,0.260618592228827,FigureS-7a_b,NA
Ce,2021,0.359834340416865,FigureS-7a_b,NA
Ce,2022,0.336741416754106,FigureS-7a_b,NA
Rb,1996,0.119254400746636,FigureS-7a_b,NA
Rb,1997,0.090219697154422,FigureS-7a_b,NA
Rb,1998,0.0414179559020587,FigureS-7a_b,NA
Rb,1999,0.0122255367010612,FigureS-7a_b,NA
Rb,2000,0.0489368469989478,FigureS-7a_b,NA
Rb,2001,0.0191360091852844,FigureS-7a_b,NA
Rb,2002,0.0399962356484096,FigureS-7a_b,NA
Rb,2003,0.0406412282682321,FigureS-7a_b,NA
Rb,2004,0.0431259504732506,FigureS-7a_b,NA
Rb,2005,0.0339427950760319,FigureS-7a_b,NA
Rb,2006,0.0393769688484424,FigureS-7a_b,NA
Rb,2007,0.111326973870904,FigureS-7a_b,NA
Rb,2008,0.0195148605663212,FigureS-7a_b,NA
Rb,2009,0.0596195190692128,FigureS-7a_b,NA
Rb,2010,0.0479643912359464,FigureS-7a_b,NA
Rb,2011,0.0494493999505506,FigureS-7a_b,NA
Rb,2012,0.0325414904002603,FigureS-7a_b,NA
Rb,2013,0.0283735291663189,FigureS-7a_b,NA
Rb,2014,0.0221062118455286,FigureS-7a_b,NA
Rb,2015,0.0357855878253663,FigureS-7a_b,NA
Rb,2016,0.0467441671408829,FigureS-7a_b,NA
Rb,2017,0.0442741919959961,FigureS-7a_b,NA
Rb,2018,0.068922305764411,FigureS-7a_b,NA
Rb,2019,0.0421159029649596,FigureS-7a_b,NA
Rb,2020,0.0646161798914448,FigureS-7a_b,NA
Rb,2021,0.0588408355398647,FigureS-7a_b,NA
Rb,2022,0.100046362948684,FigureS-7a_b,NA
Lu,1996,0.11406942680113,FigureS-7a_b,NA
Lu,1997,0.170685913535393,FigureS-7a_b,NA
Lu,1998,0.141308320136436,FigureS-7a_b,NA
Lu,1999,0.178492835835493,FigureS-7a_b,NA
Lu,2000,0.210428442095476,FigureS-7a_b,NA
Lu,2001,0.181792087260202,FigureS-7a_b,NA
Lu,2002,0.218802936194241,FigureS-7a_b,NA
Lu,2003,0.268683675773312,FigureS-7a_b,NA
Lu,2004,0.224708899834306,FigureS-7a_b,NA
Lu,2005,0.18781679942071,FigureS-7a_b,NA
Lu,2006,0.251575078753938,FigureS-7a_b,NA
Lu,2007,0.25976293903211,FigureS-7a_b,NA
Lu,2008,0.269305075815233,FigureS-7a_b,NA
Lu,2009,0.202345034416722,FigureS-7a_b,NA
Lu,2010,0.251333410076359,FigureS-7a_b,NA
Lu,2011,0.245345099754655,FigureS-7a_b,NA
Lu,2012,0.201350471851611,FigureS-7a_b,NA
Lu,2013,0.28540432279062,FigureS-7a_b,NA
Lu,2014,0.187052561769857,FigureS-7a_b,NA
Lu,2015,0.267450182694843,FigureS-7a_b,NA
Lu,2016,0.168685472725795,FigureS-7a_b,NA
Lu,2017,0.240620608673892,FigureS-7a_b,NA
Lu,2018,0.173350041771094,FigureS-7a_b,NA
Lu,2019,0.237954851752022,FigureS-7a_b,NA
Lu,2020,0.295080554837598,FigureS-7a_b,NA
Lu,2021,0.416412066897504,FigureS-7a_b,NA
Lu,2022,0.256216295356385,FigureS-7a_b,NA
Sr,1996,0.106291965882871,FigureS-7a_b,NA
Sr,1997,0.0390139230938041,FigureS-7a_b,NA
Sr,1998,0.0755268607625777,FigureS-7a_b,NA
Sr,1999,0.083133649567216,FigureS-7a_b,NA
Sr,2000,0.0415963199491057,FigureS-7a_b,NA
Sr,2001,0.0191360091852844,FigureS-7a_b,NA
Sr,2002,0.0164690382081686,FigureS-7a_b,NA
Sr,2003,0.0496726123278392,FigureS-7a_b,NA
Sr,2004,0.0408561636062374,FigureS-7a_b,NA
Sr,2005,0.0135771180304127,FigureS-7a_b,NA
Sr,2006,0.0196884844242212,FigureS-7a_b,NA
Sr,2007,0.0349261094496955,FigureS-7a_b,NA
Sr,2008,0.0429326932459068,FigureS-7a_b,NA
Sr,2009,0.0632328232552257,FigureS-7a_b,NA
Sr,2010,0.0613944207820114,FigureS-7a_b,NA
Sr,2011,0.0684683999315316,FigureS-7a_b,NA
Sr,2012,0.0854214123006834,FigureS-7a_b,NA
Sr,2013,0.121839272302428,FigureS-7a_b,NA
Sr,2014,0.0459129015253286,FigureS-7a_b,NA
Sr,2015,0.0941725995404377,FigureS-7a_b,NA
Sr,2016,0.0508088773270466,FigureS-7a_b,NA
Sr,2017,0.0885483839919921,FigureS-7a_b,NA
Sr,2018,0.106516290726817,FigureS-7a_b,NA
Sr,2019,0.151617250673854,FigureS-7a_b,NA
Sr,2020,0.107693633152408,FigureS-7a_b,NA
Sr,2021,0.108629234842827,FigureS-7a_b,NA
Sr,2022,0.124447914887387,FigureS-7a_b,NA
Tl,1996,0.106291965882871,FigureS-7a_b,NA
Tl,1997,0.180439394308844,FigureS-7a_b,NA
Tl,1998,0.151053721525155,FigureS-7a_b,NA
Tl,1999,0.0929140789280649,FigureS-7a_b,NA
Tl,2000,0.144363698646896,FigureS-7a_b,NA
Tl,2001,0.229632110223413,FigureS-7a_b,NA
Tl,2002,0.275268210050819,FigureS-7a_b,NA
Tl,2003,0.16482275908783,FigureS-7a_b,NA
Tl,2004,0.14980593322287,FigureS-7a_b,NA
Tl,2005,0.124456915278783,FigureS-7a_b,NA
Tl,2006,0.150945047252363,FigureS-7a_b,NA
Tl,2007,0.130972910436358,FigureS-7a_b,NA
Tl,2008,0.0917198446617099,FigureS-7a_b,NA
Tl,2009,0.117432386045419,FigureS-7a_b,NA
Tl,2010,0.145811749357277,FigureS-7a_b,NA
Tl,2011,0.0855854999144145,FigureS-7a_b,NA
Tl,2012,0.0772860397006183,FigureS-7a_b,NA
Tl,2013,0.0734373696069432,FigureS-7a_b,NA
Tl,2014,0.0867243695478429,FigureS-7a_b,NA
Tl,2015,0.0734546276415414,FigureS-7a_b,NA
Tl,2016,0.0487765222339647,FigureS-7a_b,NA
Tl,2017,0.109722997555295,FigureS-7a_b,NA
Tl,2018,0.0647451963241437,FigureS-7a_b,NA
Tl,2019,0.0610680592991914,FigureS-7a_b,NA
Tl,2020,0.0495390712501077,FigureS-7a_b,NA
Tl,2021,0.0271573087107068,FigureS-7a_b,NA
Tl,2022,0.0341621727141846,FigureS-7a_b,NA
Ho,1996,0.103699478910118,FigureS-7a_b,NA
Ho,1997,0.109726658701324,FigureS-7a_b,NA
Ho,1998,0.0998903642343769,FigureS-7a_b,NA
Ho,1999,0.188273265196342,FigureS-7a_b,NA
Ho,2000,0.129682644547212,FigureS-7a_b,NA
Ho,2001,0.12916806200067,FigureS-7a_b,NA
Ho,2002,0.119988706945229,FigureS-7a_b,NA
Ho,2003,0.119665838789795,FigureS-7a_b,NA
Ho,2004,0.118028917084686,FigureS-7a_b,NA
Ho,2005,0.0814627081824765,FigureS-7a_b,NA
Ho,2006,0.102817640882044,FigureS-7a_b,NA
Ho,2007,0.0894981554648447,FigureS-7a_b,NA
Ho,2008,0.122943621567824,FigureS-7a_b,NA
Ho,2009,0.0740727358132644,FigureS-7a_b,NA
Ho,2010,0.094010206822455,FigureS-7a_b,NA
Ho,2011,0.129329199870671,FigureS-7a_b,NA
Ho,2012,0.0955906280507647,FigureS-7a_b,NA
Ho,2013,0.12684636568472,FigureS-7a_b,NA
Ho,2014,0.120733926233272,FigureS-7a_b,NA
Ho,2015,0.171394131163597,FigureS-7a_b,NA
Ho,2016,0.128038370864157,FigureS-7a_b,NA
Ho,2017,0.190571522069722,FigureS-7a_b,NA
Ho,2018,0.152464494569758,FigureS-7a_b,NA
Ho,2019,0.153723045822102,FigureS-7a_b,NA
Ho,2020,0.172309813043853,FigureS-7a_b,NA
Ho,2021,0.169733179441917,FigureS-7a_b,NA
Ho,2022,0.153729777213831,FigureS-7a_b,NA
Dy,1996,0.101106991937366,FigureS-7a_b,NA
Dy,1997,0.192631245275658,FigureS-7a_b,NA
Dy,1998,0.065781459373858,FigureS-7a_b,NA
Dy,1999,0.151596655093159,FigureS-7a_b,NA
Dy,2000,0.193300545645844,FigureS-7a_b,NA
Dy,2001,0.177008084963881,FigureS-7a_b,NA
Dy,2002,0.159984942593638,FigureS-7a_b,NA
Dy,2003,0.15127568299842,FigureS-7a_b,NA
Dy,2004,0.142996572621831,FigureS-7a_b,NA
Dy,2005,0.183291093410572,FigureS-7a_b,NA
Dy,2006,0.192509625481274,FigureS-7a_b,NA
Dy,2007,0.16808190172666,FigureS-7a_b,NA
Dy,2008,0.154167398473938,FigureS-7a_b,NA
Dy,2009,0.171631948835613,FigureS-7a_b,NA
Dy,2010,0.222554775334791,FigureS-7a_b,NA
Dy,2011,0.264364099735636,FigureS-7a_b,NA
Dy,2012,0.298974943052392,FigureS-7a_b,NA
Dy,2013,0.388884252691313,FigureS-7a_b,NA
Dy,2014,0.341796044688558,FigureS-7a_b,NA
Dy,2015,0.540550721362112,FigureS-7a_b,NA
Dy,2016,0.564994715876758,FigureS-7a_b,NA
Dy,2017,0.69683728271959,FigureS-7a_b,NA
Dy,2018,0.783208020050125,FigureS-7a_b,NA
Dy,2019,0.732816711590296,FigureS-7a_b,NA
Dy,2020,0.848625829240975,FigureS-7a_b,NA
Dy,2021,0.859981442505714,FigureS-7a_b,NA
Dy,2022,0.946780215221688,FigureS-7a_b,NA
Sc,1996,0.101106991937366,FigureS-7a_b,NA
Sc,1997,0.0195069615469021,FigureS-7a_b,NA
Sc,1998,0.160799122913875,FigureS-7a_b,NA
Sc,1999,0.198053694557191,FigureS-7a_b,NA
Sc,2000,0.117448432797475,FigureS-7a_b,NA
Sc,2001,0.136344065445151,FigureS-7a_b,NA
Sc,2002,0.275268210050819,FigureS-7a_b,NA
Sc,2003,0.194174757281553,FigureS-7a_b,NA
Sc,2004,0.222439112967292,FigureS-7a_b,NA
Sc,2005,0.267016654598117,FigureS-7a_b,NA
Sc,2006,0.332516625831292,FigureS-7a_b,NA
Sc,2007,0.329615157931501,FigureS-7a_b,NA
Sc,2008,0.329801143570829,FigureS-7a_b,NA
Sc,2009,0.19873173023071,FigureS-7a_b,NA
Sc,2010,0.364529373393193,FigureS-7a_b,NA
Sc,2011,0.325224899674775,FigureS-7a_b,NA
Sc,2012,0.209485844451676,FigureS-7a_b,NA
Sc,2013,0.231995326712843,FigureS-7a_b,NA
Sc,2014,0.170047783427143,FigureS-7a_b,NA
Sc,2015,0.131841639356613,FigureS-7a_b,NA
Sc,2016,0.189009023656613,FigureS-7a_b,NA
Sc,2017,0.298369554755626,FigureS-7a_b,NA
Sc,2018,0.288220551378446,FigureS-7a_b,NA
Sc,2019,0.269541778975741,FigureS-7a_b,NA
Sc,2020,0.273541828207116,FigureS-7a_b,NA
Sc,2021,0.228574014981782,FigureS-7a_b,NA
Sc,2022,0.21961396744833,FigureS-7a_b,NA
Ca,1996,0.0933295310191066,FigureS-7a_b,NA
Ca,1997,0.0926580673477847,FigureS-7a_b,NA
Ca,1998,0.0730905104153977,FigureS-7a_b,NA
Ca,1999,0.14181622573231,FigureS-7a_b,NA
Ca,2000,0.0587242163987374,FigureS-7a_b,NA
Ca,2001,0.0837200401856193,FigureS-7a_b,NA
Ca,2002,0.0682288725766987,FigureS-7a_b,NA
Ca,2003,0.10160307067058,FigureS-7a_b,NA
Ca,2004,0.111219556483646,FigureS-7a_b,NA
Ca,2005,0.0701484431571325,FigureS-7a_b,NA
Ca,2006,0.091879593979699,FigureS-7a_b,NA
Ca,2007,0.13533867411757,FigureS-7a_b,NA
Ca,2008,0.201003063833109,FigureS-7a_b,NA
Ca,2009,0.1680186446496,FigureS-7a_b,NA
Ca,2010,0.147730325006715,FigureS-7a_b,NA
Ca,2011,0.346145799653854,FigureS-7a_b,NA
Ca,2012,0.262365766352099,FigureS-7a_b,NA
Ca,2013,0.237002420095135,FigureS-7a_b,NA
Ca,2014,0.171748261261414,FigureS-7a_b,NA
Ca,2015,0.186461747090067,FigureS-7a_b,NA
Ca,2016,0.205267864401268,FigureS-7a_b,NA
Ca,2017,0.302219484494408,FigureS-7a_b,NA
Ca,2018,0.27360066833751,FigureS-7a_b,NA
Ca,2019,0.320080862533693,FigureS-7a_b,NA
Ca,2020,0.338158008098561,FigureS-7a_b,NA
Ca,2021,0.269309978047842,FigureS-7a_b,NA
Ca,2022,0.302579244039921,FigureS-7a_b,NA
Pr,1996,0.0803670961553418,FigureS-7a_b,NA
Pr,1997,0.151178951988491,FigureS-7a_b,NA
Pr,1998,0.0877086124984773,FigureS-7a_b,NA
Pr,1999,0.0978042936084894,FigureS-7a_b,NA
Pr,2000,0.188406860945949,FigureS-7a_b,NA
Pr,2001,0.148304071185954,FigureS-7a_b,NA
Pr,2002,0.145868624129494,FigureS-7a_b,NA
Pr,2003,0.167080605102732,FigureS-7a_b,NA
Pr,2004,0.174773588760015,FigureS-7a_b,NA
Pr,2005,0.124456915278783,FigureS-7a_b,NA
Pr,2006,0.175008750437522,FigureS-7a_b,NA
Pr,2007,0.16808190172666,FigureS-7a_b,NA
Pr,2008,0.12879807973772,FigureS-7a_b,NA
Pr,2009,0.101172517208361,FigureS-7a_b,NA
Pr,2010,0.138137446759526,FigureS-7a_b,NA
Pr,2011,0.121721599878278,FigureS-7a_b,NA
Pr,2012,0.109827530100879,FigureS-7a_b,NA
Pr,2013,0.123508303429859,FigureS-7a_b,NA
Pr,2014,0.120733926233272,FigureS-7a_b,NA
Pr,2015,0.122424379402569,FigureS-7a_b,NA
Pr,2016,0.123973660677994,FigureS-7a_b,NA
Pr,2017,0.127047681379815,FigureS-7a_b,NA
Pr,2018,0.198412698412698,FigureS-7a_b,NA
Pr,2019,0.109501347708895,FigureS-7a_b,NA
Pr,2020,0.127078487119841,FigureS-7a_b,NA
Pr,2021,0.0792088170728947,FigureS-7a_b,NA
Pr,2022,0.141529001244479,FigureS-7a_b,NA
Er,1996,0.0725896352370829,FigureS-7a_b,NA
Er,1997,0.107288288507961,FigureS-7a_b,NA
Er,1998,0.0950176635400171,FigureS-7a_b,NA
Er,1999,0.239620519340799,FigureS-7a_b,NA
Er,2000,0.163938437446475,FigureS-7a_b,NA
Er,2001,0.191360091852844,FigureS-7a_b,NA
Er,2002,0.24703557312253,FigureS-7a_b,NA
Er,2003,0.133212914879205,FigureS-7a_b,NA
Er,2004,0.276913997775609,FigureS-7a_b,NA
Er,2005,0.230811006517017,FigureS-7a_b,NA
Er,2006,0.245012250612531,FigureS-7a_b,NA
Er,2007,0.198642247495143,FigureS-7a_b,NA
Er,2008,0.19319711960658,FigureS-7a_b,NA
Er,2009,0.171631948835613,FigureS-7a_b,NA
Er,2010,0.2686005909213,FigureS-7a_b,NA
Er,2011,0.222522299777478,FigureS-7a_b,NA
Er,2012,0.170842824601367,FigureS-7a_b,NA
Er,2013,0.168572143870483,FigureS-7a_b,NA
Er,2014,0.2142602071182,FigureS-7a_b,NA
Er,2015,0.229781142878668,FigureS-7a_b,NA
Er,2016,0.229656125518251,FigureS-7a_b,NA
Er,2017,0.259870257367803,FigureS-7a_b,NA
Er,2018,0.281954887218045,FigureS-7a_b,NA
Er,2019,0.263224393530997,FigureS-7a_b,NA
Er,2020,0.271387955544068,FigureS-7a_b,NA
Er,2021,0.235363342159459,FigureS-7a_b,NA
Er,2022,0.241575364193163,FigureS-7a_b,NA
Tb,1996,0.067404661291577,FigureS-7a_b,NA
Tb,1997,0.112165028894687,FigureS-7a_b,NA
Tb,1998,0.129126568400536,FigureS-7a_b,NA
Tb,1999,0.161377084454008,FigureS-7a_b,NA
Tb,2000,0.181066333896107,FigureS-7a_b,NA
Tb,2001,0.117208056259867,FigureS-7a_b,NA
Tb,2002,0.197628458498024,FigureS-7a_b,NA
Tb,2003,0.252878753669,FigureS-7a_b,NA
Tb,2004,0.254216129105477,FigureS-7a_b,NA
Tb,2005,0.196868211440985,FigureS-7a_b,NA
Tb,2006,0.245012250612531,FigureS-7a_b,NA
Tb,2007,0.305603457684835,FigureS-7a_b,NA
Tb,2008,0.277111020041762,FigureS-7a_b,NA
Tb,2009,0.269191161857961,FigureS-7a_b,NA
Tb,2010,0.260926288323549,FigureS-7a_b,NA
Tb,2011,0.332832499667167,FigureS-7a_b,NA
Tb,2012,0.335584119752685,FigureS-7a_b,NA
Tb,2013,0.44396227989652,FigureS-7a_b,NA
Tb,2014,0.346897478191372,FigureS-7a_b,NA
Tb,2015,0.489697517610276,FigureS-7a_b,NA
Tb,2016,0.467441671408829,FigureS-7a_b,NA
Tb,2017,0.515890584996824,FigureS-7a_b,NA
Tb,2018,0.588972431077694,FigureS-7a_b,NA
Tb,2019,0.459063342318059,FigureS-7a_b,NA
Tb,2020,0.656931162229689,FigureS-7a_b,NA
Tb,2021,0.450358702785887,FigureS-7a_b,NA
Tb,2022,0.456309021253752,FigureS-7a_b,NA
Th,1996,0.0622196873460711,FigureS-7a_b,NA
Th,1997,0.090219697154422,FigureS-7a_b,NA
Th,1998,0.0487270069435985,FigureS-7a_b,NA
Th,1999,0.100249400948702,FigureS-7a_b,NA
Th,2000,0.0489368469989478,FigureS-7a_b,NA
Th,2001,0.0837200401856193,FigureS-7a_b,NA
Th,2002,0.00705815923207227,FigureS-7a_b,NA
Th,2003,0.112892300745089,FigureS-7a_b,NA
Th,2004,0.129377851419752,FigureS-7a_b,NA
Th,2005,0.0656227371469949,FigureS-7a_b,NA
Th,2006,0.0634406720336017,FigureS-7a_b,NA
Th,2007,0.120058501233328,FigureS-7a_b,NA
Th,2008,0.0975743028316063,FigureS-7a_b,NA
Th,2009,0.113819081859406,FigureS-7a_b,NA
Th,2010,0.0997659337707686,FigureS-7a_b,NA
Th,2011,0.11981969988018,FigureS-7a_b,NA
Th,2012,0.107793686950862,FigureS-7a_b,NA
Th,2013,0.125177334557289,FigureS-7a_b,NA
Th,2014,0.139439182410257,FigureS-7a_b,NA
Th,2015,0.207179718988963,FigureS-7a_b,NA
Th,2016,0.223559060239005,FigureS-7a_b,NA
Th,2017,0.223295924849371,FigureS-7a_b,NA
Th,2018,0.22765246449457,FigureS-7a_b,NA
Th,2019,0.265330188679245,FigureS-7a_b,NA
Th,2020,0.0990781425002154,FigureS-7a_b,NA
Th,2021,0.224047796863331,FigureS-7a_b,NA
Th,2022,0.231814743417681,FigureS-7a_b,NA
Be,1996,0.0570347134005652,FigureS-7a_b,NA
Be,1997,0.192631245275658,FigureS-7a_b,NA
Be,1998,0.0730905104153977,FigureS-7a_b,NA
Be,1999,0.0171157513814856,FigureS-7a_b,NA
Be,2000,0.0195747387995791,FigureS-7a_b,NA
Be,2001,0.0669760321484954,FigureS-7a_b,NA
Be,2002,0.0964615095049878,FigureS-7a_b,NA
Be,2003,0.243847369609393,FigureS-7a_b,NA
Be,2004,0.120298703951699,FigureS-7a_b,NA
Be,2005,0.153874004344678,FigureS-7a_b,NA
Be,2006,0.301890094504725,FigureS-7a_b,NA
Be,2007,0.222653947741809,FigureS-7a_b,NA
Be,2008,0.136604023964249,FigureS-7a_b,NA
Be,2009,0.0740727358132644,FigureS-7a_b,NA
Be,2010,0.103603085069644,FigureS-7a_b,NA
Be,2011,0.0874873999125126,FigureS-7a_b,NA
Be,2012,0.0264399609502115,FigureS-7a_b,NA
Be,2013,0.0250354669114579,FigureS-7a_b,NA
Be,2014,0.0527148128624143,FigureS-7a_b,NA
Be,2015,0.0263683278713226,FigureS-7a_b,NA
Be,2016,0.0162588407446549,FigureS-7a_b,NA
Be,2017,0.0269495081714759,FigureS-7a_b,NA
Be,2018,0.075187969924812,FigureS-7a_b,NA
Be,2019,0.191627358490566,FigureS-7a_b,NA
Be,2020,0.161540449728612,FigureS-7a_b,NA
Be,2021,0.153891416027338,FigureS-7a_b,NA
Be,2022,0.0244015519387033,FigureS-7a_b,NA
Kr,1996,0.0466647655095533,FigureS-7a_b,NA
Kr,1997,0.00243837019336275,FigureS-7a_b,NA
Kr,1998,0.00487270069435984,FigureS-7a_b,NA
Kr,1999,0.0195608587216979,FigureS-7a_b,NA
Kr,2000,0.0367026352492109,FigureS-7a_b,NA
Kr,2001,0.0095680045926422,FigureS-7a_b,NA
Kr,2002,0.00705815923207227,FigureS-7a_b,NA
Kr,2003,0.031609844208625,FigureS-7a_b,NA
Kr,2004,0.0839821140794879,FigureS-7a_b,NA
Kr,2005,0.0203656770456191,FigureS-7a_b,NA
Kr,2006,0.08969198459923,FigureS-7a_b,NA
Kr,2007,0.0349261094496955,FigureS-7a_b,NA
Kr,2008,NA,FigureS-7a_b,NA
Kr,2009,0.0072266083720258,FigureS-7a_b,NA
Kr,2010,0.00767430259775142,FigureS-7a_b,NA
Kr,2011,0.038037999961962,FigureS-7a_b,NA
Kr,2012,NA,FigureS-7a_b,NA
Kr,2013,NA,FigureS-7a_b,NA
Kr,2014,NA,FigureS-7a_b,NA
Kr,2015,0.00188345199080875,FigureS-7a_b,NA
Kr,2016,NA,FigureS-7a_b,NA
Kr,2017,NA,FigureS-7a_b,NA
Kr,2018,NA,FigureS-7a_b,NA
Kr,2019,NA,FigureS-7a_b,NA
Kr,2020,NA,FigureS-7a_b,NA
Kr,2021,NA,FigureS-7a_b,NA
Kr,2022,NA,FigureS-7a_b,NA
Tm,1996,0.0337023306457885,FigureS-7a_b,NA
Tm,1997,0.0390139230938041,FigureS-7a_b,NA
Tm,1998,0.0584724083323182,FigureS-7a_b,NA
Tm,1999,0.102694508288914,FigureS-7a_b,NA
Tm,2000,0.0856394822481587,FigureS-7a_b,NA
Tm,2001,0.100464048222743,FigureS-7a_b,NA
Tm,2002,0.117635987201205,FigureS-7a_b,NA
Tm,2003,0.0880559945811696,FigureS-7a_b,NA
Tm,2004,0.0680936060103956,FigureS-7a_b,NA
Tm,2005,0.13124547429399,FigureS-7a_b,NA
Tm,2006,0.0809415470773539,FigureS-7a_b,NA
Tm,2007,0.12442426491454,FigureS-7a_b,NA
Tm,2008,0.0565930956423316,FigureS-7a_b,NA
Tm,2009,0.072266083720258,FigureS-7a_b,NA
Tm,2010,0.0383715129887571,FigureS-7a_b,NA
Tm,2011,0.117917799882082,FigureS-7a_b,NA
Tm,2012,0.0427107061503417,FigureS-7a_b,NA
Tm,2013,0.0433948093131937,FigureS-7a_b,NA
Tm,2014,0.0578162463652286,FigureS-7a_b,NA
Tm,2015,0.0753380796323502,FigureS-7a_b,NA
Tm,2016,0.0833265588163564,FigureS-7a_b,NA
Tm,2017,0.0981732083389478,FigureS-7a_b,NA
Tm,2018,0.06265664160401,FigureS-7a_b,NA
Tm,2019,0.0673854447439353,FigureS-7a_b,NA
Tm,2020,0.0969242698371672,FigureS-7a_b,NA
Tm,2021,0.0746825989544436,FigureS-7a_b,NA
Tm,2022,0.0829652765915912,FigureS-7a_b,NA
Ar,1996,0.0103699478910118,FigureS-7a_b,NA
Ar,1997,0.0146302211601765,FigureS-7a_b,NA
Ar,1998,NA,FigureS-7a_b,NA
Ar,1999,0.00489021468042447,FigureS-7a_b,NA
Ar,2000,NA,FigureS-7a_b,NA
Ar,2001,0.0119600057408027,FigureS-7a_b,NA
Ar,2002,0.0117635987201205,FigureS-7a_b,NA
Ar,2003,0.031609844208625,FigureS-7a_b,NA
Ar,2004,0.0590144585423429,FigureS-7a_b,NA
Ar,2005,0.0384685010861694,FigureS-7a_b,NA
Ar,2006,0.0175008750437522,FigureS-7a_b,NA
Ar,2007,0.0327432276090895,FigureS-7a_b,NA
Ar,2008,0.0331752629627461,FigureS-7a_b,NA
Ar,2009,0.0144532167440516,FigureS-7a_b,NA
Ar,2010,0.0230229077932543,FigureS-7a_b,NA
Ar,2011,0.0361360999638639,FigureS-7a_b,NA
Ar,2012,0.00203384315001627,FigureS-7a_b,NA
Ar,2013,NA,FigureS-7a_b,NA
Ar,2014,NA,FigureS-7a_b,NA
Ar,2015,NA,FigureS-7a_b,NA
Ar,2016,NA,FigureS-7a_b,NA
Ar,2017,NA,FigureS-7a_b,NA
Ar,2018,NA,FigureS-7a_b,NA
Ar,2019,NA,FigureS-7a_b,NA
Ar,2020,NA,FigureS-7a_b,NA
Ar,2021,NA,FigureS-7a_b,NA
Ar,2022,NA,FigureS-7a_b,NA
Xe,1996,0.00777746091825888,FigureS-7a_b,NA
Xe,1997,0.00487674038672551,FigureS-7a_b,NA
Xe,1998,NA,FigureS-7a_b,NA
Xe,1999,NA,FigureS-7a_b,NA
Xe,2000,0.0269152658494213,FigureS-7a_b,NA
Xe,2001,NA,FigureS-7a_b,NA
Xe,2002,0.00705815923207227,FigureS-7a_b,NA
Xe,2003,0.0135470760894107,FigureS-7a_b,NA
Xe,2004,0.0113489343350659,FigureS-7a_b,NA
Xe,2005,NA,FigureS-7a_b,NA
Xe,2006,0.0175008750437522,FigureS-7a_b,NA
Xe,2007,0.0152801728842418,FigureS-7a_b,NA
Xe,2008,0.00195148605663212,FigureS-7a_b,NA
Xe,2009,0.0036133041860129,FigureS-7a_b,NA
Xe,2010,NA,FigureS-7a_b,NA
Xe,2011,NA,FigureS-7a_b,NA
Xe,2012,NA,FigureS-7a_b,NA
Xe,2013,NA,FigureS-7a_b,NA
Xe,2014,NA,FigureS-7a_b,NA
Xe,2015,NA,FigureS-7a_b,NA
Xe,2016,NA,FigureS-7a_b,NA
Xe,2017,NA,FigureS-7a_b,NA
Xe,2018,NA,FigureS-7a_b,NA
Xe,2019,0.00210579514824797,FigureS-7a_b,NA
Xe,2020,NA,FigureS-7a_b,NA
Xe,2021,NA,FigureS-7a_b,NA
Xe,2022,NA,FigureS-7a_b,NA
Np,1996,0.00777746091825888,FigureS-7a_b,NA
Np,1997,0.00975348077345102,FigureS-7a_b,NA
Np,1998,0.00974540138871969,FigureS-7a_b,NA
Np,1999,0.00489021468042447,FigureS-7a_b,NA
Np,2000,NA,FigureS-7a_b,NA
Np,2001,0.0119600057408027,FigureS-7a_b,NA
Np,2002,0.0399962356484096,FigureS-7a_b,NA
Np,2003,0.00903138405960713,FigureS-7a_b,NA
Np,2004,0.0136187212020791,FigureS-7a_b,NA
Np,2005,0.0294170890658943,FigureS-7a_b,NA
Np,2006,0.0109380469023451,FigureS-7a_b,NA
Np,2007,0.0327432276090895,FigureS-7a_b,NA
Np,2008,0.0253693187362176,FigureS-7a_b,NA
Np,2009,0.0397463460461419,FigureS-7a_b,NA
Np,2010,0.0191857564943786,FigureS-7a_b,NA
Np,2011,0.0095094999904905,FigureS-7a_b,NA
Np,2012,0.0284738041002278,FigureS-7a_b,NA
Np,2013,0.00166903112743052,FigureS-7a_b,NA
Np,2014,0.00170047783427143,FigureS-7a_b,NA
Np,2015,0.0131841639356613,FigureS-7a_b,NA
Np,2016,0.0162588407446549,FigureS-7a_b,NA
Np,2017,0.0250245433020847,FigureS-7a_b,NA
Np,2018,0.0396825396825397,FigureS-7a_b,NA
Np,2019,0.0442216981132076,FigureS-7a_b,NA
Np,2020,0.0301542172826742,FigureS-7a_b,NA
Np,2021,0.0633670536583158,FigureS-7a_b,NA
Np,2022,0.0414826382957956,FigureS-7a_b,NA
Pa,1996,0.00259248697275296,FigureS-7a_b,NA
Pa,1997,0.00975348077345102,FigureS-7a_b,NA
Pa,1998,NA,FigureS-7a_b,NA
Pa,1999,0.00244510734021223,FigureS-7a_b,NA
Pa,2000,NA,FigureS-7a_b,NA
Pa,2001,NA,FigureS-7a_b,NA
Pa,2002,NA,FigureS-7a_b,NA
Pa,2003,NA,FigureS-7a_b,NA
Pa,2004,NA,FigureS-7a_b,NA
Pa,2005,NA,FigureS-7a_b,NA
Pa,2006,NA,FigureS-7a_b,NA
Pa,2007,NA,FigureS-7a_b,NA
Pa,2008,NA,FigureS-7a_b,NA
Pa,2009,0.00180665209300645,FigureS-7a_b,NA
Pa,2010,0.00959287824718928,FigureS-7a_b,NA
Pa,2011,0.00570569999429429,FigureS-7a_b,NA
Pa,2012,NA,FigureS-7a_b,NA
Pa,2013,NA,FigureS-7a_b,NA
Pa,2014,NA,FigureS-7a_b,NA
Pa,2015,NA,FigureS-7a_b,NA
Pa,2016,NA,FigureS-7a_b,NA
Pa,2017,NA,FigureS-7a_b,NA
Pa,2018,NA,FigureS-7a_b,NA
Pa,2019,NA,FigureS-7a_b,NA
Pa,2020,NA,FigureS-7a_b,NA
Pa,2021,NA,FigureS-7a_b,NA
Pa,2022,NA,FigureS-7a_b,NA
Ac,1996,NA,FigureS-7a_b,NA
Ac,1997,NA,FigureS-7a_b,NA
Ac,1998,NA,FigureS-7a_b,NA
Ac,1999,NA,FigureS-7a_b,NA
Ac,2000,NA,FigureS-7a_b,NA
Ac,2001,NA,FigureS-7a_b,NA
Ac,2002,NA,FigureS-7a_b,NA
Ac,2003,NA,FigureS-7a_b,NA
Ac,2004,NA,FigureS-7a_b,NA
Ac,2005,NA,FigureS-7a_b,NA
Ac,2006,0.00218760938046902,FigureS-7a_b,NA
Ac,2007,NA,FigureS-7a_b,NA
Ac,2008,0.00195148605663212,FigureS-7a_b,NA
Ac,2009,0.00180665209300645,FigureS-7a_b,NA
Ac,2010,NA,FigureS-7a_b,NA
Ac,2011,0.0019018999980981,FigureS-7a_b,NA
Ac,2012,NA,FigureS-7a_b,NA
Ac,2013,NA,FigureS-7a_b,NA
Ac,2014,NA,FigureS-7a_b,NA
Ac,2015,NA,FigureS-7a_b,NA
Ac,2016,NA,FigureS-7a_b,NA
Ac,2017,NA,FigureS-7a_b,NA
Ac,2018,0.00208855472013366,FigureS-7a_b,NA
Ac,2019,0.00210579514824797,FigureS-7a_b,NA
Ac,2020,NA,FigureS-7a_b,NA
Ac,2021,NA,FigureS-7a_b,NA
Ac,2022,0.00244015519387033,FigureS-7a_b,NA
Am,1996,NA,FigureS-7a_b,NA
Am,1997,0.00975348077345102,FigureS-7a_b,NA
Am,1998,NA,FigureS-7a_b,NA
Am,1999,0.00244510734021223,FigureS-7a_b,NA
Am,2000,0.00244684234994739,FigureS-7a_b,NA
Am,2001,0.00239200114816055,FigureS-7a_b,NA
Am,2002,0.0117635987201205,FigureS-7a_b,NA
Am,2003,0.00225784601490178,FigureS-7a_b,NA
Am,2004,0.00680936060103956,FigureS-7a_b,NA
Am,2005,0.00226285300506879,FigureS-7a_b,NA
Am,2006,0.00875043752187609,FigureS-7a_b,NA
Am,2007,NA,FigureS-7a_b,NA
Am,2008,0.00390297211326425,FigureS-7a_b,NA
Am,2009,0.00541995627901934,FigureS-7a_b,NA
Am,2010,0.0115114538966271,FigureS-7a_b,NA
Am,2011,0.0323322999676677,FigureS-7a_b,NA
Am,2012,0.00203384315001627,FigureS-7a_b,NA
Am,2013,0.00166903112743052,FigureS-7a_b,NA
Am,2014,NA,FigureS-7a_b,NA
Am,2015,0.01506761592647,FigureS-7a_b,NA
Am,2016,0.00203235509308186,FigureS-7a_b,NA
Am,2017,0.00769985947756453,FigureS-7a_b,NA
Am,2018,0.012531328320802,FigureS-7a_b,NA
Am,2019,0.0189521563342318,FigureS-7a_b,NA
Am,2020,0.00861549065219264,FigureS-7a_b,NA
Am,2021,0.0181048724738045,FigureS-7a_b,NA
Am,2022,0.0122007759693516,FigureS-7a_b,NA
At,1996,NA,FigureS-7a_b,NA
At,1997,NA,FigureS-7a_b,NA
At,1998,NA,FigureS-7a_b,NA
At,1999,NA,FigureS-7a_b,NA
At,2000,0.00244684234994739,FigureS-7a_b,NA
At,2001,NA,FigureS-7a_b,NA
At,2002,NA,FigureS-7a_b,NA
At,2003,NA,FigureS-7a_b,NA
At,2004,NA,FigureS-7a_b,NA
At,2005,0.00226285300506879,FigureS-7a_b,NA
At,2006,NA,FigureS-7a_b,NA
At,2007,NA,FigureS-7a_b,NA
At,2008,NA,FigureS-7a_b,NA
At,2009,0.00180665209300645,FigureS-7a_b,NA
At,2010,NA,FigureS-7a_b,NA
At,2011,NA,FigureS-7a_b,NA
At,2012,NA,FigureS-7a_b,NA
At,2013,NA,FigureS-7a_b,NA
At,2014,NA,FigureS-7a_b,NA
At,2015,NA,FigureS-7a_b,NA
At,2016,0.00203235509308186,FigureS-7a_b,NA
At,2017,NA,FigureS-7a_b,NA
At,2018,0.0334168755221387,FigureS-7a_b,NA
At,2019,NA,FigureS-7a_b,NA
At,2020,0.00215387266304816,FigureS-7a_b,NA
At,2021,NA,FigureS-7a_b,NA
At,2022,NA,FigureS-7a_b,NA
Bk,1996,NA,FigureS-7a_b,NA
Bk,1997,NA,FigureS-7a_b,NA
Bk,1998,NA,FigureS-7a_b,NA
Bk,1999,NA,FigureS-7a_b,NA
Bk,2000,NA,FigureS-7a_b,NA
Bk,2001,NA,FigureS-7a_b,NA
Bk,2002,NA,FigureS-7a_b,NA
Bk,2003,NA,FigureS-7a_b,NA
Bk,2004,NA,FigureS-7a_b,NA
Bk,2005,NA,FigureS-7a_b,NA
Bk,2006,NA,FigureS-7a_b,NA
Bk,2007,NA,FigureS-7a_b,NA
Bk,2008,NA,FigureS-7a_b,NA
Bk,2009,NA,FigureS-7a_b,NA
Bk,2010,NA,FigureS-7a_b,NA
Bk,2011,NA,FigureS-7a_b,NA
Bk,2012,NA,FigureS-7a_b,NA
Bk,2013,NA,FigureS-7a_b,NA
Bk,2014,NA,FigureS-7a_b,NA
Bk,2015,NA,FigureS-7a_b,NA
Bk,2016,0.00203235509308186,FigureS-7a_b,NA
Bk,2017,0.00192496486939113,FigureS-7a_b,NA
Bk,2018,NA,FigureS-7a_b,NA
Bk,2019,0.00421159029649595,FigureS-7a_b,NA
Bk,2020,NA,FigureS-7a_b,NA
Bk,2021,NA,FigureS-7a_b,NA
Bk,2022,NA,FigureS-7a_b,NA
Cf,1996,NA,FigureS-7a_b,NA
Cf,1997,NA,FigureS-7a_b,NA
Cf,1998,NA,FigureS-7a_b,NA
Cf,1999,NA,FigureS-7a_b,NA
Cf,2000,NA,FigureS-7a_b,NA
Cf,2001,NA,FigureS-7a_b,NA
Cf,2002,NA,FigureS-7a_b,NA
Cf,2003,NA,FigureS-7a_b,NA
Cf,2004,NA,FigureS-7a_b,NA
Cf,2005,NA,FigureS-7a_b,NA
Cf,2006,NA,FigureS-7a_b,NA
Cf,2007,NA,FigureS-7a_b,NA
Cf,2008,NA,FigureS-7a_b,NA
Cf,2009,NA,FigureS-7a_b,NA
Cf,2010,NA,FigureS-7a_b,NA
Cf,2011,NA,FigureS-7a_b,NA
Cf,2012,NA,FigureS-7a_b,NA
Cf,2013,NA,FigureS-7a_b,NA
Cf,2014,NA,FigureS-7a_b,NA
Cf,2015,NA,FigureS-7a_b,NA
Cf,2016,NA,FigureS-7a_b,NA
Cf,2017,0.00192496486939113,FigureS-7a_b,NA
Cf,2018,0.006265664160401,FigureS-7a_b,NA
Cf,2019,0.00631738544474393,FigureS-7a_b,NA
Cf,2020,0.00215387266304816,FigureS-7a_b,NA
Cf,2021,NA,FigureS-7a_b,NA
Cf,2022,NA,FigureS-7a_b,NA
Cm,1996,NA,FigureS-7a_b,NA
Cm,1997,NA,FigureS-7a_b,NA
Cm,1998,NA,FigureS-7a_b,NA
Cm,1999,NA,FigureS-7a_b,NA
Cm,2000,NA,FigureS-7a_b,NA
Cm,2001,NA,FigureS-7a_b,NA
Cm,2002,0.00941087897609636,FigureS-7a_b,NA
Cm,2003,NA,FigureS-7a_b,NA
Cm,2004,0.0136187212020791,FigureS-7a_b,NA
Cm,2005,0.00452570601013758,FigureS-7a_b,NA
Cm,2006,0.00218760938046902,FigureS-7a_b,NA
Cm,2007,NA,FigureS-7a_b,NA
Cm,2008,0.0117089163397927,FigureS-7a_b,NA
Cm,2009,0.0560062148831999,FigureS-7a_b,NA
Cm,2010,0.00383715129887571,FigureS-7a_b,NA
Cm,2011,NA,FigureS-7a_b,NA
Cm,2012,0.00610152945004881,FigureS-7a_b,NA
Cm,2013,NA,FigureS-7a_b,NA
Cm,2014,NA,FigureS-7a_b,NA
Cm,2015,0.0037669039816175,FigureS-7a_b,NA
Cm,2016,NA,FigureS-7a_b,NA
Cm,2017,0.00384992973878226,FigureS-7a_b,NA
Cm,2018,0.006265664160401,FigureS-7a_b,NA
Cm,2019,0.00421159029649595,FigureS-7a_b,NA
Cm,2020,0.00861549065219264,FigureS-7a_b,NA
Cm,2021,NA,FigureS-7a_b,NA
Cm,2022,NA,FigureS-7a_b,NA
Fr,1996,NA,FigureS-7a_b,NA
Fr,1997,NA,FigureS-7a_b,NA
Fr,1998,NA,FigureS-7a_b,NA
Fr,1999,NA,FigureS-7a_b,NA
Fr,2000,NA,FigureS-7a_b,NA
Fr,2001,NA,FigureS-7a_b,NA
Fr,2002,NA,FigureS-7a_b,NA
Fr,2003,NA,FigureS-7a_b,NA
Fr,2004,NA,FigureS-7a_b,NA
Fr,2005,NA,FigureS-7a_b,NA
Fr,2006,NA,FigureS-7a_b,NA
Fr,2007,0.0065486455218179,FigureS-7a_b,NA
Fr,2008,0.00195148605663212,FigureS-7a_b,NA
Fr,2009,NA,FigureS-7a_b,NA
Fr,2010,NA,FigureS-7a_b,NA
Fr,2011,NA,FigureS-7a_b,NA
Fr,2012,NA,FigureS-7a_b,NA
Fr,2013,NA,FigureS-7a_b,NA
Fr,2014,NA,FigureS-7a_b,NA
Fr,2015,NA,FigureS-7a_b,NA
Fr,2016,NA,FigureS-7a_b,NA
Fr,2017,NA,FigureS-7a_b,NA
Fr,2018,NA,FigureS-7a_b,NA
Fr,2019,NA,FigureS-7a_b,NA
Fr,2020,NA,FigureS-7a_b,NA
Fr,2021,NA,FigureS-7a_b,NA
Fr,2022,NA,FigureS-7a_b,NA
He,1996,NA,FigureS-7a_b,NA
He,1997,NA,FigureS-7a_b,NA
He,1998,0.00487270069435984,FigureS-7a_b,NA
He,1999,NA,FigureS-7a_b,NA
He,2000,NA,FigureS-7a_b,NA
He,2001,NA,FigureS-7a_b,NA
He,2002,NA,FigureS-7a_b,NA
He,2003,0.0248363061639196,FigureS-7a_b,NA
He,2004,0.00226978686701318,FigureS-7a_b,NA
He,2005,NA,FigureS-7a_b,NA
He,2006,NA,FigureS-7a_b,NA
He,2007,0.0152801728842418,FigureS-7a_b,NA
He,2008,0.00390297211326425,FigureS-7a_b,NA
He,2009,NA,FigureS-7a_b,NA
He,2010,NA,FigureS-7a_b,NA
He,2011,NA,FigureS-7a_b,NA
He,2012,NA,FigureS-7a_b,NA
He,2013,NA,FigureS-7a_b,NA
He,2014,NA,FigureS-7a_b,NA
He,2015,NA,FigureS-7a_b,NA
He,2016,NA,FigureS-7a_b,NA
He,2017,NA,FigureS-7a_b,NA
He,2018,NA,FigureS-7a_b,NA
He,2019,NA,FigureS-7a_b,NA
He,2020,NA,FigureS-7a_b,NA
He,2021,NA,FigureS-7a_b,NA
He,2022,NA,FigureS-7a_b,NA
Lr,1996,NA,FigureS-7a_b,NA
Lr,1997,NA,FigureS-7a_b,NA
Lr,1998,NA,FigureS-7a_b,NA
Lr,1999,NA,FigureS-7a_b,NA
Lr,2000,NA,FigureS-7a_b,NA
Lr,2001,NA,FigureS-7a_b,NA
Lr,2002,NA,FigureS-7a_b,NA
Lr,2003,NA,FigureS-7a_b,NA
Lr,2004,NA,FigureS-7a_b,NA
Lr,2005,NA,FigureS-7a_b,NA
Lr,2006,0.00218760938046902,FigureS-7a_b,NA
Lr,2007,NA,FigureS-7a_b,NA
Lr,2008,NA,FigureS-7a_b,NA
Lr,2009,NA,FigureS-7a_b,NA
Lr,2010,NA,FigureS-7a_b,NA
Lr,2011,NA,FigureS-7a_b,NA
Lr,2012,NA,FigureS-7a_b,NA
Lr,2013,NA,FigureS-7a_b,NA
Lr,2014,NA,FigureS-7a_b,NA
Lr,2015,NA,FigureS-7a_b,NA
Lr,2016,NA,FigureS-7a_b,NA
Lr,2017,NA,FigureS-7a_b,NA
Lr,2018,NA,FigureS-7a_b,NA
Lr,2019,NA,FigureS-7a_b,NA
Lr,2020,NA,FigureS-7a_b,NA
Lr,2021,NA,FigureS-7a_b,NA
Lr,2022,NA,FigureS-7a_b,NA
Ne,1996,NA,FigureS-7a_b,NA
Ne,1997,NA,FigureS-7a_b,NA
Ne,1998,NA,FigureS-7a_b,NA
Ne,1999,0.00244510734021223,FigureS-7a_b,NA
Ne,2000,NA,FigureS-7a_b,NA
Ne,2001,NA,FigureS-7a_b,NA
Ne,2002,0.00470543948804818,FigureS-7a_b,NA
Ne,2003,0.020320614134116,FigureS-7a_b,NA
Ne,2004,0.0249676555371451,FigureS-7a_b,NA
Ne,2005,0.00226285300506879,FigureS-7a_b,NA
Ne,2006,NA,FigureS-7a_b,NA
Ne,2007,0.0152801728842418,FigureS-7a_b,NA
Ne,2008,0.00390297211326425,FigureS-7a_b,NA
Ne,2009,NA,FigureS-7a_b,NA
Ne,2010,NA,FigureS-7a_b,NA
Ne,2011,0.0038037999961962,FigureS-7a_b,NA
Ne,2012,NA,FigureS-7a_b,NA
Ne,2013,NA,FigureS-7a_b,NA
Ne,2014,NA,FigureS-7a_b,NA
Ne,2015,NA,FigureS-7a_b,NA
Ne,2016,NA,FigureS-7a_b,NA
Ne,2017,NA,FigureS-7a_b,NA
Ne,2018,NA,FigureS-7a_b,NA
Ne,2019,NA,FigureS-7a_b,NA
Ne,2020,NA,FigureS-7a_b,NA
Ne,2021,0.00226310905922556,FigureS-7a_b,NA
Ne,2022,NA,FigureS-7a_b,NA
Pm,1996,NA,FigureS-7a_b,NA
Pm,1997,NA,FigureS-7a_b,NA
Pm,1998,NA,FigureS-7a_b,NA
Pm,1999,NA,FigureS-7a_b,NA
Pm,2000,0.00978736939978957,FigureS-7a_b,NA
Pm,2001,0.00239200114816055,FigureS-7a_b,NA
Pm,2002,0.025879917184265,FigureS-7a_b,NA
Pm,2003,0.0158049221043125,FigureS-7a_b,NA
Pm,2004,NA,FigureS-7a_b,NA
Pm,2005,NA,FigureS-7a_b,NA
Pm,2006,0.00218760938046902,FigureS-7a_b,NA
Pm,2007,NA,FigureS-7a_b,NA
Pm,2008,NA,FigureS-7a_b,NA
Pm,2009,0.00180665209300645,FigureS-7a_b,NA
Pm,2010,NA,FigureS-7a_b,NA
Pm,2011,0.0114113999885886,FigureS-7a_b,NA
Pm,2012,NA,FigureS-7a_b,NA
Pm,2013,NA,FigureS-7a_b,NA
Pm,2014,NA,FigureS-7a_b,NA
Pm,2015,NA,FigureS-7a_b,NA
Pm,2016,NA,FigureS-7a_b,NA
Pm,2017,NA,FigureS-7a_b,NA
Pm,2018,NA,FigureS-7a_b,NA
Pm,2019,0.00210579514824797,FigureS-7a_b,NA
Pm,2020,0.00215387266304816,FigureS-7a_b,NA
Pm,2021,NA,FigureS-7a_b,NA
Pm,2022,NA,FigureS-7a_b,NA
Po,1996,NA,FigureS-7a_b,NA
Po,1997,NA,FigureS-7a_b,NA
Po,1998,NA,FigureS-7a_b,NA
Po,1999,NA,FigureS-7a_b,NA
Po,2000,NA,FigureS-7a_b,NA
Po,2001,0.00239200114816055,FigureS-7a_b,NA
Po,2002,NA,FigureS-7a_b,NA
Po,2003,NA,FigureS-7a_b,NA
Po,2004,NA,FigureS-7a_b,NA
Po,2005,0.0113142650253439,FigureS-7a_b,NA
Po,2006,NA,FigureS-7a_b,NA
Po,2007,NA,FigureS-7a_b,NA
Po,2008,NA,FigureS-7a_b,NA
Po,2009,0.00180665209300645,FigureS-7a_b,NA
Po,2010,NA,FigureS-7a_b,NA
Po,2011,NA,FigureS-7a_b,NA
Po,2012,NA,FigureS-7a_b,NA
Po,2013,NA,FigureS-7a_b,NA
Po,2014,NA,FigureS-7a_b,NA
Po,2015,NA,FigureS-7a_b,NA
Po,2016,NA,FigureS-7a_b,NA
Po,2017,NA,FigureS-7a_b,NA
Po,2018,NA,FigureS-7a_b,NA
Po,2019,NA,FigureS-7a_b,NA
Po,2020,NA,FigureS-7a_b,NA
Po,2021,NA,FigureS-7a_b,NA
Po,2022,NA,FigureS-7a_b,NA
Pu,1996,NA,FigureS-7a_b,NA
Pu,1997,0.00975348077345102,FigureS-7a_b,NA
Pu,1998,0.0146181020830795,FigureS-7a_b,NA
Pu,1999,0.0073353220206367,FigureS-7a_b,NA
Pu,2000,0.0269152658494213,FigureS-7a_b,NA
Pu,2001,NA,FigureS-7a_b,NA
Pu,2002,0.0305853566723132,FigureS-7a_b,NA
Pu,2003,0.00451569202980356,FigureS-7a_b,NA
Pu,2004,0.0181582949361055,FigureS-7a_b,NA
Pu,2005,0.00452570601013758,FigureS-7a_b,NA
Pu,2006,0.00875043752187609,FigureS-7a_b,NA
Pu,2007,0.0371089912903015,FigureS-7a_b,NA
Pu,2008,0.0858653864918135,FigureS-7a_b,NA
Pu,2009,0.00903326046503224,FigureS-7a_b,NA
Pu,2010,0.0326157860404436,FigureS-7a_b,NA
Pu,2011,0.0076075999923924,FigureS-7a_b,NA
Pu,2012,0.0203384315001627,FigureS-7a_b,NA
Pu,2013,0.00500709338229158,FigureS-7a_b,NA
Pu,2014,0.00680191133708572,FigureS-7a_b,NA
Pu,2015,0.0037669039816175,FigureS-7a_b,NA
Pu,2016,0.0223559060239005,FigureS-7a_b,NA
Pu,2017,0.0230995784326936,FigureS-7a_b,NA
Pu,2018,0.0167084377610693,FigureS-7a_b,NA
Pu,2019,0.0147405660377358,FigureS-7a_b,NA
Pu,2020,0.0495390712501077,FigureS-7a_b,NA
Pu,2021,0.0181048724738045,FigureS-7a_b,NA
Pu,2022,0.014640931163222,FigureS-7a_b,NA
Ra,1996,NA,FigureS-7a_b,NA
Ra,1997,NA,FigureS-7a_b,NA
Ra,1998,NA,FigureS-7a_b,NA
Ra,1999,NA,FigureS-7a_b,NA
Ra,2000,NA,FigureS-7a_b,NA
Ra,2001,NA,FigureS-7a_b,NA
Ra,2002,NA,FigureS-7a_b,NA
Ra,2003,NA,FigureS-7a_b,NA
Ra,2004,NA,FigureS-7a_b,NA
Ra,2005,NA,FigureS-7a_b,NA
Ra,2006,NA,FigureS-7a_b,NA
Ra,2007,NA,FigureS-7a_b,NA
Ra,2008,0.00195148605663212,FigureS-7a_b,NA
Ra,2009,NA,FigureS-7a_b,NA
Ra,2010,NA,FigureS-7a_b,NA
Ra,2011,NA,FigureS-7a_b,NA
Ra,2012,NA,FigureS-7a_b,NA
Ra,2013,NA,FigureS-7a_b,NA
Ra,2014,NA,FigureS-7a_b,NA
Ra,2015,NA,FigureS-7a_b,NA
Ra,2016,NA,FigureS-7a_b,NA
Ra,2017,NA,FigureS-7a_b,NA
Ra,2018,NA,FigureS-7a_b,NA
Ra,2019,NA,FigureS-7a_b,NA
Ra,2020,NA,FigureS-7a_b,NA
Ra,2021,0.00226310905922556,FigureS-7a_b,NA
Ra,2022,NA,FigureS-7a_b,NA
O,1996,44.9498079068038,FigureS-7d_e,NA
O,1997,43.0277442702051,FigureS-7d_e,NA
O,1998,48.8563586459286,FigureS-7d_e,NA
O,1999,47.8807431304928,FigureS-7d_e,NA
O,2000,58.5316274064331,FigureS-7d_e,NA
O,2001,51.5291936978684,FigureS-7d_e,NA
O,2002,49.9245852187029,FigureS-7d_e,NA
O,2003,57.3097060008055,FigureS-7d_e,NA
O,2004,55.825409554359,FigureS-7d_e,NA
O,2005,55.4502968296072,FigureS-7d_e,NA
O,2006,65.5499519692603,FigureS-7d_e,NA
O,2007,65.6184729635646,FigureS-7d_e,NA
O,2008,64.7860836859426,FigureS-7d_e,NA
O,2009,67.2018089315998,FigureS-7d_e,NA
O,2010,70.7769370137483,FigureS-7d_e,NA
O,2011,69.3599389379566,FigureS-7d_e,NA
O,2012,72.8323699421965,FigureS-7d_e,NA
O,2013,71.1547344110855,FigureS-7d_e,NA
O,2014,70.7868852459016,FigureS-7d_e,NA
O,2015,74.6205401143308,FigureS-7d_e,NA
O,2016,71.8949880668258,FigureS-7d_e,NA
O,2017,74.5314127039223,FigureS-7d_e,NA
O,2018,73.2021837349398,FigureS-7d_e,NA
O,2019,75.4784915671783,FigureS-7d_e,NA
O,2020,77.3322978351616,FigureS-7d_e,NA
O,2021,77.5998336106489,FigureS-7d_e,NA
O,2022,76.5634674922601,FigureS-7d_e,NA
Cu,1996,20.0024786218862,FigureS-7d_e,NA
Cu,1997,18.0458383594692,FigureS-7d_e,NA
Cu,1998,12.7744739249771,FigureS-7d_e,NA
Cu,1999,11.7699410390477,FigureS-7d_e,NA
Cu,2000,14.3728327155327,FigureS-7d_e,NA
Cu,2001,9.85039057328214,FigureS-7d_e,NA
Cu,2002,7.27462582666203,FigureS-7d_e,NA
Cu,2003,9.74627466774064,FigureS-7d_e,NA
Cu,2004,8.55768129224424,FigureS-7d_e,NA
Cu,2005,6.93444486547935,FigureS-7d_e,NA
Cu,2006,5.95581171950048,FigureS-7d_e,NA
Cu,2007,6.99698305871432,FigureS-7d_e,NA
Cu,2008,5.15984955336154,FigureS-7d_e,NA
Cu,2009,4.33013001695873,FigureS-7d_e,NA
Cu,2010,4.78524992006821,FigureS-7d_e,NA
Cu,2011,4.05626431141642,FigureS-7d_e,NA
Cu,2012,4.40094587493431,FigureS-7d_e,NA
Cu,2013,2.64434180138568,FigureS-7d_e,NA
Cu,2014,2.6448087431694,FigureS-7d_e,NA
Cu,2015,3.76503055391287,FigureS-7d_e,NA
Cu,2016,2.77804295942721,FigureS-7d_e,NA
Cu,2017,2.34293648038875,FigureS-7d_e,NA
Cu,2018,2.45670180722892,FigureS-7d_e,NA
Cu,2019,2.7667235171499,FigureS-7d_e,NA
Cu,2020,2.3007475002427,FigureS-7d_e,NA
Cu,2021,2.50623960066556,FigureS-7d_e,NA
Cu,2022,2.75541795665635,FigureS-7d_e,NA
H,1996,18.1682984260751,FigureS-7d_e,NA
H,1997,18.6972255729795,FigureS-7d_e,NA
H,1998,22.884263494968,FigureS-7d_e,NA
H,1999,23.1950161308266,FigureS-7d_e,NA
H,2000,31.1610666028937,FigureS-7d_e,NA
H,2001,30.9281080365418,FigureS-7d_e,NA
H,2002,33.8902424875276,FigureS-7d_e,NA
H,2003,37.3070210766546,FigureS-7d_e,NA
H,2004,34.6775117424676,FigureS-7d_e,NA
H,2005,36.9584438549956,FigureS-7d_e,NA
H,2006,42.1229586935639,FigureS-7d_e,NA
H,2007,41.4365281967974,FigureS-7d_e,NA
H,2008,41.5608838740009,FigureS-7d_e,NA
H,2009,40.1469756924816,FigureS-7d_e,NA
H,2010,40.5520622402217,FigureS-7d_e,NA
H,2011,41.9147312179697,FigureS-7d_e,NA
H,2012,48.7519705727798,FigureS-7d_e,NA
H,2013,57.0785219399538,FigureS-7d_e,NA
H,2014,47.8579234972678,FigureS-7d_e,NA
H,2015,48.2061896313818,FigureS-7d_e,NA
H,2016,40.8687350835322,FigureS-7d_e,NA
H,2017,43.0753210690732,FigureS-7d_e,NA
H,2018,45.1901355421687,FigureS-7d_e,NA
H,2019,43.2347924957362,FigureS-7d_e,NA
H,2020,48.3254053004563,FigureS-7d_e,NA
H,2021,42.4604825291181,FigureS-7d_e,NA
H,2022,44.1692466460268,FigureS-7d_e,NA
La,1996,16.2225802453836,FigureS-7d_e,NA
La,1997,18.0940892641737,FigureS-7d_e,NA
La,1998,17.2003659652333,FigureS-7d_e,NA
La,1999,19.3236177550339,FigureS-7d_e,NA
La,2000,18.5101040296544,FigureS-7d_e,NA
La,2001,17.8736925724878,FigureS-7d_e,NA
La,2002,16.289592760181,FigureS-7d_e,NA
La,2003,17.3177607732582,FigureS-7d_e,NA
La,2004,18.8910528124642,FigureS-7d_e,NA
La,2005,17.8224074775799,FigureS-7d_e,NA
La,2006,20.5331412103746,FigureS-7d_e,NA
La,2007,18.2176839173822,FigureS-7d_e,NA
La,2008,15.644099670898,FigureS-7d_e,NA
La,2009,15.8394573205201,FigureS-7d_e,NA
La,2010,16.1888521794735,FigureS-7d_e,NA
La,2011,16.7484461890743,FigureS-7d_e,NA
La,2012,12.9795060430899,FigureS-7d_e,NA
La,2013,11.0623556581986,FigureS-7d_e,NA
La,2014,11.7704918032787,FigureS-7d_e,NA
La,2015,12.1525724423418,FigureS-7d_e,NA
La,2016,11.4749403341289,FigureS-7d_e,NA
La,2017,13.1985421728566,FigureS-7d_e,NA
La,2018,13.1965361445783,FigureS-7d_e,NA
La,2019,13.0661360621565,FigureS-7d_e,NA
La,2020,15.4353946218814,FigureS-7d_e,NA
La,2021,13.7167221297837,FigureS-7d_e,NA
La,2022,13.374613003096,FigureS-7d_e,NA
Y,1996,14.5495104721775,FigureS-7d_e,NA
Y,1997,11.7008443908323,FigureS-7d_e,NA
Y,1998,12.4656907593779,FigureS-7d_e,NA
Y,1999,10.6240961174769,FigureS-7d_e,NA
Y,2000,11.5389214396748,FigureS-7d_e,NA
Y,2001,10.8036541771482,FigureS-7d_e,NA
Y,2002,11.033762617473,FigureS-7d_e,NA
Y,2003,10.2295610149013,FigureS-7d_e,NA
Y,2004,8.85553900790469,FigureS-7d_e,NA
Y,2005,10.0037893141341,FigureS-7d_e,NA
Y,2006,10.842939481268,FigureS-7d_e,NA
Y,2007,10.4896727779067,FigureS-7d_e,NA
Y,2008,11.8829337094499,FigureS-7d_e,NA
Y,2009,9.53080836630865,FigureS-7d_e,NA
Y,2010,13.2367046786742,FigureS-7d_e,NA
Y,2011,11.3619016464944,FigureS-7d_e,NA
Y,2012,12.0861797162375,FigureS-7d_e,NA
Y,2013,11.1200923787529,FigureS-7d_e,NA
Y,2014,10.5792349726776,FigureS-7d_e,NA
Y,2015,9.08732505420855,FigureS-7d_e,NA
Y,2016,11.0835322195704,FigureS-7d_e,NA
Y,2017,9.50190905935439,FigureS-7d_e,NA
Y,2018,9.09262048192771,FigureS-7d_e,NA
Y,2019,10.1572863369339,FigureS-7d_e,NA
Y,2020,10.4844189884477,FigureS-7d_e,NA
Y,2021,12.5103993344426,FigureS-7d_e,NA
Y,2022,11.6924664602683,FigureS-7d_e,NA
N,1996,12.6161854009171,FigureS-7d_e,NA
N,1997,13.1604342581423,FigureS-7d_e,NA
N,1998,16.4684354986276,FigureS-7d_e,NA
N,1999,16.219824229614,FigureS-7d_e,NA
N,2000,22.7549922276695,FigureS-7d_e,NA
N,2001,20.4951674831193,FigureS-7d_e,NA
N,2002,20.895695556329,FigureS-7d_e,NA
N,2003,25.7618472278158,FigureS-7d_e,NA
N,2004,25.7876045366021,FigureS-7d_e,NA
N,2005,24.8073765315145,FigureS-7d_e,NA
N,2006,30.0432276657061,FigureS-7d_e,NA
N,2007,30.0881875145045,FigureS-7d_e,NA
N,2008,31.2176774800188,FigureS-7d_e,NA
N,2009,32.3572639909553,FigureS-7d_e,NA
N,2010,33.2729404241714,FigureS-7d_e,NA
N,2011,31.7086468215026,FigureS-7d_e,NA
N,2012,39.8318444561219,FigureS-7d_e,NA
N,2013,47.8290993071594,FigureS-7d_e,NA
N,2014,40.4371584699454,FigureS-7d_e,NA
N,2015,41.2477823772915,FigureS-7d_e,NA
N,2016,35.2171837708831,FigureS-7d_e,NA
N,2017,34.1981950711559,FigureS-7d_e,NA
N,2018,36.8505271084337,FigureS-7d_e,NA
N,2019,36.3653591055524,FigureS-7d_e,NA
N,2020,38.6564411222211,FigureS-7d_e,NA
N,2021,34.671381031614,FigureS-7d_e,NA
N,2022,33.6945304437564,FigureS-7d_e,NA
Fe,1996,11.5131986615442,FigureS-7d_e,NA
Fe,1997,11.4113389626055,FigureS-7d_e,NA
Fe,1998,11.779505946935,FigureS-7d_e,NA
Fe,1999,7.87629324730226,FigureS-7d_e,NA
Fe,2000,9.93662561281837,FigureS-7d_e,NA
Fe,2001,7.24215543492652,FigureS-7d_e,NA
Fe,2002,7.03097807170205,FigureS-7d_e,NA
Fe,2003,8.67230500738354,FigureS-7d_e,NA
Fe,2004,7.88177339901478,FigureS-7d_e,NA
Fe,2005,7.93229758747,FigureS-7d_e,NA
Fe,2006,9.08981748318924,FigureS-7d_e,NA
Fe,2007,7.57716407519146,FigureS-7d_e,NA
Fe,2008,7.08744710860367,FigureS-7d_e,NA
Fe,2009,8.79592990390051,FigureS-7d_e,NA
Fe,2010,9.97548758392838,FigureS-7d_e,NA
Fe,2011,7.78541053320249,FigureS-7d_e,NA
Fe,2012,5.37309511297951,FigureS-7d_e,NA
Fe,2013,4.80369515011547,FigureS-7d_e,NA
Fe,2014,6.83060109289618,FigureS-7d_e,NA
Fe,2015,5.5391287206781,FigureS-7d_e,NA
Fe,2016,5.91885441527446,FigureS-7d_e,NA
Fe,2017,6.35196112460951,FigureS-7d_e,NA
Fe,2018,5.79819277108434,FigureS-7d_e,NA
Fe,2019,6.93575895395111,FigureS-7d_e,NA
Fe,2020,6.18386564411222,FigureS-7d_e,NA
Fe,2021,6.59317803660566,FigureS-7d_e,NA
Fe,2022,7.22394220846233,FigureS-7d_e,NA
Ba,1996,10.5713223447763,FigureS-7d_e,NA
Ba,1997,9.66224366706876,FigureS-7d_e,NA
Ba,1998,8.64592863677951,FigureS-7d_e,NA
Ba,1999,8.77739459339192,FigureS-7d_e,NA
Ba,2000,9.37462633026426,FigureS-7d_e,NA
Ba,2001,6.71256454388985,FigureS-7d_e,NA
Ba,2002,6.52047801369068,FigureS-7d_e,NA
Ba,2003,6.1350516847899,FigureS-7d_e,NA
Ba,2004,5.18959789208386,FigureS-7d_e,NA
Ba,2005,4.92610837438424,FigureS-7d_e,NA
Ba,2006,4.5028818443804,FigureS-7d_e,NA
Ba,2007,4.29333952193084,FigureS-7d_e,NA
Ba,2008,6.13540197461213,FigureS-7d_e,NA
Ba,2009,5.61899378179763,FigureS-7d_e,NA
Ba,2010,6.35191303421081,FigureS-7d_e,NA
Ba,2011,5.60462326900011,FigureS-7d_e,NA
Ba,2012,4.33526011560694,FigureS-7d_e,NA
Ba,2013,3.34872979214781,FigureS-7d_e,NA
Ba,2014,3.83606557377049,FigureS-7d_e,NA
Ba,2015,4.7210723437808,FigureS-7d_e,NA
Ba,2016,6.09069212410501,FigureS-7d_e,NA
Ba,2017,6.43005900728913,FigureS-7d_e,NA
Ba,2018,6.95594879518072,FigureS-7d_e,NA
Ba,2019,7.25791169224938,FigureS-7d_e,NA
Ba,2020,5.7858460343656,FigureS-7d_e,NA
Ba,2021,7.70590682196339,FigureS-7d_e,NA
Ba,2022,6.81114551083591,FigureS-7d_e,NA
Sr,1996,10.4845705787582,FigureS-7d_e,NA
Sr,1997,9.84318455971049,FigureS-7d_e,NA
Sr,1998,9.03476669716377,FigureS-7d_e,NA
Sr,1999,8.92201579708533,FigureS-7d_e,NA
Sr,2000,9.70943441348798,FigureS-7d_e,NA
Sr,2001,8.98980537534754,FigureS-7d_e,NA
Sr,2002,5.84754611903933,FigureS-7d_e,NA
Sr,2003,7.93395086588804,FigureS-7d_e,NA
Sr,2004,7.07984877992897,FigureS-7d_e,NA
Sr,2005,7.33863837312113,FigureS-7d_e,NA
Sr,2006,7.86503362151777,FigureS-7d_e,NA
Sr,2007,7.64678579716872,FigureS-7d_e,NA
Sr,2008,6.08838740009403,FigureS-7d_e,NA
Sr,2009,6.95308083663086,FigureS-7d_e,NA
Sr,2010,7.16188852179473,FigureS-7d_e,NA
Sr,2011,6.76044051902737,FigureS-7d_e,NA
Sr,2012,5.7540725170783,FigureS-7d_e,NA
Sr,2013,3.96073903002309,FigureS-7d_e,NA
Sr,2014,5.07103825136612,FigureS-7d_e,NA
Sr,2015,6.18963138182535,FigureS-7d_e,NA
Sr,2016,5.90930787589499,FigureS-7d_e,NA
Sr,2017,6.77716070808747,FigureS-7d_e,NA
Sr,2018,6.5417921686747,FigureS-7d_e,NA
Sr,2019,6.02615122228539,FigureS-7d_e,NA
Sr,2020,6.03824871371712,FigureS-7d_e,NA
Sr,2021,6.56198003327787,FigureS-7d_e,NA
Sr,2022,8.28689370485036,FigureS-7d_e,NA
Nd,1996,10.3234601561532,FigureS-7d_e,NA
Nd,1997,8.37153196622437,FigureS-7d_e,NA
Nd,1998,8.8060384263495,FigureS-7d_e,NA
Nd,1999,7.92079207920792,FigureS-7d_e,NA
Nd,2000,9.42245605643908,FigureS-7d_e,NA
Nd,2001,7.71878723685953,FigureS-7d_e,NA
Nd,2002,8.08678500986193,FigureS-7d_e,NA
Nd,2003,9.26298832057994,FigureS-7d_e,NA
Nd,2004,8.603505556192,FigureS-7d_e,NA
Nd,2005,8.26070481242895,FigureS-7d_e,NA
Nd,2006,8.88568683957733,FigureS-7d_e,NA
Nd,2007,7.93687630540729,FigureS-7d_e,NA
Nd,2008,7.55759285378467,FigureS-7d_e,NA
Nd,2009,8.1175805539853,FigureS-7d_e,NA
Nd,2010,6.70361291697751,FigureS-7d_e,NA
Nd,2011,5.86631774070439,FigureS-7d_e,NA
Nd,2012,6.27955859169732,FigureS-7d_e,NA
Nd,2013,4.83833718244804,FigureS-7d_e,NA
Nd,2014,5.26775956284153,FigureS-7d_e,NA
Nd,2015,5.56869702345752,FigureS-7d_e,NA
Nd,2016,5.89021479713604,FigureS-7d_e,NA
Nd,2017,4.67719541825755,FigureS-7d_e,NA
Nd,2018,4.84751506024096,FigureS-7d_e,NA
Nd,2019,6.11142694712905,FigureS-7d_e,NA
Nd,2020,5.31987185710125,FigureS-7d_e,NA
Nd,2021,5.47004991680532,FigureS-7d_e,NA
Nd,2022,5.14963880288958,FigureS-7d_e,NA
Ce,1996,8.43970752261743,FigureS-7d_e,NA
Ce,1997,8.97466827503016,FigureS-7d_e,NA
Ce,1998,7.98261665141811,FigureS-7d_e,NA
Ce,1999,6.84169540549561,FigureS-7d_e,NA
Ce,2000,7.91581968193232,FigureS-7d_e,NA
Ce,2001,5.891698662783,FigureS-7d_e,NA
Ce,2002,5.6387051862165,FigureS-7d_e,NA
Ce,2003,6.95395355081219,FigureS-7d_e,NA
Ce,2004,6.48413334860809,FigureS-7d_e,NA
Ce,2005,8.50069470759126,FigureS-7d_e,NA
Ce,2006,10.4466858789625,FigureS-7d_e,NA
Ce,2007,8.49385008122534,FigureS-7d_e,NA
Ce,2008,7.69863657733898,FigureS-7d_e,NA
Ce,2009,8.99943470887507,FigureS-7d_e,NA
Ce,2010,9.28274539060002,FigureS-7d_e,NA
Ce,2011,9.8135426889107,FigureS-7d_e,NA
Ce,2012,6.9364161849711,FigureS-7d_e,NA
Ce,2013,8.25635103926097,FigureS-7d_e,NA
Ce,2014,11.0928961748634,FigureS-7d_e,NA
Ce,2015,8.73250542085551,FigureS-7d_e,NA
Ce,2016,10.4630071599045,FigureS-7d_e,NA
Ce,2017,8.77299548767789,FigureS-7d_e,NA
Ce,2018,7.25715361445783,FigureS-7d_e,NA
Ce,2019,9.72143263217737,FigureS-7d_e,NA
Ce,2020,8.22250266964372,FigureS-7d_e,NA
Ce,2021,7.65391014975042,FigureS-7d_e,NA
Ce,2022,6.42930856553148,FigureS-7d_e,NA
Gd,1996,7.28714834551989,FigureS-7d_e,NA
Gd,1997,6.63449939686369,FigureS-7d_e,NA
Gd,1998,5.9583714547118,FigureS-7d_e,NA
Gd,1999,6.81944598954277,FigureS-7d_e,NA
Gd,2000,6.97118258997967,FigureS-7d_e,NA
Gd,2001,6.97735998940818,FigureS-7d_e,NA
Gd,2002,5.84754611903933,FigureS-7d_e,NA
Gd,2003,7.81312927909786,FigureS-7d_e,NA
Gd,2004,6.96528812005957,FigureS-7d_e,NA
Gd,2005,7.55336617405583,FigureS-7d_e,NA
Gd,2006,8.09317963496638,FigureS-7d_e,NA
Gd,2007,7.2638663262938,FigureS-7d_e,NA
Gd,2008,7.54583921015515,FigureS-7d_e,NA
Gd,2009,8.3776144714528,FigureS-7d_e,NA
Gd,2010,9.60247255675157,FigureS-7d_e,NA
Gd,2011,9.02845927379784,FigureS-7d_e,NA
Gd,2012,9.93168681029953,FigureS-7d_e,NA
Gd,2013,9.71131639722864,FigureS-7d_e,NA
Gd,2014,9.85792349726776,FigureS-7d_e,NA
Gd,2015,9.39286418292923,FigureS-7d_e,NA
Gd,2016,9.83293556085919,FigureS-7d_e,NA
Gd,2017,8.39986115931968,FigureS-7d_e,NA
Gd,2018,8.65022590361446,FigureS-7d_e,NA
Gd,2019,8.49914724275156,FigureS-7d_e,NA
Gd,2020,9.37773031744491,FigureS-7d_e,NA
Gd,2021,9.94176372712146,FigureS-7d_e,NA
Gd,2022,10.3508771929825,FigureS-7d_e,NA
Ca,1996,6.84099640599826,FigureS-7d_e,NA
Ca,1997,7.74427020506634,FigureS-7d_e,NA
Ca,1998,7.22781335773101,FigureS-7d_e,NA
Ca,1999,8.27678273445322,FigureS-7d_e,NA
Ca,2000,6.52875762286261,FigureS-7d_e,NA
Ca,2001,5.34886799947041,FigureS-7d_e,NA
Ca,2002,4.76853463278803,FigureS-7d_e,NA
Ca,2003,5.51751913008458,FigureS-7d_e,NA
Ca,2004,4.99484477030588,FigureS-7d_e,NA
Ca,2005,4.4082354427182,FigureS-7d_e,NA
Ca,2006,5.36743515850144,FigureS-7d_e,NA
Ca,2007,6.09190067300998,FigureS-7d_e,NA
Ca,2008,5.5594734367654,FigureS-7d_e,NA
Ca,2009,6.1503674392312,FigureS-7d_e,NA
Ca,2010,5.80837685175317,FigureS-7d_e,NA
Ca,2011,6.81496020063243,FigureS-7d_e,NA
Ca,2012,5.63583815028902,FigureS-7d_e,NA
Ca,2013,4.60739030023095,FigureS-7d_e,NA
Ca,2014,6.10928961748634,FigureS-7d_e,NA
Ca,2015,7.53006110782574,FigureS-7d_e,NA
Ca,2016,7.19809069212411,FigureS-7d_e,NA
Ca,2017,7.0635196112461,FigureS-7d_e,NA
Ca,2018,4.92281626506024,FigureS-7d_e,NA
Ca,2019,7.13473564525298,FigureS-7d_e,NA
Ca,2020,5.60139792253179,FigureS-7d_e,NA
Ca,2021,6.55158069883527,FigureS-7d_e,NA
Ca,2022,7.48194014447884,FigureS-7d_e,NA
Pr,1996,6.45681001363242,FigureS-7d_e,NA
Pr,1997,7.68395657418577,FigureS-7d_e,NA
Pr,1998,6.15279048490393,FigureS-7d_e,NA
Pr,1999,5.60685282011347,FigureS-7d_e,NA
Pr,2000,6.22982183427,FigureS-7d_e,NA
Pr,2001,5.95789752416258,FigureS-7d_e,NA
Pr,2002,5.30223923889082,FigureS-7d_e,NA
Pr,2003,6.3229963753524,FigureS-7d_e,NA
Pr,2004,5.8311375873525,FigureS-7d_e,NA
Pr,2005,4.61033219653909,FigureS-7d_e,NA
Pr,2006,6.37608069164265,FigureS-7d_e,NA
Pr,2007,5.44209793455558,FigureS-7d_e,NA
Pr,2008,5.5594734367654,FigureS-7d_e,NA
Pr,2009,4.48841153193895,FigureS-7d_e,NA
Pr,2010,5.15826494724502,FigureS-7d_e,NA
Pr,2011,3.52197143168684,FigureS-7d_e,NA
Pr,2012,3.91487125591172,FigureS-7d_e,NA
Pr,2013,3.04849884526559,FigureS-7d_e,NA
Pr,2014,3.21311475409836,FigureS-7d_e,NA
Pr,2015,3.26236940666272,FigureS-7d_e,NA
Pr,2016,3.34128878281623,FigureS-7d_e,NA
Pr,2017,3.52308226310309,FigureS-7d_e,NA
Pr,2018,4.06626506024096,FigureS-7d_e,NA
Pr,2019,3.21205230244457,FigureS-7d_e,NA
Pr,2020,3.23269585477138,FigureS-7d_e,NA
Pr,2021,3.3589850249584,FigureS-7d_e,NA
Pr,2022,3.25077399380805,FigureS-7d_e,NA
Sm,1996,6.10980294956004,FigureS-7d_e,NA
Sm,1997,5.416164053076,FigureS-7d_e,NA
Sm,1998,6.80466605672461,FigureS-7d_e,NA
Sm,1999,6.24096117476916,FigureS-7d_e,NA
Sm,2000,8.19084060743752,FigureS-7d_e,NA
Sm,2001,5.37534754402224,FigureS-7d_e,NA
Sm,2002,5.08179603202228,FigureS-7d_e,NA
Sm,2003,6.06792858101759,FigureS-7d_e,NA
Sm,2004,4.8000916485279,FigureS-7d_e,NA
Sm,2005,5.67134015409878,FigureS-7d_e,NA
Sm,2006,4.45485110470701,FigureS-7d_e,NA
Sm,2007,5.65096310048735,FigureS-7d_e,NA
Sm,2008,4.33709449929478,FigureS-7d_e,NA
Sm,2009,6.17297908422838,FigureS-7d_e,NA
Sm,2010,6.22402216775019,FigureS-7d_e,NA
Sm,2011,6.52055391996511,FigureS-7d_e,NA
Sm,2012,5.45191802417236,FigureS-7d_e,NA
Sm,2013,5.19630484988453,FigureS-7d_e,NA
Sm,2014,4.6120218579235,FigureS-7d_e,NA
Sm,2015,5.21387739010447,FigureS-7d_e,NA
Sm,2016,5.48926014319809,FigureS-7d_e,NA
Sm,2017,5.74453314821243,FigureS-7d_e,NA
Sm,2018,6.4476656626506,FigureS-7d_e,NA
Sm,2019,5.03126776577601,FigureS-7d_e,NA
Sm,2020,5.49461217357538,FigureS-7d_e,NA
Sm,2021,5.36605657237937,FigureS-7d_e,NA
Sm,2022,8.67905056759546,FigureS-7d_e,NA
B,1996,5.71322344776304,FigureS-7d_e,NA
B,1997,5.3437876960193,FigureS-7d_e,NA
B,1998,4.82616651418115,FigureS-7d_e,NA
B,1999,4.83924796974079,FigureS-7d_e,NA
B,2000,5.66782255171589,FigureS-7d_e,NA
B,2001,5.85197934595525,FigureS-7d_e,NA
B,2002,5.02378466179371,FigureS-7d_e,NA
B,2003,3.97368774332125,FigureS-7d_e,NA
B,2004,5.69366479550922,FigureS-7d_e,NA
B,2005,5.01452570418088,FigureS-7d_e,NA
B,2006,4.91114313160423,FigureS-7d_e,NA
B,2007,4.25852866094221,FigureS-7d_e,NA
B,2008,5.06582040432534,FigureS-7d_e,NA
B,2009,4.6127755794234,FigureS-7d_e,NA
B,2010,5.13694980283491,FigureS-7d_e,NA
B,2011,5.26660124304874,FigureS-7d_e,NA
B,2012,5.47819232790331,FigureS-7d_e,NA
B,2013,4.90762124711316,FigureS-7d_e,NA
B,2014,3.13661202185792,FigureS-7d_e,NA
B,2015,4.88862605953085,FigureS-7d_e,NA
B,2016,4.5346062052506,FigureS-7d_e,NA
B,2017,5.19784796945505,FigureS-7d_e,NA
B,2018,4.57454819277108,FigureS-7d_e,NA
B,2019,5.82717453098351,FigureS-7d_e,NA
B,2020,6.25182021162994,FigureS-7d_e,NA
B,2021,6.68677204658902,FigureS-7d_e,NA
B,2022,5.69659442724458,FigureS-7d_e,NA
Mn,1996,5.51493369686454,FigureS-7d_e,NA
Mn,1997,6.91194209891435,FigureS-7d_e,NA
Mn,1998,8.27996340347667,FigureS-7d_e,NA
Mn,1999,8.23228390254756,FigureS-7d_e,NA
Mn,2000,9.09960540475906,FigureS-7d_e,NA
Mn,2001,7.70554746458361,FigureS-7d_e,NA
Mn,2002,8.41164868314189,FigureS-7d_e,NA
Mn,2003,8.08162169418714,FigureS-7d_e,NA
Mn,2004,9.49707870317333,FigureS-7d_e,NA
Mn,2005,7.0481242895036,FigureS-7d_e,NA
Mn,2006,6.44812680115274,FigureS-7d_e,NA
Mn,2007,7.61197493618009,FigureS-7d_e,NA
Mn,2008,4.80724024447579,FigureS-7d_e,NA
Mn,2009,6.20689655172414,FigureS-7d_e,NA
Mn,2010,5.74443141852286,FigureS-7d_e,NA
Mn,2011,6.04078072184058,FigureS-7d_e,NA
Mn,2012,5.22858644245928,FigureS-7d_e,NA
Mn,2013,4.30715935334873,FigureS-7d_e,NA
Mn,2014,5.3224043715847,FigureS-7d_e,NA
Mn,2015,6.14035087719298,FigureS-7d_e,NA
Mn,2016,6.02386634844869,FigureS-7d_e,NA
Mn,2017,5.07636237417563,FigureS-7d_e,NA
Mn,2018,5.93938253012048,FigureS-7d_e,NA
Mn,2019,5.28709494030699,FigureS-7d_e,NA
Mn,2020,5.20337831278517,FigureS-7d_e,NA
Mn,2021,5.21006655574043,FigureS-7d_e,NA
Mn,2022,6.03715170278638,FigureS-7d_e,NA
Si,1996,4.80852645928864,FigureS-7d_e,NA
Si,1997,5.97104945717732,FigureS-7d_e,NA
Si,1998,6.57593778591034,FigureS-7d_e,NA
Si,1999,6.56357770608521,FigureS-7d_e,NA
Si,2000,5.36888676312328,FigureS-7d_e,NA
Si,2001,6.15649410830134,FigureS-7d_e,NA
Si,2002,7.518273581622,FigureS-7d_e,NA
Si,2003,7.89367700362465,FigureS-7d_e,NA
Si,2004,7.65265207927598,FigureS-7d_e,NA
Si,2005,7.46494884425919,FigureS-7d_e,NA
Si,2006,9.81027857829011,FigureS-7d_e,NA
Si,2007,10.6521234625203,FigureS-7d_e,NA
Si,2008,9.20310296191819,FigureS-7d_e,NA
Si,2009,9.36122102882985,FigureS-7d_e,NA
Si,2010,11.0732175210487,FigureS-7d_e,NA
Si,2011,9.95529386108385,FigureS-7d_e,NA
Si,2012,9.76090383604834,FigureS-7d_e,NA
Si,2013,8.47575057736721,FigureS-7d_e,NA
Si,2014,10.6338797814208,FigureS-7d_e,NA
Si,2015,9.54070569682633,FigureS-7d_e,NA
Si,2016,9.77565632458234,FigureS-7d_e,NA
Si,2017,9.46719888927456,FigureS-7d_e,NA
Si,2018,7.24774096385542,FigureS-7d_e,NA
Si,2019,8.1675194239151,FigureS-7d_e,NA
Si,2020,7.86331424133579,FigureS-7d_e,NA
Si,2021,7.01955074875208,FigureS-7d_e,NA
Si,2022,9.39112487100103,FigureS-7d_e,NA
Co,1996,4.51109183294088,FigureS-7d_e,NA
Co,1997,5.68154402895054,FigureS-7d_e,NA
Co,1998,5.74107959743824,FigureS-7d_e,NA
Co,1999,7.06418956502392,FigureS-7d_e,NA
Co,2000,5.88305631950257,FigureS-7d_e,NA
Co,2001,4.91195551436515,FigureS-7d_e,NA
Co,2002,4.78013690683374,FigureS-7d_e,NA
Co,2003,6.36327023761579,FigureS-7d_e,NA
Co,2004,5.33852674991408,FigureS-7d_e,NA
Co,2005,6.87128962991032,FigureS-7d_e,NA
Co,2006,6.12391930835735,FigureS-7d_e,NA
Co,2007,6.32397307960083,FigureS-7d_e,NA
Co,2008,6.47625763986836,FigureS-7d_e,NA
Co,2009,4.53363482193329,FigureS-7d_e,NA
Co,2010,5.6698284130875,FigureS-7d_e,NA
Co,2011,4.74321229964017,FigureS-7d_e,NA
Co,2012,4.20388859695218,FigureS-7d_e,NA
Co,2013,2.73672055427252,FigureS-7d_e,NA
Co,2014,3.92349726775956,FigureS-7d_e,NA
Co,2015,3.65661344372166,FigureS-7d_e,NA
Co,2016,3.44630071599045,FigureS-7d_e,NA
Co,2017,4.16522040958001,FigureS-7d_e,NA
Co,2018,4.64984939759036,FigureS-7d_e,NA
Co,2019,3.94163350388478,FigureS-7d_e,NA
Co,2020,4.83448208911756,FigureS-7d_e,NA
Co,2021,5.2932612312812,FigureS-7d_e,NA
Co,2022,4.36532507739938,FigureS-7d_e,NA
Ni,1996,4.36237451976701,FigureS-7d_e,NA
Ni,1997,6.41737032569361,FigureS-7d_e,NA
Ni,1998,5.36367795059469,FigureS-7d_e,NA
Ni,1999,5.11736566915118,FigureS-7d_e,NA
Ni,2000,4.81884491211288,FigureS-7d_e,NA
Ni,2001,3.13782602939229,FigureS-7d_e,NA
Ni,2002,3.45747766562246,FigureS-7d_e,NA
Ni,2003,5.61149147536582,FigureS-7d_e,NA
Ni,2004,5.36143888188796,FigureS-7d_e,NA
Ni,2005,5.19136036377416,FigureS-7d_e,NA
Ni,2006,3.56628242074928,FigureS-7d_e,NA
Ni,2007,5.24483638895335,FigureS-7d_e,NA
Ni,2008,4.47813822284908,FigureS-7d_e,NA
Ni,2009,3.26738270209158,FigureS-7d_e,NA
Ni,2010,3.71949269956304,FigureS-7d_e,NA
Ni,2011,3.65281866753898,FigureS-7d_e,NA
Ni,2012,2.94272201786653,FigureS-7d_e,NA
Ni,2013,3.21016166281755,FigureS-7d_e,NA
Ni,2014,3.03825136612022,FigureS-7d_e,NA
Ni,2015,3.58762073723635,FigureS-7d_e,NA
Ni,2016,3.99045346062053,FigureS-7d_e,NA
Ni,2017,2.73342589378688,FigureS-7d_e,NA
Ni,2018,3.37914156626506,FigureS-7d_e,NA
Ni,2019,3.11730149706273,FigureS-7d_e,NA
Ni,2020,2.56285797495389,FigureS-7d_e,NA
Ni,2021,4.37811980033278,FigureS-7d_e,NA
Ni,2022,3.73581011351909,FigureS-7d_e,NA
Cl,1996,4.2508365348866,FigureS-7d_e,NA
Cl,1997,4.04101326899879,FigureS-7d_e,NA
Cl,1998,6.25571820677036,FigureS-7d_e,NA
Cl,1999,5.09511625319835,FigureS-7d_e,NA
Cl,2000,5.83522659332775,FigureS-7d_e,NA
Cl,2001,4.97815437574474,FigureS-7d_e,NA
Cl,2002,7.88954635108481,FigureS-7d_e,NA
Cl,2003,6.04107933950866,FigureS-7d_e,NA
Cl,2004,7.07984877992897,FigureS-7d_e,NA
Cl,2005,5.30503978779841,FigureS-7d_e,NA
Cl,2006,5.59558117195005,FigureS-7d_e,NA
Cl,2007,5.47690879554421,FigureS-7d_e,NA
Cl,2008,7.69863657733898,FigureS-7d_e,NA
Cl,2009,5.13284341435839,FigureS-7d_e,NA
Cl,2010,6.66098262815731,FigureS-7d_e,NA
Cl,2011,3.81637771235416,FigureS-7d_e,NA
Cl,2012,6.66053599579611,FigureS-7d_e,NA
Cl,2013,8.04849884526559,FigureS-7d_e,NA
Cl,2014,7.08196721311475,FigureS-7d_e,NA
Cl,2015,7.22452197910507,FigureS-7d_e,NA
Cl,2016,6.23389021479714,FigureS-7d_e,NA
Cl,2017,5.73585560569247,FigureS-7d_e,NA
Cl,2018,6.46649096385542,FigureS-7d_e,NA
Cl,2019,5.79874928936896,FigureS-7d_e,NA
Cl,2020,8.58169109795165,FigureS-7d_e,NA
Cl,2021,5.65723793677205,FigureS-7d_e,NA
Cl,2022,6.69762641898865,FigureS-7d_e,NA
Al,1996,4.10211922171273,FigureS-7d_e,NA
Al,1997,6.52593486127865,FigureS-7d_e,NA
Al,1998,4.65462031107045,FigureS-7d_e,NA
Al,1999,3.04816998553788,FigureS-7d_e,NA
Al,2000,3.34808083223724,FigureS-7d_e,NA
Al,2001,3.68065669270489,FigureS-7d_e,NA
Al,2002,3.81714816103956,FigureS-7d_e,NA
Al,2003,5.06108202443281,FigureS-7d_e,NA
Al,2004,3.89506243555963,FigureS-7d_e,NA
Al,2005,3.77668308702791,FigureS-7d_e,NA
Al,2006,5.25936599423631,FigureS-7d_e,NA
Al,2007,4.53701554885124,FigureS-7d_e,NA
Al,2008,5.23037141513869,FigureS-7d_e,NA
Al,2009,5.69813453928773,FigureS-7d_e,NA
Al,2010,4.64670148140254,FigureS-7d_e,NA
Al,2011,4.80863591756624,FigureS-7d_e,NA
Al,2012,5.55701523909616,FigureS-7d_e,NA
Al,2013,3.01385681293303,FigureS-7d_e,NA
Al,2014,4.97267759562842,FigureS-7d_e,NA
Al,2015,4.87876995860438,FigureS-7d_e,NA
Al,2016,4.48687350835322,FigureS-7d_e,NA
Al,2017,5.06768483165567,FigureS-7d_e,NA
Al,2018,4.26393072289157,FigureS-7d_e,NA
Al,2019,6.54728065188554,FigureS-7d_e,NA
Al,2020,5.68876808076886,FigureS-7d_e,NA
Al,2021,6.82196339434276,FigureS-7d_e,NA
Al,2022,5.42827657378741,FigureS-7d_e,NA
Dy,1996,3.87904325195192,FigureS-7d_e,NA
Dy,1997,4.25814234016888,FigureS-7d_e,NA
Dy,1998,3.40805123513266,FigureS-7d_e,NA
Dy,1999,3.2039158972077,FigureS-7d_e,NA
Dy,2000,3.98182470405357,FigureS-7d_e,NA
Dy,2001,3.12458625711638,FigureS-7d_e,NA
Dy,2002,2.73813667478826,FigureS-7d_e,NA
Dy,2003,3.10108739428111,FigureS-7d_e,NA
Dy,2004,3.78050177569023,FigureS-7d_e,NA
Dy,2005,3.71352785145889,FigureS-7d_e,NA
Dy,2006,3.29010566762728,FigureS-7d_e,NA
Dy,2007,4.18890693896496,FigureS-7d_e,NA
Dy,2008,3.70239774330042,FigureS-7d_e,NA
Dy,2009,3.91181458451102,FigureS-7d_e,NA
Dy,2010,4.38026217627624,FigureS-7d_e,NA
Dy,2011,4.79773198124523,FigureS-7d_e,NA
Dy,2012,6.25328428796637,FigureS-7d_e,NA
Dy,2013,6.36258660508083,FigureS-7d_e,NA
Dy,2014,6.59016393442623,FigureS-7d_e,NA
Dy,2015,7.38221959392864,FigureS-7d_e,NA
Dy,2016,7.36992840095465,FigureS-7d_e,NA
Dy,2017,7.15029503644568,FigureS-7d_e,NA
Dy,2018,8.76317771084337,FigureS-7d_e,NA
Dy,2019,7.76009096077317,FigureS-7d_e,NA
Dy,2020,8.36811960003883,FigureS-7d_e,NA
Dy,2021,8.38186356073211,FigureS-7d_e,NA
Dy,2022,8.45201238390093,FigureS-7d_e,NA
Eu,1996,3.47007064072376,FigureS-7d_e,NA
Eu,1997,4.89746682750302,FigureS-7d_e,NA
Eu,1998,6.64455626715462,FigureS-7d_e,NA
Eu,1999,4.57225497830682,FigureS-7d_e,NA
Eu,2000,7.11467176850413,FigureS-7d_e,NA
Eu,2001,7.24215543492652,FigureS-7d_e,NA
Eu,2002,6.50887573964497,FigureS-7d_e,NA
Eu,2003,7.02107665458451,FigureS-7d_e,NA
Eu,2004,6.65597433841219,FigureS-7d_e,NA
Eu,2005,8.18491852974612,FigureS-7d_e,NA
Eu,2006,9.66618635926993,FigureS-7d_e,NA
Eu,2007,8.8883731724298,FigureS-7d_e,NA
Eu,2008,11.7301363422661,FigureS-7d_e,NA
Eu,2009,12.5833804409271,FigureS-7d_e,NA
Eu,2010,12.586592774166,FigureS-7d_e,NA
Eu,2011,13.3137062479555,FigureS-7d_e,NA
Eu,2012,15.3967419863374,FigureS-7d_e,NA
Eu,2013,14.7806004618938,FigureS-7d_e,NA
Eu,2014,16.207650273224,FigureS-7d_e,NA
Eu,2015,17.5044352454169,FigureS-7d_e,NA
Eu,2016,15.7804295942721,FigureS-7d_e,NA
Eu,2017,17.3637625824367,FigureS-7d_e,NA
Eu,2018,15.8132530120482,FigureS-7d_e,NA
Eu,2019,15.5201819215463,FigureS-7d_e,NA
Eu,2020,17.2701679448597,FigureS-7d_e,NA
Eu,2021,16.410149750416,FigureS-7d_e,NA
Eu,2022,17.8328173374613,FigureS-7d_e,NA
Bi,1996,3.2593877803941,FigureS-7d_e,NA
Bi,1997,2.44873341375151,FigureS-7d_e,NA
Bi,1998,2.88197621225984,FigureS-7d_e,NA
Bi,1999,1.89120035599066,FigureS-7d_e,NA
Bi,2000,2.47518832954681,FigureS-7d_e,NA
Bi,2001,2.02568515821528,FigureS-7d_e,NA
Bi,2002,1.89117066945121,FigureS-7d_e,NA
Bi,2003,2.26876090750436,FigureS-7d_e,NA
Bi,2004,1.32890365448505,FigureS-7d_e,NA
Bi,2005,2.03359858532272,FigureS-7d_e,NA
Bi,2006,1.80115273775216,FigureS-7d_e,NA
Bi,2007,1.93780459503365,FigureS-7d_e,NA
Bi,2008,2.66807710390221,FigureS-7d_e,NA
Bi,2009,3.83267382702092,FigureS-7d_e,NA
Bi,2010,2.60044761803261,FigureS-7d_e,NA
Bi,2011,4.69959655435612,FigureS-7d_e,NA
Bi,2012,3.4944823962165,FigureS-7d_e,NA
Bi,2013,1.75519630484988,FigureS-7d_e,NA
Bi,2014,3.09289617486339,FigureS-7d_e,NA
Bi,2015,3.65661344372166,FigureS-7d_e,NA
Bi,2016,3.21718377088306,FigureS-7d_e,NA
Bi,2017,4.42554668517876,FigureS-7d_e,NA
Bi,2018,5.10165662650602,FigureS-7d_e,NA
Bi,2019,5.7134735645253,FigureS-7d_e,NA
Bi,2020,3.98019609746627,FigureS-7d_e,NA
Bi,2021,5.5220465890183,FigureS-7d_e,NA
Bi,2022,5.36635706914345,FigureS-7d_e,NA
Yb,1996,3.23460156153179,FigureS-7d_e,NA
Yb,1997,2.81061519903498,FigureS-7d_e,NA
Yb,1998,3.88838060384264,FigureS-7d_e,NA
Yb,1999,3.3485371009011,FigureS-7d_e,NA
Yb,2000,3.75463350472319,FigureS-7d_e,NA
Yb,2001,4.88547596981332,FigureS-7d_e,NA
Yb,2002,5.08179603202228,FigureS-7d_e,NA
Yb,2003,5.53094375083904,FigureS-7d_e,NA
Yb,2004,6.35811662275175,FigureS-7d_e,NA
Yb,2005,4.72401162056334,FigureS-7d_e,NA
Yb,2006,5.93179634966379,FigureS-7d_e,NA
Yb,2007,6.25435135762358,FigureS-7d_e,NA
Yb,2008,4.56041372825576,FigureS-7d_e,NA
Yb,2009,6.5799886941775,FigureS-7d_e,NA
Yb,2010,7.32175210487051,FigureS-7d_e,NA
Yb,2011,5.68095082324719,FigureS-7d_e,NA
Yb,2012,6.2926957435628,FigureS-7d_e,NA
Yb,2013,7.3094688221709,FigureS-7d_e,NA
Yb,2014,6.01092896174863,FigureS-7d_e,NA
Yb,2015,5.2434456928839,FigureS-7d_e,NA
Yb,2016,6.02386634844869,FigureS-7d_e,NA
Yb,2017,7.52342936480389,FigureS-7d_e,NA
Yb,2018,5.74171686746988,FigureS-7d_e,NA
Yb,2019,6.98313435664203,FigureS-7d_e,NA
Yb,2020,5.31016406174158,FigureS-7d_e,NA
Yb,2021,7.14434276206323,FigureS-7d_e,NA
Yb,2022,7.04850361197111,FigureS-7d_e,NA
Tb,1996,3.12306357665138,FigureS-7d_e,NA
Tb,1997,4.22195416164053,FigureS-7d_e,NA
Tb,1998,3.76258005489479,FigureS-7d_e,NA
Tb,1999,3.559906552453,FigureS-7d_e,NA
Tb,2000,3.65897405237355,FigureS-7d_e,NA
Tb,2001,3.12458625711638,FigureS-7d_e,NA
Tb,2002,4.06079591599954,FigureS-7d_e,NA
Tb,2003,4.60464491878104,FigureS-7d_e,NA
Tb,2004,4.02107916141597,FigureS-7d_e,NA
Tb,2005,4.61033219653909,FigureS-7d_e,NA
Tb,2006,5.39145052833814,FigureS-7d_e,NA
Tb,2007,5.62775585982827,FigureS-7d_e,NA
Tb,2008,5.26563234602727,FigureS-7d_e,NA
Tb,2009,5.63029960429621,FigureS-7d_e,NA
Tb,2010,4.67867419801769,FigureS-7d_e,NA
Tb,2011,5.93174135863047,FigureS-7d_e,NA
Tb,2012,7.55386232264845,FigureS-7d_e,NA
Tb,2013,9.44572748267898,FigureS-7d_e,NA
Tb,2014,8.66666666666667,FigureS-7d_e,NA
Tb,2015,10.3390498718707,FigureS-7d_e,NA
Tb,2016,9.37470167064439,FigureS-7d_e,NA
Tb,2017,9.73620270739327,FigureS-7d_e,NA
Tb,2018,9.53501506024096,FigureS-7d_e,NA
Tb,2019,9.5793064241046,FigureS-7d_e,NA
Tb,2020,11.0377633239491,FigureS-7d_e,NA
Tb,2021,8.78743760399334,FigureS-7d_e,NA
Tb,2022,8.58617131062952,FigureS-7d_e,NA
Ga,1996,3.01152559177098,FigureS-7d_e,NA
Ga,1997,1.72496984318456,FigureS-7d_e,NA
Ga,1998,3.16788655077768,FigureS-7d_e,NA
Ga,1999,1.79107798420291,FigureS-7d_e,NA
Ga,2000,2.79803898122683,FigureS-7d_e,NA
Ga,2001,2.76711240566662,FigureS-7d_e,NA
Ga,2002,2.42487527555401,FigureS-7d_e,NA
Ga,2003,3.07423815277218,FigureS-7d_e,NA
Ga,2004,2.05063581166228,FigureS-7d_e,NA
Ga,2005,2.52620942276115,FigureS-7d_e,NA
Ga,2006,1.8611911623439,FigureS-7d_e,NA
Ga,2007,1.81016477140868,FigureS-7d_e,NA
Ga,2008,2.25669957686883,FigureS-7d_e,NA
Ga,2009,1.98982475975127,FigureS-7d_e,NA
Ga,2010,1.57732068634765,FigureS-7d_e,NA
Ga,2011,1.60287863918875,FigureS-7d_e,NA
Ga,2012,2.23331581713085,FigureS-7d_e,NA
Ga,2013,0.415704387990762,FigureS-7d_e,NA
Ga,2014,1.83606557377049,FigureS-7d_e,NA
Ga,2015,1.39956633155924,FigureS-7d_e,NA
Ga,2016,2.24343675417661,FigureS-7d_e,NA
Ga,2017,1.31030892051371,FigureS-7d_e,NA
Ga,2018,2.06137048192771,FigureS-7d_e,NA
Ga,2019,3.0320257722190598,FigureS-7d_e,NA
Ga,2020,2.59198136103291,FigureS-7d_e,NA
Ga,2021,3.47337770382695,FigureS-7d_e,NA
Ga,2022,2.69349845201238,FigureS-7d_e,NA
Ti,1996,2.93716693518404,FigureS-7d_e,NA
Ti,1997,4.75271411338963,FigureS-7d_e,NA
Ti,1998,3.06495882891125,FigureS-7d_e,NA
Ti,1999,1.95794860384915,FigureS-7d_e,NA
Ti,2000,3.92203754633505,FigureS-7d_e,NA
Ti,2001,3.87925327684364,FigureS-7d_e,NA
Ti,2002,4.82654600301659,FigureS-7d_e,NA
Ti,2003,4.0676600886025,FigureS-7d_e,NA
Ti,2004,4.31893687707641,FigureS-7d_e,NA
Ti,2005,3.97877984084881,FigureS-7d_e,NA
Ti,2006,5.28338136407301,FigureS-7d_e,NA
Ti,2007,2.93571594337433,FigureS-7d_e,NA
Ti,2008,3.05594734367654,FigureS-7d_e,NA
Ti,2009,4.81628038439796,FigureS-7d_e,NA
Ti,2010,3.62357454971757,FigureS-7d_e,NA
Ti,2011,4.84134772652928,FigureS-7d_e,NA
Ti,2012,3.32369942196532,FigureS-7d_e,NA
Ti,2013,1.81293302540416,FigureS-7d_e,NA
Ti,2014,2.78688524590164,FigureS-7d_e,NA
Ti,2015,2.71042775478021,FigureS-7d_e,NA
Ti,2016,3.81861575178998,FigureS-7d_e,NA
Ti,2017,4.40819160013884,FigureS-7d_e,NA
Ti,2018,4.12274096385542,FigureS-7d_e,NA
Ti,2019,3.77108205419746,FigureS-7d_e,NA
Ti,2020,2.99970876613921,FigureS-7d_e,NA
Ti,2021,4.00374376039933,FigureS-7d_e,NA
Ti,2022,3.42621259029928,FigureS-7d_e,NA
Na,1996,2.91238071632173,FigureS-7d_e,NA
Na,1997,2.03860072376357,FigureS-7d_e,NA
Na,1998,2.00137236962489,FigureS-7d_e,NA
Na,1999,2.11369451551897,FigureS-7d_e,NA
Na,2000,1.51859380605046,FigureS-7d_e,NA
Na,2001,1.89328743545611,FigureS-7d_e,NA
Na,2002,2.20443206868546,FigureS-7d_e,NA
Na,2003,2.5506779433481,FigureS-7d_e,NA
Na,2004,2.78382403482644,FigureS-7d_e,NA
Na,2005,3.01882026019957,FigureS-7d_e,NA
Na,2006,2.43756003842459,FigureS-7d_e,NA
Na,2007,2.03063355766999,FigureS-7d_e,NA
Na,2008,2.92665726375176,FigureS-7d_e,NA
Na,2009,4.04748445449406,FigureS-7d_e,NA
Na,2010,2.8455717787488,FigureS-7d_e,NA
Na,2011,4.19801548358958,FigureS-7d_e,NA
Na,2012,5.04466631634262,FigureS-7d_e,NA
Na,2013,5.83140877598152,FigureS-7d_e,NA
Na,2014,5.03825136612022,FigureS-7d_e,NA
Na,2015,3.38064261778041,FigureS-7d_e,NA
Na,2016,5.20286396181384,FigureS-7d_e,NA
Na,2017,5.90072891357168,FigureS-7d_e,NA
Na,2018,5.90173192771084,FigureS-7d_e,NA
Na,2019,4.94599204093235,FigureS-7d_e,NA
Na,2020,6.45568391418309,FigureS-7d_e,NA
Na,2021,5.761231281198,FigureS-7d_e,NA
Na,2022,6.35706914344685,FigureS-7d_e,NA
Ge,1996,2.83802205973479,FigureS-7d_e,NA
Ge,1997,1.94209891435464,FigureS-7d_e,NA
Ge,1998,2.50457456541629,FigureS-7d_e,NA
Ge,1999,2.3473133830237,FigureS-7d_e,NA
Ge,2000,2.63063493961497,FigureS-7d_e,NA
Ge,2001,2.06540447504303,FigureS-7d_e,NA
Ge,2002,2.69172757860541,FigureS-7d_e,NA
Ge,2003,2.63122566787488,FigureS-7d_e,NA
Ge,2004,1.74132203001489,FigureS-7d_e,NA
Ge,2005,3.05671340154099,FigureS-7d_e,NA
Ge,2006,2.23342939481268,FigureS-7d_e,NA
Ge,2007,1.72893942910188,FigureS-7d_e,NA
Ge,2008,1.8688293370945,FigureS-7d_e,NA
Ge,2009,3.10910118711136,FigureS-7d_e,NA
Ge,2010,2.11019929660023,FigureS-7d_e,NA
Ge,2011,2.22440300948642,FigureS-7d_e,NA
Ge,2012,2.44351024697846,FigureS-7d_e,NA
Ge,2013,1.45496535796767,FigureS-7d_e,NA
Ge,2014,1.75956284153005,FigureS-7d_e,NA
Ge,2015,2.92726197516263,FigureS-7d_e,NA
Ge,2016,1.06921241050119,FigureS-7d_e,NA
Ge,2017,1.874349184311,FigureS-7d_e,NA
Ge,2018,2.46611445783133,FigureS-7d_e,NA
Ge,2019,2.44457077885162,FigureS-7d_e,NA
Ge,2020,1.49500048538977,FigureS-7d_e,NA
Ge,2021,1.98627287853577,FigureS-7d_e,NA
Ge,2022,2.28070175438596,FigureS-7d_e,NA
Er,1996,2.59015987111166,FigureS-7d_e,NA
Er,1997,2.35223160434258,FigureS-7d_e,NA
Er,1998,3.48810612991766,FigureS-7d_e,NA
Er,1999,3.22616531316053,FigureS-7d_e,NA
Er,2000,3.16871935908167,FigureS-7d_e,NA
Er,2001,3.70713623725672,FigureS-7d_e,NA
Er,2002,3.14421626638821,FigureS-7d_e,NA
Er,2003,3.04738891126326,FigureS-7d_e,NA
Er,2004,4.60533852674991,FigureS-7d_e,NA
Er,2005,4.42086648983201,FigureS-7d_e,NA
Er,2006,3.96253602305476,FigureS-7d_e,NA
Er,2007,4.09607797632861,FigureS-7d_e,NA
Er,2008,4.07851433944523,FigureS-7d_e,NA
Er,2009,4.38665912945167,FigureS-7d_e,NA
Er,2010,6.70361291697751,FigureS-7d_e,NA
Er,2011,4.9503870897394,FigureS-7d_e,NA
Er,2012,5.18917498686285,FigureS-7d_e,NA
Er,2013,4.73441108545035,FigureS-7d_e,NA
Er,2014,4.20765027322404,FigureS-7d_e,NA
Er,2015,4.74078454563375,FigureS-7d_e,NA
Er,2016,4.52505966587112,FigureS-7d_e,NA
Er,2017,5.00694203401597,FigureS-7d_e,NA
Er,2018,4.67808734939759,FigureS-7d_e,NA
Er,2019,4.6048891415577,FigureS-7d_e,NA
Er,2020,4.02873507426463,FigureS-7d_e,NA
Er,2021,5.2932612312812,FigureS-7d_e,NA
Er,2022,5.46955624355005,FigureS-7d_e,NA
S,1996,2.55298054281819,FigureS-7d_e,NA
S,1997,2.87092882991556,FigureS-7d_e,NA
S,1998,2.92772186642269,FigureS-7d_e,NA
S,1999,3.4931583045945,FigureS-7d_e,NA
S,2000,3.19263422216908,FigureS-7d_e,NA
S,2001,4.46180325698398,FigureS-7d_e,NA
S,2002,5.34864833507367,FigureS-7d_e,NA
S,2003,5.3966975432944,FigureS-7d_e,NA
S,2004,4.18146408523313,FigureS-7d_e,NA
S,2005,5.44398130605027,FigureS-7d_e,NA
S,2006,6.47214217098943,FigureS-7d_e,NA
S,2007,6.08029705268044,FigureS-7d_e,NA
S,2008,5.24212505876822,FigureS-7d_e,NA
S,2009,4.95195025438101,FigureS-7d_e,NA
S,2010,6.29862517318555,FigureS-7d_e,NA
S,2011,5.17936975248065,FigureS-7d_e,NA
S,2012,6.67367314766159,FigureS-7d_e,NA
S,2013,6.87066974595843,FigureS-7d_e,NA
S,2014,7.34426229508197,FigureS-7d_e,NA
S,2015,7.55962941060517,FigureS-7d_e,NA
S,2016,5.49880668257757,FigureS-7d_e,NA
S,2017,5.90072891357168,FigureS-7d_e,NA
S,2018,6.08057228915663,FigureS-7d_e,NA
S,2019,8.39492135683153,FigureS-7d_e,NA
S,2020,7.13522958936026,FigureS-7d_e,NA
S,2021,6.30199667221298,FigureS-7d_e,NA
S,2022,7.97729618163055,FigureS-7d_e,NA
P,1996,2.55298054281819,FigureS-7d_e,NA
P,1997,2.64173703256936,FigureS-7d_e,NA
P,1998,2.65324794144556,FigureS-7d_e,NA
P,1999,2.3473133830237,FigureS-7d_e,NA
P,2000,3.28829367451871,FigureS-7d_e,NA
P,2001,5.48126572222958,FigureS-7d_e,NA
P,2002,3.82875043508528,FigureS-7d_e,NA
P,2003,4.38985098670963,FigureS-7d_e,NA
P,2004,4.30748081108947,FigureS-7d_e,NA
P,2005,4.8503220917014,FigureS-7d_e,NA
P,2006,5.39145052833814,FigureS-7d_e,NA
P,2007,5.30285449060107,FigureS-7d_e,NA
P,2008,6.27644569816643,FigureS-7d_e,NA
P,2009,7.06613906161673,FigureS-7d_e,NA
P,2010,6.18139187892998,FigureS-7d_e,NA
P,2011,7.57823574310326,FigureS-7d_e,NA
P,2012,8.31581713084603,FigureS-7d_e,NA
P,2013,9.90762124711316,FigureS-7d_e,NA
P,2014,10.5792349726776,FigureS-7d_e,NA
P,2015,8.38754188842894,FigureS-7d_e,NA
P,2016,10.3770883054893,FigureS-7d_e,NA
P,2017,9.31968066643526,FigureS-7d_e,NA
P,2018,7.43599397590361,FigureS-7d_e,NA
P,2019,9.51298086033731,FigureS-7d_e,NA
P,2020,9.047665275216,FigureS-7d_e,NA
P,2021,10.1705490848586,FigureS-7d_e,NA
P,2022,8.63777089783282,FigureS-7d_e,NA
F,1996,2.54058743338704,FigureS-7d_e,NA
F,1997,2.46079613992762,FigureS-7d_e,NA
F,1998,3.55672461116194,FigureS-7d_e,NA
F,1999,2.44743575481144,FigureS-7d_e,NA
F,2000,2.73825182350831,FigureS-7d_e,NA
F,2001,3.65417714815305,FigureS-7d_e,NA
F,2002,4.87295509919944,FigureS-7d_e,NA
F,2003,5.03423278292388,FigureS-7d_e,NA
F,2004,4.34184900905029,FigureS-7d_e,NA
F,2005,4.14298345332828,FigureS-7d_e,NA
F,2006,4.47886647454371,FigureS-7d_e,NA
F,2007,4.61824089115804,FigureS-7d_e,NA
F,2008,5.33615420780442,FigureS-7d_e,NA
F,2009,5.87902769926512,FigureS-7d_e,NA
F,2010,6.16007673451988,FigureS-7d_e,NA
F,2011,9.22473012757605,FigureS-7d_e,NA
F,2012,8.18444561219128,FigureS-7d_e,NA
F,2013,10.080831408776,FigureS-7d_e,NA
F,2014,7.58469945355191,FigureS-7d_e,NA
F,2015,8.70293711807609,FigureS-7d_e,NA
F,2016,9.10739856801909,FigureS-7d_e,NA
F,2017,10.2308226310309,FigureS-7d_e,NA
F,2018,8.85730421686747,FigureS-7d_e,NA
F,2019,7.99696797422778,FigureS-7d_e,NA
F,2020,8.58169109795165,FigureS-7d_e,NA
F,2021,8.49625623960067,FigureS-7d_e,NA
F,2022,11.09391124871,FigureS-7d_e,NA
Zn,1996,2.45383566736894,FigureS-7d_e,NA
Zn,1997,1.6767189384801,FigureS-7d_e,NA
Zn,1998,1.74977127172919,FigureS-7d_e,NA
Zn,1999,1.10134608966515,FigureS-7d_e,NA
Zn,2000,1.69795527920603,FigureS-7d_e,NA
Zn,2001,1.86680789090428,FigureS-7d_e,NA
Zn,2002,2.34365935723402,FigureS-7d_e,NA
Zn,2003,0.778628003758894,FigureS-7d_e,NA
Zn,2004,2.03917974567534,FigureS-7d_e,NA
Zn,2005,1.62940507768094,FigureS-7d_e,NA
Zn,2006,2.53362151777137,FigureS-7d_e,NA
Zn,2007,2.04223717799954,FigureS-7d_e,NA
Zn,2008,2.12740949694405,FigureS-7d_e,NA
Zn,2009,3.55002826455625,FigureS-7d_e,NA
Zn,2010,2.89885963977406,FigureS-7d_e,NA
Zn,2011,2.49700141751172,FigureS-7d_e,NA
Zn,2012,3.03468208092486,FigureS-7d_e,NA
Zn,2013,2.49422632794457,FigureS-7d_e,NA
Zn,2014,5.3224043715847,FigureS-7d_e,NA
Zn,2015,2.73013995663316,FigureS-7d_e,NA
Zn,2016,4.48687350835322,FigureS-7d_e,NA
Zn,2017,3.99166955918084,FigureS-7d_e,NA
Zn,2018,4.34864457831325,FigureS-7d_e,NA
Zn,2019,3.439454235361,FigureS-7d_e,NA
Zn,2020,2.79584506358606,FigureS-7d_e,NA
Zn,2021,4.22212978369384,FigureS-7d_e,NA
Zn,2022,2.73477812177503,FigureS-7d_e,NA
Ho,1996,2.24315280703929,FigureS-7d_e,NA
Ho,1997,2.3642943305187,FigureS-7d_e,NA
Ho,1998,2.16148215919488,FigureS-7d_e,NA
Ho,1999,2.50305929469351,FigureS-7d_e,NA
Ho,2000,2.37952887719718,FigureS-7d_e,NA
Ho,2001,2.34343969283728,FigureS-7d_e,NA
Ho,2002,1.65912518853695,FigureS-7d_e,NA
Ho,2003,2.05396697543294,FigureS-7d_e,NA
Ho,2004,2.11937220758392,FigureS-7d_e,NA
Ho,2005,1.94518125552608,FigureS-7d_e,NA
Ho,2006,2.79779058597502,FigureS-7d_e,NA
Ho,2007,2.37874216755628,FigureS-7d_e,NA
Ho,2008,2.50352609308886,FigureS-7d_e,NA
Ho,2009,2.43075183719616,FigureS-7d_e,NA
Ho,2010,1.92902056911436,FigureS-7d_e,NA
Ho,2011,2.46428960854869,FigureS-7d_e,NA
Ho,2012,2.9033105622701,FigureS-7d_e,NA
Ho,2013,2.65588914549654,FigureS-7d_e,NA
Ho,2014,2.38251366120219,FigureS-7d_e,NA
Ho,2015,3.0849595899862,FigureS-7d_e,NA
Ho,2016,2.66348448687351,FigureS-7d_e,NA
Ho,2017,3.28011107254426,FigureS-7d_e,NA
Ho,2018,2.57906626506024,FigureS-7d_e,NA
Ho,2019,2.96570020845177,FigureS-7d_e,NA
Ho,2020,2.87350742646345,FigureS-7d_e,NA
Ho,2021,2.98460898502496,FigureS-7d_e,NA
Ho,2022,2.44582043343653,FigureS-7d_e,NA
Pb,1996,2.23075969760813,FigureS-7d_e,NA
Pb,1997,3.32931242460796,FigureS-7d_e,NA
Pb,1998,1.74977127172919,FigureS-7d_e,NA
Pb,1999,1.74657915229725,FigureS-7d_e,NA
Pb,2000,1.86535932081789,FigureS-7d_e,NA
Pb,2001,2.33019992056137,FigureS-7d_e,NA
Pb,2002,1.46188652975983,FigureS-7d_e,NA
Pb,2003,1.42300979997315,FigureS-7d_e,NA
Pb,2004,2.95566502463054,FigureS-7d_e,NA
Pb,2005,2.60199570544398,FigureS-7d_e,NA
Pb,2006,2.48559077809798,FigureS-7d_e,NA
Pb,2007,1.41564168020422,FigureS-7d_e,NA
Pb,2008,2.1509167842031,FigureS-7d_e,NA
Pb,2009,1.69587337478802,FigureS-7d_e,NA
Pb,2010,2.03559629116487,FigureS-7d_e,NA
Pb,2011,1.81005342928797,FigureS-7d_e,NA
Pb,2012,2.08880714661061,FigureS-7d_e,NA
Pb,2013,0.681293302540416,FigureS-7d_e,NA
Pb,2014,0.830601092896175,FigureS-7d_e,NA
Pb,2015,1.16301990932387,FigureS-7d_e,NA
Pb,2016,1.05966587112172,FigureS-7d_e,NA
Pb,2017,1.28427629295384,FigureS-7d_e,NA
Pb,2018,1.67545180722892,FigureS-7d_e,NA
Pb,2019,0.691680879287474,FigureS-7d_e,NA
Pb,2020,1.41733812251238,FigureS-7d_e,NA
Pb,2021,0.894342762063228,FigureS-7d_e,NA
Pb,2022,0.681114551083591,FigureS-7d_e,NA
Li,1996,1.94571818069154,FigureS-7d_e,NA
Li,1997,1.3751507840772,FigureS-7d_e,NA
Li,1998,1.64684354986276,FigureS-7d_e,NA
Li,1999,1.31271554121704,FigureS-7d_e,NA
Li,2000,1.84144445773048,FigureS-7d_e,NA
Li,2001,1.35045677214352,FigureS-7d_e,NA
Li,2002,2.40167072746258,FigureS-7d_e,NA
Li,2003,1.6646529735535,FigureS-7d_e,NA
Li,2004,1.86733875587123,FigureS-7d_e,NA
Li,2005,2.15990905646078,FigureS-7d_e,NA
Li,2006,2.02929875120077,FigureS-7d_e,NA
Li,2007,1.97261545602228,FigureS-7d_e,NA
Li,2008,2.45651151857076,FigureS-7d_e,NA
Li,2009,2.72470322215941,FigureS-7d_e,NA
Li,2010,2.97346264520942,FigureS-7d_e,NA
Li,2011,3.42383600479773,FigureS-7d_e,NA
Li,2012,3.58644245927483,FigureS-7d_e,NA
Li,2013,3.06004618937644,FigureS-7d_e,NA
Li,2014,2.52459016393443,FigureS-7d_e,NA
Li,2015,4.35639660950128,FigureS-7d_e,NA
Li,2016,4.05727923627685,FigureS-7d_e,NA
Li,2017,3.60985768830267,FigureS-7d_e,NA
Li,2018,3.17206325301205,FigureS-7d_e,NA
Li,2019,3.07940117490999,FigureS-7d_e,NA
Li,2020,3.53363751092127,FigureS-7d_e,NA
Li,2021,2.92221297836938,FigureS-7d_e,NA
Li,2022,5.06707946336429,FigureS-7d_e,NA
In,1996,1.83418019581113,FigureS-7d_e,NA
In,1997,0.627261761158022,FigureS-7d_e,NA
In,1998,0.354528819762123,FigureS-7d_e,NA
In,1999,0.81210368227834,FigureS-7d_e,NA
In,2000,1.26748774363267,FigureS-7d_e,NA
In,2001,1.08566132662518,FigureS-7d_e,NA
In,2002,1.93757976563406,FigureS-7d_e,NA
In,2003,0.671231037723184,FigureS-7d_e,NA
In,2004,1.52365677626303,FigureS-7d_e,NA
In,2005,1.74308450170519,FigureS-7d_e,NA
In,2006,1.22478386167147,FigureS-7d_e,NA
In,2007,1.78695753074959,FigureS-7d_e,NA
In,2008,1.04607428302774,FigureS-7d_e,NA
In,2009,1.37931034482759,FigureS-7d_e,NA
In,2010,1.43877224768198,FigureS-7d_e,NA
In,2011,0.970450332570058,FigureS-7d_e,NA
In,2012,1.57645822385707,FigureS-7d_e,NA
In,2013,0.773672055427252,FigureS-7d_e,NA
In,2014,0.918032786885246,FigureS-7d_e,NA
In,2015,1.69524935935344,FigureS-7d_e,NA
In,2016,1.29832935560859,FigureS-7d_e,NA
In,2017,0.850399166955918,FigureS-7d_e,NA
In,2018,1.39307228915663,FigureS-7d_e,NA
In,2019,1.15595982565852,FigureS-7d_e,NA
In,2020,0.679545675177167,FigureS-7d_e,NA
In,2021,1.10232945091514,FigureS-7d_e,NA
In,2022,1.53766769865841,FigureS-7d_e,NA
Sn,1996,1.73503532036188,FigureS-7d_e,NA
Sn,1997,1.42340168878166,FigureS-7d_e,NA
Sn,1998,0.983531564501372,FigureS-7d_e,NA
Sn,1999,0.912226054066081,FigureS-7d_e,NA
Sn,2000,1.26748774363267,FigureS-7d_e,NA
Sn,2001,1.23129882166027,FigureS-7d_e,NA
Sn,2002,1.86796612135979,FigureS-7d_e,NA
Sn,2003,1.08739428111156,FigureS-7d_e,NA
Sn,2004,1.37472791843281,FigureS-7d_e,NA
Sn,2005,1.90728811418467,FigureS-7d_e,NA
Sn,2006,2.40153698366955,FigureS-7d_e,NA
Sn,2007,1.56648874448828,FigureS-7d_e,NA
Sn,2008,2.103902209685,FigureS-7d_e,NA
Sn,2009,1.27755794234031,FigureS-7d_e,NA
Sn,2010,1.66258126398806,FigureS-7d_e,NA
Sn,2011,1.16672118634827,FigureS-7d_e,NA
Sn,2012,0.945874934314241,FigureS-7d_e,NA
Sn,2013,1.30484988452656,FigureS-7d_e,NA
Sn,2014,0.775956284153006,FigureS-7d_e,NA
Sn,2015,0.985610092647349,FigureS-7d_e,NA
Sn,2016,1.27923627684964,FigureS-7d_e,NA
Sn,2017,1.37105171815342,FigureS-7d_e,NA
Sn,2018,1.19540662650602,FigureS-7d_e,NA
Sn,2019,0.549554671214705,FigureS-7d_e,NA
Sn,2020,1.49500048538977,FigureS-7d_e,NA
Sn,2021,1.21672212978369,FigureS-7d_e,NA
Sn,2022,1.56862745098039,FigureS-7d_e,NA
Lu,1996,1.72264221093072,FigureS-7d_e,NA
Lu,1997,2.02653799758745,FigureS-7d_e,NA
Lu,1998,2.04711802378774,FigureS-7d_e,NA
Lu,1999,1.82445210813216,FigureS-7d_e,NA
Lu,2000,2.14038024632309,FigureS-7d_e,NA
Lu,2001,2.78035217794254,FigureS-7d_e,NA
Lu,2002,2.80775031906254,FigureS-7d_e,NA
Lu,2003,2.403007115049,FigureS-7d_e,NA
Lu,2004,2.39431779127048,FigureS-7d_e,NA
Lu,2005,2.6525198938992,FigureS-7d_e,NA
Lu,2006,2.59365994236311,FigureS-7d_e,NA
Lu,2007,3.64353678347644,FigureS-7d_e,NA
Lu,2008,3.74941231781852,FigureS-7d_e,NA
Lu,2009,2.63425664217072,FigureS-7d_e,NA
Lu,2010,2.68570819567303,FigureS-7d_e,NA
Lu,2011,3.0312942972413,FigureS-7d_e,NA
Lu,2012,2.69311613242249,FigureS-7d_e,NA
Lu,2013,3.5796766743649,FigureS-7d_e,NA
Lu,2014,2.54644808743169,FigureS-7d_e,NA
Lu,2015,3.44963532426572,FigureS-7d_e,NA
Lu,2016,2.98806682577566,FigureS-7d_e,NA
Lu,2017,3.43630683790351,FigureS-7d_e,NA
Lu,2018,2.86144578313253,FigureS-7d_e,NA
Lu,2019,3.25942770513549,FigureS-7d_e,NA
Lu,2020,3.19386467333269,FigureS-7d_e,NA
Lu,2021,4.46131447587354,FigureS-7d_e,NA
Lu,2022,3.59133126934984,FigureS-7d_e,NA
Sc,1996,1.62349733548147,FigureS-7d_e,NA
Sc,1997,1.73703256936068,FigureS-7d_e,NA
Sc,1998,1.90988106129918,FigureS-7d_e,NA
Sc,1999,2.04694626766047,FigureS-7d_e,NA
Sc,2000,1.85340188927418,FigureS-7d_e,NA
Sc,2001,2.97894876208129,FigureS-7d_e,NA
Sc,2002,3.38786402134818,FigureS-7d_e,NA
Sc,2003,2.26876090750436,FigureS-7d_e,NA
Sc,2004,3.73467751174247,FigureS-7d_e,NA
Sc,2005,3.66300366300366,FigureS-7d_e,NA
Sc,2006,4.23871277617675,FigureS-7d_e,NA
Sc,2007,4.2005105592945,FigureS-7d_e,NA
Sc,2008,4.45463093559003,FigureS-7d_e,NA
Sc,2009,3.68569813453929,FigureS-7d_e,NA
Sc,2010,4.4122348928914,FigureS-7d_e,NA
Sc,2011,4.45970995529386,FigureS-7d_e,NA
Sc,2012,3.21860220704151,FigureS-7d_e,NA
Sc,2013,3.26789838337182,FigureS-7d_e,NA
Sc,2014,2.6775956284153,FigureS-7d_e,NA
Sc,2015,2.37532032328011,FigureS-7d_e,NA
Sc,2016,3.28400954653938,FigureS-7d_e,NA
Sc,2017,3.34085387018396,FigureS-7d_e,NA
Sc,2018,3.63328313253012,FigureS-7d_e,NA
Sc,2019,3.06045101383362,FigureS-7d_e,NA
Sc,2020,3.44626735268421,FigureS-7d_e,NA
Sc,2021,3.85815307820299,FigureS-7d_e,NA
Sc,2022,3.62229102167183,FigureS-7d_e,NA
Pd,1996,1.61110422605032,FigureS-7d_e,NA
Pd,1997,2.18335343787696,FigureS-7d_e,NA
Pd,1998,1.37236962488564,FigureS-7d_e,NA
Pd,1999,2.53643341862276,FigureS-7d_e,NA
Pd,2000,0.992466818127466,FigureS-7d_e,NA
Pd,2001,0.820865881106845,FigureS-7d_e,NA
Pd,2002,0.498897783965657,FigureS-7d_e,NA
Pd,2003,0.832326486776748,FigureS-7d_e,NA
Pd,2004,0.618627563294765,FigureS-7d_e,NA
Pd,2005,0.429455601869395,FigureS-7d_e,NA
Pd,2006,0.576368876080692,FigureS-7d_e,NA
Pd,2007,0.847064284056626,FigureS-7d_e,NA
Pd,2008,0.517160319699107,FigureS-7d_e,NA
Pd,2009,1.1984171848502,FigureS-7d_e,NA
Pd,2010,0.468933177022274,FigureS-7d_e,NA
Pd,2011,0.80689128775488,FigureS-7d_e,NA
Pd,2012,0.407251707829743,FigureS-7d_e,NA
Pd,2013,0.323325635103926,FigureS-7d_e,NA
Pd,2014,0.808743169398907,FigureS-7d_e,NA
Pd,2015,0.719495367632564,FigureS-7d_e,NA
Pd,2016,0.73508353221957,FigureS-7d_e,NA
Pd,2017,0.520652551197501,FigureS-7d_e,NA
Pd,2018,0.762424698795181,FigureS-7d_e,NA
Pd,2019,0.464278946371044,FigureS-7d_e,NA
Pd,2020,0.679545675177167,FigureS-7d_e,NA
Pd,2021,0.332778702163062,FigureS-7d_e,NA
Pd,2022,0.423116615067079,FigureS-7d_e,NA
Mo,1996,1.52435246003222,FigureS-7d_e,NA
Mo,1997,1.41133896260555,FigureS-7d_e,NA
Mo,1998,1.5096065873742,FigureS-7d_e,NA
Mo,1999,0.878851930136834,FigureS-7d_e,NA
Mo,2000,1.29140260672008,FigureS-7d_e,NA
Mo,2001,0.741427247451344,FigureS-7d_e,NA
Mo,2002,1.1602274045713,FigureS-7d_e,NA
Mo,2003,1.5169821452544,FigureS-7d_e,NA
Mo,2004,0.973765608889907,FigureS-7d_e,NA
Mo,2005,3.03145130731338,FigureS-7d_e,NA
Mo,2006,2.02929875120077,FigureS-7d_e,NA
Mo,2007,2.08865165931771,FigureS-7d_e,NA
Mo,2008,2.76210625293841,FigureS-7d_e,NA
Mo,2009,2.4759751271905,FigureS-7d_e,NA
Mo,2010,2.39795374613663,FigureS-7d_e,NA
Mo,2011,2.74779195289499,FigureS-7d_e,NA
Mo,2012,3.19232790331056,FigureS-7d_e,NA
Mo,2013,1.77829099307159,FigureS-7d_e,NA
Mo,2014,2.16393442622951,FigureS-7d_e,NA
Mo,2015,2.38517642420658,FigureS-7d_e,NA
Mo,2016,2.23389021479714,FigureS-7d_e,NA
Mo,2017,1.90905935439084,FigureS-7d_e,NA
Mo,2018,2.57906626506024,FigureS-7d_e,NA
Mo,2019,2.93727496683722,FigureS-7d_e,NA
Mo,2020,1.97068245801379,FigureS-7d_e,NA
Mo,2021,2.25665557404326,FigureS-7d_e,NA
Mo,2022,3.14757481940145,FigureS-7d_e,NA
Br,1996,1.33845581856488,FigureS-7d_e,NA
Br,1997,0.904704463208685,FigureS-7d_e,NA
Br,1998,0.7548032936871,FigureS-7d_e,NA
Br,1999,0.7119813104906,FigureS-7d_e,NA
Br,2000,1.01638168121487,FigureS-7d_e,NA
Br,2001,0.516351118760757,FigureS-7d_e,NA
Br,2002,0.730943264879916,FigureS-7d_e,NA
Br,2003,0.859175728285676,FigureS-7d_e,NA
Br,2004,0.790468553098866,FigureS-7d_e,NA
Br,2005,0.745231779714538,FigureS-7d_e,NA
Br,2006,0.780499519692603,FigureS-7d_e,NA
Br,2007,1.02111858899977,FigureS-7d_e,NA
Br,2008,0.77574047954866,FigureS-7d_e,NA
Br,2009,1.11927642736009,FigureS-7d_e,NA
Br,2010,1.34285409783651,FigureS-7d_e,NA
Br,2011,0.839603096717915,FigureS-7d_e,NA
Br,2012,0.906463478717814,FigureS-7d_e,NA
Br,2013,1.07390300230947,FigureS-7d_e,NA
Br,2014,1.18032786885246,FigureS-7d_e,NA
Br,2015,0.768775872264932,FigureS-7d_e,NA
Br,2016,0.79236276849642,FigureS-7d_e,NA
Br,2017,0.824366539396043,FigureS-7d_e,NA
Br,2018,1.26129518072289,FigureS-7d_e,NA
Br,2019,1.2886109531931,FigureS-7d_e,NA
Br,2020,1.53383166682846,FigureS-7d_e,NA
Br,2021,1.37271214642263,FigureS-7d_e,NA
Br,2022,2.1155830753354,FigureS-7d_e,NA
Tm,1996,1.32606270913372,FigureS-7d_e,NA
Tm,1997,1.36308805790109,FigureS-7d_e,NA
Tm,1998,1.60109789569991,FigureS-7d_e,NA
Tm,1999,1.37946378907554,FigureS-7d_e,NA
Tm,2000,1.6381681214875,FigureS-7d_e,NA
Tm,2001,1.97272606911161,FigureS-7d_e,NA
Tm,2002,1.53150017403411,FigureS-7d_e,NA
Tm,2003,1.3693113169553,FigureS-7d_e,NA
Tm,2004,1.42055218238057,FigureS-7d_e,NA
Tm,2005,2.39989895162309,FigureS-7d_e,NA
Tm,2006,1.45292987512008,FigureS-7d_e,NA
Tm,2007,2.03063355766999,FigureS-7d_e,NA
Tm,2008,1.36342266102492,FigureS-7d_e,NA
Tm,2009,1.76370830977954,FigureS-7d_e,NA
Tm,2010,1.71586912501332,FigureS-7d_e,NA
Tm,2011,1.75553374768291,FigureS-7d_e,NA
Tm,2012,1.97057277982133,FigureS-7d_e,NA
Tm,2013,1.74364896073903,FigureS-7d_e,NA
Tm,2014,2.01092896174863,FigureS-7d_e,NA
Tm,2015,1.43899073526513,FigureS-7d_e,NA
Tm,2016,1.72792362768496,FigureS-7d_e,NA
Tm,2017,2.58590767094759,FigureS-7d_e,NA
Tm,2018,1.98606927710843,FigureS-7d_e,NA
Tm,2019,1.6581390941823,FigureS-7d_e,NA
Tm,2020,1.97068245801379,FigureS-7d_e,NA
Tm,2021,1.78868552412646,FigureS-7d_e,NA
Tm,2022,1.671826625387,FigureS-7d_e,NA
Mg,1996,1.26409716197794,FigureS-7d_e,NA
Mg,1997,0.759951749095296,FigureS-7d_e,NA
Mg,1998,0.937785910338518,FigureS-7d_e,NA
Mg,1999,0.923350762042496,FigureS-7d_e,NA
Mg,2000,1.27944517517637,FigureS-7d_e,NA
Mg,2001,1.2577783662121,FigureS-7d_e,NA
Mg,2002,1.31105696716556,FigureS-7d_e,NA
Mg,2003,1.63780373204457,FigureS-7d_e,NA
Mg,2004,2.34849352732272,FigureS-7d_e,NA
Mg,2005,1.37678413540482,FigureS-7d_e,NA
Mg,2006,4.02257444764649,FigureS-7d_e,NA
Mg,2007,2.62241819447668,FigureS-7d_e,NA
Mg,2008,2.89139633286319,FigureS-7d_e,NA
Mg,2009,2.5664217071792,FigureS-7d_e,NA
Mg,2010,2.45124160716189,FigureS-7d_e,NA
Mg,2011,3.9472249482063,FigureS-7d_e,NA
Mg,2012,2.87703625853915,FigureS-7d_e,NA
Mg,2013,1.08545034642032,FigureS-7d_e,NA
Mg,2014,2.79781420765027,FigureS-7d_e,NA
Mg,2015,2.37532032328011,FigureS-7d_e,NA
Mg,2016,2.51073985680191,FigureS-7d_e,NA
Mg,2017,3.36688649774384,FigureS-7d_e,NA
Mg,2018,3.04969879518072,FigureS-7d_e,NA
Mg,2019,2.34981997346977,FigureS-7d_e,NA
Mg,2020,2.54344238423454,FigureS-7d_e,NA
Mg,2021,4.00374376039933,FigureS-7d_e,NA
Mg,2022,3.98348813209494,FigureS-7d_e,NA
I,1996,1.22691783368447,FigureS-7d_e,NA
I,1997,0.965018094089264,FigureS-7d_e,NA
I,1998,0.434583714547118,FigureS-7d_e,NA
I,1999,1.15696962954722,FigureS-7d_e,NA
I,2000,0.92072222886524,FigureS-7d_e,NA
I,2001,0.781146564279094,FigureS-7d_e,NA
I,2002,1.46188652975983,FigureS-7d_e,NA
I,2003,1.71835145657135,FigureS-7d_e,NA
I,2004,1.43200824836751,FigureS-7d_e,NA
I,2005,1.43993937097385,FigureS-7d_e,NA
I,2006,1.12872238232469,FigureS-7d_e,NA
I,2007,1.58969598514737,FigureS-7d_e,NA
I,2008,0.658204043253409,FigureS-7d_e,NA
I,2009,1.07405313736574,FigureS-7d_e,NA
I,2010,1.15101779814558,FigureS-7d_e,NA
I,2011,0.98135426889107,FigureS-7d_e,NA
I,2012,0.551760378349974,FigureS-7d_e,NA
I,2013,1.20092378752887,FigureS-7d_e,NA
I,2014,0.863387978142077,FigureS-7d_e,NA
I,2015,0.788488074117879,FigureS-7d_e,NA
I,2016,0.954653937947494,FigureS-7d_e,NA
I,2017,1.44047205831309,FigureS-7d_e,NA
I,2018,1.45896084337349,FigureS-7d_e,NA
I,2019,1.55391320826227,FigureS-7d_e,NA
I,2020,1.32996796427531,FigureS-7d_e,NA
I,2021,1.06073211314476,FigureS-7d_e,NA
I,2022,1.49638802889577,FigureS-7d_e,NA
U,1996,1.15255917709753,FigureS-7d_e,NA
U,1997,0.265379975874548,FigureS-7d_e,NA
U,1998,0.7548032936871,FigureS-7d_e,NA
U,1999,0.3559906552453,FigureS-7d_e,NA
U,2000,0.394595240942246,FigureS-7d_e,NA
U,2001,3.28346352442738,FigureS-7d_e,NA
U,2002,0.498897783965657,FigureS-7d_e,NA
U,2003,0.241643173580346,FigureS-7d_e,NA
U,2004,0.0687363959216405,FigureS-7d_e,NA
U,2005,0.227358848048503,FigureS-7d_e,NA
U,2006,0.408261287223823,FigureS-7d_e,NA
U,2007,0.754235321420283,FigureS-7d_e,NA
U,2008,0.0940291490362012,FigureS-7d_e,NA
U,2009,0.576596947427925,FigureS-7d_e,NA
U,2010,0.330384738356602,FigureS-7d_e,NA
U,2011,0.119943299531131,FigureS-7d_e,NA
U,2012,0.328428796636889,FigureS-7d_e,NA
U,2013,0.392609699769053,FigureS-7d_e,NA
U,2014,0.174863387978142,FigureS-7d_e,NA
U,2015,0.118273211117682,FigureS-7d_e,NA
U,2016,0.114558472553699,FigureS-7d_e,NA
U,2017,0.1041305102395,FigureS-7d_e,NA
U,2018,0.301204819277108,FigureS-7d_e,NA
U,2019,0.10422588592003,FigureS-7d_e,NA
U,2020,0.368896223667605,FigureS-7d_e,NA
U,2021,0.363976705490849,FigureS-7d_e,NA
U,2022,0.0619195046439628,FigureS-7d_e,NA
Ru,1996,1.12777295823522,FigureS-7d_e,NA
Ru,1997,1.27864897466827,FigureS-7d_e,NA
Ru,1998,0.594693504117109,FigureS-7d_e,NA
Ru,1999,0.856602514184003,FigureS-7d_e,NA
Ru,2000,1.96101877316752,FigureS-7d_e,NA
Ru,2001,1.76088971269694,FigureS-7d_e,NA
Ru,2002,0.835363731291333,FigureS-7d_e,NA
Ru,2003,1.8123238018526,FigureS-7d_e,NA
Ru,2004,1.70695383205407,FigureS-7d_e,NA
Ru,2005,1.22521157003916,FigureS-7d_e,NA
Ru,2006,1.11671469740634,FigureS-7d_e,NA
Ru,2007,2.19308424228359,FigureS-7d_e,NA
Ru,2008,0.77574047954866,FigureS-7d_e,NA
Ru,2009,0.780101752402487,FigureS-7d_e,NA
Ru,2010,1.64126611957796,FigureS-7d_e,NA
Ru,2011,0.861410969359939,FigureS-7d_e,NA
Ru,2012,0.827640567524961,FigureS-7d_e,NA
Ru,2013,0.392609699769053,FigureS-7d_e,NA
Ru,2014,1.09289617486339,FigureS-7d_e,NA
Ru,2015,1.24186871673566,FigureS-7d_e,NA
Ru,2016,0.467780429594272,FigureS-7d_e,NA
Ru,2017,0.668170774036793,FigureS-7d_e,NA
Ru,2018,0.837725903614458,FigureS-7d_e,NA
Ru,2019,0.985408375971196,FigureS-7d_e,NA
Ru,2020,0.679545675177167,FigureS-7d_e,NA
Ru,2021,0.675956738768719,FigureS-7d_e,NA
Ru,2022,0.350877192982456,FigureS-7d_e,NA
Nb,1996,1.11537984880406,FigureS-7d_e,NA
Nb,1997,1.77322074788902,FigureS-7d_e,NA
Nb,1998,1.09789569990851,FigureS-7d_e,NA
Nb,1999,1.86895094003782,FigureS-7d_e,NA
Nb,2000,1.13595599665192,FigureS-7d_e,NA
Nb,2001,1.03270223752151,FigureS-7d_e,NA
Nb,2002,1.39227288548556,FigureS-7d_e,NA
Nb,2003,1.23506510941066,FigureS-7d_e,NA
Nb,2004,1.52365677626303,FigureS-7d_e,NA
Nb,2005,1.35152204117721,FigureS-7d_e,NA
Nb,2006,1.8371757925072,FigureS-7d_e,NA
Nb,2007,1.43884892086331,FigureS-7d_e,NA
Nb,2008,2.11565585331453,FigureS-7d_e,NA
Nb,2009,1.97851893725269,FigureS-7d_e,NA
Nb,2010,1.77981455824363,FigureS-7d_e,NA
Nb,2011,1.79914949296696,FigureS-7d_e,NA
Nb,2012,1.31371518654756,FigureS-7d_e,NA
Nb,2013,0.808314087759815,FigureS-7d_e,NA
Nb,2014,1.22404371584699,FigureS-7d_e,NA
Nb,2015,1.73467376305933,FigureS-7d_e,NA
Nb,2016,1.20286396181384,FigureS-7d_e,NA
Nb,2017,2.4383894481083,FigureS-7d_e,NA
Nb,2018,2.2496234939759,FigureS-7d_e,NA
Nb,2019,2.29296949024067,FigureS-7d_e,NA
Nb,2020,1.80564993689933,FigureS-7d_e,NA
Nb,2021,2.38144758735441,FigureS-7d_e,NA
Nb,2022,2.94117647058824,FigureS-7d_e,NA
K,1996,1.0782005205106,FigureS-7d_e,NA
K,1997,0.880579010856454,FigureS-7d_e,NA
K,1998,1.46386093321135,FigureS-7d_e,NA
K,1999,1.30159083324063,FigureS-7d_e,NA
K,2000,1.33923233289489,FigureS-7d_e,NA
K,2001,2.07864424731895,FigureS-7d_e,NA
K,2002,1.46188652975983,FigureS-7d_e,NA
K,2003,1.83917304336152,FigureS-7d_e,NA
K,2004,1.82151449192347,FigureS-7d_e,NA
K,2005,1.99570544398131,FigureS-7d_e,NA
K,2006,1.3328530259366,FigureS-7d_e,NA
K,2007,1.76375029009051,FigureS-7d_e,NA
K,2008,2.18617771509168,FigureS-7d_e,NA
K,2009,2.43075183719616,FigureS-7d_e,NA
K,2010,2.12085686880529,FigureS-7d_e,NA
K,2011,2.62784865336386,FigureS-7d_e,NA
K,2012,1.86547556489753,FigureS-7d_e,NA
K,2013,2.32101616628176,FigureS-7d_e,NA
K,2014,2.32786885245902,FigureS-7d_e,NA
K,2015,3.14409619554504,FigureS-7d_e,NA
K,2016,2.86396181384248,FigureS-7d_e,NA
K,2017,3.11523776466505,FigureS-7d_e,NA
K,2018,3.76506024096386,FigureS-7d_e,NA
K,2019,2.4540458593898,FigureS-7d_e,NA
K,2020,2.80555285894573,FigureS-7d_e,NA
K,2021,3.47337770382695,FigureS-7d_e,NA
K,2022,4.2827657378741,FigureS-7d_e,NA
Pt,1996,1.06580741107944,FigureS-7d_e,NA
Pt,1997,0.386007237635706,FigureS-7d_e,NA
Pt,1998,0.37740164684355,FigureS-7d_e,NA
Pt,1999,0.545110690844365,FigureS-7d_e,NA
Pt,2000,0.633743871816334,FigureS-7d_e,NA
Pt,2001,0.635509069244009,FigureS-7d_e,NA
Pt,2002,0.336465947325676,FigureS-7d_e,NA
Pt,2003,0.496710967915156,FigureS-7d_e,NA
Pt,2004,0.366594111582083,FigureS-7d_e,NA
Pt,2005,0.707338638373121,FigureS-7d_e,NA
Pt,2006,0.624399615754083,FigureS-7d_e,NA
Pt,2007,0.963100487352054,FigureS-7d_e,NA
Pt,2008,1.09308885754584,FigureS-7d_e,NA
Pt,2009,0.644431882419446,FigureS-7d_e,NA
Pt,2010,0.415645315997016,FigureS-7d_e,NA
Pt,2011,0.57790862501363,FigureS-7d_e,NA
Pt,2012,0.499211770888071,FigureS-7d_e,NA
Pt,2013,0.173210161662818,FigureS-7d_e,NA
Pt,2014,0.262295081967213,FigureS-7d_e,NA
Pt,2015,0.443524541691307,FigureS-7d_e,NA
Pt,2016,0.143198090692124,FigureS-7d_e,NA
Pt,2017,0.546685178757376,FigureS-7d_e,NA
Pt,2018,0.235316265060241,FigureS-7d_e,NA
Pt,2019,0.720106120902028,FigureS-7d_e,NA
Pt,2020,0.689253470536841,FigureS-7d_e,NA
Pt,2021,0.301580698835275,FigureS-7d_e,NA
Pt,2022,0.423116615067079,FigureS-7d_e,NA
V,1996,1.02862808278597,FigureS-7d_e,NA
V,1997,0.989143546441496,FigureS-7d_e,NA
V,1998,2.03568161024703,FigureS-7d_e,NA
V,1999,0.734230726443431,FigureS-7d_e,NA
V,2000,1.0761688389334,FigureS-7d_e,NA
V,2001,1.05918178207335,FigureS-7d_e,NA
V,2002,1.14862513052558,FigureS-7d_e,NA
V,2003,0.993421935830313,FigureS-7d_e,NA
V,2004,1.00813380685073,FigureS-7d_e,NA
V,2005,0.505241884552229,FigureS-7d_e,NA
V,2006,0.540345821325648,FigureS-7d_e,NA
V,2007,0.53376653515897,FigureS-7d_e,NA
V,2008,0.846262341325811,FigureS-7d_e,NA
V,2009,1.25494629734313,FigureS-7d_e,NA
V,2010,1.5879782585527,FigureS-7d_e,NA
V,2011,1.45022353069458,FigureS-7d_e,NA
V,2012,1.44508670520231,FigureS-7d_e,NA
V,2013,0.969976905311778,FigureS-7d_e,NA
V,2014,1.07103825136612,FigureS-7d_e,NA
V,2015,1.09402720283856,FigureS-7d_e,NA
V,2016,0.630071599045346,FigureS-7d_e,NA
V,2017,0.94585213467546,FigureS-7d_e,NA
V,2018,1.60956325301205,FigureS-7d_e,NA
V,2019,1.63918893310593,FigureS-7d_e,NA
V,2020,1.2620133967576,FigureS-7d_e,NA
V,2021,1.28951747088186,FigureS-7d_e,NA
V,2022,1.25902992776058,FigureS-7d_e,NA
Sb,1996,0.917090097905564,FigureS-7d_e,NA
Sb,1997,0.965018094089264,FigureS-7d_e,NA
Sb,1998,0.651875571820677,FigureS-7d_e,NA
Sb,1999,0.834353098231171,FigureS-7d_e,NA
Sb,2000,0.837020208059309,FigureS-7d_e,NA
Sb,2001,1.65497153448961,FigureS-7d_e,NA
Sb,2002,1.04420466411417,FigureS-7d_e,NA
Sb,2003,1.16794200563834,FigureS-7d_e,NA
Sb,2004,0.641539695268645,FigureS-7d_e,NA
Sb,2005,1.45257041808766,FigureS-7d_e,NA
Sb,2006,1.0566762728146,FigureS-7d_e,NA
Sb,2007,1.52007426317011,FigureS-7d_e,NA
Sb,2008,1.51622002820874,FigureS-7d_e,NA
Sb,2009,1.5375918598078,FigureS-7d_e,NA
Sb,2010,1.42811467547693,FigureS-7d_e,NA
Sb,2011,2.02813215570821,FigureS-7d_e,NA
Sb,2012,1.077246452969,FigureS-7d_e,NA
Sb,2013,0.773672055427252,FigureS-7d_e,NA
Sb,2014,1.23497267759563,FigureS-7d_e,NA
Sb,2015,1.06445890005914,FigureS-7d_e,NA
Sb,2016,1.86157517899761,FigureS-7d_e,NA
Sb,2017,1.38840680319334,FigureS-7d_e,NA
Sb,2018,1.61897590361446,FigureS-7d_e,NA
Sb,2019,1.58233844987682,FigureS-7d_e,NA
Sb,2020,1.67944859722357,FigureS-7d_e,NA
Sb,2021,1.9342762063228,FigureS-7d_e,NA
Sb,2022,1.2280701754386,FigureS-7d_e,NA
Cd,1996,0.917090097905564,FigureS-7d_e,NA
Cd,1997,0.651387213510253,FigureS-7d_e,NA
Cd,1998,0.365965233302836,FigureS-7d_e,NA
Cd,1999,0.289242407386806,FigureS-7d_e,NA
Cd,2000,0.203276336242975,FigureS-7d_e,NA
Cd,2001,0.609029524692175,FigureS-7d_e,NA
Cd,2002,0.278454577097111,FigureS-7d_e,NA
Cd,2003,0.295341656598201,FigureS-7d_e,NA
Cd,2004,0.435330507503723,FigureS-7d_e,NA
Cd,2005,0.391562460527978,FigureS-7d_e,NA
Cd,2006,0.492315081652257,FigureS-7d_e,NA
Cd,2007,0.382919470874913,FigureS-7d_e,NA
Cd,2008,0.458392101551481,FigureS-7d_e,NA
Cd,2009,0.66704352741662,FigureS-7d_e,NA
Cd,2010,0.234466588511137,FigureS-7d_e,NA
Cd,2011,0.75237160614982,FigureS-7d_e,NA
Cd,2012,0.604308985811876,FigureS-7d_e,NA
Cd,2013,0.508083140877598,FigureS-7d_e,NA
Cd,2014,0.939890710382514,FigureS-7d_e,NA
Cd,2015,0.719495367632564,FigureS-7d_e,NA
Cd,2016,0.486873508353222,FigureS-7d_e,NA
Cd,2017,0.590072891357168,FigureS-7d_e,NA
Cd,2018,0.969503012048193,FigureS-7d_e,NA
Cd,2019,0.653780557134736,FigureS-7d_e,NA
Cd,2020,0.61159110765945,FigureS-7d_e,NA
Cd,2021,0.655158069883527,FigureS-7d_e,NA
Cd,2022,0.43343653250774,FigureS-7d_e,NA
Ag,1996,0.805552113025158,FigureS-7d_e,NA
Ag,1997,0.542822677925211,FigureS-7d_e,NA
Ag,1998,0.480329368709973,FigureS-7d_e,NA
Ag,1999,0.522861274891534,FigureS-7d_e,NA
Ag,2000,0.609829008728925,FigureS-7d_e,NA
Ag,2001,0.992982920693764,FigureS-7d_e,NA
Ag,2002,0.243647754959972,FigureS-7d_e,NA
Ag,2003,0.536984830178547,FigureS-7d_e,NA
Ag,2004,0.263489517699622,FigureS-7d_e,NA
Ag,2005,1.1115321460149,FigureS-7d_e,NA
Ag,2006,1.0566762728146,FigureS-7d_e,NA
Ag,2007,0.649802738454398,FigureS-7d_e,NA
Ag,2008,0.928537846732487,FigureS-7d_e,NA
Ag,2009,1.50367439231204,FigureS-7d_e,NA
Ag,2010,0.69274219332836,FigureS-7d_e,NA
Ag,2011,0.523388943408571,FigureS-7d_e,NA
Ag,2012,1.14293221229637,FigureS-7d_e,NA
Ag,2013,0.554272517321016,FigureS-7d_e,NA
Ag,2014,1.81420765027322,FigureS-7d_e,NA
Ag,2015,0.551941651882515,FigureS-7d_e,NA
Ag,2016,0.420047732696897,FigureS-7d_e,NA
Ag,2017,0.477264838597709,FigureS-7d_e,NA
Ag,2018,0.950677710843374,FigureS-7d_e,NA
Ag,2019,0.634830396058367,FigureS-7d_e,NA
Ag,2020,0.291233860790215,FigureS-7d_e,NA
Ag,2021,0.76955074875208,FigureS-7d_e,NA
Ag,2022,0.371517027863777,FigureS-7d_e,NA
Hg,1996,0.780765894162845,FigureS-7d_e,NA
Hg,1997,0.554885404101327,FigureS-7d_e,NA
Hg,1998,NA,FigureS-7d_e,NA
Hg,1999,0.0111247079764156,FigureS-7d_e,NA
Hg,2000,0.29893578859261,FigureS-7d_e,NA
Hg,2001,0.0529590891036674,FigureS-7d_e,NA
Hg,2002,0.0928181923657037,FigureS-7d_e,NA
Hg,2003,0.295341656598201,FigureS-7d_e,NA
Hg,2004,0.206209187764922,FigureS-7d_e,NA
Hg,2005,0.189465706707086,FigureS-7d_e,NA
Hg,2006,NA,FigureS-7d_e,NA
Hg,2007,0.0580181016477141,FigureS-7d_e,NA
Hg,2008,0.399623883403855,FigureS-7d_e,NA
Hg,2009,0.169587337478802,FigureS-7d_e,NA
Hg,2010,0.0532878610252584,FigureS-7d_e,NA
Hg,2011,0.076327554247083207,FigureS-7d_e,NA
Hg,2012,NA,FigureS-7d_e,NA
Hg,2013,NA,FigureS-7d_e,NA
Hg,2014,NA,FigureS-7d_e,NA
Hg,2015,0.00985610092647348,FigureS-7d_e,NA
Hg,2016,0.0381861575178998,FigureS-7d_e,NA
Hg,2017,NA,FigureS-7d_e,NA
Hg,2018,0.0941265060240964,FigureS-7d_e,NA
Hg,2019,0.0473754026909229,FigureS-7d_e,NA
Hg,2020,0.145616930395107,FigureS-7d_e,NA
Hg,2021,0.0727953410981697,FigureS-7d_e,NA
Hg,2022,0.0206398348813209,FigureS-7d_e,NA
Cr,1996,0.743586565869377,FigureS-7d_e,NA
Cr,1997,1.6043425814234,FigureS-7d_e,NA
Cr,1998,2.24153705397987,FigureS-7d_e,NA
Cr,1999,1.59083324062743,FigureS-7d_e,NA
Cr,2000,1.21965801745785,FigureS-7d_e,NA
Cr,2001,2.40963855421687,FigureS-7d_e,NA
Cr,2002,2.03039795799977,FigureS-7d_e,NA
Cr,2003,0.993421935830313,FigureS-7d_e,NA
Cr,2004,1.16851873066789,FigureS-7d_e,NA
Cr,2005,1.56624984211191,FigureS-7d_e,NA
Cr,2006,1.64505283381364,FigureS-7d_e,NA
Cr,2007,1.69412856811325,FigureS-7d_e,NA
Cr,2008,1.9158439116126,FigureS-7d_e,NA
Cr,2009,1.39061616732617,FigureS-7d_e,NA
Cr,2010,1.06575722050517,FigureS-7d_e,NA
Cr,2011,0.774179478791844,FigureS-7d_e,NA
Cr,2012,2.04939569101419,FigureS-7d_e,NA
Cr,2013,0.808314087759815,FigureS-7d_e,NA
Cr,2014,0.754098360655738,FigureS-7d_e,NA
Cr,2015,0.946185688941455,FigureS-7d_e,NA
Cr,2016,0.916467780429594,FigureS-7d_e,NA
Cr,2017,1.34501909059354,FigureS-7d_e,NA
Cr,2018,1.25188253012048,FigureS-7d_e,NA
Cr,2019,2.01819215463331,FigureS-7d_e,NA
Cr,2020,1.71827977866227,FigureS-7d_e,NA
Cr,2021,2.30865224625624,FigureS-7d_e,NA
Cr,2022,1.83694530443756,FigureS-7d_e,NA
Rh,1996,0.706407237575908,FigureS-7d_e,NA
Rh,1997,0.989143546441496,FigureS-7d_e,NA
Rh,1998,0.766239707227813,FigureS-7d_e,NA
Rh,1999,0.567360106797197,FigureS-7d_e,NA
Rh,2000,0.286978357048906,FigureS-7d_e,NA
Rh,2001,0.609029524692175,FigureS-7d_e,NA
Rh,2002,0.754147812971342,FigureS-7d_e,NA
Rh,2003,0.523560209424084,FigureS-7d_e,NA
Rh,2004,0.824836751059686,FigureS-7d_e,NA
Rh,2005,0.555766073007452,FigureS-7d_e,NA
Rh,2006,0.456292026897214,FigureS-7d_e,NA
Rh,2007,1.06753307031794,FigureS-7d_e,NA
Rh,2008,0.528913963328632,FigureS-7d_e,NA
Rh,2009,0.814019219898248,FigureS-7d_e,NA
Rh,2010,1.20430565917084,FigureS-7d_e,NA
Rh,2011,0.338022025951368,FigureS-7d_e,NA
Rh,2012,0.091960063058329,FigureS-7d_e,NA
Rh,2013,0.173210161662818,FigureS-7d_e,NA
Rh,2014,0.0765027322404372,FigureS-7d_e,NA
Rh,2015,0.344963532426572,FigureS-7d_e,NA
Rh,2016,0.229116945107399,FigureS-7d_e,NA
Rh,2017,0.399166955918084,FigureS-7d_e,NA
Rh,2018,0.640060240963855,FigureS-7d_e,NA
Rh,2019,0.151601288610953,FigureS-7d_e,NA
Rh,2020,0.310649451509562,FigureS-7d_e,NA
Rh,2021,0.343178036605657,FigureS-7d_e,NA
Rh,2022,0.21671826625387,FigureS-7d_e,NA
Cs,1996,0.681621018713595,FigureS-7d_e,NA
Cs,1997,0.735826296743064,FigureS-7d_e,NA
Cs,1998,0.766239707227813,FigureS-7d_e,NA
Cs,1999,0.266992991433975,FigureS-7d_e,NA
Cs,2000,0.0358722946311132,FigureS-7d_e,NA
Cs,2001,0.330994306897921,FigureS-7d_e,NA
Cs,2002,0.31326139923425,FigureS-7d_e,NA
Cs,2003,0.724929520741039,FigureS-7d_e,NA
Cs,2004,0.492610837438424,FigureS-7d_e,NA
Cs,2005,0.189465706707086,FigureS-7d_e,NA
Cs,2006,0.360230547550432,FigureS-7d_e,NA
Cs,2007,0.266883267579485,FigureS-7d_e,NA
Cs,2008,0.517160319699107,FigureS-7d_e,NA
Cs,2009,0.463538722442058,FigureS-7d_e,NA
Cs,2010,0.703399765533412,FigureS-7d_e,NA
Cs,2011,0.327118089630357,FigureS-7d_e,NA
Cs,2012,0.5911718339464,FigureS-7d_e,NA
Cs,2013,0.207852193995381,FigureS-7d_e,NA
Cs,2014,0.53551912568306,FigureS-7d_e,NA
Cs,2015,0.236546422235364,FigureS-7d_e,NA
Cs,2016,0.334128878281623,FigureS-7d_e,NA
Cs,2017,0.607427976397084,FigureS-7d_e,NA
Cs,2018,0.197665662650602,FigureS-7d_e,NA
Cs,2019,0.824332006822058,FigureS-7d_e,NA
Cs,2020,0.912532763809339,FigureS-7d_e,NA
Cs,2021,0.488768718801997,FigureS-7d_e,NA
Cs,2022,0.86687306501548,FigureS-7d_e,NA
Se,1996,0.644441690420126,FigureS-7d_e,NA
Se,1997,0.446320868516285,FigureS-7d_e,NA
Se,1998,0.571820677035682,FigureS-7d_e,NA
Se,1999,0.266992991433975,FigureS-7d_e,NA
Se,2000,0.837020208059309,FigureS-7d_e,NA
Se,2001,0.622269296968092,FigureS-7d_e,NA
Se,2002,1.22984104884557,FigureS-7d_e,NA
Se,2003,1.23506510941066,FigureS-7d_e,NA
Se,2004,0.973765608889907,FigureS-7d_e,NA
Se,2005,1.03574586333207,FigureS-7d_e,NA
Se,2006,0.612391930835735,FigureS-7d_e,NA
Se,2007,1.09074031097702,FigureS-7d_e,NA
Se,2008,1.19887165021157,FigureS-7d_e,NA
Se,2009,0.960994912379876,FigureS-7d_e,NA
Se,2010,0.746030054353618,FigureS-7d_e,NA
Se,2011,1.15581725002726,FigureS-7d_e,NA
Se,2012,1.06410930110352,FigureS-7d_e,NA
Se,2013,0.508083140877598,FigureS-7d_e,NA
Se,2014,0.382513661202186,FigureS-7d_e,NA
Se,2015,0.601222156514883,FigureS-7d_e,NA
Se,2016,0.525059665871122,FigureS-7d_e,NA
Se,2017,0.598750433877126,FigureS-7d_e,NA
Se,2018,0.809487951807229,FigureS-7d_e,NA
Se,2019,0.587454993367444,FigureS-7d_e,NA
Se,2020,0.592175516940103,FigureS-7d_e,NA
Se,2021,0.38477537437604,FigureS-7d_e,NA
Se,2022,0.990712074303406,FigureS-7d_e,NA
Hf,1996,0.63204858098897,FigureS-7d_e,NA
Hf,1997,0.0844390832328106,FigureS-7d_e,NA
Hf,1998,0.274473924977127,FigureS-7d_e,NA
Hf,1999,0.111247079764156,FigureS-7d_e,NA
Hf,2000,0.0956594523496353,FigureS-7d_e,NA
Hf,2001,0.105918178207335,FigureS-7d_e,NA
Hf,2002,0.522102332057083,FigureS-7d_e,NA
Hf,2003,NA,FigureS-7d_e,NA
Hf,2004,0.148928857830221,FigureS-7d_e,NA
Hf,2005,0.151572565365669,FigureS-7d_e,NA
Hf,2006,0.288184438040346,FigureS-7d_e,NA
Hf,2007,0.150847064284057,FigureS-7d_e,NA
Hf,2008,0.376116596144805,FigureS-7d_e,NA
Hf,2009,0.180893159977388,FigureS-7d_e,NA
Hf,2010,0.277096877331344,FigureS-7d_e,NA
Hf,2011,0.338022025951368,FigureS-7d_e,NA
Hf,2012,0.0525486074619023,FigureS-7d_e,NA
Hf,2013,0.023094688221709,FigureS-7d_e,NA
Hf,2014,0.0437158469945355,FigureS-7d_e,NA
Hf,2015,0.0492805046323674,FigureS-7d_e,NA
Hf,2016,0.286396181384248,FigureS-7d_e,NA
Hf,2017,0.182228392919125,FigureS-7d_e,NA
Hf,2018,0.178840361445783,FigureS-7d_e,NA
Hf,2019,0.369528140989198,FigureS-7d_e,NA
Hf,2020,0.320357246869236,FigureS-7d_e,NA
Hf,2021,1.12312811980033,FigureS-7d_e,NA
Hf,2022,0.629514963880289,FigureS-7d_e,NA
W,1996,0.619655471557814,FigureS-7d_e,NA
W,1997,0.699638118214716,FigureS-7d_e,NA
W,1998,0.606129917657823,FigureS-7d_e,NA
W,1999,0.589609522750028,FigureS-7d_e,NA
W,2000,1.24357288054526,FigureS-7d_e,NA
W,2001,0.96650337614193,FigureS-7d_e,NA
W,2002,1.22984104884557,FigureS-7d_e,NA
W,2003,0.979997315075849,FigureS-7d_e,NA
W,2004,1.66112956810631,FigureS-7d_e,NA
W,2005,1.23784261715296,FigureS-7d_e,NA
W,2006,1.64505283381364,FigureS-7d_e,NA
W,2007,1.77535391042005,FigureS-7d_e,NA
W,2008,2.83262811471556,FigureS-7d_e,NA
W,2009,2.29508196721311,FigureS-7d_e,NA
W,2010,2.64307790685282,FigureS-7d_e,NA
W,2011,2.36615418165958,FigureS-7d_e,NA
W,2012,2.89017341040462,FigureS-7d_e,NA
W,2013,2.19399538106236,FigureS-7d_e,NA
W,2014,3.16939890710383,FigureS-7d_e,NA
W,2015,2.67100335107432,FigureS-7d_e,NA
W,2016,2.80668257756563,FigureS-7d_e,NA
W,2017,2.56855258590767,FigureS-7d_e,NA
W,2018,2.98381024096386,FigureS-7d_e,NA
W,2019,2.74777335607353,FigureS-7d_e,NA
W,2020,3.17444908261334,FigureS-7d_e,NA
W,2021,2.6414309484193,FigureS-7d_e,NA
W,2022,2.63157894736842,FigureS-7d_e,NA
Au,1996,0.508117486677407,FigureS-7d_e,NA
Au,1997,0.639324487334137,FigureS-7d_e,NA
Au,1998,0.263037511436414,FigureS-7d_e,NA
Au,1999,0.322616531316053,FigureS-7d_e,NA
Au,2000,0.215233767786679,FigureS-7d_e,NA
Au,2001,0.741427247451344,FigureS-7d_e,NA
Au,2002,0.11602274045713,FigureS-7d_e,NA
Au,2003,0.443012484897302,FigureS-7d_e,NA
Au,2004,0.194753121777981,FigureS-7d_e,NA
Au,2005,0.618921308576481,FigureS-7d_e,NA
Au,2006,0.228146013448607,FigureS-7d_e,NA
Au,2007,0.603388257136226,FigureS-7d_e,NA
Au,2008,0.587682181476258,FigureS-7d_e,NA
Au,2009,0.7687959299039,FigureS-7d_e,NA
Au,2010,0.394330171586913,FigureS-7d_e,NA
Au,2011,0.392541707556428,FigureS-7d_e,NA
Au,2012,0.433526011560694,FigureS-7d_e,NA
Au,2013,0.173210161662818,FigureS-7d_e,NA
Au,2014,0.480874316939891,FigureS-7d_e,NA
Au,2015,0.482948945397201,FigureS-7d_e,NA
Au,2016,0.420047732696897,FigureS-7d_e,NA
Au,2017,0.216938562998959,FigureS-7d_e,NA
Au,2018,0.461219879518072,FigureS-7d_e,NA
Au,2019,0.0852757248436612,FigureS-7d_e,NA
Au,2020,0.378604019027279,FigureS-7d_e,NA
Au,2021,0.478369384359401,FigureS-7d_e,NA
Au,2022,0.257997936016512,FigureS-7d_e,NA
Ir,1996,0.470938158383938,FigureS-7d_e,NA
Ir,1997,0.313630880579011,FigureS-7d_e,NA
Ir,1998,0.0914913083257091,FigureS-7d_e,NA
Ir,1999,0.233618867504728,FigureS-7d_e,NA
Ir,2000,0.10761688389334,FigureS-7d_e,NA
Ir,2001,0.595789752416258,FigureS-7d_e,NA
Ir,2002,0.31326139923425,FigureS-7d_e,NA
Ir,2003,0.496710967915156,FigureS-7d_e,NA
Ir,2004,0.481154771451483,FigureS-7d_e,NA
Ir,2005,0.77049387394215,FigureS-7d_e,NA
Ir,2006,0.204130643611912,FigureS-7d_e,NA
Ir,2007,0.232072406590856,FigureS-7d_e,NA
Ir,2008,0.575928537846732,FigureS-7d_e,NA
Ir,2009,0.70096099491238,FigureS-7d_e,NA
Ir,2010,0.330384738356602,FigureS-7d_e,NA
Ir,2011,0.795987351433868,FigureS-7d_e,NA
Ir,2012,0.367840252233316,FigureS-7d_e,NA
Ir,2013,0.138568129330254,FigureS-7d_e,NA
Ir,2014,0.284153005464481,FigureS-7d_e,NA
Ir,2015,0.482948945397201,FigureS-7d_e,NA
Ir,2016,0.133651551312649,FigureS-7d_e,NA
Ir,2017,0.633460603956959,FigureS-7d_e,NA
Ir,2018,0.592996987951807,FigureS-7d_e,NA
Ir,2019,0.426378624218306,FigureS-7d_e,NA
Ir,2020,0.262110474711193,FigureS-7d_e,NA
Ir,2021,0.0831946755407654,FigureS-7d_e,NA
Ir,2022,0.319917440660475,FigureS-7d_e,NA
Tl,1996,0.458545048952782,FigureS-7d_e,NA
Tl,1997,0.663449939686369,FigureS-7d_e,NA
Tl,1998,0.0114364135407136,FigureS-7d_e,NA
Tl,1999,0.200244743575481,FigureS-7d_e,NA
Tl,2000,0.155446610068157,FigureS-7d_e,NA
Tl,2001,0.357473851449755,FigureS-7d_e,NA
Tl,2002,0.359670495417102,FigureS-7d_e,NA
Tl,2003,0.469861726406229,FigureS-7d_e,NA
Tl,2004,0.240577385725742,FigureS-7d_e,NA
Tl,2005,0.26525198938992,FigureS-7d_e,NA
Tl,2006,0.144092219020173,FigureS-7d_e,NA
Tl,2007,0.197261545602228,FigureS-7d_e,NA
Tl,2008,0.270333803479079,FigureS-7d_e,NA
Tl,2009,0.180893159977388,FigureS-7d_e,NA
Tl,2010,0.500905893637429,FigureS-7d_e,NA
Tl,2011,0.130847235852143,FigureS-7d_e,NA
Tl,2012,0.0394114555964267,FigureS-7d_e,NA
Tl,2013,NA,FigureS-7d_e,NA
Tl,2014,0.0765027322404372,FigureS-7d_e,NA
Tl,2015,0.039424403705894,FigureS-7d_e,NA
Tl,2016,0.0381861575178998,FigureS-7d_e,NA
Tl,2017,0.130163137799375,FigureS-7d_e,NA
Tl,2018,0.244728915662651,FigureS-7d_e,NA
Tl,2019,0.0852757248436612,FigureS-7d_e,NA
Tl,2020,0.0970779535967382,FigureS-7d_e,NA
Tl,2021,0.0519966722129784,FigureS-7d_e,NA
Tl,2022,0.0309597523219814,FigureS-7d_e,NA
Rb,1996,0.446151939521626,FigureS-7d_e,NA
Rb,1997,0.132689987937274,FigureS-7d_e,NA
Rb,1998,0.2516010978957,FigureS-7d_e,NA
Rb,1999,0.0667482478584937,FigureS-7d_e,NA
Rb,2000,0.119574315437044,FigureS-7d_e,NA
Rb,2001,0.172117039586919,FigureS-7d_e,NA
Rb,2002,0.255250029005685,FigureS-7d_e,NA
Rb,2003,0.147670828299101,FigureS-7d_e,NA
Rb,2004,0.389506243555963,FigureS-7d_e,NA
Rb,2005,0.189465706707086,FigureS-7d_e,NA
Rb,2006,0.216138328530259,FigureS-7d_e,NA
Rb,2007,0.0928289626363426,FigureS-7d_e,NA
Rb,2008,0.564174894217207,FigureS-7d_e,NA
Rb,2009,0.124364047484455,FigureS-7d_e,NA
Rb,2010,0.245124160716189,FigureS-7d_e,NA
Rb,2011,0.0872314905680951,FigureS-7d_e,NA
Rb,2012,0.157645822385707,FigureS-7d_e,NA
Rb,2013,0.138568129330254,FigureS-7d_e,NA
Rb,2014,0.163934426229508,FigureS-7d_e,NA
Rb,2015,0.344963532426572,FigureS-7d_e,NA
Rb,2016,0.238663484486874,FigureS-7d_e,NA
Rb,2017,0.286358903158625,FigureS-7d_e,NA
Rb,2018,0.188253012048193,FigureS-7d_e,NA
Rb,2019,0.350577979912829,FigureS-7d_e,NA
Rb,2020,0.961071740607708,FigureS-7d_e,NA
Rb,2021,0.363976705490849,FigureS-7d_e,NA
Rb,2022,0.908152734778122,FigureS-7d_e,NA
Ta,1996,0.408972611228157,FigureS-7d_e,NA
Ta,1997,0.518697225572979,FigureS-7d_e,NA
Ta,1998,0.720494053064959,FigureS-7d_e,NA
Ta,1999,0.856602514184003,FigureS-7d_e,NA
Ta,2000,0.741360755709674,FigureS-7d_e,NA
Ta,2001,0.46339202965709,FigureS-7d_e,NA
Ta,2002,0.382875043508528,FigureS-7d_e,NA
Ta,2003,0.174520069808028,FigureS-7d_e,NA
Ta,2004,0.859204949020506,FigureS-7d_e,NA
Ta,2005,0.328407224958949,FigureS-7d_e,NA
Ta,2006,0.708453410182517,FigureS-7d_e,NA
Ta,2007,0.74263170109074,FigureS-7d_e,NA
Ta,2008,0.822755054066761,FigureS-7d_e,NA
Ta,2009,0.508762012436405,FigureS-7d_e,NA
Ta,2010,1.04444207609507,FigureS-7d_e,NA
Ta,2011,0.392541707556428,FigureS-7d_e,NA
Ta,2012,0.459800315291645,FigureS-7d_e,NA
Ta,2013,0.23094688221709,FigureS-7d_e,NA
Ta,2014,0.131147540983607,FigureS-7d_e,NA
Ta,2015,0.492805046323674,FigureS-7d_e,NA
Ta,2016,0.362768496420048,FigureS-7d_e,NA
Ta,2017,0.494619923637626,FigureS-7d_e,NA
Ta,2018,0.705948795180723,FigureS-7d_e,NA
Ta,2019,0.975933295433011,FigureS-7d_e,NA
Ta,2020,1.34938355499466,FigureS-7d_e,NA
Ta,2021,1.31031613976705,FigureS-7d_e,NA
Ta,2022,1.05263157894737,FigureS-7d_e,NA
Te,1996,0.334613954641219,FigureS-7d_e,NA
Te,1997,0.470446320868516,FigureS-7d_e,NA
Te,1998,0.2516010978957,FigureS-7d_e,NA
Te,1999,0.500611858938703,FigureS-7d_e,NA
Te,2000,0.980509386583762,FigureS-7d_e,NA
Te,2001,0.913544287038263,FigureS-7d_e,NA
Te,2002,0.51050005801137,FigureS-7d_e,NA
Te,2003,0.563834071687475,FigureS-7d_e,NA
Te,2004,1.19143086264177,FigureS-7d_e,NA
Te,2005,0.85891120373879,FigureS-7d_e,NA
Te,2006,0.720461095100865,FigureS-7d_e,NA
Te,2007,0.719424460431655,FigureS-7d_e,NA
Te,2008,1.12834978843441,FigureS-7d_e,NA
Te,2009,0.814019219898248,FigureS-7d_e,NA
Te,2010,1.02312693168496,FigureS-7d_e,NA
Te,2011,1.03587395049613,FigureS-7d_e,NA
Te,2012,0.66999474513925406,FigureS-7d_e,NA
Te,2013,0.519630484988453,FigureS-7d_e,NA
Te,2014,1.20218579234973,FigureS-7d_e,NA
Te,2015,0.808200275970826,FigureS-7d_e,NA
Te,2016,0.515513126491647,FigureS-7d_e,NA
Te,2017,0.746268656716418,FigureS-7d_e,NA
Te,2018,1.31777108433735,FigureS-7d_e,NA
Te,2019,0.682205798749289,FigureS-7d_e,NA
Te,2020,0.495097563343365,FigureS-7d_e,NA
Te,2021,1.53910149750416,FigureS-7d_e,NA
Te,2022,1.09391124871001,FigureS-7d_e,NA
Th,1996,0.334613954641219,FigureS-7d_e,NA
Th,1997,0.494571773220748,FigureS-7d_e,NA
Th,1998,0.160109789569991,FigureS-7d_e,NA
Th,1999,0.389364779174547,FigureS-7d_e,NA
Th,2000,0.0956594523496353,FigureS-7d_e,NA
Th,2001,0.105918178207335,FigureS-7d_e,NA
Th,2002,0.0928181923657037,FigureS-7d_e,NA
Th,2003,0.174520069808028,FigureS-7d_e,NA
Th,2004,0.0229121319738802,FigureS-7d_e,NA
Th,2005,0.214727800934697,FigureS-7d_e,NA
Th,2006,0.228146013448607,FigureS-7d_e,NA
Th,2007,0.0928289626363426,FigureS-7d_e,NA
Th,2008,0.0940291490362012,FigureS-7d_e,NA
Th,2009,0.0113058224985868,FigureS-7d_e,NA
Th,2010,0.319727166151551,FigureS-7d_e,NA
Th,2011,0.17446298113619,FigureS-7d_e,NA
Th,2012,NA,FigureS-7d_e,NA
Th,2013,0.046189376443418,FigureS-7d_e,NA
Th,2014,NA,FigureS-7d_e,NA
Th,2015,0.0788488074117879,FigureS-7d_e,NA
Th,2016,0.276849642004773,FigureS-7d_e,NA
Th,2017,NA,FigureS-7d_e,NA
Th,2018,NA,FigureS-7d_e,NA
Th,2019,0.10422588592003,FigureS-7d_e,NA
Th,2020,0.155324725754781,FigureS-7d_e,NA
Th,2021,0.031198003327787,FigureS-7d_e,NA
Th,2022,NA,FigureS-7d_e,NA
Re,1996,0.247862188623126,FigureS-7d_e,NA
Re,1997,0.217129071170084,FigureS-7d_e,NA
Re,1998,0.594693504117109,FigureS-7d_e,NA
Re,1999,0.422738903103794,FigureS-7d_e,NA
Re,2000,0.239148630874088,FigureS-7d_e,NA
Re,2001,0.278035217794254,FigureS-7d_e,NA
Re,2002,0.208840932822833,FigureS-7d_e,NA
Re,2003,0.120821586790173,FigureS-7d_e,NA
Re,2004,0.126016725856341,FigureS-7d_e,NA
Re,2005,0.113679424024252,FigureS-7d_e,NA
Re,2006,0.396253602305476,FigureS-7d_e,NA
Re,2007,0.150847064284057,FigureS-7d_e,NA
Re,2008,0.188058298072402,FigureS-7d_e,NA
Re,2009,0.305257207461843,FigureS-7d_e,NA
Re,2010,0.682084621123308,FigureS-7d_e,NA
Re,2011,0.305310216988333,FigureS-7d_e,NA
Re,2012,0.170782974251182,FigureS-7d_e,NA
Re,2013,0.1270207852194,FigureS-7d_e,NA
Re,2014,0.109289617486339,FigureS-7d_e,NA
Re,2015,0.0985610092647349,FigureS-7d_e,NA
Re,2016,0.200477326968974,FigureS-7d_e,NA
Re,2017,0.0780978826796251,FigureS-7d_e,NA
Re,2018,0.27296686746988,FigureS-7d_e,NA
Re,2019,0.0568504832291074,FigureS-7d_e,NA
Re,2020,0.0485389767983691,FigureS-7d_e,NA
Re,2021,0.103993344425957,FigureS-7d_e,NA
Re,2022,0.103199174406605,FigureS-7d_e,NA
As,1996,0.1982897508985,FigureS-7d_e,NA
As,1997,0.60313630880579,FigureS-7d_e,NA
As,1998,1.04071363220494,FigureS-7d_e,NA
As,1999,0.678607186561353,FigureS-7d_e,NA
As,2000,0.454382398660768,FigureS-7d_e,NA
As,2001,2.54203627697604,FigureS-7d_e,NA
As,2002,0.614920524422787,FigureS-7d_e,NA
As,2003,0.375889381124983,FigureS-7d_e,NA
As,2004,0.378050177569023,FigureS-7d_e,NA
As,2005,0.416824554755589,FigureS-7d_e,NA
As,2006,0.252161383285303,FigureS-7d_e,NA
As,2007,0.406126711533999,FigureS-7d_e,NA
As,2008,0.881523272214386,FigureS-7d_e,NA
As,2009,1.8767665347654,FigureS-7d_e,NA
As,2010,2.62176276244272,FigureS-7d_e,NA
As,2011,1.77734162032494,FigureS-7d_e,NA
As,2012,0.656857593273778,FigureS-7d_e,NA
As,2013,0.438799076212471,FigureS-7d_e,NA
As,2014,1.37704918032787,FigureS-7d_e,NA
As,2015,1.1137394046915,FigureS-7d_e,NA
As,2016,0.486873508353222,FigureS-7d_e,NA
As,2017,0.511975008677543,FigureS-7d_e,NA
As,2018,0.602409638554217,FigureS-7d_e,NA
As,2019,0.644305476596551,FigureS-7d_e,NA
As,2020,0.388311814386953,FigureS-7d_e,NA
As,2021,0.301580698835275,FigureS-7d_e,NA
As,2022,0.309597523219814,FigureS-7d_e,NA
Os,1996,0.111537984880406,FigureS-7d_e,NA
Os,1997,0.14475271411339,FigureS-7d_e,NA
Os,1998,0.137236962488564,FigureS-7d_e,NA
Os,1999,0.233618867504728,FigureS-7d_e,NA
Os,2000,0.0239148630874088,FigureS-7d_e,NA
Os,2001,0.0661988613795843,FigureS-7d_e,NA
Os,2002,0.301659125188537,FigureS-7d_e,NA
Os,2003,0.0805477245267821,FigureS-7d_e,NA
Os,2004,0.400962309542903,FigureS-7d_e,NA
Os,2005,0.126310471138057,FigureS-7d_e,NA
Os,2006,0.168107588856868,FigureS-7d_e,NA
Os,2007,0.220468786261314,FigureS-7d_e,NA
Os,2008,0.575928537846732,FigureS-7d_e,NA
Os,2009,0.237422272470322,FigureS-7d_e,NA
Os,2010,0.0639454332303101,FigureS-7d_e,NA
Os,2011,0.0327118089630357,FigureS-7d_e,NA
Os,2012,NA,FigureS-7d_e,NA
Os,2013,0.023094688221709,FigureS-7d_e,NA
Os,2014,0.0327868852459016,FigureS-7d_e,NA
Os,2015,0.0985610092647349,FigureS-7d_e,NA
Os,2016,0.0381861575178998,FigureS-7d_e,NA
Os,2017,0.138840680319334,FigureS-7d_e,NA
Os,2018,0.0564759036144578,FigureS-7d_e,NA
Os,2019,0.10422588592003,FigureS-7d_e,NA
Os,2020,0.0388311814386953,FigureS-7d_e,NA
Os,2021,0.0519966722129784,FigureS-7d_e,NA
Os,2022,0.0103199174406605,FigureS-7d_e,NA
Be,1996,0.0371793282934688,FigureS-7d_e,NA
Be,1997,NA,FigureS-7d_e,NA
Be,1998,0.114364135407136,FigureS-7d_e,NA
Be,1999,NA,FigureS-7d_e,NA
Be,2000,0.0119574315437044,FigureS-7d_e,NA
Be,2001,0.0132397722759169,FigureS-7d_e,NA
Be,2002,0.104420466411417,FigureS-7d_e,NA
Be,2003,NA,FigureS-7d_e,NA
Be,2004,0.0458242639477603,FigureS-7d_e,NA
Be,2005,NA,FigureS-7d_e,NA
Be,2006,0.0120076849183477,FigureS-7d_e,NA
Be,2007,0.0580181016477141,FigureS-7d_e,NA
Be,2008,NA,FigureS-7d_e,NA
Be,2009,NA,FigureS-7d_e,NA
Be,2010,NA,FigureS-7d_e,NA
Be,2011,NA,FigureS-7d_e,NA
Be,2012,NA,FigureS-7d_e,NA
Be,2013,0.0115473441108545,FigureS-7d_e,NA
Be,2014,0.0327868852459016,FigureS-7d_e,NA
Be,2015,NA,FigureS-7d_e,NA
Be,2016,NA,FigureS-7d_e,NA
Be,2017,NA,FigureS-7d_e,NA
Be,2018,0.235316265060241,FigureS-7d_e,NA
Be,2019,0.0284252416145537,FigureS-7d_e,NA
Be,2020,0.0194155907193476,FigureS-7d_e,NA
Be,2021,0.0103993344425957,FigureS-7d_e,NA
Be,2022,0.0206398348813209,FigureS-7d_e,NA
Pm,1996,0.0123931094311563,FigureS-7d_e,NA
Pm,1997,0.060313630880579,FigureS-7d_e,NA
Pm,1998,0.0343092406221409,FigureS-7d_e,NA
Pm,1999,NA,FigureS-7d_e,NA
Pm,2000,0.0956594523496353,FigureS-7d_e,NA
Pm,2001,0.105918178207335,FigureS-7d_e,NA
Pm,2002,0.208840932822833,FigureS-7d_e,NA
Pm,2003,0.107396966035709,FigureS-7d_e,NA
Pm,2004,0.0114560659869401,FigureS-7d_e,NA
Pm,2005,0.0505241884552229,FigureS-7d_e,NA
Pm,2006,0.048030739673391,FigureS-7d_e,NA
Pm,2007,0.0812253423067997,FigureS-7d_e,NA
Pm,2008,0.0940291490362012,FigureS-7d_e,NA
Pm,2009,0.0226116449971735,FigureS-7d_e,NA
Pm,2010,0.0532878610252584,FigureS-7d_e,NA
Pm,2011,0.185366917457202,FigureS-7d_e,NA
Pm,2012,NA,FigureS-7d_e,NA
Pm,2013,NA,FigureS-7d_e,NA
Pm,2014,NA,FigureS-7d_e,NA
Pm,2015,NA,FigureS-7d_e,NA
Pm,2016,NA,FigureS-7d_e,NA
Pm,2017,NA,FigureS-7d_e,NA
Pm,2018,0.00941265060240964,FigureS-7d_e,NA
Pm,2019,0.00947508053818457,FigureS-7d_e,NA
Pm,2020,0.00970779535967381,FigureS-7d_e,NA
Pm,2021,NA,FigureS-7d_e,NA
Pm,2022,NA,FigureS-7d_e,NA
Am,1996,NA,FigureS-7d_e,NA
Am,1997,NA,FigureS-7d_e,NA
Am,1998,NA,FigureS-7d_e,NA
Am,1999,NA,FigureS-7d_e,NA
Am,2000,NA,FigureS-7d_e,NA
Am,2001,NA,FigureS-7d_e,NA
Am,2002,NA,FigureS-7d_e,NA
Am,2003,NA,FigureS-7d_e,NA
Am,2004,NA,FigureS-7d_e,NA
Am,2005,NA,FigureS-7d_e,NA
Am,2006,NA,FigureS-7d_e,NA
Am,2007,0.0580181016477141,FigureS-7d_e,NA
Am,2008,NA,FigureS-7d_e,NA
Am,2009,0.0226116449971735,FigureS-7d_e,NA
Am,2010,0.0106575722050517,FigureS-7d_e,NA
Am,2011,NA,FigureS-7d_e,NA
Am,2012,NA,FigureS-7d_e,NA
Am,2013,NA,FigureS-7d_e,NA
Am,2014,NA,FigureS-7d_e,NA
Am,2015,NA,FigureS-7d_e,NA
Am,2016,NA,FigureS-7d_e,NA
Am,2017,NA,FigureS-7d_e,NA
Am,2018,NA,FigureS-7d_e,NA
Am,2019,NA,FigureS-7d_e,NA
Am,2020,NA,FigureS-7d_e,NA
Am,2021,NA,FigureS-7d_e,NA
Am,2022,NA,FigureS-7d_e,NA
Ar,1996,NA,FigureS-7d_e,NA
Ar,1997,NA,FigureS-7d_e,NA
Ar,1998,NA,FigureS-7d_e,NA
Ar,1999,NA,FigureS-7d_e,NA
Ar,2000,NA,FigureS-7d_e,NA
Ar,2001,NA,FigureS-7d_e,NA
Ar,2002,0.0464090961828518,FigureS-7d_e,NA
Ar,2003,NA,FigureS-7d_e,NA
Ar,2004,0.0458242639477603,FigureS-7d_e,NA
Ar,2005,0.732600732600733,FigureS-7d_e,NA
Ar,2006,0.192122958693564,FigureS-7d_e,NA
Ar,2007,0.0116036203295428,FigureS-7d_e,NA
Ar,2008,NA,FigureS-7d_e,NA
Ar,2009,NA,FigureS-7d_e,NA
Ar,2010,0.0746030054353618,FigureS-7d_e,NA
Ar,2011,0.0327118089630357,FigureS-7d_e,NA
Ar,2012,0.0131371518654756,FigureS-7d_e,NA
Ar,2013,NA,FigureS-7d_e,NA
Ar,2014,NA,FigureS-7d_e,NA
Ar,2015,NA,FigureS-7d_e,NA
Ar,2016,NA,FigureS-7d_e,NA
Ar,2017,NA,FigureS-7d_e,NA
Ar,2018,NA,FigureS-7d_e,NA
Ar,2019,NA,FigureS-7d_e,NA
Ar,2020,NA,FigureS-7d_e,NA
Ar,2021,NA,FigureS-7d_e,NA
Ar,2022,NA,FigureS-7d_e,NA
Cm,1996,NA,FigureS-7d_e,NA
Cm,1997,NA,FigureS-7d_e,NA
Cm,1998,NA,FigureS-7d_e,NA
Cm,1999,NA,FigureS-7d_e,NA
Cm,2000,NA,FigureS-7d_e,NA
Cm,2001,NA,FigureS-7d_e,NA
Cm,2002,NA,FigureS-7d_e,NA
Cm,2003,NA,FigureS-7d_e,NA
Cm,2004,NA,FigureS-7d_e,NA
Cm,2005,NA,FigureS-7d_e,NA
Cm,2006,NA,FigureS-7d_e,NA
Cm,2007,NA,FigureS-7d_e,NA
Cm,2008,0.0117536436295252,FigureS-7d_e,NA
Cm,2009,0.0113058224985868,FigureS-7d_e,NA
Cm,2010,NA,FigureS-7d_e,NA
Cm,2011,0.0109039363210119,FigureS-7d_e,NA
Cm,2012,NA,FigureS-7d_e,NA
Cm,2013,NA,FigureS-7d_e,NA
Cm,2014,NA,FigureS-7d_e,NA
Cm,2015,NA,FigureS-7d_e,NA
Cm,2016,NA,FigureS-7d_e,NA
Cm,2017,NA,FigureS-7d_e,NA
Cm,2018,NA,FigureS-7d_e,NA
Cm,2019,NA,FigureS-7d_e,NA
Cm,2020,NA,FigureS-7d_e,NA
Cm,2021,NA,FigureS-7d_e,NA
Cm,2022,NA,FigureS-7d_e,NA
He,1996,NA,FigureS-7d_e,NA
He,1997,NA,FigureS-7d_e,NA
He,1998,NA,FigureS-7d_e,NA
He,1999,NA,FigureS-7d_e,NA
He,2000,NA,FigureS-7d_e,NA
He,2001,NA,FigureS-7d_e,NA
He,2002,0.278454577097111,FigureS-7d_e,NA
He,2003,NA,FigureS-7d_e,NA
He,2004,0.0343681979608203,FigureS-7d_e,NA
He,2005,NA,FigureS-7d_e,NA
He,2006,NA,FigureS-7d_e,NA
He,2007,0.0232072406590856,FigureS-7d_e,NA
He,2008,0.0235072872590503,FigureS-7d_e,NA
He,2009,NA,FigureS-7d_e,NA
He,2010,NA,FigureS-7d_e,NA
He,2011,0.0545196816050594,FigureS-7d_e,NA
He,2012,NA,FigureS-7d_e,NA
He,2013,NA,FigureS-7d_e,NA
He,2014,NA,FigureS-7d_e,NA
He,2015,NA,FigureS-7d_e,NA
He,2016,NA,FigureS-7d_e,NA
He,2017,NA,FigureS-7d_e,NA
He,2018,NA,FigureS-7d_e,NA
He,2019,NA,FigureS-7d_e,NA
He,2020,NA,FigureS-7d_e,NA
He,2021,NA,FigureS-7d_e,NA
He,2022,NA,FigureS-7d_e,NA
Kr,1996,NA,FigureS-7d_e,NA
Kr,1997,NA,FigureS-7d_e,NA
Kr,1998,NA,FigureS-7d_e,NA
Kr,1999,NA,FigureS-7d_e,NA
Kr,2000,NA,FigureS-7d_e,NA
Kr,2001,NA,FigureS-7d_e,NA
Kr,2002,NA,FigureS-7d_e,NA
Kr,2003,NA,FigureS-7d_e,NA
Kr,2004,NA,FigureS-7d_e,NA
Kr,2005,0.618921308576481,FigureS-7d_e,NA
Kr,2006,0.0120076849183477,FigureS-7d_e,NA
Kr,2007,NA,FigureS-7d_e,NA
Kr,2008,NA,FigureS-7d_e,NA
Kr,2009,NA,FigureS-7d_e,NA
Kr,2010,0.0532878610252584,FigureS-7d_e,NA
Kr,2011,NA,FigureS-7d_e,NA
Kr,2012,NA,FigureS-7d_e,NA
Kr,2013,NA,FigureS-7d_e,NA
Kr,2014,NA,FigureS-7d_e,NA
Kr,2015,NA,FigureS-7d_e,NA
Kr,2016,NA,FigureS-7d_e,NA
Kr,2017,NA,FigureS-7d_e,NA
Kr,2018,NA,FigureS-7d_e,NA
Kr,2019,NA,FigureS-7d_e,NA
Kr,2020,NA,FigureS-7d_e,NA
Kr,2021,NA,FigureS-7d_e,NA
Kr,2022,NA,FigureS-7d_e,NA
Ne,1996,NA,FigureS-7d_e,NA
Ne,1997,NA,FigureS-7d_e,NA
Ne,1998,NA,FigureS-7d_e,NA
Ne,1999,NA,FigureS-7d_e,NA
Ne,2000,0.0239148630874088,FigureS-7d_e,NA
Ne,2001,NA,FigureS-7d_e,NA
Ne,2002,0.0232045480914259,FigureS-7d_e,NA
Ne,2003,NA,FigureS-7d_e,NA
Ne,2004,0.0458242639477603,FigureS-7d_e,NA
Ne,2005,0.0631552355690287,FigureS-7d_e,NA
Ne,2006,NA,FigureS-7d_e,NA
Ne,2007,NA,FigureS-7d_e,NA
Ne,2008,NA,FigureS-7d_e,NA
Ne,2009,NA,FigureS-7d_e,NA
Ne,2010,NA,FigureS-7d_e,NA
Ne,2011,0.0436157452840475,FigureS-7d_e,NA
Ne,2012,NA,FigureS-7d_e,NA
Ne,2013,NA,FigureS-7d_e,NA
Ne,2014,NA,FigureS-7d_e,NA
Ne,2015,NA,FigureS-7d_e,NA
Ne,2016,NA,FigureS-7d_e,NA
Ne,2017,NA,FigureS-7d_e,NA
Ne,2018,NA,FigureS-7d_e,NA
Ne,2019,NA,FigureS-7d_e,NA
Ne,2020,NA,FigureS-7d_e,NA
Ne,2021,NA,FigureS-7d_e,NA
Ne,2022,NA,FigureS-7d_e,NA
No,1996,NA,FigureS-7d_e,NA
No,1997,0.0120627261761158,FigureS-7d_e,NA
No,1998,NA,FigureS-7d_e,NA
No,1999,NA,FigureS-7d_e,NA
No,2000,NA,FigureS-7d_e,NA
No,2001,NA,FigureS-7d_e,NA
No,2002,NA,FigureS-7d_e,NA
No,2003,NA,FigureS-7d_e,NA
No,2004,NA,FigureS-7d_e,NA
No,2005,NA,FigureS-7d_e,NA
No,2006,NA,FigureS-7d_e,NA
No,2007,NA,FigureS-7d_e,NA
No,2008,NA,FigureS-7d_e,NA
No,2009,NA,FigureS-7d_e,NA
No,2010,NA,FigureS-7d_e,NA
No,2011,NA,FigureS-7d_e,NA
No,2012,NA,FigureS-7d_e,NA
No,2013,NA,FigureS-7d_e,NA
No,2014,NA,FigureS-7d_e,NA
No,2015,NA,FigureS-7d_e,NA
No,2016,NA,FigureS-7d_e,NA
No,2017,NA,FigureS-7d_e,NA
No,2018,NA,FigureS-7d_e,NA
No,2019,NA,FigureS-7d_e,NA
No,2020,NA,FigureS-7d_e,NA
No,2021,NA,FigureS-7d_e,NA
No,2022,NA,FigureS-7d_e,NA
Np,1996,NA,FigureS-7d_e,NA
Np,1997,NA,FigureS-7d_e,NA
Np,1998,NA,FigureS-7d_e,NA
Np,1999,NA,FigureS-7d_e,NA
Np,2000,NA,FigureS-7d_e,NA
Np,2001,NA,FigureS-7d_e,NA
Np,2002,NA,FigureS-7d_e,NA
Np,2003,NA,FigureS-7d_e,NA
Np,2004,NA,FigureS-7d_e,NA
Np,2005,0.0126310471138057,FigureS-7d_e,NA
Np,2006,NA,FigureS-7d_e,NA
Np,2007,NA,FigureS-7d_e,NA
Np,2008,NA,FigureS-7d_e,NA
Np,2009,0.113058224985868,FigureS-7d_e,NA
Np,2010,NA,FigureS-7d_e,NA
Np,2011,NA,FigureS-7d_e,NA
Np,2012,NA,FigureS-7d_e,NA
Np,2013,0.023094688221709,FigureS-7d_e,NA
Np,2014,NA,FigureS-7d_e,NA
Np,2015,NA,FigureS-7d_e,NA
Np,2016,NA,FigureS-7d_e,NA
Np,2017,NA,FigureS-7d_e,NA
Np,2018,NA,FigureS-7d_e,NA
Np,2019,NA,FigureS-7d_e,NA
Np,2020,NA,FigureS-7d_e,NA
Np,2021,NA,FigureS-7d_e,NA
Np,2022,NA,FigureS-7d_e,NA
Po,1996,NA,FigureS-7d_e,NA
Po,1997,NA,FigureS-7d_e,NA
Po,1998,NA,FigureS-7d_e,NA
Po,1999,NA,FigureS-7d_e,NA
Po,2000,NA,FigureS-7d_e,NA
Po,2001,NA,FigureS-7d_e,NA
Po,2002,NA,FigureS-7d_e,NA
Po,2003,NA,FigureS-7d_e,NA
Po,2004,NA,FigureS-7d_e,NA
Po,2005,0.0126310471138057,FigureS-7d_e,NA
Po,2006,NA,FigureS-7d_e,NA
Po,2007,NA,FigureS-7d_e,NA
Po,2008,NA,FigureS-7d_e,NA
Po,2009,NA,FigureS-7d_e,NA
Po,2010,NA,FigureS-7d_e,NA
Po,2011,NA,FigureS-7d_e,NA
Po,2012,NA,FigureS-7d_e,NA
Po,2013,NA,FigureS-7d_e,NA
Po,2014,NA,FigureS-7d_e,NA
Po,2015,NA,FigureS-7d_e,NA
Po,2016,NA,FigureS-7d_e,NA
Po,2017,NA,FigureS-7d_e,NA
Po,2018,NA,FigureS-7d_e,NA
Po,2019,NA,FigureS-7d_e,NA
Po,2020,NA,FigureS-7d_e,NA
Po,2021,NA,FigureS-7d_e,NA
Po,2022,NA,FigureS-7d_e,NA
Pu,1996,NA,FigureS-7d_e,NA
Pu,1997,NA,FigureS-7d_e,NA
Pu,1998,0.0571820677035682,FigureS-7d_e,NA
Pu,1999,0.0111247079764156,FigureS-7d_e,NA
Pu,2000,0.0119574315437044,FigureS-7d_e,NA
Pu,2001,NA,FigureS-7d_e,NA
Pu,2002,0.0696136442742778,FigureS-7d_e,NA
Pu,2003,0.107396966035709,FigureS-7d_e,NA
Pu,2004,0.0229121319738802,FigureS-7d_e,NA
Pu,2005,NA,FigureS-7d_e,NA
Pu,2006,NA,FigureS-7d_e,NA
Pu,2007,0.0116036203295428,FigureS-7d_e,NA
Pu,2008,NA,FigureS-7d_e,NA
Pu,2009,0.0226116449971735,FigureS-7d_e,NA
Pu,2010,NA,FigureS-7d_e,NA
Pu,2011,0.0327118089630357,FigureS-7d_e,NA
Pu,2012,NA,FigureS-7d_e,NA
Pu,2013,0.023094688221709,FigureS-7d_e,NA
Pu,2014,NA,FigureS-7d_e,NA
Pu,2015,NA,FigureS-7d_e,NA
Pu,2016,NA,FigureS-7d_e,NA
Pu,2017,NA,FigureS-7d_e,NA
Pu,2018,NA,FigureS-7d_e,NA
Pu,2019,NA,FigureS-7d_e,NA
Pu,2020,0.00970779535967381,FigureS-7d_e,NA
Pu,2021,NA,FigureS-7d_e,NA
Pu,2022,NA,FigureS-7d_e,NA
Tc,1996,NA,FigureS-7d_e,NA
Tc,1997,NA,FigureS-7d_e,NA
Tc,1998,NA,FigureS-7d_e,NA
Tc,1999,NA,FigureS-7d_e,NA
Tc,2000,NA,FigureS-7d_e,NA
Tc,2001,NA,FigureS-7d_e,NA
Tc,2002,NA,FigureS-7d_e,NA
Tc,2003,NA,FigureS-7d_e,NA
Tc,2004,NA,FigureS-7d_e,NA
Tc,2005,0.0252620942276115,FigureS-7d_e,NA
Tc,2006,NA,FigureS-7d_e,NA
Tc,2007,NA,FigureS-7d_e,NA
Tc,2008,0.0117536436295252,FigureS-7d_e,NA
Tc,2009,NA,FigureS-7d_e,NA
Tc,2010,0.106575722050517,FigureS-7d_e,NA
Tc,2011,NA,FigureS-7d_e,NA
Tc,2012,NA,FigureS-7d_e,NA
Tc,2013,NA,FigureS-7d_e,NA
Tc,2014,NA,FigureS-7d_e,NA
Tc,2015,NA,FigureS-7d_e,NA
Tc,2016,0.0190930787589499,FigureS-7d_e,NA
Tc,2017,NA,FigureS-7d_e,NA
Tc,2018,0.00941265060240964,FigureS-7d_e,NA
Tc,2019,NA,FigureS-7d_e,NA
Tc,2020,NA,FigureS-7d_e,NA
Tc,2021,NA,FigureS-7d_e,NA
Tc,2022,NA,FigureS-7d_e,NA
Xe,1996,NA,FigureS-7d_e,NA
Xe,1997,0.0361881785283474,FigureS-7d_e,NA
Xe,1998,NA,FigureS-7d_e,NA
Xe,1999,NA,FigureS-7d_e,NA
Xe,2000,NA,FigureS-7d_e,NA
Xe,2001,0.0264795445518337,FigureS-7d_e,NA
Xe,2002,NA,FigureS-7d_e,NA
Xe,2003,NA,FigureS-7d_e,NA
Xe,2004,0.0458242639477603,FigureS-7d_e,NA
Xe,2005,0.492610837438424,FigureS-7d_e,NA
Xe,2006,0.0120076849183477,FigureS-7d_e,NA
Xe,2007,NA,FigureS-7d_e,NA
Xe,2008,NA,FigureS-7d_e,NA
Xe,2009,NA,FigureS-7d_e,NA
Xe,2010,0.0532878610252584,FigureS-7d_e,NA
Xe,2011,NA,FigureS-7d_e,NA
Xe,2012,NA,FigureS-7d_e,NA
Xe,2013,NA,FigureS-7d_e,NA
Xe,2014,NA,FigureS-7d_e,NA
Xe,2015,NA,FigureS-7d_e,NA
Xe,2016,NA,FigureS-7d_e,NA
Xe,2017,NA,FigureS-7d_e,NA
Xe,2018,NA,FigureS-7d_e,NA
Xe,2019,NA,FigureS-7d_e,NA
Xe,2020,NA,FigureS-7d_e,NA
Xe,2021,0.228785357737105,FigureS-7d_e,NA
Xe,2022,NA,FigureS-7d_e,NA
