"Country","Year","Value.x","source.x","iso3c","Value.y","source.y","substance"
"Montenegro",1999,0.00366766101031835,"Figure-12-a_b","MNE",NA,NA,NA
"Montenegro",2000,0.00081561330103501,"Figure-12-a_b","MNE",NA,NA,NA
"Montenegro",2001,0.00364495526957853,"Figure-12-a_b","MNE",NA,NA,NA
"Montenegro",2003,0.00075261458568525,"Figure-12-a_b","MNE",NA,NA,NA
"Montenegro",2004,0.00142672220078535,"Figure-12-a_b","MNE",NA,NA,NA
"Montenegro",2005,0.00181028240405503,"Figure-12-a_b","MNE",NA,NA,NA
"Montenegro",2006,0.00247928333916696,"Figure-12-a_b","MNE",NA,NA,NA
"Montenegro",2007,0.00087315273624238,"Figure-12-a_b","MNE",NA,NA,NA
"Montenegro",2014,0.00340095566854286,"Figure-12-a_b","MNE",NA,NA,NA
"Montenegro",2015,0.00188345199080875,"Figure-12-a_b","MNE",NA,NA,NA
"Montenegro",2016,0.00566155190634908,"Figure-12-a_b","MNE",NA,NA,NA
"Montenegro",2017,0.00128331055458238,"Figure-12-a_b","MNE",NA,NA,NA
"Montenegro",2018,0.00371299081035923,"Figure-12-a_b","MNE",NA,NA,NA
"Montenegro",2019,0.00175482858827493,"Figure-12-a_b","MNE",NA,NA,NA
"Montenegro",2020,0.0025128586197984,"Figure-12-a_b","MNE",NA,NA,NA
"Montenegro",2021,0.00050291262135922,"Figure-12-a_b","MNE",NA,NA,NA
"Italy",1996,3.73745884426931,"Figure-12-a_b","ITA",NA,NA,NA
"Italy",1997,3.1545926702592,"Figure-12-a_b","ITA",NA,NA,NA
"Italy",1998,3.40248507735412,"Figure-12-a_b","ITA",NA,NA,NA
"Italy",1999,3.26434055455035,"Figure-12-a_b","ITA",NA,NA,NA
"Italy",2000,4.48259071668012,"Figure-12-a_b","ITA",NA,NA,NA
"Italy",2001,3.48954695498254,"Figure-12-a_b","ITA",NA,NA,NA
"Italy",2002,4.90796160361378,"Figure-12-a_b","ITA",NA,NA,NA
"Italy",2003,3.93059381350192,"Figure-12-a_b","ITA",NA,NA,NA
"Italy",2004,4.2405974079034,"Figure-12-a_b","ITA",NA,NA,NA
"Italy",2005,4.47114862418537,"Figure-12-a_b","ITA",NA,NA,NA
"Italy",2006,3.64055390269514,"Figure-12-a_b","ITA",NA,NA,NA
"Italy",2007,3.86756455873044,"Figure-12-a_b","ITA",NA,NA,NA
"Italy",2008,3.15838260835626,"Figure-12-a_b","ITA",NA,NA,NA
"Italy",2009,2.96639627107008,"Figure-12-a_b","ITA",NA,NA,NA
"Italy",2010,3.03683665246921,"Figure-12-a_b","ITA",NA,NA,NA
"Italy",2011,2.47931683752068,"Figure-12-a_b","ITA",NA,NA,NA
"Italy",2012,2.44225919297104,"Figure-12-a_b","ITA",NA,NA,NA
"Italy",2013,2.47557372945005,"Figure-12-a_b","ITA",NA,NA,NA
"Italy",2014,2.4315472647814,"Figure-12-a_b","ITA",NA,NA,NA
"Italy",2015,2.20659584887181,"Figure-12-a_b","ITA",NA,NA,NA
"Italy",2016,2.26241768961873,"Figure-12-a_b","ITA",NA,NA,NA
"Italy",2017,1.9174016824193,"Figure-12-a_b","ITA",NA,NA,NA
"Italy",2018,2.59160401002506,"Figure-12-a_b","ITA",NA,NA,NA
"Italy",2019,1.81025311657682,"Figure-12-a_b","ITA",NA,NA,NA
"Italy",2020,1.99419746704575,"Figure-12-a_b","ITA",NA,NA,NA
"Italy",2021,2.0588996763754,"Figure-12-a_b","ITA",NA,NA,NA
"Italy",2022,1.84380566604036,"Figure-12-a_b","ITA",NA,NA,NA
"Madagascar",2003,0.00406412282682321,"Figure-12-a_b","MDG",NA,NA,NA
"Madagascar",2011,0.00202076874797923,"Figure-12-a_b","MDG",NA,NA,NA
"Madagascar",2021,0.00032330097087378,"Figure-12-a_b","MDG",NA,NA,NA
"Madagascar",2022,0.00030501939923379,"Figure-12-a_b","MDG",NA,NA,NA
"North Macedonia",1997,0.00243837019336276,"Figure-12-a_b","MKD",NA,NA,NA
"North Macedonia",1999,0.0317863954227591,"Figure-12-a_b","MKD",NA,NA,NA
"North Macedonia",2001,0.00179400086112041,"Figure-12-a_b","MKD",NA,NA,NA
"North Macedonia",2003,0.00677353804470535,"Figure-12-a_b","MKD",NA,NA,NA
"North Macedonia",2004,0.00151319200127108,"Figure-12-a_b","MKD",NA,NA,NA
"North Macedonia",2022,0.00017429686928088,"Figure-12-a_b","MKD",NA,NA,NA
"South Korea",1996,0.418772198169704,"Figure-12-a_b","KOR",NA,NA,NA
"South Korea",1997,0.574399551339884,"Figure-12-a_b","KOR",NA,NA,NA
"South Korea",1998,0.482787184797174,"Figure-12-a_b","KOR",NA,NA,NA
"South Korea",1999,0.878079612694997,"Figure-12-a_b","KOR",NA,NA,NA
"South Korea",2000,0.921177420538795,"Figure-12-a_b","KOR",NA,NA,NA
"South Korea",2001,0.876390948667655,"Figure-12-a_b","KOR",NA,NA,NA
"South Korea",2002,1.09619329945417,"Figure-12-a_b","KOR",NA,NA,NA
"South Korea",2003,0.859047188981712,"Figure-12-a_b","KOR",NA,NA,NA
"South Korea",2004,0.882872188301519,"Figure-12-a_b","KOR",NA,NA,NA
"South Korea",2005,1.1116966871832,"Figure-12-a_b","KOR",NA,NA,NA
"South Korea",2006,1.24593979698985,"Figure-12-a_b","KOR",NA,NA,NA
"South Korea",2007,1.17997424199428,"Figure-12-a_b","KOR",NA,NA,NA
"South Korea",2008,1.26046484397869,"Figure-12-a_b","KOR",NA,NA,NA
"South Korea",2009,1.15841448212318,"Figure-12-a_b","KOR",NA,NA,NA
"South Korea",2010,1.62632861363724,"Figure-12-a_b","KOR",NA,NA,NA
"South Korea",2011,1.38792673881207,"Figure-12-a_b","KOR",NA,NA,NA
"South Korea",2012,1.85121420436056,"Figure-12-a_b","KOR",NA,NA,NA
"South Korea",2013,1.42536593507469,"Figure-12-a_b","KOR",NA,NA,NA
"South Korea",2014,1.64481779380006,"Figure-12-a_b","KOR",NA,NA,NA
"South Korea",2015,1.87558481184315,"Figure-12-a_b","KOR",NA,NA,NA
"South Korea",2016,1.79298227786359,"Figure-12-a_b","KOR",NA,NA,NA
"South Korea",2017,1.27785712910739,"Figure-12-a_b","KOR",NA,NA,NA
"South Korea",2018,1.70010442773601,"Figure-12-a_b","KOR",NA,NA,NA
"South Korea",2019,1.52387129380054,"Figure-12-a_b","KOR",NA,NA,NA
"South Korea",2020,1.10316188506935,"Figure-12-a_b","KOR",NA,NA,NA
"South Korea",2021,1.44720619186639,"Figure-12-a_b","KOR",NA,NA,NA
"South Korea",2022,1.36338059100559,"Figure-12-a_b","KOR",NA,NA,NA
"Mali",2016,0.00203235509308186,"Figure-12-a_b","MLI",NA,NA,NA
"Mali",2020,0.00117484061342293,"Figure-12-a_b","MLI",NA,NA,NA
"Mongolia",2008,0.00055756688718459,"Figure-12-a_b","MNG",NA,NA,NA
"Mongolia",2009,0.00108399125580387,"Figure-12-a_b","MNG",NA,NA,NA
"Mongolia",2011,0.00507173966792826,"Figure-12-a_b","MNG",NA,NA,NA
"Macao SAR China",2012,0.00305076472502441,"Figure-12-a_b","MAC",NA,NA,NA
"Macao SAR China",2013,0.00064906784611533,"Figure-12-a_b","MAC",NA,NA,NA
"Macao SAR China",2014,0.0397345554100702,"Figure-12-a_b","MAC",NA,NA,NA
"Macao SAR China",2015,0.00242157305910272,"Figure-12-a_b","MAC",NA,NA,NA
"Macao SAR China",2016,0.0325853589139094,"Figure-12-a_b","MAC",NA,NA,NA
"Macao SAR China",2017,0.020853721919575,"Figure-12-a_b","MAC",NA,NA,NA
"Macao SAR China",2018,0.0221585213032581,"Figure-12-a_b","MAC",NA,NA,NA
"Macao SAR China",2020,0.00172309813043853,"Figure-12-a_b","MAC",NA,NA,NA
"Macao SAR China",2021,0.101773598569715,"Figure-12-a_b","MAC",NA,NA,NA
"Macao SAR China",2022,0.00756448110099802,"Figure-12-a_b","MAC",NA,NA,NA
"Qatar",1997,0.00650232864353466,"Figure-12-a_b","QAT",NA,NA,NA
"Qatar",1998,0.00243635034717992,"Figure-12-a_b","QAT",NA,NA,NA
"Qatar",2001,0.0203320097593647,"Figure-12-a_b","QAT",NA,NA,NA
"Qatar",2004,0.00283723358376648,"Figure-12-a_b","QAT",NA,NA,NA
"Qatar",2007,0.0267403025474231,"Figure-12-a_b","QAT",NA,NA,NA
"Qatar",2008,0.0243935757079016,"Figure-12-a_b","QAT",NA,NA,NA
"Qatar",2009,0.00135498906975484,"Figure-12-a_b","QAT",NA,NA,NA
"Qatar",2010,0.0157323203253904,"Figure-12-a_b","QAT",NA,NA,NA
"Qatar",2011,0.00931930999068069,"Figure-12-a_b","QAT",NA,NA,NA
"Qatar",2012,0.0332193703221608,"Figure-12-a_b","QAT",NA,NA,NA
"Qatar",2013,0.0108937327881165,"Figure-12-a_b","QAT",NA,NA,NA
"Qatar",2014,0.0288676518101587,"Figure-12-a_b","QAT",NA,NA,NA
"Qatar",2015,0.0239825592345651,"Figure-12-a_b","QAT",NA,NA,NA
"Qatar",2016,0.0332434354930493,"Figure-12-a_b","QAT",NA,NA,NA
"Qatar",2017,0.0272224681899555,"Figure-12-a_b","QAT",NA,NA,NA
"Qatar",2018,0.00232725563909774,"Figure-12-a_b","QAT",NA,NA,NA
"Qatar",2019,0.0106292537061995,"Figure-12-a_b","QAT",NA,NA,NA
"Qatar",2020,0.00642487292151288,"Figure-12-a_b","QAT",NA,NA,NA
"Qatar",2021,0.0166473170842103,"Figure-12-a_b","QAT",NA,NA,NA
"Qatar",2022,0.00806993484785632,"Figure-12-a_b","QAT",NA,NA,NA
"Kuwait",1996,0.00604912762813367,"Figure-12-a_b","KWT",NA,NA,NA
"Kuwait",1997,0.0195069615469021,"Figure-12-a_b","KWT",NA,NA,NA
"Kuwait",1998,0.00771511755390425,"Figure-12-a_b","KWT",NA,NA,NA
"Kuwait",1999,0.0238397965670693,"Figure-12-a_b","KWT",NA,NA,NA
"Kuwait",2000,0.0012234211749737,"Figure-12-a_b","KWT",NA,NA,NA
"Kuwait",2001,0.00059800028704013,"Figure-12-a_b","KWT",NA,NA,NA
"Kuwait",2002,0.0104142433653303,"Figure-12-a_b","KWT",NA,NA,NA
"Kuwait",2004,0.00103172027146651,"Figure-12-a_b","KWT",NA,NA,NA
"Kuwait",2005,0.00075428358073859,"Figure-12-a_b","KWT",NA,NA,NA
"Kuwait",2006,0.0831291564578229,"Figure-12-a_b","KWT",NA,NA,NA
"Kuwait",2008,0.00696959584723767,"Figure-12-a_b","KWT",NA,NA,NA
"Kuwait",2009,0.0126465646510451,"Figure-12-a_b","KWT",NA,NA,NA
"Kuwait",2011,0.0112212099887788,"Figure-12-a_b","KWT",NA,NA,NA
"Kuwait",2012,0.0298297673283436,"Figure-12-a_b","KWT",NA,NA,NA
"Kuwait",2013,0.0324905282483518,"Figure-12-a_b","KWT",NA,NA,NA
"Kuwait",2014,0.011984321594368,"Figure-12-a_b","KWT",NA,NA,NA
"Kuwait",2015,0.032454514634422,"Figure-12-a_b","KWT",NA,NA,NA
"Kuwait",2016,0.0191041378749695,"Figure-12-a_b","KWT",NA,NA,NA
"Kuwait",2017,0.016453868216905,"Figure-12-a_b","KWT",NA,NA,NA
"Kuwait",2018,0.00208855472013367,"Figure-12-a_b","KWT",NA,NA,NA
"Kuwait",2019,0.0531012045148248,"Figure-12-a_b","KWT",NA,NA,NA
"Kuwait",2020,0.0231181614542948,"Figure-12-a_b","KWT",NA,NA,NA
"Kuwait",2021,0.0480532735872542,"Figure-12-a_b","KWT",NA,NA,NA
"Kuwait",2022,0.0140134696566702,"Figure-12-a_b","KWT",NA,NA,NA
"Mauritania",2003,0.00225784601490178,"Figure-12-a_b","MRT",NA,NA,NA
"Mauritania",2004,0.00113489343350659,"Figure-12-a_b","MRT",NA,NA,NA
"Mauritania",2012,0.00325414904002603,"Figure-12-a_b","MRT",NA,NA,NA
"Mauritania",2017,0.00054998941269321,"Figure-12-a_b","MRT",NA,NA,NA
"Mauritania",2019,0.00526448787061995,"Figure-12-a_b","MRT",NA,NA,NA
"Mauritania",2020,0.002871823037822,"Figure-12-a_b","MRT",NA,NA,NA
"Mauritania",2021,0.00775922782718899,"Figure-12-a_b","MRT",NA,NA,NA
"Kazakhstan",2003,0.00084669225558816,"Figure-12-a_b","KAZ",NA,NA,NA
"Kazakhstan",2004,0.00302637492339469,"Figure-12-a_b","KAZ",NA,NA,NA
"Kazakhstan",2006,0.0153132656632832,"Figure-12-a_b","KAZ",NA,NA,NA
"Kazakhstan",2007,0.0130972910436358,"Figure-12-a_b","KAZ",NA,NA,NA
"Kazakhstan",2010,0.00383715129887571,"Figure-12-a_b","KAZ",NA,NA,NA
"Kazakhstan",2011,0.0076075999923924,"Figure-12-a_b","KAZ",NA,NA,NA
"Kazakhstan",2013,0.0005563431527998,"Figure-12-a_b","KAZ",NA,NA,NA
"Kazakhstan",2014,0.0117487543999864,"Figure-12-a_b","KAZ",NA,NA,NA
"Kazakhstan",2016,0.0089423624095602,"Figure-12-a_b","KAZ",NA,NA,NA
"Kazakhstan",2017,0.00622404666114843,"Figure-12-a_b","KAZ",NA,NA,NA
"Kazakhstan",2018,0.00069618421052631,"Figure-12-a_b","KAZ",NA,NA,NA
"Kazakhstan",2019,0.0153422127695418,"Figure-12-a_b","KAZ",NA,NA,NA
"Kazakhstan",2020,0.00381823468596537,"Figure-12-a_b","KAZ",NA,NA,NA
"Kazakhstan",2021,0.00226310905922556,"Figure-12-a_b","KAZ",NA,NA,NA
"Kazakhstan",2022,0.00637768722090725,"Figure-12-a_b","KAZ",NA,NA,NA
"Malta",2013,0.00166903112743053,"Figure-12-a_b","MLT",NA,NA,NA
"Malta",2014,0.00396777594504056,"Figure-12-a_b","MLT",NA,NA,NA
"Malta",2015,0.00188345199080875,"Figure-12-a_b","MLT",NA,NA,NA
"Malta",2016,0.00406471018616373,"Figure-12-a_b","MLT",NA,NA,NA
"Malta",2017,0.0057748946081734,"Figure-12-a_b","MLT",NA,NA,NA
"Malta",2018,0.00835421888053467,"Figure-12-a_b","MLT",NA,NA,NA
"Malta",2019,0.00210579514824798,"Figure-12-a_b","MLT",NA,NA,NA
"Malta",2021,0.0120699074388395,"Figure-12-a_b","MLT",NA,NA,NA
"Malta",2022,0.00183011639540275,"Figure-12-a_b","MLT",NA,NA,NA
"Oman",1996,0.00115221528011822,"Figure-12-a_b","OMN",NA,NA,NA
"Oman",1998,0.00292362041661591,"Figure-12-a_b","OMN",NA,NA,NA
"Oman",1999,0.00655733776712798,"Figure-12-a_b","OMN",NA,NA,NA
"Oman",2000,0.00524324059800827,"Figure-12-a_b","OMN",NA,NA,NA
"Oman",2002,0.0213985507246377,"Figure-12-a_b","OMN",NA,NA,NA
"Oman",2003,0.0104967035448182,"Figure-12-a_b","OMN",NA,NA,NA
"Oman",2004,0.0136943731983567,"Figure-12-a_b","OMN",NA,NA,NA
"Oman",2005,0.00890054761042723,"Figure-12-a_b","OMN",NA,NA,NA
"Oman",2006,0.00875043752187609,"Figure-12-a_b","OMN",NA,NA,NA
"Oman",2007,0.0109144092030298,"Figure-12-a_b","OMN",NA,NA,NA
"Oman",2008,0.00195148605663213,"Figure-12-a_b","OMN",NA,NA,NA
"Oman",2010,0.01598812401673,"Figure-12-a_b","OMN",NA,NA,NA
"Oman",2011,0.001729000171171,"Figure-12-a_b","OMN",NA,NA,NA
"Oman",2012,0.0210685811910185,"Figure-12-a_b","OMN",NA,NA,NA
"Oman",2013,0.0173579237252775,"Figure-12-a_b","OMN",NA,NA,NA
"Oman",2014,0.0353133130409645,"Figure-12-a_b","OMN",NA,NA,NA
"Oman",2015,0.001506761592647,"Figure-12-a_b","OMN",NA,NA,NA
"Oman",2016,0.0449150475571092,"Figure-12-a_b","OMN",NA,NA,NA
"Oman",2017,0.0134907890431,"Figure-12-a_b","OMN",NA,NA,NA
"Oman",2018,0.024671679197995,"Figure-12-a_b","OMN",NA,NA,NA
"Oman",2019,0.0231786977762803,"Figure-12-a_b","OMN",NA,NA,NA
"Oman",2020,0.0253896355647454,"Figure-12-a_b","OMN",NA,NA,NA
"Oman",2021,0.030569850861113,"Figure-12-a_b","OMN",NA,NA,NA
"Oman",2022,0.0109603718796515,"Figure-12-a_b","OMN",NA,NA,NA
"Mauritius",1999,0.0195608587216979,"Figure-12-a_b","MUS",NA,NA,NA
"Mauritius",2000,0.0293621081993687,"Figure-12-a_b","MUS",NA,NA,NA
"Mauritius",2004,0.0317770161381846,"Figure-12-a_b","MUS",NA,NA,NA
"Mauritius",2013,0.0273721104898606,"Figure-12-a_b","MUS",NA,NA,NA
"Mauritius",2014,0.00113365245634023,"Figure-12-a_b","MUS",NA,NA,NA
"Mauritius",2015,0.0132155610803481,"Figure-12-a_b","MUS",NA,NA,NA
"Mauritius",2016,0.00508088773270466,"Figure-12-a_b","MUS",NA,NA,NA
"Mauritius",2017,0.00317771275674219,"Figure-12-a_b","MUS",NA,NA,NA
"Mauritius",2019,0.00140386413409704,"Figure-12-a_b","MUS",NA,NA,NA
"Mauritius",2021,0.00181048724738045,"Figure-12-a_b","MUS",NA,NA,NA
"Saudi Arabia",1996,0.0492572524823063,"Figure-12-a_b","SAU",NA,NA,NA
"Saudi Arabia",1997,0.0325115212991636,"Figure-12-a_b","SAU",NA,NA,NA
"Saudi Arabia",1998,0.0267998538189792,"Figure-12-a_b","SAU",NA,NA,NA
"Saudi Arabia",1999,0.0713157122597682,"Figure-12-a_b","SAU",NA,NA,NA
"Saudi Arabia",2000,0.0273231544691576,"Figure-12-a_b","SAU",NA,NA,NA
"Saudi Arabia",2001,0.0105931445247094,"Figure-12-a_b","SAU",NA,NA,NA
"Saudi Arabia",2002,0.0703856107660456,"Figure-12-a_b","SAU",NA,NA,NA
"Saudi Arabia",2003,0.110069993226462,"Figure-12-a_b","SAU",NA,NA,NA
"Saudi Arabia",2004,0.0514485779785278,"Figure-12-a_b","SAU",NA,NA,NA
"Saudi Arabia",2005,0.0143942568790731,"Figure-12-a_b","SAU",NA,NA,NA
"Saudi Arabia",2006,0.0578570178508926,"Figure-12-a_b","SAU",NA,NA,NA
"Saudi Arabia",2007,0.0918888476566764,"Figure-12-a_b","SAU",NA,NA,NA
"Saudi Arabia",2008,0.0400054641609586,"Figure-12-a_b","SAU",NA,NA,NA
"Saudi Arabia",2009,0.0573310328630016,"Figure-12-a_b","SAU",NA,NA,NA
"Saudi Arabia",2010,0.0770214113042477,"Figure-12-a_b","SAU",NA,NA,NA
"Saudi Arabia",2011,0.203817113296183,"Figure-12-a_b","SAU",NA,NA,NA
"Saudi Arabia",2012,0.155871298405467,"Figure-12-a_b","SAU",NA,NA,NA
"Saudi Arabia",2013,0.277526495869148,"Figure-12-a_b","SAU",NA,NA,NA
"Saudi Arabia",2014,0.335114867277705,"Figure-12-a_b","SAU",NA,NA,NA
"Saudi Arabia",2015,0.352173503597393,"Figure-12-a_b","SAU",NA,NA,NA
"Saudi Arabia",2016,0.447408747256321,"Figure-12-a_b","SAU",NA,NA,NA
"Saudi Arabia",2017,0.351423511520915,"Figure-12-a_b","SAU",NA,NA,NA
"Saudi Arabia",2018,0.423139097744361,"Figure-12-a_b","SAU",NA,NA,NA
"Saudi Arabia",2019,0.58498778638814,"Figure-12-a_b","SAU",NA,NA,NA
"Saudi Arabia",2020,0.628329887137072,"Figure-12-a_b","SAU",NA,NA,NA
"Saudi Arabia",2021,0.701418969380134,"Figure-12-a_b","SAU",NA,NA,NA
"Saudi Arabia",2022,0.675305629438032,"Figure-12-a_b","SAU",NA,NA,NA
"Mexico",1996,0.131547196225339,"Figure-12-a_b","MEX",NA,NA,NA
"Mexico",1997,0.167362658798859,"Figure-12-a_b","MEX",NA,NA,NA
"Mexico",1998,0.260187598976733,"Figure-12-a_b","MEX",NA,NA,NA
"Mexico",1999,0.347916768546139,"Figure-12-a_b","MEX",NA,NA,NA
"Mexico",2000,0.45161613937214,"Figure-12-a_b","MEX",NA,NA,NA
"Mexico",2001,0.345974262067646,"Figure-12-a_b","MEX",NA,NA,NA
"Mexico",2002,0.435533126293996,"Figure-12-a_b","MEX",NA,NA,NA
"Mexico",2003,0.40458794310228,"Figure-12-a_b","MEX",NA,NA,NA
"Mexico",2004,0.649719681321924,"Figure-12-a_b","MEX",NA,NA,NA
"Mexico",2005,0.555881154960174,"Figure-12-a_b","MEX",NA,NA,NA
"Mexico",2006,0.463622243612181,"Figure-12-a_b","MEX",NA,NA,NA
"Mexico",2007,0.46808190172666,"Figure-12-a_b","MEX",NA,NA,NA
"Mexico",2008,0.515838260835626,"Figure-12-a_b","MEX",NA,NA,NA
"Mexico",2009,0.4784809669202,"Figure-12-a_b","MEX",NA,NA,NA
"Mexico",2010,0.648674264226238,"Figure-12-a_b","MEX",NA,NA,NA
"Mexico",2011,0.354926871945073,"Figure-12-a_b","MEX",NA,NA,NA
"Mexico",2012,0.620641474129515,"Figure-12-a_b","MEX",NA,NA,NA
"Mexico",2013,0.584980388884253,"Figure-12-a_b","MEX",NA,NA,NA
"Mexico",2014,0.481449487305933,"Figure-12-a_b","MEX",NA,NA,NA
"Mexico",2015,0.549009304252835,"Figure-12-a_b","MEX",NA,NA,NA
"Mexico",2016,0.673431021868141,"Figure-12-a_b","MEX",NA,NA,NA
"Mexico",2017,0.65855358139714,"Figure-12-a_b","MEX",NA,NA,NA
"Mexico",2018,0.812454051796157,"Figure-12-a_b","MEX",NA,NA,NA
"Mexico",2019,0.817393867924528,"Figure-12-a_b","MEX",NA,NA,NA
"Mexico",2020,1.03481519772551,"Figure-12-a_b","MEX",NA,NA,NA
"Mexico",2021,0.452022087944418,"Figure-12-a_b","MEX",NA,NA,NA
"Mexico",2022,0.613054830287206,"Figure-12-a_b","MEX",NA,NA,NA
"Sudan",2005,0.00197999637943519,"Figure-12-a_b","SDN",NA,NA,NA
"Sudan",2010,0.00575572694831357,"Figure-12-a_b","SDN",NA,NA,NA
"Sudan",2012,0.0017432944191344,"Figure-12-a_b","SDN",NA,NA,NA
"Sudan",2014,0.00680191133708572,"Figure-12-a_b","SDN",NA,NA,NA
"Sudan",2019,0.00280771984501348,"Figure-12-a_b","SDN",NA,NA,NA
"Sudan",2021,0.00814719261321203,"Figure-12-a_b","SDN",NA,NA,NA
"Malaysia",1996,0.0388873045912944,"Figure-12-a_b","MYS",NA,NA,NA
"Malaysia",1997,0.0315478773987467,"Figure-12-a_b","MYS",NA,NA,NA
"Malaysia",1998,0.0292362041661591,"Figure-12-a_b","MYS",NA,NA,NA
"Malaysia",1999,0.0438314832021126,"Figure-12-a_b","MYS",NA,NA,NA
"Malaysia",2000,0.0416313097947099,"Figure-12-a_b","MYS",NA,NA,NA
"Malaysia",2001,0.0748526527292733,"Figure-12-a_b","MYS",NA,NA,NA
"Malaysia",2002,0.0890372670807453,"Figure-12-a_b","MYS",NA,NA,NA
"Malaysia",2003,0.10533935425604,"Figure-12-a_b","MYS",NA,NA,NA
"Malaysia",2004,0.0445336722881721,"Figure-12-a_b","MYS",NA,NA,NA
"Malaysia",2005,0.035855358435916,"Figure-12-a_b","MYS",NA,NA,NA
"Malaysia",2006,0.019214495099755,"Figure-12-a_b","MYS",NA,NA,NA
"Malaysia",2007,0.0472362533016088,"Figure-12-a_b","MYS",NA,NA,NA
"Malaysia",2008,0.0570995062740277,"Figure-12-a_b","MYS",NA,NA,NA
"Malaysia",2009,0.0857858033278532,"Figure-12-a_b","MYS",NA,NA,NA
"Malaysia",2010,0.0438714938030007,"Figure-12-a_b","MYS",NA,NA,NA
"Malaysia",2011,0.100667186519333,"Figure-12-a_b","MYS",NA,NA,NA
"Malaysia",2012,0.153987552879922,"Figure-12-a_b","MYS",NA,NA,NA
"Malaysia",2013,0.216970708503714,"Figure-12-a_b","MYS",NA,NA,NA
"Malaysia",2014,0.349230533779992,"Figure-12-a_b","MYS",NA,NA,NA
"Malaysia",2015,0.217642294797906,"Figure-12-a_b","MYS",NA,NA,NA
"Malaysia",2016,0.184644337858711,"Figure-12-a_b","MYS",NA,NA,NA
"Malaysia",2017,0.174462838553196,"Figure-12-a_b","MYS",NA,NA,NA
"Malaysia",2018,0.13409022556391,"Figure-12-a_b","MYS",NA,NA,NA
"Malaysia",2019,0.183402122641509,"Figure-12-a_b","MYS",NA,NA,NA
"Malaysia",2020,0.135698931679159,"Figure-12-a_b","MYS",NA,NA,NA
"Malaysia",2021,0.128429628623803,"Figure-12-a_b","MYS",NA,NA,NA
"Malaysia",2022,0.132860593933774,"Figure-12-a_b","MYS",NA,NA,NA
"Mozambique",2002,0.0141163184641446,"Figure-12-a_b","MOZ",NA,NA,NA
"Bosnia & Herzegovina",2002,0.00168051477507999,"Figure-12-a_b","BIH",NA,NA,NA
"Bosnia & Herzegovina",2006,0.00273451172558628,"Figure-12-a_b","BIH",NA,NA,NA
"Bosnia & Herzegovina",2011,0.00316983966983016,"Figure-12-a_b","BIH",NA,NA,NA
"Bosnia & Herzegovina",2013,0.0100141867645832,"Figure-12-a_b","BIH",NA,NA,NA
"Bosnia & Herzegovina",2016,0.00406471018616373,"Figure-12-a_b","BIH",NA,NA,NA
"Bosnia & Herzegovina",2017,0.0133647615931009,"Figure-12-a_b","BIH",NA,NA,NA
"Bosnia & Herzegovina",2018,0.00522138680033417,"Figure-12-a_b","BIH",NA,NA,NA
"Bosnia & Herzegovina",2019,0.00379043126684636,"Figure-12-a_b","BIH",NA,NA,NA
"Bosnia & Herzegovina",2021,0.00874383868558626,"Figure-12-a_b","BIH",NA,NA,NA
"Sweden",1996,0.27998859305732,"Figure-12-a_b","SWE",NA,NA,NA
"Sweden",1997,0.563358611104338,"Figure-12-a_b","SWE",NA,NA,NA
"Sweden",1998,0.29276891216957,"Figure-12-a_b","SWE",NA,NA,NA
"Sweden",1999,0.495606142109639,"Figure-12-a_b","SWE",NA,NA,NA
"Sweden",2000,0.329472216105116,"Figure-12-a_b","SWE",NA,NA,NA
"Sweden",2001,0.703898961871502,"Figure-12-a_b","SWE",NA,NA,NA
"Sweden",2002,0.467772444946358,"Figure-12-a_b","SWE",NA,NA,NA
"Sweden",2003,0.460767667645067,"Figure-12-a_b","SWE",NA,NA,NA
"Sweden",2004,0.604609937126904,"Figure-12-a_b","SWE",NA,NA,NA
"Sweden",2005,0.766023262128892,"Figure-12-a_b","SWE",NA,NA,NA
"Sweden",2006,0.622967710885544,"Figure-12-a_b","SWE",NA,NA,NA
"Sweden",2007,0.518148479622798,"Figure-12-a_b","SWE",NA,NA,NA
"Sweden",2008,0.496608317233573,"Figure-12-a_b","SWE",NA,NA,NA
"Sweden",2009,0.411371068273383,"Figure-12-a_b","SWE",NA,NA,NA
"Sweden",2010,0.367648977399179,"Figure-12-a_b","SWE",NA,NA,NA
"Sweden",2011,0.477133456322867,"Figure-12-a_b","SWE",NA,NA,NA
"Sweden",2012,0.460525138301334,"Figure-12-a_b","SWE",NA,NA,NA
"Sweden",2013,0.316997413001753,"Figure-12-a_b","SWE",NA,NA,NA
"Sweden",2014,0.246657710816739,"Figure-12-a_b","SWE",NA,NA,NA
"Sweden",2015,0.483062116246657,"Figure-12-a_b","SWE",NA,NA,NA
"Sweden",2016,0.366897000243883,"Figure-12-a_b","SWE",NA,NA,NA
"Sweden",2017,0.445217424781998,"Figure-12-a_b","SWE",NA,NA,NA
"Sweden",2018,0.278694653299916,"Figure-12-a_b","SWE",NA,NA,NA
"Sweden",2019,0.206782766172507,"Figure-12-a_b","SWE",NA,NA,NA
"Sweden",2020,0.645071939346946,"Figure-12-a_b","SWE",NA,NA,NA
"Sweden",2021,0.313320659922602,"Figure-12-a_b","SWE",NA,NA,NA
"Sweden",2022,0.421080500719846,"Figure-12-a_b","SWE",NA,NA,NA
"Barbados",1997,0.00069667650142644,"Figure-12-a_b","BRB",NA,NA,NA
"Barbados",2002,0.00470543948804818,"Figure-12-a_b","BRB",NA,NA,NA
"Barbados",2003,0.00225784601490178,"Figure-12-a_b","BRB",NA,NA,NA
"Barbados",2004,0.00907914746805275,"Figure-12-a_b","BRB",NA,NA,NA
"Barbados",2011,0.0104604499895396,"Figure-12-a_b","BRB",NA,NA,NA
"Singapore",1996,0.145697767868716,"Figure-12-a_b","SGP",NA,NA,NA
"Singapore",1997,0.164102314013314,"Figure-12-a_b","SGP",NA,NA,NA
"Singapore",1998,0.131441101230357,"Figure-12-a_b","SGP",NA,NA,NA
"Singapore",1999,0.163047826299575,"Figure-12-a_b","SGP",NA,NA,NA
"Singapore",2000,0.381541021311997,"Figure-12-a_b","SGP",NA,NA,NA
"Singapore",2001,0.324833755920203,"Figure-12-a_b","SGP",NA,NA,NA
"Singapore",2002,0.471734424995295,"Figure-12-a_b","SGP",NA,NA,NA
"Singapore",2003,0.576922555881689,"Figure-12-a_b","SGP",NA,NA,NA
"Singapore",2004,0.744208638808816,"Figure-12-a_b","SGP",NA,NA,NA
"Singapore",2005,0.455383327299059,"Figure-12-a_b","SGP",NA,NA,NA
"Singapore",2006,0.734198897444872,"Figure-12-a_b","SGP",NA,NA,NA
"Singapore",2007,0.83843618344939,"Figure-12-a_b","SGP",NA,NA,NA
"Singapore",2008,1.77552055890561,"Figure-12-a_b","SGP",NA,NA,NA
"Singapore",2009,1.76983613665516,"Figure-12-a_b","SGP",NA,NA,NA
"Singapore",2010,0.925229269790108,"Figure-12-a_b","SGP",NA,NA,NA
"Singapore",2011,0.908994085091006,"Figure-12-a_b","SGP",NA,NA,NA
"Singapore",2012,1.39283477058249,"Figure-12-a_b","SGP",NA,NA,NA
"Singapore",2013,0.968263373111909,"Figure-12-a_b","SGP",NA,NA,NA
"Ukraine",2017,0.195899824828197,"Figure-12-a_b","UKR",NA,NA,NA
"Ukraine",2018,0.153244987468672,"Figure-12-a_b","UKR",NA,NA,NA
"Ukraine",2019,0.107442090633423,"Figure-12-a_b","UKR",NA,NA,NA
"Ukraine",2020,0.133744938399242,"Figure-12-a_b","UKR",NA,NA,NA
"Ukraine",2021,0.136488107361894,"Figure-12-a_b","UKR",NA,NA,NA
"Ukraine",2022,0.133581171762524,"Figure-12-a_b","UKR",NA,NA,NA
"Bangladesh",1996,0.0201473310346616,"Figure-12-a_b","BGD",NA,NA,NA
"Bangladesh",1997,0.0139799809807125,"Figure-12-a_b","BGD",NA,NA,NA
"Bangladesh",1998,0.0342017298087465,"Figure-12-a_b","BGD",NA,NA,NA
"Bangladesh",1999,0.0113289891926256,"Figure-12-a_b","BGD",NA,NA,NA
"Bangladesh",2000,0.0240606082850082,"Figure-12-a_b","BGD",NA,NA,NA
"Bangladesh",2001,0.0186576089556523,"Figure-12-a_b","BGD",NA,NA,NA
"Bangladesh",2002,0.0480964144551101,"Figure-12-a_b","BGD",NA,NA,NA
"Bangladesh",2003,0.0280975389478438,"Figure-12-a_b","BGD",NA,NA,NA
"Bangladesh",2004,0.0414108995165354,"Figure-12-a_b","BGD",NA,NA,NA
"Bangladesh",2005,0.108277516292542,"Figure-12-a_b","BGD",NA,NA,NA
"Bangladesh",2006,0.0258137906895345,"Figure-12-a_b","BGD",NA,NA,NA
"Bangladesh",2007,0.116638580253651,"Figure-12-a_b","BGD",NA,NA,NA
"Bangladesh",2008,0.0772230353414125,"Figure-12-a_b","BGD",NA,NA,NA
"Bangladesh",2009,0.082540694838395,"Figure-12-a_b","BGD",NA,NA,NA
"Bangladesh",2010,0.0350871033344845,"Figure-12-a_b","BGD",NA,NA,NA
"Bangladesh",2011,0.0587732745012267,"Figure-12-a_b","BGD",NA,NA,NA
"Bangladesh",2012,0.117091197526847,"Figure-12-a_b","BGD",NA,NA,NA
"Bangladesh",2013,0.0454929483434866,"Figure-12-a_b","BGD",NA,NA,NA
"Bangladesh",2014,0.0846055741663407,"Figure-12-a_b","BGD",NA,NA,NA
"Bangladesh",2015,0.0933265529061664,"Figure-12-a_b","BGD",NA,NA,NA
"Bangladesh",2016,0.130128851312901,"Figure-12-a_b","BGD",NA,NA,NA
"Bangladesh",2017,0.0731532849525496,"Figure-12-a_b","BGD",NA,NA,NA
"Bangladesh",2018,0.130738095238095,"Figure-12-a_b","BGD",NA,NA,NA
"Bangladesh",2019,0.0987910630053908,"Figure-12-a_b","BGD",NA,NA,NA
"Bangladesh",2020,0.118824847075041,"Figure-12-a_b","BGD",NA,NA,NA
"Bangladesh",2021,0.212091112770724,"Figure-12-a_b","BGD",NA,NA,NA
"Bangladesh",2022,0.145929089090066,"Figure-12-a_b","BGD",NA,NA,NA
"Slovenia",1996,0.0277396106084567,"Figure-12-a_b","SVN",NA,NA,NA
"Slovenia",1997,0.00528314354685328,"Figure-12-a_b","SVN",NA,NA,NA
"Slovenia",1998,0.0063345109026678,"Figure-12-a_b","SVN",NA,NA,NA
"Slovenia",1999,0.00489021468042447,"Figure-12-a_b","SVN",NA,NA,NA
"Slovenia",2000,0.0690009542685165,"Figure-12-a_b","SVN",NA,NA,NA
"Slovenia",2001,0.031414868679137,"Figure-12-a_b","SVN",NA,NA,NA
"Slovenia",2002,0.0373689535102579,"Figure-12-a_b","SVN",NA,NA,NA
"Slovenia",2003,0.0350986678708512,"Figure-12-a_b","SVN",NA,NA,NA
"Slovenia",2004,0.0594541162584833,"Figure-12-a_b","SVN",NA,NA,NA
"Slovenia",2005,0.0845175597393193,"Figure-12-a_b","SVN",NA,NA,NA
"Slovenia",2006,0.0432965085754288,"Figure-12-a_b","SVN",NA,NA,NA
"Slovenia",2007,0.0475687062059331,"Figure-12-a_b","SVN",NA,NA,NA
"Slovenia",2008,0.087231426731456,"Figure-12-a_b","SVN",NA,NA,NA
"Slovenia",2009,0.0243999205073079,"Figure-12-a_b","SVN",NA,NA,NA
"Slovenia",2010,0.0887226123326043,"Figure-12-a_b","SVN",NA,NA,NA
"Slovenia",2011,0.114535080545465,"Figure-12-a_b","SVN",NA,NA,NA
"Slovenia",2012,0.0403394484217377,"Figure-12-a_b","SVN",NA,NA,NA
"Slovenia",2013,0.0737910373028457,"Figure-12-a_b","SVN",NA,NA,NA
"Slovenia",2014,0.125764789905964,"Figure-12-a_b","SVN",NA,NA,NA
"Slovenia",2015,0.117388405469545,"Figure-12-a_b","SVN",NA,NA,NA
"Slovenia",2016,0.0882763596455573,"Figure-12-a_b","SVN",NA,NA,NA
"Slovenia",2017,0.120345531194056,"Figure-12-a_b","SVN",NA,NA,NA
"Slovenia",2018,0.0925048036758563,"Figure-12-a_b","SVN",NA,NA,NA
"Slovenia",2019,0.107332589285714,"Figure-12-a_b","SVN",NA,NA,NA
"Slovenia",2020,0.0959937968467304,"Figure-12-a_b","SVN",NA,NA,NA
"Slovenia",2021,0.0675352479235974,"Figure-12-a_b","SVN",NA,NA,NA
"Slovenia",2022,0.181150045142871,"Figure-12-a_b","SVN",NA,NA,NA
"Belgium",1996,0.341220542866772,"Figure-12-a_b","BEL",NA,NA,NA
"Belgium",1997,0.365192265489747,"Figure-12-a_b","BEL",NA,NA,NA
"Belgium",1998,0.188785235716896,"Figure-12-a_b","BEL",NA,NA,NA
"Belgium",1999,0.368150031786395,"Figure-12-a_b","BEL",NA,NA,NA
"Belgium",2000,0.22045462330862,"Figure-12-a_b","BEL",NA,NA,NA
"Belgium",2001,0.30459025020332,"Figure-12-a_b","BEL",NA,NA,NA
"Belgium",2002,0.322226143421796,"Figure-12-a_b","BEL",NA,NA,NA
"Belgium",2003,0.409846466470987,"Figure-12-a_b","BEL",NA,NA,NA
"Belgium",2004,0.248049118187802,"Figure-12-a_b","BEL",NA,NA,NA
"Belgium",2005,0.370182385952209,"Figure-12-a_b","BEL",NA,NA,NA
"Belgium",2006,0.179600323766188,"Figure-12-a_b","BEL",NA,NA,NA
"Belgium",2007,0.252260374145948,"Figure-12-a_b","BEL",NA,NA,NA
"Belgium",2008,0.112376129422555,"Figure-12-a_b","BEL",NA,NA,NA
"Belgium",2009,0.365556177846832,"Figure-12-a_b","BEL",NA,NA,NA
"Belgium",2010,0.296659759794329,"Figure-12-a_b","BEL",NA,NA,NA
"Belgium",2011,0.261174613438825,"Figure-12-a_b","BEL",NA,NA,NA
"Belgium",2012,0.253408721119427,"Figure-12-a_b","BEL",NA,NA,NA
"Belgium",2013,0.363321371943587,"Figure-12-a_b","BEL",NA,NA,NA
"Belgium",2014,0.27283316611968,"Figure-12-a_b","BEL",NA,NA,NA
"Belgium",2015,0.404169962707651,"Figure-12-a_b","BEL",NA,NA,NA
"Belgium",2016,0.608214779286237,"Figure-12-a_b","BEL",NA,NA,NA
"Belgium",2017,0.296921981173844,"Figure-12-a_b","BEL",NA,NA,NA
"Belgium",2018,0.347577276524645,"Figure-12-a_b","BEL",NA,NA,NA
"Belgium",2019,0.242029565363881,"Figure-12-a_b","BEL",NA,NA,NA
"Belgium",2020,0.501643404841906,"Figure-12-a_b","BEL",NA,NA,NA
"Belgium",2021,0.346352999751058,"Figure-12-a_b","BEL",NA,NA,NA
"Belgium",2022,0.390519997071814,"Figure-12-a_b","BEL",NA,NA,NA
"Burkina Faso",2004,0.00151319200127108,"Figure-12-a_b","BFA",NA,NA,NA
"Burkina Faso",2020,0.00107693633152408,"Figure-12-a_b","BFA",NA,NA,NA
"Slovakia",1996,0.0681391128509579,"Figure-12-a_b","SVK",NA,NA,NA
"Slovakia",1997,0.0280005364414425,"Figure-12-a_b","SVK",NA,NA,NA
"Slovakia",1998,0.0744421975880132,"Figure-12-a_b","SVK",NA,NA,NA
"Slovakia",1999,0.06453909726637,"Figure-12-a_b","SVK",NA,NA,NA
"Slovakia",2000,0.114002544716044,"Figure-12-a_b","SVK",NA,NA,NA
"Slovakia",2001,0.0702451801176865,"Figure-12-a_b","SVK",NA,NA,NA
"Slovakia",2002,0.0907420478072652,"Figure-12-a_b","SVK",NA,NA,NA
"Slovakia",2003,0.0549221043124859,"Figure-12-a_b","SVK",NA,NA,NA
"Slovakia",2004,0.178559366275507,"Figure-12-a_b","SVK",NA,NA,NA
"Slovakia",2005,0.0626092958001448,"Figure-12-a_b","SVK",NA,NA,NA
"Slovakia",2006,0.0600083129156458,"Figure-12-a_b","SVK",NA,NA,NA
"Slovakia",2007,0.0674060815088079,"Figure-12-a_b","SVK",NA,NA,NA
"Slovakia",2008,0.133862576351892,"Figure-12-a_b","SVK",NA,NA,NA
"Slovakia",2009,0.0826751097541147,"Figure-12-a_b","SVK",NA,NA,NA
"Slovakia",2010,0.149861286980546,"Figure-12-a_b","SVK",NA,NA,NA
"Slovakia",2011,0.101981779798018,"Figure-12-a_b","SVK",NA,NA,NA
"Slovakia",2012,0.0755550357956394,"Figure-12-a_b","SVK",NA,NA,NA
"Slovakia",2013,0.153381957773512,"Figure-12-a_b","SVK",NA,NA,NA
"Slovakia",2014,0.122344108694543,"Figure-12-a_b","SVK",NA,NA,NA
"Slovakia",2015,0.20223565751309,"Figure-12-a_b","SVK",NA,NA,NA
"Slovakia",2016,0.140563368831802,"Figure-12-a_b","SVK",NA,NA,NA
"Slovakia",2017,0.161697241525342,"Figure-12-a_b","SVK",NA,NA,NA
"Slovakia",2018,0.168315580618212,"Figure-12-a_b","SVK",NA,NA,NA
"Slovakia",2019,0.236097540431267,"Figure-12-a_b","SVK",NA,NA,NA
"Slovakia",2020,0.190554191436202,"Figure-12-a_b","SVK",NA,NA,NA
"Slovakia",2021,0.214445651435943,"Figure-12-a_b","SVK",NA,NA,NA
"Slovakia",2022,0.139924599204509,"Figure-12-a_b","SVK",NA,NA,NA
"Bulgaria",1996,0.0925888574909911,"Figure-12-a_b","BGR",NA,NA,NA
"Bulgaria",1997,0.0283053327156129,"Figure-12-a_b","BGR",NA,NA,NA
"Bulgaria",1998,0.016140821050067,"Figure-12-a_b","BGR",NA,NA,NA
"Bulgaria",1999,0.0226172428969632,"Figure-12-a_b","BGR",NA,NA,NA
"Bulgaria",2000,0.0167725170667254,"Figure-12-a_b","BGR",NA,NA,NA
"Bulgaria",2001,0.0885040424819404,"Figure-12-a_b","BGR",NA,NA,NA
"Bulgaria",2002,0.0423489553924337,"Figure-12-a_b","BGR",NA,NA,NA
"Bulgaria",2003,0.0320614134116053,"Figure-12-a_b","BGR",NA,NA,NA
"Bulgaria",2004,0.0736060103956239,"Figure-12-a_b","BGR",NA,NA,NA
"Bulgaria",2005,0.0404297157856626,"Figure-12-a_b","BGR",NA,NA,NA
"Bulgaria",2006,0.0338350980049002,"Figure-12-a_b","BGR",NA,NA,NA
"Bulgaria",2007,0.0743998166379254,"Figure-12-a_b","BGR",NA,NA,NA
"Bulgaria",2008,0.0566580801280175,"Figure-12-a_b","BGR",NA,NA,NA
"Bulgaria",2009,0.0489945981102419,"Figure-12-a_b","BGR",NA,NA,NA
"Bulgaria",2010,0.0403814128391083,"Figure-12-a_b","BGR",NA,NA,NA
"Bulgaria",2011,0.0105691245554309,"Figure-12-a_b","BGR",NA,NA,NA
"Bulgaria",2012,0.0418390009762447,"Figure-12-a_b","BGR",NA,NA,NA
"Bulgaria",2013,0.00861405324209297,"Figure-12-a_b","BGR",NA,NA,NA
"Bulgaria",2014,0.0358232863434625,"Figure-12-a_b","BGR",NA,NA,NA
"Bulgaria",2015,0.0276016122349041,"Figure-12-a_b","BGR",NA,NA,NA
"Bulgaria",2016,0.110787537598569,"Figure-12-a_b","BGR",NA,NA,NA
"Bulgaria",2017,0.0477841729388439,"Figure-12-a_b","BGR",NA,NA,NA
"Bulgaria",2018,0.0309801587301587,"Figure-12-a_b","BGR",NA,NA,NA
"Bulgaria",2019,0.0766509433962264,"Figure-12-a_b","BGR",NA,NA,NA
"Bulgaria",2020,0.0418260532437322,"Figure-12-a_b","BGR",NA,NA,NA
"Bulgaria",2021,0.098372371964605,"Figure-12-a_b","BGR",NA,NA,NA
"Bulgaria",2022,0.0721356238256753,"Figure-12-a_b","BGR",NA,NA,NA
"Bahrain",1996,0.0129624348637648,"Figure-12-a_b","BHR",NA,NA,NA
"Bahrain",1998,0.0207089779510294,"Figure-12-a_b","BHR",NA,NA,NA
"Bahrain",2013,0.00071529833931402,"Figure-12-a_b","BHR",NA,NA,NA
"Bahrain",2016,0.00033872652629867,"Figure-12-a_b","BHR",NA,NA,NA
"Bahrain",2017,0.00192496486939113,"Figure-12-a_b","BHR",NA,NA,NA
"Bahrain",2019,0.00421159029649596,"Figure-12-a_b","BHR",NA,NA,NA
"Bahrain",2021,0.00082294792586054,"Figure-12-a_b","BHR",NA,NA,NA
"Bahrain",2022,0.00107503233205632,"Figure-12-a_b","BHR",NA,NA,NA
"Burundi",2010,0.0100725221595488,"Figure-12-a_b","BDI",NA,NA,NA
"Burundi",2011,0.0057056999942943,"Figure-12-a_b","BDI",NA,NA,NA
"Burundi",2013,0.00166903112743053,"Figure-12-a_b","BDI",NA,NA,NA
"Senegal",2001,0.00287040137779266,"Figure-12-a_b","SEN",NA,NA,NA
"Senegal",2003,0.00903138405960714,"Figure-12-a_b","SEN",NA,NA,NA
"Senegal",2004,0.00453957373402638,"Figure-12-a_b","SEN",NA,NA,NA
"Senegal",2011,0.0019018999980981,"Figure-12-a_b","SEN",NA,NA,NA
"Senegal",2012,0.0157622844126261,"Figure-12-a_b","SEN",NA,NA,NA
"Senegal",2013,0.00923530000834516,"Figure-12-a_b","SEN",NA,NA,NA
"Senegal",2014,0.00085023891713571,"Figure-12-a_b","SEN",NA,NA,NA
"Senegal",2016,0.0110424558978945,"Figure-12-a_b","SEN",NA,NA,NA
"Senegal",2017,0.00274994706346609,"Figure-12-a_b","SEN",NA,NA,NA
"Senegal",2018,0.00591756474519633,"Figure-12-a_b","SEN",NA,NA,NA
"Senegal",2019,0.00909320249326146,"Figure-12-a_b","SEN",NA,NA,NA
"Senegal",2020,0.00165130309296114,"Figure-12-a_b","SEN",NA,NA,NA
"Senegal",2021,0.00169733179441917,"Figure-12-a_b","SEN",NA,NA,NA
"Senegal",2022,0.00951660525609429,"Figure-12-a_b","SEN",NA,NA,NA
"Germany",1996,12.1932958286885,"Figure-12-a_b","DEU",12.19,"Figure2-b","Organometallics"
"Germany",1996,12.1932958286885,"Figure-12-a_b","DEU",11.05,"Figure2-d","Rare-earths"
"Germany",1997,12.931676867182,"Figure-12-a_b","DEU",12.93,"Figure2-b","Organometallics"
"Germany",1997,12.931676867182,"Figure-12-a_b","DEU",11.65,"Figure2-d","Rare-earths"
"Germany",1998,13.7918625898404,"Figure-12-a_b","DEU",13.79,"Figure2-b","Organometallics"
"Germany",1998,13.7918625898404,"Figure-12-a_b","DEU",8.15,"Figure2-d","Rare-earths"
"Germany",1999,12.403075945034,"Figure-12-a_b","DEU",12.4,"Figure2-b","Organometallics"
"Germany",1999,12.403075945034,"Figure-12-a_b","DEU",8.88,"Figure2-d","Rare-earths"
"Germany",2000,11.5224497785608,"Figure-12-a_b","DEU",11.52,"Figure2-b","Organometallics"
"Germany",2000,11.5224497785608,"Figure-12-a_b","DEU",7.76,"Figure2-d","Rare-earths"
"Germany",2001,12.1929148925991,"Figure-12-a_b","DEU",12.19,"Figure2-b","Organometallics"
"Germany",2001,12.1929148925991,"Figure-12-a_b","DEU",8.67,"Figure2-d","Rare-earths"
"Germany",2002,12.0431724073028,"Figure-12-a_b","DEU",12.04,"Figure2-b","Organometallics"
"Germany",2002,12.0431724073028,"Figure-12-a_b","DEU",8.42,"Figure2-d","Rare-earths"
"Germany",2003,11.1366899977422,"Figure-12-a_b","DEU",11.14,"Figure2-b","Organometallics"
"Germany",2003,11.1366899977422,"Figure-12-a_b","DEU",7.01,"Figure2-d","Rare-earths"
"Germany",2004,10.8657648046848,"Figure-12-a_b","DEU",10.87,"Figure2-b","Organometallics"
"Germany",2004,10.8657648046848,"Figure-12-a_b","DEU",6.69,"Figure2-d","Rare-earths"
"Germany",2005,9.49040550325851,"Figure-12-a_b","DEU",9.49,"Figure2-b","Organometallics"
"Germany",2005,9.49040550325851,"Figure-12-a_b","DEU",6.87,"Figure2-d","Rare-earths"
"Germany",2006,8.77795764788239,"Figure-12-a_b","DEU",8.78,"Figure2-b","Organometallics"
"Germany",2006,8.77795764788239,"Figure-12-a_b","DEU",8.46,"Figure2-d","Rare-earths"
"Germany",2007,9.37921023335007,"Figure-12-a_b","DEU",9.38,"Figure2-b","Organometallics"
"Germany",2007,9.37921023335007,"Figure-12-a_b","DEU",9.15,"Figure2-d","Rare-earths"
"Germany",2008,9.40821185332631,"Figure-12-a_b","DEU",9.41,"Figure2-b","Organometallics"
"Germany",2008,9.40821185332631,"Figure-12-a_b","DEU",6.86,"Figure2-d","Rare-earths"
"Germany",2009,10.0964571552456,"Figure-12-a_b","DEU",10.1,"Figure2-b","Organometallics"
"Germany",2009,10.0964571552456,"Figure-12-a_b","DEU",7.76,"Figure2-d","Rare-earths"
"Germany",2010,9.08251793868232,"Figure-12-a_b","DEU",9.08,"Figure2-b","Organometallics"
"Germany",2010,9.08251793868232,"Figure-12-a_b","DEU",6.56,"Figure2-d","Rare-earths"
"Germany",2011,9.33585652066414,"Figure-12-a_b","DEU",9.34,"Figure2-b","Organometallics"
"Germany",2011,9.33585652066414,"Figure-12-a_b","DEU",5.79,"Figure2-d","Rare-earths"
"Germany",2012,9.68495769606248,"Figure-12-a_b","DEU",9.69,"Figure2-b","Organometallics"
"Germany",2012,9.68495769606248,"Figure-12-a_b","DEU",5,"Figure2-d","Rare-earths"
"Germany",2013,9.98639739631144,"Figure-12-a_b","DEU",9.99,"Figure2-b","Organometallics"
"Germany",2013,9.98639739631144,"Figure-12-a_b","DEU",5.81,"Figure2-d","Rare-earths"
"Germany",2014,10.3756015440339,"Figure-12-a_b","DEU",10.38,"Figure2-b","Organometallics"
"Germany",2014,10.3756015440339,"Figure-12-a_b","DEU",4.96,"Figure2-d","Rare-earths"
"Germany",2015,10.4258673296418,"Figure-12-a_b","DEU",10.43,"Figure2-b","Organometallics"
"Germany",2015,10.4258673296418,"Figure-12-a_b","DEU",5.53,"Figure2-d","Rare-earths"
"Germany",2016,9.61011299894318,"Figure-12-a_b","DEU",9.61,"Figure2-b","Organometallics"
"Germany",2016,9.61011299894318,"Figure-12-a_b","DEU",4.27,"Figure2-d","Rare-earths"
"Germany",2017,10.8076382606017,"Figure-12-a_b","DEU",10.81,"Figure2-b","Organometallics"
"Germany",2017,10.8076382606017,"Figure-12-a_b","DEU",6.51,"Figure2-d","Rare-earths"
"Germany",2018,10.1457811194653,"Figure-12-a_b","DEU",10.15,"Figure2-b","Organometallics"
"Germany",2018,10.1457811194653,"Figure-12-a_b","DEU",7,"Figure2-d","Rare-earths"
"Germany",2019,10.7737954851752,"Figure-12-a_b","DEU",10.77,"Figure2-b","Organometallics"
"Germany",2019,10.7737954851752,"Figure-12-a_b","DEU",6.23,"Figure2-d","Rare-earths"
"Germany",2020,11.0813302317567,"Figure-12-a_b","DEU",11.08,"Figure2-b","Organometallics"
"Germany",2020,11.0813302317567,"Figure-12-a_b","DEU",5.33,"Figure2-d","Rare-earths"
"Germany",2021,12.8538484169552,"Figure-12-a_b","DEU",12.85,"Figure2-b","Organometallics"
"Germany",2021,12.8538484169552,"Figure-12-a_b","DEU",5.39,"Figure2-d","Rare-earths"
"Germany",2022,11.4005514750738,"Figure-12-a_b","DEU",11.4,"Figure2-b","Organometallics"
"Germany",2022,11.4005514750738,"Figure-12-a_b","DEU",4.26,"Figure2-d","Rare-earths"
"Brunei",1996,0.0250607160449019,"Figure-12-a_b","BRN",NA,NA,NA
"Brunei",1997,0.0009753480773451,"Figure-12-a_b","BRN",NA,NA,NA
"Brunei",1998,0.00422299914727738,"Figure-12-a_b","BRN",NA,NA,NA
"Brunei",1999,0.00163007237517727,"Figure-12-a_b","BRN",NA,NA,NA
"Brunei",2001,0.00940852987609434,"Figure-12-a_b","BRN",NA,NA,NA
"Brunei",2003,0.00587039963874464,"Figure-12-a_b","BRN",NA,NA,NA
"Brunei",2004,0.0120298703951699,"Figure-12-a_b","BRN",NA,NA,NA
"Brunei",2005,0.00927769732078204,"Figure-12-a_b","BRN",NA,NA,NA
"Brunei",2006,0.00853167658382919,"Figure-12-a_b","BRN",NA,NA,NA
"Brunei",2007,0.00130972910436358,"Figure-12-a_b","BRN",NA,NA,NA
"Brunei",2008,0.00536658665573835,"Figure-12-a_b","BRN",NA,NA,NA
"Brunei",2009,0.00812993441852902,"Figure-12-a_b","BRN",NA,NA,NA
"Brunei",2010,0.00479643912359464,"Figure-12-a_b","BRN",NA,NA,NA
"Brunei",2011,0.0352169116947831,"Figure-12-a_b","BRN",NA,NA,NA
"Brunei",2012,0.0380668320859095,"Figure-12-a_b","BRN",NA,NA,NA
"Brunei",2013,0.00567470583326379,"Figure-12-a_b","BRN",NA,NA,NA
"Brunei",2014,0.00838092403965514,"Figure-12-a_b","BRN",NA,NA,NA
"Brunei",2016,0.00580672303064791,"Figure-12-a_b","BRN",NA,NA,NA
"Brunei",2017,0.00307994379102581,"Figure-12-a_b","BRN",NA,NA,NA
"Brunei",2019,0.00032396816037735,"Figure-12-a_b","BRN",NA,NA,NA
"Brunei",2021,0.00905243623690226,"Figure-12-a_b","BRN",NA,NA,NA
"Bolivia",2018,0.0012531328320802,"Figure-12-a_b","BOL",NA,NA,NA
"South Sudan",1996,0.00259248697275296,"Figure-12-a_b","SSD",NA,NA,NA
"Djibouti",2008,0.00078059442265285,"Figure-12-a_b","DJI",NA,NA,NA
"Djibouti",2022,0.00162677094263195,"Figure-12-a_b","DJI",NA,NA,NA
"Denmark",1996,0.026349000596272,"Figure-12-a_b","DNK",NA,NA,NA
"Denmark",1997,0.110458169759333,"Figure-12-a_b","DNK",NA,NA,NA
"Denmark",1998,0.0803995614569375,"Figure-12-a_b","DNK",NA,NA,NA
"Denmark",1999,0.0461311066555822,"Figure-12-a_b","DNK",NA,NA,NA
"Denmark",2000,0.101788641757812,"Figure-12-a_b","DNK",NA,NA,NA
"Denmark",2001,0.326826292876621,"Figure-12-a_b","DNK",NA,NA,NA
"Denmark",2002,0.299552983248635,"Figure-12-a_b","DNK",NA,NA,NA
"Denmark",2003,0.281515014675999,"Figure-12-a_b","DNK",NA,NA,NA
"Denmark",2004,0.176942597090133,"Figure-12-a_b","DNK",NA,NA,NA
"Denmark",2005,0.217739862418537,"Figure-12-a_b","DNK",NA,NA,NA
"Denmark",2006,0.201460666783339,"Figure-12-a_b","DNK",NA,NA,NA
"Denmark",2007,0.177832180044094,"Figure-12-a_b","DNK",NA,NA,NA
"Denmark",2008,0.183318892336514,"Figure-12-a_b","DNK",NA,NA,NA
"Denmark",2009,0.294616176762841,"Figure-12-a_b","DNK",NA,NA,NA
"Denmark",2010,0.214324085798703,"Figure-12-a_b","DNK",NA,NA,NA
"Denmark",2011,0.450664714049335,"Figure-12-a_b","DNK",NA,NA,NA
"Denmark",2012,0.537347461763749,"Figure-12-a_b","DNK",NA,NA,NA
"Denmark",2013,0.649026120337144,"Figure-12-a_b","DNK",NA,NA,NA
"Denmark",2014,0.949109799853759,"Figure-12-a_b","DNK",NA,NA,NA
"Denmark",2015,0.157136964628772,"Figure-12-a_b","DNK",NA,NA,NA
"Denmark",2016,0.213230631655963,"Figure-12-a_b","DNK",NA,NA,NA
"Denmark",2017,0.392205817243835,"Figure-12-a_b","DNK",NA,NA,NA
"Denmark",2018,0.423790726817043,"Figure-12-a_b","DNK",NA,NA,NA
"Denmark",2019,0.284010697439353,"Figure-12-a_b","DNK",NA,NA,NA
"Denmark",2020,0.496263030929612,"Figure-12-a_b","DNK",NA,NA,NA
"Denmark",2021,0.11848643266119,"Figure-12-a_b","DNK",NA,NA,NA
"Denmark",2022,0.163137551548278,"Figure-12-a_b","DNK",NA,NA,NA
"Brazil",1996,0.309221476162082,"Figure-12-a_b","BRA",NA,NA,NA
"Brazil",1997,0.2097868864451,"Figure-12-a_b","BRA",NA,NA,NA
"Brazil",1998,0.313984650992813,"Figure-12-a_b","BRA",NA,NA,NA
"Brazil",1999,0.354281382952712,"Figure-12-a_b","BRA",NA,NA,NA
"Brazil",2000,0.392206807115418,"Figure-12-a_b","BRA",NA,NA,NA
"Brazil",2001,0.558319379993302,"Figure-12-a_b","BRA",NA,NA,NA
"Brazil",2002,0.45698051948052,"Figure-12-a_b","BRA",NA,NA,NA
"Brazil",2003,0.606130051930458,"Figure-12-a_b","BRA",NA,NA,NA
"Brazil",2004,0.610436480014527,"Figure-12-a_b","BRA",NA,NA,NA
"Brazil",2005,0.830482892831282,"Figure-12-a_b","BRA",NA,NA,NA
"Brazil",2006,0.711537451872594,"Figure-12-a_b","BRA",NA,NA,NA
"Brazil",2007,0.452561611839951,"Figure-12-a_b","BRA",NA,NA,NA
"Brazil",2008,0.468645473528092,"Figure-12-a_b","BRA",NA,NA,NA
"Brazil",2009,0.388385033694062,"Figure-12-a_b","BRA",NA,NA,NA
"Brazil",2010,0.404428072598903,"Figure-12-a_b","BRA",NA,NA,NA
"Brazil",2011,0.446176230053824,"Figure-12-a_b","BRA",NA,NA,NA
"Brazil",2012,0.532360478359909,"Figure-12-a_b","BRA",NA,NA,NA
"Brazil",2013,0.501154969540182,"Figure-12-a_b","BRA",NA,NA,NA
"Brazil",2014,0.718744367167174,"Figure-12-a_b","BRA",NA,NA,NA
"Brazil",2015,0.567035823256865,"Figure-12-a_b","BRA",NA,NA,NA
"Brazil",2016,0.756546215754817,"Figure-12-a_b","BRA",NA,NA,NA
"Brazil",2017,0.896194344453214,"Figure-12-a_b","BRA",NA,NA,NA
"Brazil",2018,0.724628237259816,"Figure-12-a_b","BRA",NA,NA,NA
"Brazil",2019,0.866296748652291,"Figure-12-a_b","BRA",NA,NA,NA
"Brazil",2020,1.02331782545016,"Figure-12-a_b","BRA",NA,NA,NA
"Brazil",2021,0.697114535949487,"Figure-12-a_b","BRA",NA,NA,NA
"Brazil",2022,0.794475488641078,"Figure-12-a_b","BRA",NA,NA,NA
"Syria",2013,0.00250354669114579,"Figure-12-a_b","SYR",NA,NA,NA
"Syria",2014,0.00510143350281429,"Figure-12-a_b","SYR",NA,NA,NA
"Syria",2015,0.00470862997702189,"Figure-12-a_b","SYR",NA,NA,NA
"Syria",2019,0.00090248273247978,"Figure-12-a_b","SYR",NA,NA,NA
"Syria",2020,0.00242310674592918,"Figure-12-a_b","SYR",NA,NA,NA
"Syria",2021,0.00301747120193722,"Figure-12-a_b","SYR",NA,NA,NA
"Syria",2022,0.00162677094263195,"Figure-12-a_b","SYR",NA,NA,NA
"Dominican Republic",2021,0.00480910675085432,"Figure-12-a_b","DOM",NA,NA,NA
"Yemen",1996,0.0194436522956472,"Figure-12-a_b","YEM",NA,NA,NA
"Yemen",2000,0.0012234211749737,"Figure-12-a_b","YEM",NA,NA,NA
"Yemen",2008,0.015611888453057,"Figure-12-a_b","YEM",NA,NA,NA
"Yemen",2009,0.0072266083720258,"Figure-12-a_b","YEM",NA,NA,NA
"Yemen",2012,0.0122030589000976,"Figure-12-a_b","YEM",NA,NA,NA
"Yemen",2013,0.00333806225486105,"Figure-12-a_b","YEM",NA,NA,NA
"Yemen",2014,0.017976431377217,"Figure-12-a_b","YEM",NA,NA,NA
"Yemen",2015,0.00753380796323502,"Figure-12-a_b","YEM",NA,NA,NA
"Yemen",2016,0.00081294203723274,"Figure-12-a_b","YEM",NA,NA,NA
"Yemen",2017,0.0105873067816512,"Figure-12-a_b","YEM",NA,NA,NA
"Yemen",2019,0.00315869272237197,"Figure-12-a_b","YEM",NA,NA,NA
"Yemen",2020,0.0012923235978289,"Figure-12-a_b","YEM",NA,NA,NA
"Yemen",2021,0.00226310905922556,"Figure-12-a_b","YEM",NA,NA,NA
"Yemen",2022,0.0108935604304434,"Figure-12-a_b","YEM",NA,NA,NA
"United States",1996,20.7796645321857,"Figure-12-a_b","USA",20.78,"Figure2-b","Organometallics"
"United States",1996,20.7796645321857,"Figure-12-a_b","USA",10.47,"Figure2-d","Rare-earths"
"United States",1997,19.1085074736046,"Figure-12-a_b","USA",19.11,"Figure2-b","Organometallics"
"United States",1997,19.1085074736046,"Figure-12-a_b","USA",10.17,"Figure2-d","Rare-earths"
"United States",1998,19.3116335729078,"Figure-12-a_b","USA",19.31,"Figure2-b","Organometallics"
"United States",1998,19.3116335729078,"Figure-12-a_b","USA",11.99,"Figure2-d","Rare-earths"
"United States",1999,19.2816763655925,"Figure-12-a_b","USA",19.28,"Figure2-b","Organometallics"
"United States",1999,19.2816763655925,"Figure-12-a_b","USA",15.65,"Figure2-d","Rare-earths"
"United States",2000,19.9428417627052,"Figure-12-a_b","USA",19.94,"Figure2-b","Organometallics"
"United States",2000,19.9428417627052,"Figure-12-a_b","USA",13.28,"Figure2-d","Rare-earths"
"United States",2001,19.7170501841841,"Figure-12-a_b","USA",19.72,"Figure2-b","Organometallics"
"United States",2001,19.7170501841841,"Figure-12-a_b","USA",9.39,"Figure2-d","Rare-earths"
"United States",2002,20.2327545642763,"Figure-12-a_b","USA",20.23,"Figure2-b","Organometallics"
"United States",2002,20.2327545642763,"Figure-12-a_b","USA",11.52,"Figure2-d","Rare-earths"
"United States",2003,19.9893429668097,"Figure-12-a_b","USA",19.99,"Figure2-b","Organometallics"
"United States",2003,19.9893429668097,"Figure-12-a_b","USA",9.42,"Figure2-d","Rare-earths"
"United States",2004,19.057039743968,"Figure-12-a_b","USA",19.06,"Figure2-b","Organometallics"
"United States",2004,19.057039743968,"Figure-12-a_b","USA",9.21,"Figure2-d","Rare-earths"
"United States",2005,19.5167677407676,"Figure-12-a_b","USA",19.52,"Figure2-b","Organometallics"
"United States",2005,19.5167677407676,"Figure-12-a_b","USA",9.82,"Figure2-d","Rare-earths"
"United States",2006,18.6837810640532,"Figure-12-a_b","USA",18.68,"Figure2-b","Organometallics"
"United States",2006,18.6837810640532,"Figure-12-a_b","USA",11.19,"Figure2-d","Rare-earths"
"United States",2007,17.6121018969243,"Figure-12-a_b","USA",17.61,"Figure2-b","Organometallics"
"United States",2007,17.6121018969243,"Figure-12-a_b","USA",10.12,"Figure2-d","Rare-earths"
"United States",2008,20.5936420584275,"Figure-12-a_b","USA",20.59,"Figure2-b","Organometallics"
"United States",2008,20.5936420584275,"Figure-12-a_b","USA",10.87,"Figure2-d","Rare-earths"
"United States",2009,18.4417625697819,"Figure-12-a_b","USA",18.44,"Figure2-b","Organometallics"
"United States",2009,18.4417625697819,"Figure-12-a_b","USA",10.26,"Figure2-d","Rare-earths"
"United States",2010,19.0952956525076,"Figure-12-a_b","USA",19.1,"Figure2-b","Organometallics"
"United States",2010,19.0952956525076,"Figure-12-a_b","USA",10.88,"Figure2-d","Rare-earths"
"United States",2011,18.0575514939424,"Figure-12-a_b","USA",18.06,"Figure2-b","Organometallics"
"United States",2011,18.0575514939424,"Figure-12-a_b","USA",11.56,"Figure2-d","Rare-earths"
"United States",2012,17.1985030914416,"Figure-12-a_b","USA",17.2,"Figure2-b","Organometallics"
"United States",2012,17.1985030914416,"Figure-12-a_b","USA",8.25,"Figure2-d","Rare-earths"
"United States",2013,16.1506634398732,"Figure-12-a_b","USA",16.15,"Figure2-b","Organometallics"
"United States",2013,16.1506634398732,"Figure-12-a_b","USA",9.33,"Figure2-d","Rare-earths"
"United States",2014,14.1882769058105,"Figure-12-a_b","USA",14.19,"Figure2-b","Organometallics"
"United States",2014,14.1882769058105,"Figure-12-a_b","USA",8.97,"Figure2-d","Rare-earths"
"United States",2015,14.2229065431122,"Figure-12-a_b","USA",14.22,"Figure2-b","Organometallics"
"United States",2015,14.2229065431122,"Figure-12-a_b","USA",7.35,"Figure2-d","Rare-earths"
"United States",2016,15.2789000894236,"Figure-12-a_b","USA",15.28,"Figure2-b","Organometallics"
"United States",2016,15.2789000894236,"Figure-12-a_b","USA",8.61,"Figure2-d","Rare-earths"
"United States",2017,15.8674084197963,"Figure-12-a_b","USA",15.87,"Figure2-b","Organometallics"
"United States",2017,15.8674084197963,"Figure-12-a_b","USA",7.98,"Figure2-d","Rare-earths"
"United States",2018,14.3670634920635,"Figure-12-a_b","USA",14.37,"Figure2-b","Organometallics"
"United States",2018,14.3670634920635,"Figure-12-a_b","USA",7.88,"Figure2-d","Rare-earths"
"United States",2019,14.4532092318059,"Figure-12-a_b","USA",14.45,"Figure2-b","Organometallics"
"United States",2019,14.4532092318059,"Figure-12-a_b","USA",6.98,"Figure2-d","Rare-earths"
"United States",2020,14.7077625570776,"Figure-12-a_b","USA",14.71,"Figure2-b","Organometallics"
"United States",2020,14.7077625570776,"Figure-12-a_b","USA",9.24,"Figure2-d","Rare-earths"
"United States",2021,13.9192070065856,"Figure-12-a_b","USA",13.92,"Figure2-b","Organometallics"
"United States",2021,13.9192070065856,"Figure-12-a_b","USA",6.75,"Figure2-d","Rare-earths"
"United States",2022,12.5121885751934,"Figure-12-a_b","USA",12.51,"Figure2-b","Organometallics"
"United States",2022,12.5121885751934,"Figure-12-a_b","USA",7.88,"Figure2-d","Rare-earths"
"Botswana",1997,0.00975348077345103,"Figure-12-a_b","BWA",NA,NA,NA
"Botswana",1998,0.0097454013887197,"Figure-12-a_b","BWA",NA,NA,NA
"Botswana",1999,0.00244510734021224,"Figure-12-a_b","BWA",NA,NA,NA
"Botswana",2000,0.0110107905747633,"Figure-12-a_b","BWA",NA,NA,NA
"Botswana",2001,0.0221260106204851,"Figure-12-a_b","BWA",NA,NA,NA
"Botswana",2002,0.0117635987201205,"Figure-12-a_b","BWA",NA,NA,NA
"Botswana",2003,0.00677353804470535,"Figure-12-a_b","BWA",NA,NA,NA
"Botswana",2004,0.00453957373402638,"Figure-12-a_b","BWA",NA,NA,NA
"Botswana",2005,0.00905141202027516,"Figure-12-a_b","BWA",NA,NA,NA
"Botswana",2006,0.0853167658382919,"Figure-12-a_b","BWA",NA,NA,NA
"Botswana",2008,0.00683020119821244,"Figure-12-a_b","BWA",NA,NA,NA
"Botswana",2009,0.00951504037867428,"Figure-12-a_b","BWA",NA,NA,NA
"Botswana",2010,0.00434877786731131,"Figure-12-a_b","BWA",NA,NA,NA
"Botswana",2011,0.00316983966983016,"Figure-12-a_b","BWA",NA,NA,NA
"Botswana",2013,0.00667612450972211,"Figure-12-a_b","BWA",NA,NA,NA
"Botswana",2020,0.00646161798914448,"Figure-12-a_b","BWA",NA,NA,NA
"Botswana",2021,0.0140312761671985,"Figure-12-a_b","BWA",NA,NA,NA
"Botswana",2022,0.00976062077548132,"Figure-12-a_b","BWA",NA,NA,NA
"Finland",1996,0.173472636300003,"Figure-12-a_b","FIN",NA,NA,NA
"Finland",1997,0.158047109312136,"Figure-12-a_b","FIN",NA,NA,NA
"Finland",1998,0.243118772079425,"Figure-12-a_b","FIN",NA,NA,NA
"Finland",1999,0.256198347107438,"Figure-12-a_b","FIN",NA,NA,NA
"Finland",2000,0.265046857031002,"Figure-12-a_b","FIN",NA,NA,NA
"Finland",2001,0.381409367076496,"Figure-12-a_b","FIN",NA,NA,NA
"Finland",2002,0.26740542066629,"Figure-12-a_b","FIN",NA,NA,NA
"Finland",2003,0.24677128019869,"Figure-12-a_b","FIN",NA,NA,NA
"Finland",2004,0.292929613909254,"Figure-12-a_b","FIN",NA,NA,NA
"Finland",2005,0.409440622737147,"Figure-12-a_b","FIN",NA,NA,NA
"Finland",2006,0.413285351767588,"Figure-12-a_b","FIN",NA,NA,NA
"Finland",2007,0.387315273624239,"Figure-12-a_b","FIN",NA,NA,NA
"Finland",2008,0.572464531740921,"Figure-12-a_b","FIN",NA,NA,NA
"Finland",2009,0.500569095409297,"Figure-12-a_b","FIN",NA,NA,NA
"Finland",2010,0.33535743064349,"Figure-12-a_b","FIN",NA,NA,NA
"Finland",2011,0.200490690199509,"Figure-12-a_b","FIN",NA,NA,NA
"Finland",2012,0.316122274650179,"Figure-12-a_b","FIN",NA,NA,NA
"Finland",2013,0.341440373862973,"Figure-12-a_b","FIN",NA,NA,NA
"Finland",2014,0.29690683081946,"Figure-12-a_b","FIN",NA,NA,NA
"Finland",2015,0.312031491317286,"Figure-12-a_b","FIN",NA,NA,NA
"Finland",2016,0.362279489472401,"Figure-12-a_b","FIN",NA,NA,NA
"Finland",2017,0.26064024331556,"Figure-12-a_b","FIN",NA,NA,NA
"Finland",2018,0.189793650793651,"Figure-12-a_b","FIN",NA,NA,NA
"Finland",2019,0.269541778975741,"Figure-12-a_b","FIN",NA,NA,NA
"Finland",2020,0.241121736882915,"Figure-12-a_b","FIN",NA,NA,NA
"Finland",2021,0.254602032271935,"Figure-12-a_b","FIN",NA,NA,NA
"Finland",2022,0.203556770210585,"Figure-12-a_b","FIN",NA,NA,NA
"Fiji",2004,0.0499353110742901,"Figure-12-a_b","FJI",NA,NA,NA
"Fiji",2008,0.00195148605663213,"Figure-12-a_b","FJI",NA,NA,NA
"Fiji",2010,0.00319763247764859,"Figure-12-a_b","FJI",NA,NA,NA
"Fiji",2014,0.0136038226741714,"Figure-12-a_b","FJI",NA,NA,NA
"Fiji",2015,0.00941725995404377,"Figure-12-a_b","FJI",NA,NA,NA
"Fiji",2017,0.00384992973878227,"Figure-12-a_b","FJI",NA,NA,NA
"Fiji",2021,0.00226310905922556,"Figure-12-a_b","FJI",NA,NA,NA
"Belarus",1996,0.0325357115080497,"Figure-12-a_b","BLR",NA,NA,NA
"Belarus",1997,0.0365755529004413,"Figure-12-a_b","BLR",NA,NA,NA
"Belarus",1998,0.00243635034717992,"Figure-12-a_b","BLR",NA,NA,NA
"Belarus",1999,0.0146706440412734,"Figure-12-a_b","BLR",NA,NA,NA
"Belarus",2001,0.0562916806200067,"Figure-12-a_b","BLR",NA,NA,NA
"Belarus",2002,0.0445056935817805,"Figure-12-a_b","BLR",NA,NA,NA
"Belarus",2003,0.00602093023255814,"Figure-12-a_b","BLR",NA,NA,NA
"Belarus",2004,0.0220925846063055,"Figure-12-a_b","BLR",NA,NA,NA
"Belarus",2005,0.0384685010861694,"Figure-12-a_b","BLR",NA,NA,NA
"Belarus",2006,0.0382831641582079,"Figure-12-a_b","BLR",NA,NA,NA
"Belarus",2007,0.0182686472681234,"Figure-12-a_b","BLR",NA,NA,NA
"Belarus",2008,0.0395501824639463,"Figure-12-a_b","BLR",NA,NA,NA
"Belarus",2009,0.0882851258333183,"Figure-12-a_b","BLR",NA,NA,NA
"Belarus",2010,0.0564072752388627,"Figure-12-a_b","BLR",NA,NA,NA
"Belarus",2011,0.0152151999847848,"Figure-12-a_b","BLR",NA,NA,NA
"Belarus",2012,0.0124936137325089,"Figure-12-a_b","BLR",NA,NA,NA
"Belarus",2013,0.0688767420512393,"Figure-12-a_b","BLR",NA,NA,NA
"Belarus",2014,0.0143784923563521,"Figure-12-a_b","BLR",NA,NA,NA
"Belarus",2015,0.0862963800052737,"Figure-12-a_b","BLR",NA,NA,NA
"Belarus",2016,0.0506021868140802,"Figure-12-a_b","BLR",NA,NA,NA
"Belarus",2017,0.0211517064813567,"Figure-12-a_b","BLR",NA,NA,NA
"Belarus",2018,0.121628863826232,"Figure-12-a_b","BLR",NA,NA,NA
"Belarus",2019,0.0184708347371968,"Figure-12-a_b","BLR",NA,NA,NA
"Belarus",2020,0.0163548935986904,"Figure-12-a_b","BLR",NA,NA,NA
"Belarus",2021,0.0917312784303076,"Figure-12-a_b","BLR",NA,NA,NA
"Belarus",2022,0.0675373953783461,"Figure-12-a_b","BLR",NA,NA,NA
"Uruguay",1996,0.008348430249138,"Figure-12-a_b","URY",NA,NA,NA
"Uruguay",1997,0.0270659091463266,"Figure-12-a_b","URY",NA,NA,NA
"Uruguay",1998,0.0112072115970277,"Figure-12-a_b","URY",NA,NA,NA
"Uruguay",1999,0.0384901462174189,"Figure-12-a_b","URY",NA,NA,NA
"Uruguay",2000,0.0349489833370036,"Figure-12-a_b","URY",NA,NA,NA
"Uruguay",2001,0.0381124718939865,"Figure-12-a_b","URY",NA,NA,NA
"Uruguay",2002,0.00141163184641446,"Figure-12-a_b","URY",NA,NA,NA
"Uruguay",2003,0.0377525400767668,"Figure-12-a_b","URY",NA,NA,NA
"Uruguay",2004,0.0300746759879247,"Figure-12-a_b","URY",NA,NA,NA
"Uruguay",2005,0.00678855901520637,"Figure-12-a_b","URY",NA,NA,NA
"Uruguay",2006,0.0135944390969548,"Figure-12-a_b","URY",NA,NA,NA
"Uruguay",2007,0.0589897622841676,"Figure-12-a_b","URY",NA,NA,NA
"Uruguay",2008,0.0325837675389809,"Figure-12-a_b","URY",NA,NA,NA
"Uruguay",2009,0.0187053531101516,"Figure-12-a_b","URY",NA,NA,NA
"Uruguay",2010,0.0201358351559802,"Figure-12-a_b","URY",NA,NA,NA
"Uruguay",2011,0.0219155936780844,"Figure-12-a_b","URY",NA,NA,NA
"Uruguay",2012,0.0278858200455581,"Figure-12-a_b","URY",NA,NA,NA
"Uruguay",2013,0.0620048401902696,"Figure-12-a_b","URY",NA,NA,NA
"Uruguay",2014,0.0465915622289864,"Figure-12-a_b","URY",NA,NA,NA
"Uruguay",2015,0.025859230798207,"Figure-12-a_b","URY",NA,NA,NA
"Uruguay",2016,0.0339693927322982,"Figure-12-a_b","URY",NA,NA,NA
"Uruguay",2017,0.0215778937034399,"Figure-12-a_b","URY",NA,NA,NA
"Uruguay",2018,0.0489070593149541,"Figure-12-a_b","URY",NA,NA,NA
"Uruguay",2019,0.0488845603099731,"Figure-12-a_b","URY",NA,NA,NA
"Uruguay",2020,0.0292840527268028,"Figure-12-a_b","URY",NA,NA,NA
"Uruguay",2021,0.0477301016135968,"Figure-12-a_b","URY",NA,NA,NA
"Uruguay",2022,0.0427027158927308,"Figure-12-a_b","URY",NA,NA,NA
"Uzbekistan",1997,0.00487674038672551,"Figure-12-a_b","UZB",NA,NA,NA
"Uzbekistan",2000,0.00069909711517287,"Figure-12-a_b","UZB",NA,NA,NA
"Uzbekistan",2001,0.00239200114816055,"Figure-12-a_b","UZB",NA,NA,NA
"Uzbekistan",2002,0.00548967156032373,"Figure-12-a_b","UZB",NA,NA,NA
"Uzbekistan",2003,0.00225784601490178,"Figure-12-a_b","UZB",NA,NA,NA
"Uzbekistan",2005,0.00323264391745112,"Figure-12-a_b","UZB",NA,NA,NA
"Uzbekistan",2007,0.00181906747287769,"Figure-12-a_b","UZB",NA,NA,NA
"Uzbekistan",2008,0.00162623773003142,"Figure-12-a_b","UZB",NA,NA,NA
"Uzbekistan",2009,0.00100369641018229,"Figure-12-a_b","UZB",NA,NA,NA
"Uzbekistan",2011,0.0095094999904905,"Figure-12-a_b","UZB",NA,NA,NA
"Uzbekistan",2013,0.00667612450972211,"Figure-12-a_b","UZB",NA,NA,NA
"Uzbekistan",2014,0.00765215025422144,"Figure-12-a_b","UZB",NA,NA,NA
"Uzbekistan",2015,0.00753380796323502,"Figure-12-a_b","UZB",NA,NA,NA
"Uzbekistan",2016,0.0167669295179254,"Figure-12-a_b","UZB",NA,NA,NA
"Uzbekistan",2017,0.0250245433020847,"Figure-12-a_b","UZB",NA,NA,NA
"Uzbekistan",2018,0.00041771094402673,"Figure-12-a_b","UZB",NA,NA,NA
"Uzbekistan",2019,0.0173728099730458,"Figure-12-a_b","UZB",NA,NA,NA
"Uzbekistan",2020,0.00689239252175411,"Figure-12-a_b","UZB",NA,NA,NA
"Uzbekistan",2021,0.00905243623690226,"Figure-12-a_b","UZB",NA,NA,NA
"France",1996,3.71028958079486,"Figure-12-a_b","FRA",3.71,"Figure2-b","Organometallics"
"France",1996,3.71028958079486,"Figure-12-a_b","FRA",7.03,"Figure2-d","Rare-earths"
"France",1997,3.41035331984102,"Figure-12-a_b","FRA",3.41,"Figure2-b","Organometallics"
"France",1997,3.41035331984102,"Figure-12-a_b","FRA",7.42,"Figure2-d","Rare-earths"
"France",1998,3.56274820319162,"Figure-12-a_b","FRA",3.56,"Figure2-b","Organometallics"
"France",1998,3.56274820319162,"Figure-12-a_b","FRA",7.77,"Figure2-d","Rare-earths"
"France",1999,3.59088463983569,"Figure-12-a_b","FRA",3.59,"Figure2-b","Organometallics"
"France",1999,3.59088463983569,"Figure-12-a_b","FRA",7.14,"Figure2-d","Rare-earths"
"France",2000,3.87168758716876,"Figure-12-a_b","FRA",3.87,"Figure2-b","Organometallics"
"France",2000,3.87168758716876,"Figure-12-a_b","FRA",6.83,"Figure2-d","Rare-earths"
"France",2001,4.29239822035115,"Figure-12-a_b","FRA",4.29,"Figure2-b","Organometallics"
"France",2001,4.29239822035115,"Figure-12-a_b","FRA",7.51,"Figure2-d","Rare-earths"
"France",2002,5.21198004893657,"Figure-12-a_b","FRA",5.21,"Figure2-b","Organometallics"
"France",2002,5.21198004893657,"Figure-12-a_b","FRA",9.41,"Figure2-d","Rare-earths"
"France",2003,4.97967938586588,"Figure-12-a_b","FRA",4.98,"Figure2-b","Organometallics"
"France",2003,4.97967938586588,"Figure-12-a_b","FRA",7.1,"Figure2-d","Rare-earths"
"France",2004,4.30256258937286,"Figure-12-a_b","FRA",4.3,"Figure2-b","Organometallics"
"France",2004,4.30256258937286,"Figure-12-a_b","FRA",5.14,"Figure2-d","Rare-earths"
"France",2005,4.74914011585807,"Figure-12-a_b","FRA",4.75,"Figure2-b","Organometallics"
"France",2005,4.74914011585807,"Figure-12-a_b","FRA",7.05,"Figure2-d","Rare-earths"
"France",2006,5.15427021351068,"Figure-12-a_b","FRA",5.15,"Figure2-b","Organometallics"
"France",2006,5.15427021351068,"Figure-12-a_b","FRA",5.31,"Figure2-d","Rare-earths"
"France",2007,5.51777957259174,"Figure-12-a_b","FRA",5.52,"Figure2-b","Organometallics"
"France",2007,5.51777957259174,"Figure-12-a_b","FRA",4.43,"Figure2-d","Rare-earths"
"France",2008,4.23209023671526,"Figure-12-a_b","FRA",4.23,"Figure2-b","Organometallics"
"France",2008,4.23209023671526,"Figure-12-a_b","FRA",5.71,"Figure2-d","Rare-earths"
"France",2009,4.67762100052393,"Figure-12-a_b","FRA",4.68,"Figure2-b","Organometallics"
"France",2009,4.67762100052393,"Figure-12-a_b","FRA",6.05,"Figure2-d","Rare-earths"
"France",2010,4.7805341314608,"Figure-12-a_b","FRA",4.78,"Figure2-b","Organometallics"
"France",2010,4.7805341314608,"Figure-12-a_b","FRA",5.77,"Figure2-d","Rare-earths"
"France",2011,4.44536792255463,"Figure-12-a_b","FRA",4.45,"Figure2-b","Organometallics"
"France",2011,4.44536792255463,"Figure-12-a_b","FRA",5.2,"Figure2-d","Rare-earths"
"France",2012,4.64369101854865,"Figure-12-a_b","FRA",4.64,"Figure2-b","Organometallics"
"France",2012,4.64369101854865,"Figure-12-a_b","FRA",6.21,"Figure2-d","Rare-earths"
"France",2013,4.63316364850205,"Figure-12-a_b","FRA",4.63,"Figure2-b","Organometallics"
"France",2013,4.63316364850205,"Figure-12-a_b","FRA",5.71,"Figure2-d","Rare-earths"
"France",2014,4.61613413369157,"Figure-12-a_b","FRA",4.62,"Figure2-b","Organometallics"
"France",2014,4.61613413369157,"Figure-12-a_b","FRA",5.35,"Figure2-d","Rare-earths"
"France",2015,3.96803781971598,"Figure-12-a_b","FRA",3.97,"Figure2-b","Organometallics"
"France",2015,3.96803781971598,"Figure-12-a_b","FRA",4.01,"Figure2-d","Rare-earths"
"France",2016,3.72453459068368,"Figure-12-a_b","FRA",3.73,"Figure2-b","Organometallics"
"France",2016,3.72453459068368,"Figure-12-a_b","FRA",3.74,"Figure2-d","Rare-earths"
"France",2017,3.88704306146413,"Figure-12-a_b","FRA",3.89,"Figure2-b","Organometallics"
"France",2017,3.88704306146413,"Figure-12-a_b","FRA",4.23,"Figure2-d","Rare-earths"
"France",2018,3.75210944026734,"Figure-12-a_b","FRA",3.75,"Figure2-b","Organometallics"
"France",2018,3.75210944026734,"Figure-12-a_b","FRA",4.13,"Figure2-d","Rare-earths"
"France",2019,3.17865566037736,"Figure-12-a_b","FRA",3.18,"Figure2-b","Organometallics"
"France",2019,3.17865566037736,"Figure-12-a_b","FRA",4.52,"Figure2-d","Rare-earths"
"France",2020,3.97686740759886,"Figure-12-a_b","FRA",3.98,"Figure2-b","Organometallics"
"France",2020,3.97686740759886,"Figure-12-a_b","FRA",4.54,"Figure2-d","Rare-earths"
"France",2021,3.92656211102813,"Figure-12-a_b","FRA",3.93,"Figure2-b","Organometallics"
"France",2021,3.92656211102813,"Figure-12-a_b","FRA",3.74,"Figure2-d","Rare-earths"
"France",2022,3.31399917034723,"Figure-12-a_b","FRA",3.31,"Figure2-b","Organometallics"
"France",2022,3.31399917034723,"Figure-12-a_b","FRA",4.53,"Figure2-d","Rare-earths"
"Hong Kong SAR China",1996,0.213880175252119,"Figure-12-a_b","HKG",NA,NA,NA
"Hong Kong SAR China",1997,0.585750164589988,"Figure-12-a_b","HKG",NA,NA,NA
"Hong Kong SAR China",1998,0.458886587891339,"Figure-12-a_b","HKG",NA,NA,NA
"Hong Kong SAR China",1999,0.470421536505453,"Figure-12-a_b","HKG",NA,NA,NA
"Hong Kong SAR China",2000,0.755751302943551,"Figure-12-a_b","HKG",NA,NA,NA
"Hong Kong SAR China",2001,0.608599244127637,"Figure-12-a_b","HKG",NA,NA,NA
"Hong Kong SAR China",2002,0.570583945040467,"Figure-12-a_b","HKG",NA,NA,NA
"Hong Kong SAR China",2003,0.696714834048318,"Figure-12-a_b","HKG",NA,NA,NA
"Hong Kong SAR China",2004,0.606804821027306,"Figure-12-a_b","HKG",NA,NA,NA
"Hong Kong SAR China",2005,0.474728457639392,"Figure-12-a_b","HKG",NA,NA,NA
"Hong Kong SAR China",2006,0.285830854042702,"Figure-12-a_b","HKG",NA,NA,NA
"Hong Kong SAR China",2007,0.439344262295082,"Figure-12-a_b","HKG",NA,NA,NA
"Hong Kong SAR China",2008,0.301760240423082,"Figure-12-a_b","HKG",NA,NA,NA
"Hong Kong SAR China",2009,0.505062239164604,"Figure-12-a_b","HKG",NA,NA,NA
"Hong Kong SAR China",2010,0.468696519703772,"Figure-12-a_b","HKG",NA,NA,NA
"Hong Kong SAR China",2011,0.587278190912722,"Figure-12-a_b","HKG",NA,NA,NA
"Hong Kong SAR China",2012,0.174718719492353,"Figure-12-a_b","HKG",NA,NA,NA
"Hong Kong SAR China",2013,0.371633146958191,"Figure-12-a_b","HKG",NA,NA,NA
"Hong Kong SAR China",2014,0.459421497440781,"Figure-12-a_b","HKG",NA,NA,NA
"Hong Kong SAR China",2015,0.320113383809847,"Figure-12-a_b","HKG",NA,NA,NA
"Hong Kong SAR China",2016,0.404318754572799,"Figure-12-a_b","HKG",NA,NA,NA
"Hong Kong SAR China",2017,0.436778378794587,"Figure-12-a_b","HKG",NA,NA,NA
"Hong Kong SAR China",2018,0.449122807017544,"Figure-12-a_b","HKG",NA,NA,NA
"Hong Kong SAR China",2019,0.68638182277628,"Figure-12-a_b","HKG",NA,NA,NA
"Hong Kong SAR China",2020,0.642881450848626,"Figure-12-a_b","HKG",NA,NA,NA
"Hong Kong SAR China",2021,0.423715119831625,"Figure-12-a_b","HKG",NA,NA,NA
"Hong Kong SAR China",2022,0.525760718381689,"Figure-12-a_b","HKG",NA,NA,NA
"Algeria",1997,0.0170685913535393,"Figure-12-a_b","DZA",NA,NA,NA
"Algeria",1998,0.0253380436106712,"Figure-12-a_b","DZA",NA,NA,NA
"Algeria",1999,0.0293412880825468,"Figure-12-a_b","DZA",NA,NA,NA
"Algeria",2000,0.0253859893807042,"Figure-12-a_b","DZA",NA,NA,NA
"Algeria",2001,0.0586324929435966,"Figure-12-a_b","DZA",NA,NA,NA
"Algeria",2002,0.00862664690382082,"Figure-12-a_b","DZA",NA,NA,NA
"Algeria",2003,0.00090313840596071,"Figure-12-a_b","DZA",NA,NA,NA
"Algeria",2004,0.00794425403454616,"Figure-12-a_b","DZA",NA,NA,NA
"Algeria",2005,0.0176179172700941,"Figure-12-a_b","DZA",NA,NA,NA
"Algeria",2006,0.00566956160308015,"Figure-12-a_b","DZA",NA,NA,NA
"Algeria",2007,0.0148435965161206,"Figure-12-a_b","DZA",NA,NA,NA
"Algeria",2008,0.0282965478211658,"Figure-12-a_b","DZA",NA,NA,NA
"Algeria",2009,0.0466707015230077,"Figure-12-a_b","DZA",NA,NA,NA
"Algeria",2010,0.109349602854841,"Figure-12-a_b","DZA",NA,NA,NA
"Algeria",2011,0.0854904049145096,"Figure-12-a_b","DZA",NA,NA,NA
"Algeria",2012,0.00569476082004556,"Figure-12-a_b","DZA",NA,NA,NA
"Algeria",2013,0.0036162396728699,"Figure-12-a_b","DZA",NA,NA,NA
"Algeria",2014,0.0208592514496574,"Figure-12-a_b","DZA",NA,NA,NA
"Algeria",2015,0.0328347835913663,"Figure-12-a_b","DZA",NA,NA,NA
"Algeria",2016,0.0434875213397285,"Figure-12-a_b","DZA",NA,NA,NA
"Algeria",2017,0.0980802325357562,"Figure-12-a_b","DZA",NA,NA,NA
"Algeria",2018,0.0660104427736007,"Figure-12-a_b","DZA",NA,NA,NA
"Algeria",2019,0.0739668969002695,"Figure-12-a_b","DZA",NA,NA,NA
"Algeria",2020,0.082719048849832,"Figure-12-a_b","DZA",NA,NA,NA
"Algeria",2021,0.0482802634258945,"Figure-12-a_b","DZA",NA,NA,NA
"Algeria",2022,0.100508284326883,"Figure-12-a_b","DZA",NA,NA,NA
"Lebanon",1997,0.0134110360634952,"Figure-12-a_b","LBN",NA,NA,NA
"Lebanon",2002,0.0211744776962168,"Figure-12-a_b","LBN",NA,NA,NA
"Lebanon",2003,0.00225784601490178,"Figure-12-a_b","LBN",NA,NA,NA
"Lebanon",2004,0.00226978686701319,"Figure-12-a_b","LBN",NA,NA,NA
"Lebanon",2005,0.00169713975380159,"Figure-12-a_b","LBN",NA,NA,NA
"Lebanon",2008,0.105380247058135,"Figure-12-a_b","LBN",NA,NA,NA
"Lebanon",2009,0.036133041860129,"Figure-12-a_b","LBN",NA,NA,NA
"Lebanon",2010,0.0479643912359464,"Figure-12-a_b","LBN",NA,NA,NA
"Lebanon",2011,0.0019018999980981,"Figure-12-a_b","LBN",NA,NA,NA
"Lebanon",2012,0.0230501545720794,"Figure-12-a_b","LBN",NA,NA,NA
"Lebanon",2013,0.00433305516147876,"Figure-12-a_b","LBN",NA,NA,NA
"Lebanon",2014,0.0153043005084429,"Figure-12-a_b","LBN",NA,NA,NA
"Lebanon",2015,0.012014144724451,"Figure-12-a_b","LBN",NA,NA,NA
"Lebanon",2016,0.0145168279001707,"Figure-12-a_b","LBN",NA,NA,NA
"Lebanon",2017,0.00927815742362702,"Figure-12-a_b","LBN",NA,NA,NA
"Lebanon",2018,0.025405806182122,"Figure-12-a_b","LBN",NA,NA,NA
"Lebanon",2019,0.021637045148248,"Figure-12-a_b","LBN",NA,NA,NA
"Lebanon",2020,0.00890150340311881,"Figure-12-a_b","LBN",NA,NA,NA
"Lebanon",2021,0.0112616606694277,"Figure-12-a_b","LBN",NA,NA,NA
"Lebanon",2022,0.0173599716941997,"Figure-12-a_b","LBN",NA,NA,NA
"Croatia",1996,0.108884452855624,"Figure-12-a_b","HRV",NA,NA,NA
"Croatia",1997,0.0560825144473434,"Figure-12-a_b","HRV",NA,NA,NA
"Croatia",1998,0.0372006334510903,"Figure-12-a_b","HRV",NA,NA,NA
"Croatia",1999,0.0635727908455181,"Figure-12-a_b","HRV",NA,NA,NA
"Croatia",2000,0.0596564633340674,"Figure-12-a_b","HRV",NA,NA,NA
"Croatia",2001,0.0516672248002679,"Figure-12-a_b","HRV",NA,NA,NA
"Croatia",2002,0.151162243553548,"Figure-12-a_b","HRV",NA,NA,NA
"Croatia",2003,0.102038609166855,"Figure-12-a_b","HRV",NA,NA,NA
"Croatia",2004,0.0980690923122319,"Figure-12-a_b","HRV",NA,NA,NA
"Croatia",2005,0.0791998551774077,"Figure-12-a_b","HRV",NA,NA,NA
"Croatia",2006,0.0656282814140707,"Figure-12-a_b","HRV",NA,NA,NA
"Croatia",2007,0.104154679007225,"Figure-12-a_b","HRV",NA,NA,NA
"Croatia",2008,0.109315808988545,"Figure-12-a_b","HRV",NA,NA,NA
"Croatia",2009,0.125261151560044,"Figure-12-a_b","HRV",NA,NA,NA
"Croatia",2010,0.115379494263459,"Figure-12-a_b","HRV",NA,NA,NA
"Croatia",2011,0.0654706251545294,"Figure-12-a_b","HRV",NA,NA,NA
"Croatia",2012,0.114502115196876,"Figure-12-a_b","HRV",NA,NA,NA
"Croatia",2013,0.123190353000083,"Figure-12-a_b","HRV",NA,NA,NA
"Croatia",2014,0.0959292261125376,"Figure-12-a_b","HRV",NA,NA,NA
"Croatia",2015,0.101706407503673,"Figure-12-a_b","HRV",NA,NA,NA
"Croatia",2016,0.140838143240387,"Figure-12-a_b","HRV",NA,NA,NA
"Croatia",2017,0.300307994379103,"Figure-12-a_b","HRV",NA,NA,NA
"Croatia",2018,0.168218253968254,"Figure-12-a_b","HRV",NA,NA,NA
"Croatia",2019,0.368851078167116,"Figure-12-a_b","HRV",NA,NA,NA
"Croatia",2020,0.232532092702679,"Figure-12-a_b","HRV",NA,NA,NA
"Croatia",2021,0.168987485006903,"Figure-12-a_b","HRV",NA,NA,NA
"Croatia",2022,0.274383250774749,"Figure-12-a_b","HRV",NA,NA,NA
"Jamaica",1997,0.0352403013825559,"Figure-12-a_b","JAM",NA,NA,NA
"Jamaica",2000,0.00183513176246054,"Figure-12-a_b","JAM",NA,NA,NA
"Jamaica",2001,0.0047840022963211,"Figure-12-a_b","JAM",NA,NA,NA
"Jamaica",2002,0.00705815923207228,"Figure-12-a_b","JAM",NA,NA,NA
"Jamaica",2003,0.0496726123278393,"Figure-12-a_b","JAM",NA,NA,NA
"Jamaica",2004,0.00226978686701319,"Figure-12-a_b","JAM",NA,NA,NA
"Jamaica",2005,0.0158399710354815,"Figure-12-a_b","JAM",NA,NA,NA
"Jamaica",2006,0.00437521876093805,"Figure-12-a_b","JAM",NA,NA,NA
"Jamaica",2007,0.00174630547248477,"Figure-12-a_b","JAM",NA,NA,NA
"Jamaica",2008,0.00650494701715356,"Figure-12-a_b","JAM",NA,NA,NA
"Jamaica",2009,0.019873173023071,"Figure-12-a_b","JAM",NA,NA,NA
"Jamaica",2010,0.0211043321438164,"Figure-12-a_b","JAM",NA,NA,NA
"Jamaica",2011,0.0095094999904905,"Figure-12-a_b","JAM",NA,NA,NA
"Jamaica",2012,0.00813537260006508,"Figure-12-a_b","JAM",NA,NA,NA
"Jamaica",2013,0.00667612450972211,"Figure-12-a_b","JAM",NA,NA,NA
"Jamaica",2014,0.0339529307735474,"Figure-12-a_b","JAM",NA,NA,NA
"Jamaica",2015,0.00979395035220552,"Figure-12-a_b","JAM",NA,NA,NA
"Jamaica",2016,0.00731647833509471,"Figure-12-a_b","JAM",NA,NA,NA
"Jamaica",2017,0.00144372365204335,"Figure-12-a_b","JAM",NA,NA,NA
"Jamaica",2018,0.00417710944026734,"Figure-12-a_b","JAM",NA,NA,NA
"Jamaica",2019,0.00473803908355795,"Figure-12-a_b","JAM",NA,NA,NA
"Jamaica",2020,0.0171232876712329,"Figure-12-a_b","JAM",NA,NA,NA
"Jamaica",2021,0.00169733179441917,"Figure-12-a_b","JAM",NA,NA,NA
"Hungary",1996,0.105897907863013,"Figure-12-a_b","HUN",NA,NA,NA
"Hungary",1997,0.126023018214625,"Figure-12-a_b","HUN",NA,NA,NA
"Hungary",1998,0.159093677670849,"Figure-12-a_b","HUN",NA,NA,NA
"Hungary",1999,0.163441733092083,"Figure-12-a_b","HUN",NA,NA,NA
"Hungary",2000,0.321265506863393,"Figure-12-a_b","HUN",NA,NA,NA
"Hungary",2001,0.569461321341434,"Figure-12-a_b","HUN",NA,NA,NA
"Hungary",2002,0.225589356295878,"Figure-12-a_b","HUN",NA,NA,NA
"Hungary",2003,0.343296455181757,"Figure-12-a_b","HUN",NA,NA,NA
"Hungary",2004,0.295696484100143,"Figure-12-a_b","HUN",NA,NA,NA
"Hungary",2005,0.333472121650978,"Figure-12-a_b","HUN",NA,NA,NA
"Hungary",2006,0.267358680434022,"Figure-12-a_b","HUN",NA,NA,NA
"Hungary",2007,0.276029774508306,"Figure-12-a_b","HUN",NA,NA,NA
"Hungary",2008,0.193779443045879,"Figure-12-a_b","HUN",NA,NA,NA
"Hungary",2009,0.239189897201496,"Figure-12-a_b","HUN",NA,NA,NA
"Hungary",2010,0.179408119412148,"Figure-12-a_b","HUN",NA,NA,NA
"Hungary",2011,0.239717377660283,"Figure-12-a_b","HUN",NA,NA,NA
"Hungary",2012,0.217836804425643,"Figure-12-a_b","HUN",NA,NA,NA
"Hungary",2013,0.390197780188601,"Figure-12-a_b","HUN",NA,NA,NA
"Hungary",2014,0.202518407672556,"Figure-12-a_b","HUN",NA,NA,NA
"Hungary",2015,0.292065016762723,"Figure-12-a_b","HUN",NA,NA,NA
"Hungary",2016,0.235112998943175,"Figure-12-a_b","HUN",NA,NA,NA
"Hungary",2017,0.242961365955071,"Figure-12-a_b","HUN",NA,NA,NA
"Hungary",2018,0.372744360902256,"Figure-12-a_b","HUN",NA,NA,NA
"Hungary",2019,0.205068648921833,"Figure-12-a_b","HUN",NA,NA,NA
"Hungary",2020,0.280315757732403,"Figure-12-a_b","HUN",NA,NA,NA
"Hungary",2021,0.456240523230814,"Figure-12-a_b","HUN",NA,NA,NA
"Hungary",2022,0.34321270832825,"Figure-12-a_b","HUN",NA,NA,NA
"Namibia",2017,0.0014971953261853,"Figure-12-a_b","NAM",NA,NA,NA
"Namibia",2018,0.00052213868003341,"Figure-12-a_b","NAM",NA,NA,NA
"Namibia",2019,0.00561546074797844,"Figure-12-a_b","NAM",NA,NA,NA
"Namibia",2020,0.00035897949513224,"Figure-12-a_b","NAM",NA,NA,NA
"Namibia",2021,0.00226310905922556,"Figure-12-a_b","NAM",NA,NA,NA
"Namibia",2022,0.00488031038774066,"Figure-12-a_b","NAM",NA,NA,NA
"Jordan",1996,0.0456277707204521,"Figure-12-a_b","JOR",NA,NA,NA
"Jordan",1997,0.0682743654141572,"Figure-12-a_b","JOR",NA,NA,NA
"Jordan",1998,0.00182726276038494,"Figure-12-a_b","JOR",NA,NA,NA
"Jordan",2000,0.0362947466294747,"Figure-12-a_b","JOR",NA,NA,NA
"Jordan",2001,0.0334880160742477,"Figure-12-a_b","JOR",NA,NA,NA
"Jordan",2002,0.157514586862413,"Figure-12-a_b","JOR",NA,NA,NA
"Jordan",2003,0.0792503951230526,"Figure-12-a_b","JOR",NA,NA,NA
"Jordan",2004,0.0283723358376648,"Figure-12-a_b","JOR",NA,NA,NA
"Jordan",2005,0.00311142288196959,"Figure-12-a_b","JOR",NA,NA,NA
"Jordan",2006,0.134621324816241,"Figure-12-a_b","JOR",NA,NA,NA
"Jordan",2007,0.0860419986466133,"Figure-12-a_b","JOR",NA,NA,NA
"Jordan",2008,0.101444685127725,"Figure-12-a_b","JOR",NA,NA,NA
"Jordan",2009,0.0238246824808947,"Figure-12-a_b","JOR",NA,NA,NA
"Jordan",2010,0.0642402440428226,"Figure-12-a_b","JOR",NA,NA,NA
"Jordan",2011,0.0288953764811046,"Figure-12-a_b","JOR",NA,NA,NA
"Jordan",2012,0.0960313618613733,"Figure-12-a_b","JOR",NA,NA,NA
"Jordan",2013,0.068685304180923,"Figure-12-a_b","JOR",NA,NA,NA
"Jordan",2014,0.0573790535140374,"Figure-12-a_b","JOR",NA,NA,NA
"Jordan",2015,0.040111877048254,"Figure-12-a_b","JOR",NA,NA,NA
"Jordan",2016,0.076673034712625,"Figure-12-a_b","JOR",NA,NA,NA
"Jordan",2017,0.116167587441529,"Figure-12-a_b","JOR",NA,NA,NA
"Jordan",2018,0.129268379281537,"Figure-12-a_b","JOR",NA,NA,NA
"Jordan",2019,0.12704957041779,"Figure-12-a_b","JOR",NA,NA,NA
"Jordan",2020,0.106606358232101,"Figure-12-a_b","JOR",NA,NA,NA
"Jordan",2021,0.115493923552176,"Figure-12-a_b","JOR",NA,NA,NA
"Jordan",2022,0.0682113662428931,"Figure-12-a_b","JOR",NA,NA,NA
"Liechtenstein",2018,0.00134264202172097,"Figure-12-a_b","LIE",NA,NA,NA
"Liechtenstein",2020,0.00016568256224692,"Figure-12-a_b","LIE",NA,NA,NA
"Liechtenstein",2021,0.00178991332292303,"Figure-12-a_b","LIE",NA,NA,NA
"Japan",1996,5.14193866175823,"Figure-12-a_b","JPN",5.14,"Figure2-b","Organometallics"
"Japan",1996,5.14193866175823,"Figure-12-a_b","JPN",13.62,"Figure2-d","Rare-earths"
"Japan",1997,6.60178976372193,"Figure-12-a_b","JPN",6.6,"Figure2-b","Organometallics"
"Japan",1997,6.60178976372193,"Figure-12-a_b","JPN",12.35,"Figure2-d","Rare-earths"
"Japan",1998,7.68585698623462,"Figure-12-a_b","JPN",7.69,"Figure2-b","Organometallics"
"Japan",1998,7.68585698623462,"Figure-12-a_b","JPN",14.91,"Figure2-d","Rare-earths"
"Japan",1999,6.63607022348281,"Figure-12-a_b","JPN",6.64,"Figure2-b","Organometallics"
"Japan",1999,6.63607022348281,"Figure-12-a_b","JPN",11.3,"Figure2-d","Rare-earths"
"Japan",2000,9.17311409625878,"Figure-12-a_b","JPN",9.17,"Figure2-b","Organometallics"
"Japan",2000,9.17311409625878,"Figure-12-a_b","JPN",13.26,"Figure2-d","Rare-earths"
"Japan",2001,9.48930775486772,"Figure-12-a_b","JPN",9.49,"Figure2-b","Organometallics"
"Japan",2001,9.48930775486772,"Figure-12-a_b","JPN",14.53,"Figure2-d","Rare-earths"
"Japan",2002,8.98430735930736,"Figure-12-a_b","JPN",8.98,"Figure2-b","Organometallics"
"Japan",2002,8.98430735930736,"Figure-12-a_b","JPN",11.94,"Figure2-d","Rare-earths"
"Japan",2003,8.30711221494694,"Figure-12-a_b","JPN",8.31,"Figure2-b","Organometallics"
"Japan",2003,8.30711221494694,"Figure-12-a_b","JPN",15.07,"Figure2-d","Rare-earths"
"Japan",2004,8.48178496039222,"Figure-12-a_b","JPN",8.48,"Figure2-b","Organometallics"
"Japan",2004,8.48178496039222,"Figure-12-a_b","JPN",9.36,"Figure2-d","Rare-earths"
"Japan",2005,8.4787518102824,"Figure-12-a_b","JPN",8.48,"Figure2-b","Organometallics"
"Japan",2005,8.4787518102824,"Figure-12-a_b","JPN",10.4,"Figure2-d","Rare-earths"
"Japan",2006,7.92299614980749,"Figure-12-a_b","JPN",7.92,"Figure2-b","Organometallics"
"Japan",2006,7.92299614980749,"Figure-12-a_b","JPN",12.37,"Figure2-d","Rare-earths"
"Japan",2007,8.48946759511908,"Figure-12-a_b","JPN",8.49,"Figure2-b","Organometallics"
"Japan",2007,8.48946759511908,"Figure-12-a_b","JPN",10.1,"Figure2-d","Rare-earths"
"Japan",2008,7.60306773608103,"Figure-12-a_b","JPN",7.6,"Figure2-b","Organometallics"
"Japan",2008,7.60306773608103,"Figure-12-a_b","JPN",11.15,"Figure2-d","Rare-earths"
"Japan",2009,8.82179183754584,"Figure-12-a_b","JPN",8.82,"Figure2-b","Organometallics"
"Japan",2009,8.82179183754584,"Figure-12-a_b","JPN",8.08,"Figure2-d","Rare-earths"
"Japan",2010,6.87794021718276,"Figure-12-a_b","JPN",6.88,"Figure2-b","Organometallics"
"Japan",2010,6.87794021718276,"Figure-12-a_b","JPN",7.25,"Figure2-d","Rare-earths"
"Japan",2011,6.08254245991746,"Figure-12-a_b","JPN",6.08,"Figure2-b","Organometallics"
"Japan",2011,6.08254245991746,"Figure-12-a_b","JPN",7.24,"Figure2-d","Rare-earths"
"Japan",2012,6.4369101854865,"Figure-12-a_b","JPN",6.44,"Figure2-b","Organometallics"
"Japan",2012,6.4369101854865,"Figure-12-a_b","JPN",5.21,"Figure2-d","Rare-earths"
"Japan",2013,7.28293415672202,"Figure-12-a_b","JPN",7.28,"Figure2-b","Organometallics"
"Japan",2013,7.28293415672202,"Figure-12-a_b","JPN",5.24,"Figure2-d","Rare-earths"
"Japan",2014,6.28023874708793,"Figure-12-a_b","JPN",6.28,"Figure2-b","Organometallics"
"Japan",2014,6.28023874708793,"Figure-12-a_b","JPN",3.82,"Figure2-d","Rare-earths"
"Japan",2015,6.74226842957773,"Figure-12-a_b","JPN",6.74,"Figure2-b","Organometallics"
"Japan",2015,6.74226842957773,"Figure-12-a_b","JPN",3.21,"Figure2-d","Rare-earths"
"Japan",2016,6.37433948459475,"Figure-12-a_b","JPN",6.37,"Figure2-b","Organometallics"
"Japan",2016,6.37433948459475,"Figure-12-a_b","JPN",3.5,"Figure2-d","Rare-earths"
"Japan",2017,5.49948988430961,"Figure-12-a_b","JPN",5.5,"Figure2-b","Organometallics"
"Japan",2017,5.49948988430961,"Figure-12-a_b","JPN",3.93,"Figure2-d","Rare-earths"
"Japan",2018,5.76215538847118,"Figure-12-a_b","JPN",5.76,"Figure2-b","Organometallics"
"Japan",2018,5.76215538847118,"Figure-12-a_b","JPN",4.26,"Figure2-d","Rare-earths"
"Japan",2019,6.01806772237197,"Figure-12-a_b","JPN",6.02,"Figure2-b","Organometallics"
"Japan",2019,6.01806772237197,"Figure-12-a_b","JPN",4.28,"Figure2-d","Rare-earths"
"Japan",2020,5.36518911001982,"Figure-12-a_b","JPN",5.37,"Figure2-b","Organometallics"
"Japan",2020,5.36518911001982,"Figure-12-a_b","JPN",5.12,"Figure2-d","Rare-earths"
"Japan",2021,5.67268653676421,"Figure-12-a_b","JPN",5.67,"Figure2-b","Organometallics"
"Japan",2021,5.67268653676421,"Figure-12-a_b","JPN",3.93,"Figure2-d","Rare-earths"
"Japan",2022,4.85373709767941,"Figure-12-a_b","JPN",4.85,"Figure2-b","Organometallics"
"Japan",2022,4.85373709767941,"Figure-12-a_b","JPN",4.1,"Figure2-d","Rare-earths"
"New Caledonia",2014,0.00170047783427143,"Figure-12-a_b","NCL",NA,NA,NA
"Sri Lanka",2013,0.00111268797463073,"Figure-12-a_b","LKA",NA,NA,NA
"Sri Lanka",2014,0.00195554950941214,"Figure-12-a_b","LKA",NA,NA,NA
"Sri Lanka",2015,0.00047086299770218,"Figure-12-a_b","LKA",NA,NA,NA
"Sri Lanka",2016,0.00081294203723274,"Figure-12-a_b","LKA",NA,NA,NA
"Sri Lanka",2017,0.00641654314808755,"Figure-12-a_b","LKA",NA,NA,NA
"Sri Lanka",2018,0.0012531328320802,"Figure-12-a_b","LKA",NA,NA,NA
"Sri Lanka",2019,0.0152670148247978,"Figure-12-a_b","LKA",NA,NA,NA
"Sri Lanka",2020,0.0198976910485052,"Figure-12-a_b","LKA",NA,NA,NA
"Sri Lanka",2021,0.00452621811845113,"Figure-12-a_b","LKA",NA,NA,NA
"Sri Lanka",2022,0.00488031038774066,"Figure-12-a_b","LKA",NA,NA,NA
"Nigeria",1996,0.151617193373603,"Figure-12-a_b","NGA",NA,NA,NA
"Nigeria",1997,0.0463290336738924,"Figure-12-a_b","NGA",NA,NA,NA
"Nigeria",2000,0.016720081235166,"Figure-12-a_b","NGA",NA,NA,NA
"Nigeria",2001,0.0198194278333254,"Figure-12-a_b","NGA",NA,NA,NA
"Nigeria",2002,0.0470543948804818,"Figure-12-a_b","NGA",NA,NA,NA
"Nigeria",2003,0.0530593813501919,"Figure-12-a_b","NGA",NA,NA,NA
"Nigeria",2004,0.0321553896089157,"Figure-12-a_b","NGA",NA,NA,NA
"Nigeria",2005,0.00452570601013758,"Figure-12-a_b","NGA",NA,NA,NA
"Nigeria",2006,0.00317203360168008,"Figure-12-a_b","NGA",NA,NA,NA
"Nigeria",2007,0.00436576368121194,"Figure-12-a_b","NGA",NA,NA,NA
"Nigeria",2008,0.00469285560954667,"Figure-12-a_b","NGA",NA,NA,NA
"Nigeria",2009,0.0516400787700313,"Figure-12-a_b","NGA",NA,NA,NA
"Nigeria",2010,0.0533043628410268,"Figure-12-a_b","NGA",NA,NA,NA
"Nigeria",2011,0.00944610966355389,"Figure-12-a_b","NGA",NA,NA,NA
"Nigeria",2012,0.00406768630003254,"Figure-12-a_b","NGA",NA,NA,NA
"Nigeria",2013,0.0194720854543937,"Figure-12-a_b","NGA",NA,NA,NA
"Nigeria",2014,0.0438641658305984,"Figure-12-a_b","NGA",NA,NA,NA
"Nigeria",2015,0.0383971823558218,"Figure-12-a_b","NGA",NA,NA,NA
"Nigeria",2016,0.0439102511990895,"Figure-12-a_b","NGA",NA,NA,NA
"Nigeria",2017,0.0506265760649868,"Figure-12-a_b","NGA",NA,NA,NA
"Nigeria",2018,0.037593984962406,"Figure-12-a_b","NGA",NA,NA,NA
"Nigeria",2019,0.0310002526954178,"Figure-12-a_b","NGA",NA,NA,NA
"Nigeria",2020,0.0714573102438184,"Figure-12-a_b","NGA",NA,NA,NA
"Nigeria",2021,0.0840534546359789,"Figure-12-a_b","NGA",NA,NA,NA
"Nigeria",2022,0.0343712940142993,"Figure-12-a_b","NGA",NA,NA,NA
"Panama",2021,0.00237282458641682,"Figure-12-a_b","PAN",NA,NA,NA
"Panama",2022,0.00075915912252019,"Figure-12-a_b","PAN",NA,NA,NA
"Lesotho",2009,0.00180665209300645,"Figure-12-a_b","LSO",NA,NA,NA
"Peru",1998,0.00194908027774394,"Figure-12-a_b","PER",NA,NA,NA
"Peru",2000,0.00163122904891238,"Figure-12-a_b","PER",NA,NA,NA
"Peru",2001,0.00717600344448165,"Figure-12-a_b","PER",NA,NA,NA
"Peru",2003,0.0109129148792052,"Figure-12-a_b","PER",NA,NA,NA
"Peru",2005,0.0054308472121651,"Figure-12-a_b","PER",NA,NA,NA
"Peru",2010,0.00341080541805763,"Figure-12-a_b","PER",NA,NA,NA
"Peru",2016,0.00812942037232745,"Figure-12-a_b","PER",NA,NA,NA
"Peru",2018,0.00112460735171261,"Figure-12-a_b","PER",NA,NA,NA
"Peru",2019,0.00263224393530997,"Figure-12-a_b","PER",NA,NA,NA
"Peru",2020,0.00215387266304816,"Figure-12-a_b","PER",NA,NA,NA
"Peru",2022,0.00244015519387033,"Figure-12-a_b","PER",NA,NA,NA
"Netherlands",1996,1.82066730614679,"Figure-12-a_b","NLD",NA,NA,NA
"Netherlands",1997,1.74213503694131,"Figure-12-a_b","NLD",NA,NA,NA
"Netherlands",1998,1.36768181264466,"Figure-12-a_b","NLD",NA,NA,NA
"Netherlands",1999,1.17985476062399,"Figure-12-a_b","NLD",NA,NA,NA
"Netherlands",2000,1.41352125082581,"Figure-12-a_b","NLD",NA,NA,NA
"Netherlands",2001,1.12179352246089,"Figure-12-a_b","NLD",NA,NA,NA
"Netherlands",2002,1.37484001505741,"Figure-12-a_b","NLD",NA,NA,NA
"Netherlands",2003,1.17658613682547,"Figure-12-a_b","NLD",NA,NA,NA
"Netherlands",2004,0.954497582676987,"Figure-12-a_b","NLD",NA,NA,NA
"Netherlands",2005,1.11153376176684,"Figure-12-a_b","NLD",NA,NA,NA
"Netherlands",2006,0.881619705985299,"Figure-12-a_b","NLD",NA,NA,NA
"Netherlands",2007,0.742529086900526,"Figure-12-a_b","NLD",NA,NA,NA
"Netherlands",2008,0.94483734363718,"Figure-12-a_b","NLD",NA,NA,NA
"Netherlands",2009,1.2184459178696,"Figure-12-a_b","NLD",NA,NA,NA
"Netherlands",2010,0.990426307509305,"Figure-12-a_b","NLD",NA,NA,NA
"Netherlands",2011,0.686182696513817,"Figure-12-a_b","NLD",NA,NA,NA
"Netherlands",2012,0.438423364790107,"Figure-12-a_b","NLD",NA,NA,NA
"Netherlands",2013,0.650848702328298,"Figure-12-a_b","NLD",NA,NA,NA
"Netherlands",2014,0.782403455370959,"Figure-12-a_b","NLD",NA,NA,NA
"Netherlands",2015,0.586746148340679,"Figure-12-a_b","NLD",NA,NA,NA
"Netherlands",2016,0.491563694008617,"Figure-12-a_b","NLD",NA,NA,NA
"Netherlands",2017,0.521255462087817,"Figure-12-a_b","NLD",NA,NA,NA
"Netherlands",2018,0.444089390142022,"Figure-12-a_b","NLD",NA,NA,NA
"Netherlands",2019,0.495064016172507,"Figure-12-a_b","NLD",NA,NA,NA
"Netherlands",2020,0.518648229516671,"Figure-12-a_b","NLD",NA,NA,NA
"Netherlands",2021,0.395530359608029,"Figure-12-a_b","NLD",NA,NA,NA
"Netherlands",2022,0.512410629316025,"Figure-12-a_b","NLD",NA,NA,NA
"French Polynesia",2017,0.00057748946081734,"Figure-12-a_b","PYF",NA,NA,NA
"French Polynesia",2021,0.00135786543553534,"Figure-12-a_b","PYF",NA,NA,NA
"Lithuania",2000,0.00489368469989479,"Figure-12-a_b","LTU",NA,NA,NA
"Lithuania",2003,0.00526829984195078,"Figure-12-a_b","LTU",NA,NA,NA
"Lithuania",2004,0.0234543886329074,"Figure-12-a_b","LTU",NA,NA,NA
"Lithuania",2005,0.00282856625633599,"Figure-12-a_b","LTU",NA,NA,NA
"Lithuania",2006,0.0093754593979699,"Figure-12-a_b","LTU",NA,NA,NA
"Lithuania",2010,0.00409295499021526,"Figure-12-a_b","LTU",NA,NA,NA
"Lithuania",2013,0.00296573479095385,"Figure-12-a_b","LTU",NA,NA,NA
"Lithuania",2015,0.0131841639356613,"Figure-12-a_b","LTU",NA,NA,NA
"Lithuania",2017,0.00192496486939113,"Figure-12-a_b","LTU",NA,NA,NA
"Lithuania",2018,0.00493659147869674,"Figure-12-a_b","LTU",NA,NA,NA
"Lithuania",2019,0.00982705104447439,"Figure-12-a_b","LTU",NA,NA,NA
"Lithuania",2020,0.0219443008529336,"Figure-12-a_b","LTU",NA,NA,NA
"Lithuania",2021,0.00113155452961278,"Figure-12-a_b","LTU",NA,NA,NA
"Papua New Guinea",2011,0.00095094999904905,"Figure-12-a_b","PNG",NA,NA,NA
"Luxembourg",2008,0.00039029721132642,"Figure-12-a_b","LUX",NA,NA,NA
"Luxembourg",2013,0.00200283735291663,"Figure-12-a_b","LUX",NA,NA,NA
"Luxembourg",2014,0.0108263812131209,"Figure-12-a_b","LUX",NA,NA,NA
"Luxembourg",2017,0.00038499297387822,"Figure-12-a_b","LUX",NA,NA,NA
"Luxembourg",2018,0.0014918253968254,"Figure-12-a_b","LUX",NA,NA,NA
"Luxembourg",2020,0.0053846816576204,"Figure-12-a_b","LUX",NA,NA,NA
"Philippines",2003,0.00263416121020546,"Figure-12-a_b","PHL",NA,NA,NA
"Philippines",2004,0.00045395737340263,"Figure-12-a_b","PHL",NA,NA,NA
"Philippines",2009,0.00159157377463822,"Figure-12-a_b","PHL",NA,NA,NA
"Philippines",2010,0.00306972103910057,"Figure-12-a_b","PHL",NA,NA,NA
"Philippines",2011,0.0150884003119116,"Figure-12-a_b","PHL",NA,NA,NA
"Philippines",2012,0.00406768630003254,"Figure-12-a_b","PHL",NA,NA,NA
"Philippines",2015,0.00376690398161751,"Figure-12-a_b","PHL",NA,NA,NA
"Philippines",2018,0.00992063492063492,"Figure-12-a_b","PHL",NA,NA,NA
"Philippines",2019,0.00210579514824798,"Figure-12-a_b","PHL",NA,NA,NA
"Philippines",2020,0.00756248384595503,"Figure-12-a_b","PHL",NA,NA,NA
"Philippines",2022,0.00976062077548132,"Figure-12-a_b","PHL",NA,NA,NA
"Latvia",1999,0.0183383050515918,"Figure-12-a_b","LVA",NA,NA,NA
"Latvia",2000,0.00734052704984218,"Figure-12-a_b","LVA",NA,NA,NA
"Latvia",2001,0.00239200114816055,"Figure-12-a_b","LVA",NA,NA,NA
"Latvia",2003,0.00225784601490178,"Figure-12-a_b","LVA",NA,NA,NA
"Latvia",2005,0.00497827661115134,"Figure-12-a_b","LVA",NA,NA,NA
"Latvia",2006,0.0015625787539377,"Figure-12-a_b","LVA",NA,NA,NA
"Latvia",2007,0.00218288184060597,"Figure-12-a_b","LVA",NA,NA,NA
"Latvia",2008,0.0292722908494819,"Figure-12-a_b","LVA",NA,NA,NA
"Latvia",2009,0.00252931293020903,"Figure-12-a_b","LVA",NA,NA,NA
"Latvia",2013,0.00166903112743053,"Figure-12-a_b","LVA",NA,NA,NA
"Latvia",2014,0.00340095566854286,"Figure-12-a_b","LVA",NA,NA,NA
"Latvia",2015,0.00627816702452255,"Figure-12-a_b","LVA",NA,NA,NA
"Latvia",2017,0.0558239812123429,"Figure-12-a_b","LVA",NA,NA,NA
"Latvia",2018,0.0543024227234754,"Figure-12-a_b","LVA",NA,NA,NA
"Latvia",2019,0.0355645636792453,"Figure-12-a_b","LVA",NA,NA,NA
"Latvia",2020,0.0822062117687602,"Figure-12-a_b","LVA",NA,NA,NA
"Latvia",2021,0.00814719261321203,"Figure-12-a_b","LVA",NA,NA,NA
"Latvia",2022,0.0634440350406286,"Figure-12-a_b","LVA",NA,NA,NA
"Norway",1996,0.0314987167189485,"Figure-12-a_b","NOR",NA,NA,NA
"Norway",1997,0.0687388749359928,"Figure-12-a_b","NOR",NA,NA,NA
"Norway",1998,0.183091728590571,"Figure-12-a_b","NOR",NA,NA,NA
"Norway",1999,0.094055210523742,"Figure-12-a_b","NOR",NA,NA,NA
"Norway",2000,0.141472999094668,"Figure-12-a_b","NOR",NA,NA,NA
"Norway",2001,0.302987609434053,"Figure-12-a_b","NOR",NA,NA,NA
"Norway",2002,0.233860342555995,"Figure-12-a_b","NOR",NA,NA,NA
"Norway",2003,0.121829532625875,"Figure-12-a_b","NOR",NA,NA,NA
"Norway",2004,0.203343169076424,"Figure-12-a_b","NOR",NA,NA,NA
"Norway",2005,0.167262626719768,"Figure-12-a_b","NOR",NA,NA,NA
"Norway",2006,0.282785701785089,"Figure-12-a_b","NOR",NA,NA,NA
"Norway",2007,0.238988452555063,"Figure-12-a_b","NOR",NA,NA,NA
"Norway",2008,0.180833089397576,"Figure-12-a_b","NOR",NA,NA,NA
"Norway",2009,0.149117631117776,"Figure-12-a_b","NOR",NA,NA,NA
"Norway",2010,0.204019415985572,"Figure-12-a_b","NOR",NA,NA,NA
"Norway",2011,0.345482036554518,"Figure-12-a_b","NOR",NA,NA,NA
"Norway",2012,0.0619280833062154,"Figure-12-a_b","NOR",NA,NA,NA
"Norway",2013,0.0397004089126262,"Figure-12-a_b","NOR",NA,NA,NA
"Norway",2014,0.0645331338106008,"Figure-12-a_b","NOR",NA,NA,NA
"Norway",2015,0.128669717858892,"Figure-12-a_b","NOR",NA,NA,NA
"Norway",2016,0.155917201853508,"Figure-12-a_b","NOR",NA,NA,NA
"Norway",2017,0.156082888987276,"Figure-12-a_b","NOR",NA,NA,NA
"Norway",2018,0.172047201336675,"Figure-12-a_b","NOR",NA,NA,NA
"Norway",2019,0.118463611859838,"Figure-12-a_b","NOR",NA,NA,NA
"Norway",2020,0.474754458516413,"Figure-12-a_b","NOR",NA,NA,NA
"Norway",2021,0.262520650870165,"Figure-12-a_b","NOR",NA,NA,NA
"Norway",2022,0.117118664747078,"Figure-12-a_b","NOR",NA,NA,NA
"Nepal",2008,0.1839972288898,"Figure-12-a_b","NPL",NA,NA,NA
"Nepal",2015,0.00376690398161751,"Figure-12-a_b","NPL",NA,NA,NA
"Nepal",2017,0.00256661340930528,"Figure-12-a_b","NPL",NA,NA,NA
"Nepal",2019,0.00421159029649596,"Figure-12-a_b","NPL",NA,NA,NA
"Nepal",2020,0.00861549065219264,"Figure-12-a_b","NPL",NA,NA,NA
"Nepal",2021,0.0029097019485369,"Figure-12-a_b","NPL",NA,NA,NA
"Nepal",2022,0.0153381079036627,"Figure-12-a_b","NPL",NA,NA,NA
"Libya",2002,0.00533283926218709,"Figure-12-a_b","LBY",NA,NA,NA
"Libya",2004,0.00113489343350659,"Figure-12-a_b","LBY",NA,NA,NA
"Libya",2007,0.00600292506166641,"Figure-12-a_b","LBY",NA,NA,NA
"Libya",2008,0.00917198446617099,"Figure-12-a_b","LBY",NA,NA,NA
"Libya",2013,0.00130740716014354,"Figure-12-a_b","LBY",NA,NA,NA
"Libya",2014,0.00340095566854286,"Figure-12-a_b","LBY",NA,NA,NA
"Libya",2017,0.00384992973878227,"Figure-12-a_b","LBY",NA,NA,NA
"Libya",2018,0.0100250626566416,"Figure-12-a_b","LBY",NA,NA,NA
"Libya",2019,0.00360994356469003,"Figure-12-a_b","LBY",NA,NA,NA
"Libya",2020,0.00717956836391833,"Figure-12-a_b","LBY",NA,NA,NA
"Libya",2021,0.016375200850929,"Figure-12-a_b","LBY",NA,NA,NA
"Libya",2022,0.00088732827407823,"Figure-12-a_b","LBY",NA,NA,NA
"Pakistan",1996,0.0250607160449019,"Figure-12-a_b","PAK",NA,NA,NA
"Pakistan",1997,0.0167202457877155,"Figure-12-a_b","PAK",NA,NA,NA
"Pakistan",1998,0.0016242343769034,"Figure-12-a_b","PAK",NA,NA,NA
"Pakistan",1999,0.0393253948848355,"Figure-12-a_b","PAK",NA,NA,NA
"Pakistan",2000,0.035071325454501,"Figure-12-a_b","PAK",NA,NA,NA
"Pakistan",2001,0.112424053963546,"Figure-12-a_b","PAK",NA,NA,NA
"Pakistan",2002,0.14987389422172,"Figure-12-a_b","PAK",NA,NA,NA
"Pakistan",2003,0.0459094603748024,"Figure-12-a_b","PAK",NA,NA,NA
"Pakistan",2004,0.0749029666114352,"Figure-12-a_b","PAK",NA,NA,NA
"Pakistan",2005,0.026249094858798,"Figure-12-a_b","PAK",NA,NA,NA
"Pakistan",2006,0.0528307665383269,"Figure-12-a_b","PAK",NA,NA,NA
"Pakistan",2007,0.111378926458711,"Figure-12-a_b","PAK",NA,NA,NA
"Pakistan",2008,0.0786774778994204,"Figure-12-a_b","PAK",NA,NA,NA
"Pakistan",2009,0.100731694097668,"Figure-12-a_b","PAK",NA,NA,NA
"Pakistan",2010,0.103648747170101,"Figure-12-a_b","PAK",NA,NA,NA
"Pakistan",2011,0.107333536202666,"Figure-12-a_b","PAK",NA,NA,NA
"Pakistan",2012,0.178272860397006,"Figure-12-a_b","PAK",NA,NA,NA
"Pakistan",2013,0.357835266627723,"Figure-12-a_b","PAK",NA,NA,NA
"Pakistan",2014,0.262052136650399,"Figure-12-a_b","PAK",NA,NA,NA
"Pakistan",2015,0.292776961615248,"Figure-12-a_b","PAK",NA,NA,NA
"Pakistan",2016,0.473947240061784,"Figure-12-a_b","PAK",NA,NA,NA
"Pakistan",2017,0.443546555275366,"Figure-12-a_b","PAK",NA,NA,NA
"Pakistan",2018,0.407936507936508,"Figure-12-a_b","PAK",NA,NA,NA
"Pakistan",2019,0.539814268867925,"Figure-12-a_b","PAK",NA,NA,NA
"Pakistan",2020,0.482519169466701,"Figure-12-a_b","PAK",NA,NA,NA
"Pakistan",2021,0.452599180754521,"Figure-12-a_b","PAK",NA,NA,NA
"Pakistan",2022,0.53398892169542,"Figure-12-a_b","PAK",NA,NA,NA
"Poland",1996,0.447419179218624,"Figure-12-a_b","POL",2.92,"Figure2-d","Rare-earths"
"Poland",1997,0.267813513447612,"Figure-12-a_b","POL",2.32,"Figure2-d","Rare-earths"
"Poland",1998,0.566841271774881,"Figure-12-a_b","POL",2.9,"Figure2-d","Rare-earths"
"Poland",1999,0.425448677196929,"Figure-12-a_b","POL",2.32,"Figure2-d","Rare-earths"
"Poland",2000,0.905067410506741,"Figure-12-a_b","POL",3.81,"Figure2-d","Rare-earths"
"Poland",2001,1.01822226474669,"Figure-12-a_b","POL",3.89,"Figure2-d","Rare-earths"
"Poland",2002,0.979743083003953,"Figure-12-a_b","POL",3.1,"Figure2-d","Rare-earths"
"Poland",2003,1.139697448634,"Figure-12-a_b","POL",3.01,"Figure2-d","Rare-earths"
"Poland",2004,1.169875388701,"Figure-12-a_b","POL",3.18,"Figure2-d","Rare-earths"
"Poland",2005,1.0274981897176,"Figure-12-a_b","POL",2.05,"Figure2-d","Rare-earths"
"Poland",2006,1.25401207560378,"Figure-12-a_b","POL",3.18,"Figure2-d","Rare-earths"
"Poland",2007,1.10479797428565,"Figure-12-a_b","POL",3.15,"Figure2-d","Rare-earths"
"Poland",2008,0.91261440587007,"Figure-12-a_b","POL",3.77,"Figure2-d","Rare-earths"
"Poland",2009,1.03368141496992,"Figure-12-a_b","POL",1.43,"Figure2-d","Rare-earths"
"Poland",2010,0.972297686197767,"Figure-12-a_b","POL",1.93,"Figure2-d","Rare-earths"
"Poland",2011,1.31606915308393,"Figure-12-a_b","POL",2.37,"Figure2-d","Rare-earths"
"Poland",2012,1.17840872111943,"Figure-12-a_b","POL",2.83,"Figure2-d","Rare-earths"
"Poland",2013,1.22571643161145,"Figure-12-a_b","POL",1.7,"Figure2-d","Rare-earths"
"Poland",2014,1.22074412910028,"Figure-12-a_b","POL",1.93,"Figure2-d","Rare-earths"
"Poland",2015,1.0333804196331,"Figure-12-a_b","POL",1.88,"Figure2-d","Rare-earths"
"Poland",2016,1.45257499390293,"Figure-12-a_b","POL",2.03,"Figure2-d","Rare-earths"
"Poland",2017,1.40214633582937,"Figure-12-a_b","POL",1.2,"Figure2-d","Rare-earths"
"Poland",2018,1.4193671679198,"Figure-12-a_b","POL",2.14,"Figure2-d","Rare-earths"
"Poland",2019,1.12636034366577,"Figure-12-a_b","POL",1.86,"Figure2-d","Rare-earths"
"Poland",2020,1.41942577754803,"Figure-12-a_b","POL",2.36,"Figure2-d","Rare-earths"
"Poland",2021,1.28080430895965,"Figure-12-a_b","POL",1.37,"Figure2-d","Rare-earths"
"Poland",2022,1.52721505087724,"Figure-12-a_b","POL",1.5,"Figure2-d","Rare-earths"
"United Arab Emirates",1996,0.00518497394550592,"Figure-12-a_b","ARE",NA,NA,NA
"United Arab Emirates",1998,0.00121817517358996,"Figure-12-a_b","ARE",NA,NA,NA
"United Arab Emirates",2001,0.0239200114816055,"Figure-12-a_b","ARE",NA,NA,NA
"United Arab Emirates",2002,0.00705815923207228,"Figure-12-a_b","ARE",NA,NA,NA
"United Arab Emirates",2003,0.00112892300745089,"Figure-12-a_b","ARE",NA,NA,NA
"United Arab Emirates",2005,0.011314265025344,"Figure-12-a_b","ARE",NA,NA,NA
"United Arab Emirates",2006,0.0205999956247812,"Figure-12-a_b","ARE",NA,NA,NA
"United Arab Emirates",2007,0.00291050184453516,"Figure-12-a_b","ARE",NA,NA,NA
"United Arab Emirates",2009,0.019873173023071,"Figure-12-a_b","ARE",NA,NA,NA
"United Arab Emirates",2010,0.013430029546065,"Figure-12-a_b","ARE",NA,NA,NA
"United Arab Emirates",2012,0.00203384315001627,"Figure-12-a_b","ARE",NA,NA,NA
"United Arab Emirates",2013,0.00166903112743053,"Figure-12-a_b","ARE",NA,NA,NA
"United Arab Emirates",2014,0.00113365245634023,"Figure-12-a_b","ARE",NA,NA,NA
"United Arab Emirates",2016,0.0125812535566214,"Figure-12-a_b","ARE",NA,NA,NA
"United Arab Emirates",2017,0.0115131186355849,"Figure-12-a_b","ARE",NA,NA,NA
"United Arab Emirates",2018,0.00440202589807853,"Figure-12-a_b","ARE",NA,NA,NA
"United Arab Emirates",2019,0.00813237028301887,"Figure-12-a_b","ARE",NA,NA,NA
"United Arab Emirates",2020,0.00942233135177048,"Figure-12-a_b","ARE",NA,NA,NA
"United Arab Emirates",2021,0.00867524385000113,"Figure-12-a_b","ARE",NA,NA,NA
"United Arab Emirates",2022,0.00786950050023181,"Figure-12-a_b","ARE",NA,NA,NA
"Afghanistan",2011,0.00095094999904905,"Figure-12-a_b","AFG",NA,NA,NA
"Chad",2020,0.00053846816576204,"Figure-12-a_b","TCD",NA,NA,NA
"Puerto Rico",1996,0.00518497394550592,"Figure-12-a_b","PRI",NA,NA,NA
"Puerto Rico",1997,0.0170685913535393,"Figure-12-a_b","PRI",NA,NA,NA
"Puerto Rico",1998,0.0430422706785236,"Figure-12-a_b","PRI",NA,NA,NA
"Puerto Rico",1999,0.00713157122597682,"Figure-12-a_b","PRI",NA,NA,NA
"Puerto Rico",2000,0.0195747387995791,"Figure-12-a_b","PRI",NA,NA,NA
"Puerto Rico",2002,0.0202922077922078,"Figure-12-a_b","PRI",NA,NA,NA
"Puerto Rico",2003,0.00959584556333258,"Figure-12-a_b","PRI",NA,NA,NA
"Puerto Rico",2004,0.100059695394602,"Figure-12-a_b","PRI",NA,NA,NA
"Puerto Rico",2005,0.011314265025344,"Figure-12-a_b","PRI",NA,NA,NA
"Puerto Rico",2006,0.00218760938046902,"Figure-12-a_b","PRI",NA,NA,NA
"Puerto Rico",2007,0.0436576368121194,"Figure-12-a_b","PRI",NA,NA,NA
"Puerto Rico",2008,0.014180805183147,"Figure-12-a_b","PRI",NA,NA,NA
"Puerto Rico",2009,0.104630991310003,"Figure-12-a_b","PRI",NA,NA,NA
"Puerto Rico",2010,0.0211043321438164,"Figure-12-a_b","PRI",NA,NA,NA
"Puerto Rico",2011,0.104604499895396,"Figure-12-a_b","PRI",NA,NA,NA
"Puerto Rico",2012,0.043122356003905,"Figure-12-a_b","PRI",NA,NA,NA
"Puerto Rico",2013,0.0257030793624301,"Figure-12-a_b","PRI",NA,NA,NA
"Puerto Rico",2014,0.0207458295781114,"Figure-12-a_b","PRI",NA,NA,NA
"Puerto Rico",2015,0.0204825404000452,"Figure-12-a_b","PRI",NA,NA,NA
"Puerto Rico",2016,0.00101617754654093,"Figure-12-a_b","PRI",NA,NA,NA
"Puerto Rico",2017,0.0384992973878227,"Figure-12-a_b","PRI",NA,NA,NA
"Puerto Rico",2018,0.006265664160401,"Figure-12-a_b","PRI",NA,NA,NA
"Puerto Rico",2019,0.0297970013477089,"Figure-12-a_b","PRI",NA,NA,NA
"Puerto Rico",2020,0.00215387266304816,"Figure-12-a_b","PRI",NA,NA,NA
"Puerto Rico",2021,0.00181048724738045,"Figure-12-a_b","PRI",NA,NA,NA
"Puerto Rico",2022,0.00813384251238379,"Figure-12-a_b","PRI",NA,NA,NA
"Palestinian Territories",1996,0.00032406087159412,"Figure-12-a_b","PSE",NA,NA,NA
"Palestinian Territories",1997,0.0219453317402648,"Figure-12-a_b","PSE",NA,NA,NA
"Palestinian Territories",1999,0.0464570394640325,"Figure-12-a_b","PSE",NA,NA,NA
"Palestinian Territories",2001,0.0191360091852844,"Figure-12-a_b","PSE",NA,NA,NA
"Palestinian Territories",2003,0.0428990742831339,"Figure-12-a_b","PSE",NA,NA,NA
"Palestinian Territories",2004,0.00302637492339469,"Figure-12-a_b","PSE",NA,NA,NA
"Palestinian Territories",2005,0.0117668356263577,"Figure-12-a_b","PSE",NA,NA,NA
"Palestinian Territories",2007,0.0065486455218179,"Figure-12-a_b","PSE",NA,NA,NA
"Palestinian Territories",2009,0.00406496720926451,"Figure-12-a_b","PSE",NA,NA,NA
"Palestinian Territories",2010,0.00575572694831357,"Figure-12-a_b","PSE",NA,NA,NA
"Palestinian Territories",2011,0.0038037999961962,"Figure-12-a_b","PSE",NA,NA,NA
"Palestinian Territories",2013,0.0199567720937996,"Figure-12-a_b","PSE",NA,NA,NA
"Palestinian Territories",2014,0.0327221249171017,"Figure-12-a_b","PSE",NA,NA,NA
"Palestinian Territories",2015,0.0223303951482277,"Figure-12-a_b","PSE",NA,NA,NA
"Palestinian Territories",2016,0.0467441671408829,"Figure-12-a_b","PSE",NA,NA,NA
"Palestinian Territories",2017,0.0411116672120734,"Figure-12-a_b","PSE",NA,NA,NA
"Palestinian Territories",2018,0.0120837719298246,"Figure-12-a_b","PSE",NA,NA,NA
"Palestinian Territories",2019,0.0191025732816712,"Figure-12-a_b","PSE",NA,NA,NA
"Palestinian Territories",2020,0.0165848195054708,"Figure-12-a_b","PSE",NA,NA,NA
"Palestinian Territories",2021,0.00603496503496504,"Figure-12-a_b","PSE",NA,NA,NA
"New Zealand",1996,0.652503046172193,"Figure-12-a_b","NZL",NA,NA,NA
"New Zealand",1997,0.553388115383678,"Figure-12-a_b","NZL",NA,NA,NA
"New Zealand",1998,0.748934096723109,"Figure-12-a_b","NZL",NA,NA,NA
"New Zealand",1999,0.317577876668786,"Figure-12-a_b","NZL",NA,NA,NA
"New Zealand",2000,1.04810981428467,"Figure-12-a_b","NZL",NA,NA,NA
"New Zealand",2001,0.607094675405444,"Figure-12-a_b","NZL",NA,NA,NA
"New Zealand",2002,0.647099096555618,"Figure-12-a_b","NZL",NA,NA,NA
"New Zealand",2003,0.889747121246331,"Figure-12-a_b","NZL",NA,NA,NA
"New Zealand",2004,0.720155707379077,"Figure-12-a_b","NZL",NA,NA,NA
"New Zealand",2005,0.6596872737147,"Figure-12-a_b","NZL",NA,NA,NA
"New Zealand",2006,0.545436646832342,"Figure-12-a_b","NZL",NA,NA,NA
"New Zealand",2007,0.603621400973565,"Figure-12-a_b","NZL",NA,NA,NA
"New Zealand",2008,0.287775891341256,"Figure-12-a_b","NZL",NA,NA,NA
"New Zealand",2009,0.31639898104822,"Figure-12-a_b","NZL",NA,NA,NA
"New Zealand",2010,0.615381220981543,"Figure-12-a_b","NZL",NA,NA,NA
"New Zealand",2011,0.653314060746686,"Figure-12-a_b","NZL",NA,NA,NA
"New Zealand",2012,0.458005206638464,"Figure-12-a_b","NZL",NA,NA,NA
"New Zealand",2013,0.517691729950764,"Figure-12-a_b","NZL",NA,NA,NA
"New Zealand",2014,0.434268029316238,"Figure-12-a_b","NZL",NA,NA,NA
"New Zealand",2015,0.426552906166422,"Figure-12-a_b","NZL",NA,NA,NA
"New Zealand",2016,0.747231932363223,"Figure-12-a_b","NZL",NA,NA,NA
"New Zealand",2017,0.448231919767464,"Figure-12-a_b","NZL",NA,NA,NA
"New Zealand",2018,0.334674185463659,"Figure-12-a_b","NZL",NA,NA,NA
"New Zealand",2019,0.618318311994609,"Figure-12-a_b","NZL",NA,NA,NA
"New Zealand",2020,0.547626432325321,"Figure-12-a_b","NZL",NA,NA,NA
"New Zealand",2021,0.328782221015231,"Figure-12-a_b","NZL",NA,NA,NA
"New Zealand",2022,0.544632878651082,"Figure-12-a_b","NZL",NA,NA,NA
"Canada",1996,4.01270318616649,"Figure-12-a_b","CAN",4.01,"Figure2-b","Organometallics"
"Canada",1997,2.7985662383263,"Figure-12-a_b","CAN",2.8,"Figure2-b","Organometallics"
"Canada",1998,3.19188695334389,"Figure-12-a_b","CAN",3.19,"Figure2-b","Organometallics"
"Canada",1999,2.69509511467553,"Figure-12-a_b","CAN",2.7,"Figure2-b","Organometallics"
"Canada",2000,3.3397440602902,"Figure-12-a_b","CAN",3.34,"Figure2-b","Organometallics"
"Canada",2001,3.23891307467828,"Figure-12-a_b","CAN",3.24,"Figure2-b","Organometallics"
"Canada",2002,2.69776962168267,"Figure-12-a_b","CAN",2.7,"Figure2-b","Organometallics"
"Canada",2003,3.15371415669451,"Figure-12-a_b","CAN",3.15,"Figure2-b","Organometallics"
"Canada",2004,2.72812492906916,"Figure-12-a_b","CAN",2.73,"Figure2-b","Organometallics"
"Canada",2005,3.67964790007241,"Figure-12-a_b","CAN",3.68,"Figure2-b","Organometallics"
"Canada",2006,2.83875131256563,"Figure-12-a_b","CAN",2.84,"Figure2-b","Organometallics"
"Canada",2007,2.51858723887276,"Figure-12-a_b","CAN",2.52,"Figure2-b","Organometallics"
"Canada",2008,3.37700759128076,"Figure-12-a_b","CAN",3.38,"Figure2-b","Organometallics"
"Canada",2009,3.85510650214088,"Figure-12-a_b","CAN",3.86,"Figure2-b","Organometallics"
"Canada",2010,3.99313149917501,"Figure-12-a_b","CAN",3.99,"Figure2-b","Organometallics"
"Canada",2011,3.88023735711976,"Figure-12-a_b","CAN",3.88,"Figure2-b","Organometallics"
"Canada",2012,4.02212821347218,"Figure-12-a_b","CAN",4.02,"Figure2-b","Organometallics"
"Canada",2013,3.05848285070517,"Figure-12-a_b","CAN",3.06,"Figure2-b","Organometallics"
"Canada",2014,2.59909534579217,"Figure-12-a_b","CAN",2.6,"Figure2-b","Organometallics"
"Canada",2015,2.39831242701624,"Figure-12-a_b","CAN",2.4,"Figure2-b","Organometallics"
"Canada",2016,2.74103731403951,"Figure-12-a_b","CAN",2.74,"Figure2-b","Organometallics"
"Canada",2017,2.85096921981174,"Figure-12-a_b","CAN",2.85,"Figure2-b","Organometallics"
"Canada",2018,2.6047410192147,"Figure-12-a_b","CAN",2.61,"Figure2-b","Organometallics"
"Canada",2019,2.59528723045822,"Figure-12-a_b","CAN",2.6,"Figure2-b","Organometallics"
"Canada",2020,1.70506590850349,"Figure-12-a_b","CAN",1.71,"Figure2-b","Organometallics"
"Canada",2021,2.18572204494535,"Figure-12-a_b","CAN",2.19,"Figure2-b","Organometallics"
"Canada",2022,2.30338937556429,"Figure-12-a_b","CAN",2.3,"Figure2-b","Organometallics"
"Portugal",1996,0.22886112047287,"Figure-12-a_b","PRT",NA,NA,NA
"Portugal",1997,0.294874545853552,"Figure-12-a_b","PRT",NA,NA,NA
"Portugal",1998,0.36660007309051,"Figure-12-a_b","PRT",NA,NA,NA
"Portugal",1999,0.223591373661304,"Figure-12-a_b","PRT",NA,NA,NA
"Portugal",2000,0.645445202965573,"Figure-12-a_b","PRT",NA,NA,NA
"Portugal",2001,1.19468018944649,"Figure-12-a_b","PRT",NA,NA,NA
"Portugal",2002,0.809175607001694,"Figure-12-a_b","PRT",NA,NA,NA
"Portugal",2003,0.71678031158275,"Figure-12-a_b","PRT",NA,NA,NA
"Portugal",2004,0.511780193839798,"Figure-12-a_b","PRT",NA,NA,NA
"Portugal",2005,0.750599656046343,"Figure-12-a_b","PRT",NA,NA,NA
"Portugal",2006,0.555388081904095,"Figure-12-a_b","PRT",NA,NA,NA
"Portugal",2007,0.496075178450591,"Figure-12-a_b","PRT",NA,NA,NA
"Portugal",2008,0.684450559100755,"Figure-12-a_b","PRT",NA,NA,NA
"Portugal",2009,0.785915340282922,"Figure-12-a_b","PRT",NA,NA,NA
"Portugal",2010,0.551281608533825,"Figure-12-a_b","PRT",NA,NA,NA
"Portugal",2011,0.813630917286369,"Figure-12-a_b","PRT",NA,NA,NA
"Portugal",2012,0.729655466970387,"Figure-12-a_b","PRT",NA,NA,NA
"Portugal",2013,0.64943837102562,"Figure-12-a_b","PRT",NA,NA,NA
"Portugal",2014,0.662473855153298,"Figure-12-a_b","PRT",NA,NA,NA
"Portugal",2015,0.553360078351603,"Figure-12-a_b","PRT",NA,NA,NA
"Portugal",2016,0.509704495569466,"Figure-12-a_b","PRT",NA,NA,NA
"Portugal",2017,0.353294577373963,"Figure-12-a_b","PRT",NA,NA,NA
"Portugal",2018,0.438059732664996,"Figure-12-a_b","PRT",NA,NA,NA
"Portugal",2019,0.483020973719677,"Figure-12-a_b","PRT",NA,NA,NA
"Portugal",2020,0.463526320323942,"Figure-12-a_b","PRT",NA,NA,NA
"Portugal",2021,0.316615746712834,"Figure-12-a_b","PRT",NA,NA,NA
"Portugal",2022,0.392562406969083,"Figure-12-a_b","PRT",NA,NA,NA
"Togo",2021,0.00037718559757394,"Figure-12-a_b","TGO",NA,NA,NA
"Congo - Kinshasa",2021,0.00226310905922556,"Figure-12-a_b","COD",NA,NA,NA
"Thailand",1996,0.00259248697275296,"Figure-12-a_b","THA",NA,NA,NA
"Thailand",1997,0.0170685913535393,"Figure-12-a_b","THA",NA,NA,NA
"Thailand",1999,0.00733532202063671,"Figure-12-a_b","THA",NA,NA,NA
"Thailand",2000,0.00538305316988426,"Figure-12-a_b","THA",NA,NA,NA
"Thailand",2001,0.00979012581926039,"Figure-12-a_b","THA",NA,NA,NA
"Thailand",2002,0.0226869471108602,"Figure-12-a_b","THA",NA,NA,NA
"Thailand",2003,0.0240083540302551,"Figure-12-a_b","THA",NA,NA,NA
"Thailand",2004,0.0300476655242073,"Figure-12-a_b","THA",NA,NA,NA
"Thailand",2005,0.0524228367125272,"Figure-12-a_b","THA",NA,NA,NA
"Thailand",2006,0.0452627318865943,"Figure-12-a_b","THA",NA,NA,NA
"Thailand",2007,0.0473061055205082,"Figure-12-a_b","THA",NA,NA,NA
"Thailand",2008,0.0554840661163476,"Figure-12-a_b","THA",NA,NA,NA
"Thailand",2009,0.118305541001969,"Figure-12-a_b","THA",NA,NA,NA
"Thailand",2010,0.0914703963777292,"Figure-12-a_b","THA",NA,NA,NA
"Thailand",2011,0.280119439319881,"Figure-12-a_b","THA",NA,NA,NA
"Thailand",2012,0.0528097543117475,"Figure-12-a_b","THA",NA,NA,NA
"Thailand",2013,0.0626919803054327,"Figure-12-a_b","THA",NA,NA,NA
"Thailand",2014,0.0907934429574711,"Figure-12-a_b","THA",NA,NA,NA
"Thailand",2015,0.123211850679926,"Figure-12-a_b","THA",NA,NA,NA
"Thailand",2016,0.105539793512723,"Figure-12-a_b","THA",NA,NA,NA
"Thailand",2017,0.07568769369959,"Figure-12-a_b","THA",NA,NA,NA
"Thailand",2018,0.0786662489557226,"Figure-12-a_b","THA",NA,NA,NA
"Thailand",2019,0.0690332294474394,"Figure-12-a_b","THA",NA,NA,NA
"Thailand",2020,0.0949233221331955,"Figure-12-a_b","THA",NA,NA,NA
"Thailand",2021,0.147597709733632,"Figure-12-a_b","THA",NA,NA,NA
"Thailand",2022,0.163417681364535,"Figure-12-a_b","THA",NA,NA,NA
"Romania",1996,0.0773424416042309,"Figure-12-a_b","ROU",NA,NA,NA
"Romania",1997,0.0516934480992904,"Figure-12-a_b","ROU",NA,NA,NA
"Romania",1998,0.0259471311974662,"Figure-12-a_b","ROU",NA,NA,NA
"Romania",1999,0.0929752066115702,"Figure-12-a_b","ROU",NA,NA,NA
"Romania",2000,0.13164011842717,"Figure-12-a_b","ROU",NA,NA,NA
"Romania",2001,0.0981158206955939,"Figure-12-a_b","ROU",NA,NA,NA
"Romania",2002,0.0471924995294561,"Figure-12-a_b","ROU",NA,NA,NA
"Romania",2003,0.0960498983969293,"Figure-12-a_b","ROU",NA,NA,NA
"Romania",2004,0.0676369248927526,"Figure-12-a_b","ROU",NA,NA,NA
"Romania",2005,0.111585807385952,"Figure-12-a_b","ROU",NA,NA,NA
"Romania",2006,0.0894471911095555,"Figure-12-a_b","ROU",NA,NA,NA
"Romania",2007,0.078209600314335,"Figure-12-a_b","ROU",NA,NA,NA
"Romania",2008,0.224147688464766,"Figure-12-a_b","ROU",NA,NA,NA
"Romania",2009,0.158240501526621,"Figure-12-a_b","ROU",NA,NA,NA
"Romania",2010,0.276226929127816,"Figure-12-a_b","ROU",NA,NA,NA
"Romania",2011,0.178887198311113,"Figure-12-a_b","ROU",NA,NA,NA
"Romania",2012,0.0992928327367394,"Figure-12-a_b","ROU",NA,NA,NA
"Romania",2013,0.203615121422015,"Figure-12-a_b","ROU",NA,NA,NA
"Romania",2014,0.147586681857602,"Figure-12-a_b","ROU",NA,NA,NA
"Romania",2015,0.196118205446943,"Figure-12-a_b","ROU",NA,NA,NA
"Romania",2016,0.131112917648972,"Figure-12-a_b","ROU",NA,NA,NA
"Romania",2017,0.193730389420393,"Figure-12-a_b","ROU",NA,NA,NA
"Romania",2018,0.24797410192147,"Figure-12-a_b","ROU",NA,NA,NA
"Romania",2019,0.19322755222372,"Figure-12-a_b","ROU",NA,NA,NA
"Romania",2020,0.191051951408633,"Figure-12-a_b","ROU",NA,NA,NA
"Romania",2021,0.251922511145812,"Figure-12-a_b","ROU",NA,NA,NA
"Romania",2022,0.303994534052366,"Figure-12-a_b","ROU",NA,NA,NA
"Albania",2000,0.00428197411240794,"Figure-12-a_b","ALB",NA,NA,NA
"Albania",2016,0.00116134663848468,"Figure-12-a_b","ALB",NA,NA,NA
"Armenia",1997,0.0146302211601765,"Figure-12-a_b","ARM",NA,NA,NA
"Armenia",1998,0.00730905104153977,"Figure-12-a_b","ARM",NA,NA,NA
"Armenia",1999,0.0635727908455181,"Figure-12-a_b","ARM",NA,NA,NA
"Armenia",2000,0.0139042795272701,"Figure-12-a_b","ARM",NA,NA,NA
"Armenia",2001,0.0334880160742477,"Figure-12-a_b","ARM",NA,NA,NA
"Armenia",2002,0.0444496988518728,"Figure-12-a_b","ARM",NA,NA,NA
"Armenia",2003,0.0294648904944683,"Figure-12-a_b","ARM",NA,NA,NA
"Armenia",2004,0.0402371927276029,"Figure-12-a_b","ARM",NA,NA,NA
"Armenia",2005,0.0124277244750181,"Figure-12-a_b","ARM",NA,NA,NA
"Armenia",2006,0.0657844767238362,"Figure-12-a_b","ARM",NA,NA,NA
"Armenia",2007,0.00523891641745432,"Figure-12-a_b","ARM",NA,NA,NA
"Armenia",2008,0.0169128856624319,"Figure-12-a_b","ARM",NA,NA,NA
"Armenia",2010,0.061607574536664,"Figure-12-a_b","ARM",NA,NA,NA
"Armenia",2011,0.00665664999334335,"Figure-12-a_b","ARM",NA,NA,NA
"Armenia",2012,0.0851543686950862,"Figure-12-a_b","ARM",NA,NA,NA
"Armenia",2013,0.0453619293999833,"Figure-12-a_b","ARM",NA,NA,NA
"Armenia",2014,0.0741823252333906,"Figure-12-a_b","ARM",NA,NA,NA
"Armenia",2015,0.0176573624138321,"Figure-12-a_b","ARM",NA,NA,NA
"Armenia",2016,0.00880686529550443,"Figure-12-a_b","ARM",NA,NA,NA
"Armenia",2017,0.0153997189551291,"Figure-12-a_b","ARM",NA,NA,NA
"Armenia",2018,0.0288220551378446,"Figure-12-a_b","ARM",NA,NA,NA
"Armenia",2019,0.0164252021563342,"Figure-12-a_b","ARM",NA,NA,NA
"Armenia",2020,0.0782573016283277,"Figure-12-a_b","ARM",NA,NA,NA
"Armenia",2021,0.052051508362188,"Figure-12-a_b","ARM",NA,NA,NA
"Armenia",2022,0.0379966325858325,"Figure-12-a_b","ARM",NA,NA,NA
"Tajikistan",2005,0.00905141202027516,"Figure-12-a_b","TJK",NA,NA,NA
"Tajikistan",2010,0.00230229077932543,"Figure-12-a_b","TJK",NA,NA,NA
"Tajikistan",2013,0.00801134941166653,"Figure-12-a_b","TJK",NA,NA,NA
"Paraguay",2020,0.00123078530197295,"Figure-12-a_b","PRY",NA,NA,NA
"Venezuela",1996,0.0509239623570892,"Figure-12-a_b","VEN",NA,NA,NA
"Venezuela",1997,0.110893175001829,"Figure-12-a_b","VEN",NA,NA,NA
"Venezuela",1998,0.0450724814228286,"Figure-12-a_b","VEN",NA,NA,NA
"Venezuela",1999,0.0456826739693873,"Figure-12-a_b","VEN",NA,NA,NA
"Venezuela",2000,0.0195485331180112,"Figure-12-a_b","VEN",NA,NA,NA
"Venezuela",2001,0.0870992202076257,"Figure-12-a_b","VEN",NA,NA,NA
"Venezuela",2002,0.0195537125917561,"Figure-12-a_b","VEN",NA,NA,NA
"Venezuela",2003,0.0396064574396026,"Figure-12-a_b","VEN",NA,NA,NA
"Venezuela",2004,0.125430011121956,"Figure-12-a_b","VEN",NA,NA,NA
"Venezuela",2005,0.0560954471397538,"Figure-12-a_b","VEN",NA,NA,NA
"Venezuela",2006,0.0822204235211761,"Figure-12-a_b","VEN",NA,NA,NA
"Venezuela",2007,0.0482218244526424,"Figure-12-a_b","VEN",NA,NA,NA
"Venezuela",2008,0.0476511913822376,"Figure-12-a_b","VEN",NA,NA,NA
"Venezuela",2009,0.0251856335025564,"Figure-12-a_b","VEN",NA,NA,NA
"Venezuela",2010,0.0287786347415679,"Figure-12-a_b","VEN",NA,NA,NA
"Venezuela",2012,0.0380619508623495,"Figure-12-a_b","VEN",NA,NA,NA
"Venezuela",2013,0.019026954852708,"Figure-12-a_b","VEN",NA,NA,NA
"Venezuela",2014,0.0464796707874913,"Figure-12-a_b","VEN",NA,NA,NA
"Venezuela",2015,0.0652779975138434,"Figure-12-a_b","VEN",NA,NA,NA
"Venezuela",2016,0.040985895455654,"Figure-12-a_b","VEN",NA,NA,NA
"Venezuela",2017,0.00876929296040347,"Figure-12-a_b","VEN",NA,NA,NA
"Venezuela",2018,0.0560718462823726,"Figure-12-a_b","VEN",NA,NA,NA
"Venezuela",2019,0.0374755727762803,"Figure-12-a_b","VEN",NA,NA,NA
"Venezuela",2020,0.0315902041871285,"Figure-12-a_b","VEN",NA,NA,NA
"Venezuela",2021,0.0249804241066377,"Figure-12-a_b","VEN",NA,NA,NA
"Venezuela",2022,0.0234254898611552,"Figure-12-a_b","VEN",NA,NA,NA
"Switzerland",1996,1.28596427552952,"Figure-12-a_b","CHE",NA,NA,NA
"Switzerland",1997,1.62731949964644,"Figure-12-a_b","CHE",NA,NA,NA
"Switzerland",1998,1.0714435375807,"Figure-12-a_b","CHE",NA,NA,NA
"Switzerland",1999,1.77267837058047,"Figure-12-a_b","CHE",NA,NA,NA
"Switzerland",2000,1.75198561256698,"Figure-12-a_b","CHE",NA,NA,NA
"Switzerland",2001,1.70984786872698,"Figure-12-a_b","CHE",NA,NA,NA
"Switzerland",2002,1.13103943158291,"Figure-12-a_b","CHE",NA,NA,NA
"Switzerland",2003,1.27796568074057,"Figure-12-a_b","CHE",NA,NA,NA
"Switzerland",2004,2.18356674308282,"Figure-12-a_b","CHE",NA,NA,NA
"Switzerland",2005,2.33752715423606,"Figure-12-a_b","CHE",NA,NA,NA
"Switzerland",2006,2.12136856842842,"Figure-12-a_b","CHE",NA,NA,NA
"Switzerland",2007,1.58996529217873,"Figure-12-a_b","CHE",NA,NA,NA
"Switzerland",2008,2.17848291473957,"Figure-12-a_b","CHE",NA,NA,NA
"Switzerland",2009,1.54895846506838,"Figure-12-a_b","CHE",NA,NA,NA
"Switzerland",2010,1.58300333832163,"Figure-12-a_b","CHE",NA,NA,NA
"Switzerland",2011,1.55802696894197,"Figure-12-a_b","CHE",NA,NA,NA
"Switzerland",2012,1.53882606573381,"Figure-12-a_b","CHE",NA,NA,NA
"Switzerland",2013,1.67724276057748,"Figure-12-a_b","CHE",NA,NA,NA
"Switzerland",2014,1.89747819137178,"Figure-12-a_b","CHE",NA,NA,NA
"Switzerland",2015,1.91038535427732,"Figure-12-a_b","CHE",NA,NA,NA
"Switzerland",2016,1.55674741890903,"Figure-12-a_b","CHE",NA,NA,NA
"Switzerland",2017,1.23383510750929,"Figure-12-a_b","CHE",NA,NA,NA
"Switzerland",2018,1.4225208855472,"Figure-12-a_b","CHE",NA,NA,NA
"Switzerland",2019,1.34650016846361,"Figure-12-a_b","CHE",NA,NA,NA
"Switzerland",2020,1.70556991470664,"Figure-12-a_b","CHE",NA,NA,NA
"Switzerland",2021,2.04095548464481,"Figure-12-a_b","CHE",NA,NA,NA
"Switzerland",2022,1.67804836387594,"Figure-12-a_b","CHE",NA,NA,NA
"Serbia",1996,0.00648121743188241,"Figure-12-a_b","SRB",NA,NA,NA
"Serbia",1997,0.0185316134695569,"Figure-12-a_b","SRB",NA,NA,NA
"Serbia",1998,0.032542575222317,"Figure-12-a_b","SRB",NA,NA,NA
"Serbia",1999,0.0790583891632843,"Figure-12-a_b","SRB",NA,NA,NA
"Serbia",2000,0.0548501309060657,"Figure-12-a_b","SRB",NA,NA,NA
"Serbia",2001,0.0955319810553509,"Figure-12-a_b","SRB",NA,NA,NA
"Serbia",2002,0.0522527291549031,"Figure-12-a_b","SRB",NA,NA,NA
"Serbia",2003,0.0370555430119666,"Figure-12-a_b","SRB",NA,NA,NA
"Serbia",2004,0.0642889892639081,"Figure-12-a_b","SRB",NA,NA,NA
"Serbia",2005,0.0758809286748733,"Figure-12-a_b","SRB",NA,NA,NA
"Serbia",2006,0.0640553902695135,"Figure-12-a_b","SRB",NA,NA,NA
"Serbia",2007,0.117251970050861,"Figure-12-a_b","SRB",NA,NA,NA
"Serbia",2008,0.0508344554378159,"Figure-12-a_b","SRB",NA,NA,NA
"Serbia",2009,0.140740366027714,"Figure-12-a_b","SRB",NA,NA,NA
"Serbia",2010,0.0978473581213307,"Figure-12-a_b","SRB",NA,NA,NA
"Serbia",2011,0.0706765058293235,"Figure-12-a_b","SRB",NA,NA,NA
"Serbia",2012,0.277326716563619,"Figure-12-a_b","SRB",NA,NA,NA
"Serbia",2013,0.209476758741551,"Figure-12-a_b","SRB",NA,NA,NA
"Serbia",2014,0.260135698131175,"Figure-12-a_b","SRB",NA,NA,NA
"Serbia",2015,0.287362037141673,"Figure-12-a_b","SRB",NA,NA,NA
"Serbia",2016,0.292203885862938,"Figure-12-a_b","SRB",NA,NA,NA
"Serbia",2017,0.33442992165393,"Figure-12-a_b","SRB",NA,NA,NA
"Serbia",2018,0.514647034252297,"Figure-12-a_b","SRB",NA,NA,NA
"Serbia",2019,0.147749536725067,"Figure-12-a_b","SRB",NA,NA,NA
"Serbia",2020,0.34065865426036,"Figure-12-a_b","SRB",NA,NA,NA
"Serbia",2021,0.26811958268269,"Figure-12-a_b","SRB",NA,NA,NA
"Serbia",2022,0.343612893780044,"Figure-12-a_b","SRB",NA,NA,NA
"Côte d’Ivoire",2010,0.00031976324776485,"Figure-12-a_b","CIV",NA,NA,NA
"Ecuador",2014,0.00276327648069107,"Figure-12-a_b","ECU",NA,NA,NA
"Ecuador",2015,0.00565035597242626,"Figure-12-a_b","ECU",NA,NA,NA
"Ecuador",2016,0.0030485326396228,"Figure-12-a_b","ECU",NA,NA,NA
"Ecuador",2017,0.0137955879805194,"Figure-12-a_b","ECU",NA,NA,NA
"Ecuador",2018,0.0060045948203843,"Figure-12-a_b","ECU",NA,NA,NA
"Ecuador",2019,0.0017046917115903,"Figure-12-a_b","ECU",NA,NA,NA
"Ecuador",2020,0.00410261049366761,"Figure-12-a_b","ECU",NA,NA,NA
"Ecuador",2021,0.00301747120193722,"Figure-12-a_b","ECU",NA,NA,NA
"Tunisia",1998,0.0114508466317456,"Figure-12-a_b","TUN",NA,NA,NA
"Tunisia",2000,0.00244684234994739,"Figure-12-a_b","TUN",NA,NA,NA
"Tunisia",2002,0.00705815923207228,"Figure-12-a_b","TUN",NA,NA,NA
"Tunisia",2003,0.00978399187175435,"Figure-12-a_b","TUN",NA,NA,NA
"Tunisia",2004,0.00249676555371451,"Figure-12-a_b","TUN",NA,NA,NA
"Tunisia",2005,0.00867426230992035,"Figure-12-a_b","TUN",NA,NA,NA
"Tunisia",2006,0.0579716485824291,"Figure-12-a_b","TUN",NA,NA,NA
"Tunisia",2007,0.00938639191460566,"Figure-12-a_b","TUN",NA,NA,NA
"Tunisia",2008,0.037403547801651,"Figure-12-a_b","TUN",NA,NA,NA
"Tunisia",2009,0.0295387617206555,"Figure-12-a_b","TUN",NA,NA,NA
"Tunisia",2010,0.0242653773838302,"Figure-12-a_b","TUN",NA,NA,NA
"Tunisia",2011,0.00470946575629053,"Figure-12-a_b","TUN",NA,NA,NA
"Tunisia",2012,0.00772860397006183,"Figure-12-a_b","TUN",NA,NA,NA
"Tunisia",2013,0.0507106734540599,"Figure-12-a_b","TUN",NA,NA,NA
"Tunisia",2014,0.0533261346438349,"Figure-12-a_b","TUN",NA,NA,NA
"Tunisia",2015,0.0761814894338343,"Figure-12-a_b","TUN",NA,NA,NA
"Tunisia",2016,0.0667289244776847,"Figure-12-a_b","TUN",NA,NA,NA
"Tunisia",2017,0.0780977497160677,"Figure-12-a_b","TUN",NA,NA,NA
"Tunisia",2018,0.0613984962406015,"Figure-12-a_b","TUN",NA,NA,NA
"Tunisia",2019,0.068655028638814,"Figure-12-a_b","TUN",NA,NA,NA
"Tunisia",2020,0.0654540363573706,"Figure-12-a_b","TUN",NA,NA,NA
"Tunisia",2021,0.0586047932649874,"Figure-12-a_b","TUN",NA,NA,NA
"Tunisia",2022,0.139733779068349,"Figure-12-a_b","TUN",NA,NA,NA
"Russia",1996,1.49778083115132,"Figure-12-a_b","RUS",1.5,"Figure2-b","Organometallics"
"Russia",1996,1.49778083115132,"Figure-12-a_b","RUS",3.23,"Figure2-d","Rare-earths"
"Russia",1997,1.67073711930945,"Figure-12-a_b","RUS",1.67,"Figure2-b","Organometallics"
"Russia",1997,1.67073711930945,"Figure-12-a_b","RUS",3.08,"Figure2-d","Rare-earths"
"Russia",1998,1.46300889267877,"Figure-12-a_b","RUS",1.46,"Figure2-b","Organometallics"
"Russia",1998,1.46300889267877,"Figure-12-a_b","RUS",3.23,"Figure2-d","Rare-earths"
"Russia",1999,1.17036529903663,"Figure-12-a_b","RUS",1.17,"Figure2-b","Organometallics"
"Russia",1999,1.17036529903663,"Figure-12-a_b","RUS",3.27,"Figure2-d","Rare-earths"
"Russia",2000,1.77494433433654,"Figure-12-a_b","RUS",1.78,"Figure2-b","Organometallics"
"Russia",2000,1.77494433433654,"Figure-12-a_b","RUS",4.78,"Figure2-d","Rare-earths"
"Russia",2001,3.16246471798306,"Figure-12-a_b","RUS",3.16,"Figure2-b","Organometallics"
"Russia",2001,3.16246471798306,"Figure-12-a_b","RUS",9.96,"Figure2-d","Rare-earths"
"Russia",2002,2.71080368906456,"Figure-12-a_b","RUS",2.71,"Figure2-b","Organometallics"
"Russia",2002,2.71080368906456,"Figure-12-a_b","RUS",4.95,"Figure2-d","Rare-earths"
"Russia",2003,3.06215850079025,"Figure-12-a_b","RUS",3.06,"Figure2-b","Organometallics"
"Russia",2003,3.06215850079025,"Figure-12-a_b","RUS",4.96,"Figure2-d","Rare-earths"
"Russia",2004,2.66647751776108,"Figure-12-a_b","RUS",2.67,"Figure2-b","Organometallics"
"Russia",2004,2.66647751776108,"Figure-12-a_b","RUS",4.65,"Figure2-d","Rare-earths"
"Russia",2005,3.47386404779146,"Figure-12-a_b","RUS",3.47,"Figure2-b","Organometallics"
"Russia",2005,3.47386404779146,"Figure-12-a_b","RUS",6.32,"Figure2-d","Rare-earths"
"Russia",2006,3.35933671683584,"Figure-12-a_b","RUS",3.36,"Figure2-b","Organometallics"
"Russia",2006,3.35933671683584,"Figure-12-a_b","RUS",7.92,"Figure2-d","Rare-earths"
"Russia",2007,3.42799764248761,"Figure-12-a_b","RUS",3.43,"Figure2-b","Organometallics"
"Russia",2007,3.42799764248761,"Figure-12-a_b","RUS",8.41,"Figure2-d","Rare-earths"
"Russia",2008,3.07290751907578,"Figure-12-a_b","RUS",3.07,"Figure2-b","Organometallics"
"Russia",2008,3.07290751907578,"Figure-12-a_b","RUS",5.95,"Figure2-d","Rare-earths"
"Russia",2009,3.23703275460245,"Figure-12-a_b","RUS",3.24,"Figure2-b","Organometallics"
"Russia",2009,3.23703275460245,"Figure-12-a_b","RUS",5.92,"Figure2-d","Rare-earths"
"Russia",2010,3.33939603238556,"Figure-12-a_b","RUS",3.34,"Figure2-b","Organometallics"
"Russia",2010,3.33939603238556,"Figure-12-a_b","RUS",7.45,"Figure2-d","Rare-earths"
"Russia",2011,3.27446318872554,"Figure-12-a_b","RUS",3.27,"Figure2-b","Organometallics"
"Russia",2011,3.27446318872554,"Figure-12-a_b","RUS",7.55,"Figure2-d","Rare-earths"
"Russia",2012,3.10761064106736,"Figure-12-a_b","RUS",3.11,"Figure2-b","Organometallics"
"Russia",2012,3.10761064106736,"Figure-12-a_b","RUS",6.3,"Figure2-d","Rare-earths"
"Russia",2013,2.97977134273554,"Figure-12-a_b","RUS",2.98,"Figure2-b","Organometallics"
"Russia",2013,2.97977134273554,"Figure-12-a_b","RUS",4.77,"Figure2-d","Rare-earths"
"Russia",2014,2.63092829084973,"Figure-12-a_b","RUS",2.63,"Figure2-b","Organometallics"
"Russia",2014,2.63092829084973,"Figure-12-a_b","RUS",4.31,"Figure2-d","Rare-earths"
"Russia",2015,3.03975967152597,"Figure-12-a_b","RUS",3.04,"Figure2-b","Organometallics"
"Russia",2015,3.03975967152597,"Figure-12-a_b","RUS",5.41,"Figure2-d","Rare-earths"
"Russia",2016,3.36060076416551,"Figure-12-a_b","RUS",3.36,"Figure2-b","Organometallics"
"Russia",2016,3.36060076416551,"Figure-12-a_b","RUS",7.66,"Figure2-d","Rare-earths"
"Russia",2017,3.68301603495736,"Figure-12-a_b","RUS",3.68,"Figure2-b","Organometallics"
"Russia",2017,3.68301603495736,"Figure-12-a_b","RUS",6.94,"Figure2-d","Rare-earths"
"Russia",2018,4.08460735171262,"Figure-12-a_b","RUS",4.09,"Figure2-b","Organometallics"
"Russia",2018,4.08460735171262,"Figure-12-a_b","RUS",8.71,"Figure2-d","Rare-earths"
"Russia",2019,4.21578082884097,"Figure-12-a_b","RUS",4.22,"Figure2-b","Organometallics"
"Russia",2019,4.21578082884097,"Figure-12-a_b","RUS",9.82,"Figure2-d","Rare-earths"
"Russia",2020,4.75962781080383,"Figure-12-a_b","RUS",4.76,"Figure2-b","Organometallics"
"Russia",2020,4.75962781080383,"Figure-12-a_b","RUS",7.5,"Figure2-d","Rare-earths"
"Russia",2021,4.26281485504787,"Figure-12-a_b","RUS",4.26,"Figure2-b","Organometallics"
"Russia",2021,4.26281485504787,"Figure-12-a_b","RUS",10.5,"Figure2-d","Rare-earths"
"Russia",2022,5.19101534857617,"Figure-12-a_b","RUS",5.19,"Figure2-b","Organometallics"
"Russia",2022,5.19101534857617,"Figure-12-a_b","RUS",9.84,"Figure2-d","Rare-earths"
"Argentina",1996,0.139204106499365,"Figure-12-a_b","ARG",NA,NA,NA
"Argentina",1997,0.033649508668406,"Figure-12-a_b","ARG",NA,NA,NA
"Argentina",1998,0.065885978803752,"Figure-12-a_b","ARG",NA,NA,NA
"Argentina",1999,0.142127732407453,"Figure-12-a_b","ARG",NA,NA,NA
"Argentina",2000,0.169939073625486,"Figure-12-a_b","ARG",NA,NA,NA
"Argentina",2001,0.171499784719897,"Figure-12-a_b","ARG",NA,NA,NA
"Argentina",2002,0.252583286278938,"Figure-12-a_b","ARG",NA,NA,NA
"Argentina",2003,0.138332580717995,"Figure-12-a_b","ARG",NA,NA,NA
"Argentina",2004,0.180972376693828,"Figure-12-a_b","ARG",NA,NA,NA
"Argentina",2005,0.222336169442433,"Figure-12-a_b","ARG",NA,NA,NA
"Argentina",2006,0.219572541127056,"Figure-12-a_b","ARG",NA,NA,NA
"Argentina",2007,0.167403680338783,"Figure-12-a_b","ARG",NA,NA,NA
"Argentina",2008,0.358919267021837,"Figure-12-a_b","ARG",NA,NA,NA
"Argentina",2009,0.154488807790284,"Figure-12-a_b","ARG",NA,NA,NA
"Argentina",2010,0.1959057595641,"Figure-12-a_b","ARG",NA,NA,NA
"Argentina",2011,0.183475151676525,"Figure-12-a_b","ARG",NA,NA,NA
"Argentina",2012,0.30254637162382,"Figure-12-a_b","ARG",NA,NA,NA
"Argentina",2013,0.248061420345489,"Figure-12-a_b","ARG",NA,NA,NA
"Argentina",2014,0.250982025949292,"Figure-12-a_b","ARG",NA,NA,NA
"Argentina",2015,0.154427618939993,"Figure-12-a_b","ARG",NA,NA,NA
"Argentina",2016,0.221563287537599,"Figure-12-a_b","ARG",NA,NA,NA
"Argentina",2017,0.158649252151148,"Figure-12-a_b","ARG",NA,NA,NA
"Argentina",2018,0.134831035923141,"Figure-12-a_b","ARG",NA,NA,NA
"Argentina",2019,0.108070670485175,"Figure-12-a_b","ARG",NA,NA,NA
"Argentina",2020,0.146609158266563,"Figure-12-a_b","ARG",NA,NA,NA
"Argentina",2021,0.086466834136737,"Figure-12-a_b","ARG",NA,NA,NA
"Argentina",2022,0.122768844098485,"Figure-12-a_b","ARG",NA,NA,NA
"Rwanda",2018,0.00939849624060151,"Figure-12-a_b","RWA",NA,NA,NA
"Rwanda",2020,0.0336363832170242,"Figure-12-a_b","RWA",NA,NA,NA
"Rwanda",2021,0.00090524362369022,"Figure-12-a_b","RWA",NA,NA,NA
"Rwanda",2022,0.00681210805007198,"Figure-12-a_b","RWA",NA,NA,NA
"U.S. Virgin Islands",2016,0.00254044386635233,"Figure-12-a_b","VIR",NA,NA,NA
"U.S. Virgin Islands",2017,0.00128331055458238,"Figure-12-a_b","VIR",NA,NA,NA
"Estonia",1998,0.00182726276038494,"Figure-12-a_b","EST",NA,NA,NA
"Estonia",1999,0.0116142598660081,"Figure-12-a_b","EST",NA,NA,NA
"Estonia",2002,0.00156848061358931,"Figure-12-a_b","EST",NA,NA,NA
"Estonia",2003,0.00483824791149244,"Figure-12-a_b","EST",NA,NA,NA
"Estonia",2004,0.00302637492339469,"Figure-12-a_b","EST",NA,NA,NA
"Estonia",2007,0.00187104188950252,"Figure-12-a_b","EST",NA,NA,NA
"Estonia",2008,0.00370782350760104,"Figure-12-a_b","EST",NA,NA,NA
"Estonia",2009,0.0229703167061119,"Figure-12-a_b","EST",NA,NA,NA
"Estonia",2010,0.00071946586853919,"Figure-12-a_b","EST",NA,NA,NA
"Estonia",2011,0.0342341999657658,"Figure-12-a_b","EST",NA,NA,NA
"Estonia",2014,0.0136038226741714,"Figure-12-a_b","EST",NA,NA,NA
"Estonia",2015,0.0131841639356613,"Figure-12-a_b","EST",NA,NA,NA
"Estonia",2016,0.00406471018616373,"Figure-12-a_b","EST",NA,NA,NA
"Estonia",2017,0.0673737704286897,"Figure-12-a_b","EST",NA,NA,NA
"Estonia",2018,0.0193937134502924,"Figure-12-a_b","EST",NA,NA,NA
"Estonia",2019,0.0430184467654987,"Figure-12-a_b","EST",NA,NA,NA
"Estonia",2020,0.00933344102696649,"Figure-12-a_b","EST",NA,NA,NA
"Estonia",2021,0.0260581166406409,"Figure-12-a_b","EST",NA,NA,NA
"Estonia",2022,0.0105739977062541,"Figure-12-a_b","EST",NA,NA,NA
"Chile",1996,0.224676068752755,"Figure-12-a_b","CHL",NA,NA,NA
"Chile",1997,0.226141523006023,"Figure-12-a_b","CHL",NA,NA,NA
"Chile",1998,0.0954238031428919,"Figure-12-a_b","CHL",NA,NA,NA
"Chile",1999,0.169314880923273,"Figure-12-a_b","CHL",NA,NA,NA
"Chile",2000,0.124789938584257,"Figure-12-a_b","CHL",NA,NA,NA
"Chile",2001,0.101839448882935,"Figure-12-a_b","CHL",NA,NA,NA
"Chile",2002,0.265433841520798,"Figure-12-a_b","CHL",NA,NA,NA
"Chile",2003,0.255502370738316,"Figure-12-a_b","CHL",NA,NA,NA
"Chile",2004,0.344256304333023,"Figure-12-a_b","CHL",NA,NA,NA
"Chile",2005,0.112325534033309,"Figure-12-a_b","CHL",NA,NA,NA
"Chile",2006,0.149653263913196,"Figure-12-a_b","CHL",NA,NA,NA
"Chile",2007,0.129143437165746,"Figure-12-a_b","CHL",NA,NA,NA
"Chile",2008,0.117987627578401,"Figure-12-a_b","CHL",NA,NA,NA
"Chile",2009,0.170084912648371,"Figure-12-a_b","CHL",NA,NA,NA
"Chile",2010,0.153964928437128,"Figure-12-a_b","CHL",NA,NA,NA
"Chile",2011,0.20492972479507,"Figure-12-a_b","CHL",NA,NA,NA
"Chile",2012,0.0913630816791409,"Figure-12-a_b","CHL",NA,NA,NA
"Chile",2013,0.13786797963782,"Figure-12-a_b","CHL",NA,NA,NA
"Chile",2014,0.107084870848708,"Figure-12-a_b","CHL",NA,NA,NA
"Chile",2015,0.149415564847252,"Figure-12-a_b","CHL",NA,NA,NA
"Chile",2016,0.0866502723355825,"Figure-12-a_b","CHL",NA,NA,NA
"Chile",2017,0.240035419353597,"Figure-12-a_b","CHL",NA,NA,NA
"Chile",2018,0.117488095238095,"Figure-12-a_b","CHL",NA,NA,NA
"Chile",2019,0.184540304919137,"Figure-12-a_b","CHL",NA,NA,NA
"Chile",2020,0.193279055742225,"Figure-12-a_b","CHL",NA,NA,NA
"Chile",2021,0.24260755425804,"Figure-12-a_b","CHL",NA,NA,NA
"Chile",2022,0.147033991361851,"Figure-12-a_b","CHL",NA,NA,NA
"Cameroon",1996,0.00777746091825889,"Figure-12-a_b","CMR",NA,NA,NA
"Cameroon",1998,0.00121817517358996,"Figure-12-a_b","CMR",NA,NA,NA
"Cameroon",2008,0.00748069004546963,"Figure-12-a_b","CMR",NA,NA,NA
"Cameroon",2009,0.00451663023251612,"Figure-12-a_b","CMR",NA,NA,NA
"Cameroon",2013,0.00667612450972211,"Figure-12-a_b","CMR",NA,NA,NA
"Cameroon",2014,0.00028341353920451,"Figure-12-a_b","CMR",NA,NA,NA
"Cameroon",2016,0.0070455044305341,"Figure-12-a_b","CMR",NA,NA,NA
"Cameroon",2017,0.00153997189551291,"Figure-12-a_b","CMR",NA,NA,NA
"Cameroon",2018,0.0106168128654971,"Figure-12-a_b","CMR",NA,NA,NA
"Cameroon",2020,0.00606674851382786,"Figure-12-a_b","CMR",NA,NA,NA
"Cameroon",2021,0.00643908841967094,"Figure-12-a_b","CMR",NA,NA,NA
"Cameroon",2022,0.0273704887630853,"Figure-12-a_b","CMR",NA,NA,NA
"Austria",1996,0.558286884608405,"Figure-12-a_b","AUT",NA,NA,NA
"Austria",1997,0.500692497134915,"Figure-12-a_b","AUT",NA,NA,NA
"Austria",1998,0.506558655134608,"Figure-12-a_b","AUT",NA,NA,NA
"Austria",1999,0.563922441195168,"Figure-12-a_b","AUT",NA,NA,NA
"Austria",2000,0.471044067630723,"Figure-12-a_b","AUT",NA,NA,NA
"Austria",2001,0.47812754150122,"Figure-12-a_b","AUT",NA,NA,NA
"Austria",2002,0.394167607754564,"Figure-12-a_b","AUT",NA,NA,NA
"Austria",2003,0.533384511176338,"Figure-12-a_b","AUT",NA,NA,NA
"Austria",2004,0.50550196336564,"Figure-12-a_b","AUT",NA,NA,NA
"Austria",2005,0.77467414916727,"Figure-12-a_b","AUT",NA,NA,NA
"Austria",2006,0.658660745537277,"Figure-12-a_b","AUT",NA,NA,NA
"Austria",2007,0.696782432166947,"Figure-12-a_b","AUT",NA,NA,NA
"Austria",2008,0.591011455223152,"Figure-12-a_b","AUT",NA,NA,NA
"Austria",2009,0.584441112175029,"Figure-12-a_b","AUT",NA,NA,NA
"Austria",2010,0.482984152565136,"Figure-12-a_b","AUT",NA,NA,NA
"Austria",2011,0.794096502405904,"Figure-12-a_b","AUT",NA,NA,NA
"Austria",2012,0.67628335502766,"Figure-12-a_b","AUT",NA,NA,NA
"Austria",2013,0.560924643244597,"Figure-12-a_b","AUT",NA,NA,NA
"Austria",2014,0.618708657132654,"Figure-12-a_b","AUT",NA,NA,NA
"Austria",2015,0.834958752401401,"Figure-12-a_b","AUT",NA,NA,NA
"Austria",2016,0.649229737419722,"Figure-12-a_b","AUT",NA,NA,NA
"Austria",2017,0.48890257752796,"Figure-12-a_b","AUT",NA,NA,NA
"Austria",2018,0.594465329991646,"Figure-12-a_b","AUT",NA,NA,NA
"Austria",2019,0.656953335579515,"Figure-12-a_b","AUT",NA,NA,NA
"Austria",2020,0.78071637804773,"Figure-12-a_b","AUT",NA,NA,NA
"Austria",2021,0.7462896326974,"Figure-12-a_b","AUT",NA,NA,NA
"Austria",2022,0.413455015739001,"Figure-12-a_b","AUT",NA,NA,NA
"Turkey",1996,0.249742825292303,"Figure-12-a_b","TUR",NA,NA,NA
"Turkey",1997,0.324303235717247,"Figure-12-a_b","TUR",NA,NA,NA
"Turkey",1998,0.213911560482397,"Figure-12-a_b","TUR",NA,NA,NA
"Turkey",1999,0.343904347400851,"Figure-12-a_b","TUR",NA,NA,NA
"Turkey",2000,0.236935819325161,"Figure-12-a_b","TUR",NA,NA,NA
"Turkey",2001,0.725637468305985,"Figure-12-a_b","TUR",NA,NA,NA
"Turkey",2002,0.483147468473555,"Figure-12-a_b","TUR",NA,NA,NA
"Turkey",2003,0.502562655226914,"Figure-12-a_b","TUR",NA,NA,NA
"Turkey",2004,0.60314592459768,"Figure-12-a_b","TUR",NA,NA,NA
"Turkey",2005,0.532600923244026,"Figure-12-a_b","TUR",NA,NA,NA
"Turkey",2006,0.70088816940847,"Figure-12-a_b","TUR",NA,NA,NA
"Turkey",2007,1.00665560673201,"Figure-12-a_b","TUR",NA,NA,NA
"Turkey",2008,0.65855238764319,"Figure-12-a_b","TUR",NA,NA,NA
"Turkey",2009,0.751930407761377,"Figure-12-a_b","TUR",NA,NA,NA
"Turkey",2010,0.87160316181267,"Figure-12-a_b","TUR",NA,NA,NA
"Turkey",2011,0.915555640084444,"Figure-12-a_b","TUR",NA,NA,NA
"Turkey",2012,0.927619589977221,"Figure-12-a_b","TUR",NA,NA,NA
"Turkey",2013,1.13292497705082,"Figure-12-a_b","TUR",NA,NA,NA
"Turkey",2014,1.09865832298876,"Figure-12-a_b","TUR",NA,NA,NA
"Turkey",2015,0.989652314762497,"Figure-12-a_b","TUR",NA,NA,NA
"Turkey",2016,0.934879278107471,"Figure-12-a_b","TUR",NA,NA,NA
"Turkey",2017,0.975239176885022,"Figure-12-a_b","TUR",NA,NA,NA
"Turkey",2018,1.2781537176274,"Figure-12-a_b","TUR",NA,NA,NA
"Turkey",2019,1.26314858490566,"Figure-12-a_b","TUR",NA,NA,NA
"Turkey",2020,1.21073920909796,"Figure-12-a_b","TUR",NA,NA,NA
"Turkey",2021,1.55859868287053,"Figure-12-a_b","TUR",NA,NA,NA
"Turkey",2022,1.23845928601059,"Figure-12-a_b","TUR",NA,NA,NA
"Egypt",1996,0.269662717444845,"Figure-12-a_b","EGY",NA,NA,NA
"Egypt",1997,0.286001316719904,"Figure-12-a_b","EGY",NA,NA,NA
"Egypt",1998,0.257441832135461,"Figure-12-a_b","EGY",NA,NA,NA
"Egypt",1999,0.456486869773583,"Figure-12-a_b","EGY",NA,NA,NA
"Egypt",2000,0.414495094081088,"Figure-12-a_b","EGY",NA,NA,NA
"Egypt",2001,0.743314356790891,"Figure-12-a_b","EGY",NA,NA,NA
"Egypt",2002,0.500261151891587,"Figure-12-a_b","EGY",NA,NA,NA
"Egypt",2003,0.597952133664484,"Figure-12-a_b","EGY",NA,NA,NA
"Egypt",2004,0.790273963274848,"Figure-12-a_b","EGY",NA,NA,NA
"Egypt",2005,0.493829199855177,"Figure-12-a_b","EGY",NA,NA,NA
"Egypt",2006,0.354392719635982,"Figure-12-a_b","EGY",NA,NA,NA
"Egypt",2007,0.520180742616402,"Figure-12-a_b","EGY",NA,NA,NA
"Egypt",2008,0.477300314189255,"Figure-12-a_b","EGY",NA,NA,NA
"Egypt",2009,0.412906722552438,"Figure-12-a_b","EGY",NA,NA,NA
"Egypt",2010,0.467888799355359,"Figure-12-a_b","EGY",NA,NA,NA
"Egypt",2011,0.707204397192796,"Figure-12-a_b","EGY",NA,NA,NA
"Egypt",2012,0.730426293524244,"Figure-12-a_b","EGY",NA,NA,NA
"Egypt",2013,0.596463323040975,"Figure-12-a_b","EGY",NA,NA,NA
"Egypt",2014,0.70947506249256,"Figure-12-a_b","EGY",NA,NA,NA
"Egypt",2015,0.847491241948243,"Figure-12-a_b","EGY",NA,NA,NA
"Egypt",2016,0.721311275506056,"Figure-12-a_b","EGY",NA,NA,NA
"Egypt",2017,0.974509615199523,"Figure-12-a_b","EGY",NA,NA,NA
"Egypt",2018,0.95109649122807,"Figure-12-a_b","EGY",NA,NA,NA
"Egypt",2019,0.810739555256065,"Figure-12-a_b","EGY",NA,NA,NA
"Egypt",2020,1.09920737486,"Figure-12-a_b","EGY",NA,NA,NA
"Egypt",2021,0.92320365718424,"Figure-12-a_b","EGY",NA,NA,NA
"Egypt",2022,0.972199311876235,"Figure-12-a_b","EGY",NA,NA,NA
"Australia",1996,1.49629792860291,"Figure-12-a_b","AUS",NA,NA,NA
"Australia",1997,1.31688815195923,"Figure-12-a_b","AUS",NA,NA,NA
"Australia",1998,1.92542087952248,"Figure-12-a_b","AUS",NA,NA,NA
"Australia",1999,1.18705804684826,"Figure-12-a_b","AUS",NA,NA,NA
"Australia",2000,2.4699650101544,"Figure-12-a_b","AUS",NA,NA,NA
"Australia",2001,2.46553126345501,"Figure-12-a_b","AUS",NA,NA,NA
"Australia",2002,2.10363495200452,"Figure-12-a_b","AUS",NA,NA,NA
"Australia",2003,2.05192594265071,"Figure-12-a_b","AUS",NA,NA,NA
"Australia",2004,2.18266336790975,"Figure-12-a_b","AUS",NA,NA,NA
"Australia",2005,1.99564627081825,"Figure-12-a_b","AUS",NA,NA,NA
"Australia",2006,2.39707297864893,"Figure-12-a_b","AUS",NA,NA,NA
"Australia",2007,2.04146820632599,"Figure-12-a_b","AUS",NA,NA,NA
"Australia",2008,1.58350213687723,"Figure-12-a_b","AUS",NA,NA,NA
"Australia",2009,1.50859605065852,"Figure-12-a_b","AUS",NA,NA,NA
"Australia",2010,1.94445723494877,"Figure-12-a_b","AUS",NA,NA,NA
"Australia",2011,1.60538047509462,"Figure-12-a_b","AUS",NA,NA,NA
"Australia",2012,1.88632443865929,"Figure-12-a_b","AUS",NA,NA,NA
"Australia",2013,1.39633480764416,"Figure-12-a_b","AUS",NA,NA,NA
"Australia",2014,1.43285663271379,"Figure-12-a_b","AUS",NA,NA,NA
"Australia",2015,1.57926696048518,"Figure-12-a_b","AUS",NA,NA,NA
"Australia",2016,1.48325339403301,"Figure-12-a_b","AUS",NA,NA,NA
"Australia",2017,1.62278580915898,"Figure-12-a_b","AUS",NA,NA,NA
"Australia",2018,1.43892857142857,"Figure-12-a_b","AUS",NA,NA,NA
"Australia",2019,1.64103984164421,"Figure-12-a_b","AUS",NA,NA,NA
"Australia",2020,1.86173429826829,"Figure-12-a_b","AUS",NA,NA,NA
"Australia",2021,1.35275533527961,"Figure-12-a_b","AUS",NA,NA,NA
"Australia",2022,1.71969693272492,"Figure-12-a_b","AUS",NA,NA,NA
"China",1996,1.84294195421668,"Figure-12-a_b","CHN",1.84,"Figure2-b","Organometallics"
"China",1996,1.84294195421668,"Figure-12-a_b","CHN",8.57,"Figure2-d","Rare-earths"
"China",1997,2.8315573870425,"Figure-12-a_b","CHN",2.83,"Figure2-b","Organometallics"
"China",1997,2.8315573870425,"Figure-12-a_b","CHN",11.05,"Figure2-d","Rare-earths"
"China",1998,2.42652454622975,"Figure-12-a_b","CHN",2.43,"Figure2-b","Organometallics"
"China",1998,2.42652454622975,"Figure-12-a_b","CHN",8.65,"Figure2-d","Rare-earths"
"China",1999,2.54645703946403,"Figure-12-a_b","CHN",2.55,"Figure2-b","Organometallics"
"China",1999,2.54645703946403,"Figure-12-a_b","CHN",8.71,"Figure2-d","Rare-earths"
"China",2000,3.37855097996036,"Figure-12-a_b","CHN",3.38,"Figure2-b","Organometallics"
"China",2000,3.37855097996036,"Figure-12-a_b","CHN",8.73,"Figure2-d","Rare-earths"
"China",2001,3.64234798832704,"Figure-12-a_b","CHN",3.64,"Figure2-b","Organometallics"
"China",2001,3.64234798832704,"Figure-12-a_b","CHN",7.53,"Figure2-d","Rare-earths"
"China",2002,3.70405138339921,"Figure-12-a_b","CHN",3.7,"Figure2-b","Organometallics"
"China",2002,3.70405138339921,"Figure-12-a_b","CHN",7.76,"Figure2-d","Rare-earths"
"China",2003,5.0919394897268,"Figure-12-a_b","CHN",5.09,"Figure2-b","Organometallics"
"China",2003,5.0919394897268,"Figure-12-a_b","CHN",13.18,"Figure2-d","Rare-earths"
"China",2004,5.44678484690288,"Figure-12-a_b","CHN",5.45,"Figure2-b","Organometallics"
"China",2004,5.44678484690288,"Figure-12-a_b","CHN",18.25,"Figure2-d","Rare-earths"
"China",2005,5.89846578566256,"Figure-12-a_b","CHN",5.9,"Figure2-b","Organometallics"
"China",2005,5.89846578566256,"Figure-12-a_b","CHN",16.97,"Figure2-d","Rare-earths"
"China",2006,7.6748993699685,"Figure-12-a_b","CHN",7.68,"Figure2-b","Organometallics"
"China",2006,7.6748993699685,"Figure-12-a_b","CHN",18.63,"Figure2-d","Rare-earths"
"China",2007,8.0082731221759,"Figure-12-a_b","CHN",8.01,"Figure2-b","Organometallics"
"China",2007,8.0082731221759,"Figure-12-a_b","CHN",20.81,"Figure2-d","Rare-earths"
"China",2008,7.98911070780399,"Figure-12-a_b","CHN",7.99,"Figure2-b","Organometallics"
"China",2008,7.98911070780399,"Figure-12-a_b","CHN",19.84,"Figure2-d","Rare-earths"
"China",2009,8.35802424527109,"Figure-12-a_b","CHN",8.36,"Figure2-b","Organometallics"
"China",2009,8.35802424527109,"Figure-12-a_b","CHN",24.84,"Figure2-d","Rare-earths"
"China",2010,8.92536740723687,"Figure-12-a_b","CHN",8.93,"Figure2-b","Organometallics"
"China",2010,8.92536740723687,"Figure-12-a_b","CHN",26.25,"Figure2-d","Rare-earths"
"China",2011,10.6295288993705,"Figure-12-a_b","CHN",10.63,"Figure2-b","Organometallics"
"China",2011,10.6295288993705,"Figure-12-a_b","CHN",28.04,"Figure2-d","Rare-earths"
"China",2012,10.2374308493329,"Figure-12-a_b","CHN",10.24,"Figure2-b","Organometallics"
"China",2012,10.2374308493329,"Figure-12-a_b","CHN",32.49,"Figure2-d","Rare-earths"
"China",2013,11.5025953434032,"Figure-12-a_b","CHN",11.5,"Figure2-b","Organometallics"
"China",2013,11.5025953434032,"Figure-12-a_b","CHN",35.88,"Figure2-d","Rare-earths"
"China",2014,12.4438587243015,"Figure-12-a_b","CHN",12.44,"Figure2-b","Organometallics"
"China",2014,12.4438587243015,"Figure-12-a_b","CHN",37.94,"Figure2-d","Rare-earths"
"China",2015,13.39140015821,"Figure-12-a_b","CHN",13.39,"Figure2-b","Organometallics"
"China",2015,13.39140015821,"Figure-12-a_b","CHN",41.13,"Figure2-d","Rare-earths"
"China",2016,14.1580765791399,"Figure-12-a_b","CHN",14.16,"Figure2-b","Organometallics"
"China",2016,14.1580765791399,"Figure-12-a_b","CHN",38.79,"Figure2-d","Rare-earths"
"China",2017,14.2210244663035,"Figure-12-a_b","CHN",14.22,"Figure2-b","Organometallics"
"China",2017,14.2210244663035,"Figure-12-a_b","CHN",37.76,"Figure2-d","Rare-earths"
"China",2018,14.3280492898914,"Figure-12-a_b","CHN",14.33,"Figure2-b","Organometallics"
"China",2018,14.3280492898914,"Figure-12-a_b","CHN",36.03,"Figure2-d","Rare-earths"
"China",2019,15.2207715633423,"Figure-12-a_b","CHN",15.22,"Figure2-b","Organometallics"
"China",2019,15.2207715633423,"Figure-12-a_b","CHN",40.37,"Figure2-d","Rare-earths"
"China",2020,14.0464805720686,"Figure-12-a_b","CHN",14.05,"Figure2-b","Organometallics"
"China",2020,14.0464805720686,"Figure-12-a_b","CHN",35.64,"Figure2-d","Rare-earths"
"China",2021,15.9866023943694,"Figure-12-a_b","CHN",15.99,"Figure2-b","Organometallics"
"China",2021,15.9866023943694,"Figure-12-a_b","CHN",38.58,"Figure2-d","Rare-earths"
"China",2022,18.3472096825358,"Figure-12-a_b","CHN",18.35,"Figure2-b","Organometallics"
"China",2022,18.3472096825358,"Figure-12-a_b","CHN",38.23,"Figure2-d","Rare-earths"
"Gabon",1999,0.00311196146510832,"Figure-12-a_b","GAB",NA,NA,NA
"Gabon",2011,0.00171170999828829,"Figure-12-a_b","GAB",NA,NA,NA
"Gabon",2015,0.00706294496553283,"Figure-12-a_b","GAB",NA,NA,NA
"Gabon",2020,0.00053846816576204,"Figure-12-a_b","GAB",NA,NA,NA
"Colombia",1996,0.00870334171570788,"Figure-12-a_b","COL",NA,NA,NA
"Colombia",1997,0.00731511058008827,"Figure-12-a_b","COL",NA,NA,NA
"Colombia",2000,0.0161928601140229,"Figure-12-a_b","COL",NA,NA,NA
"Colombia",2002,0.00168051477507999,"Figure-12-a_b","COL",NA,NA,NA
"Colombia",2003,0.00903138405960714,"Figure-12-a_b","COL",NA,NA,NA
"Colombia",2004,0.00174287173434415,"Figure-12-a_b","COL",NA,NA,NA
"Colombia",2007,0.00208365894654122,"Figure-12-a_b","COL",NA,NA,NA
"Colombia",2009,0.00464567939151958,"Figure-12-a_b","COL",NA,NA,NA
"Colombia",2010,0.00130811941214842,"Figure-12-a_b","COL",NA,NA,NA
"Colombia",2011,0.00285284999714715,"Figure-12-a_b","COL",NA,NA,NA
"Colombia",2013,0.00111268797463073,"Figure-12-a_b","COL",NA,NA,NA
"Colombia",2014,0.0122069991667659,"Figure-12-a_b","COL",NA,NA,NA
"Colombia",2015,0.0347363167212868,"Figure-12-a_b","COL",NA,NA,NA
"Colombia",2016,0.01490393057475,"Figure-12-a_b","COL",NA,NA,NA
"Colombia",2017,0.0199951875878265,"Figure-12-a_b","COL",NA,NA,NA
"Colombia",2018,0.0394885129490393,"Figure-12-a_b","COL",NA,NA,NA
"Colombia",2019,0.0436367082210243,"Figure-12-a_b","COL",NA,NA,NA
"Colombia",2020,0.03189088481089,"Figure-12-a_b","COL",NA,NA,NA
"Colombia",2021,0.0580322266730034,"Figure-12-a_b","COL",NA,NA,NA
"Colombia",2022,0.020961396744833,"Figure-12-a_b","COL",NA,NA,NA
"Trinidad & Tobago",1999,0.0228209936916231,"Figure-12-a_b","TTO",NA,NA,NA
"Trinidad & Tobago",2001,0.00950820456393819,"Figure-12-a_b","TTO",NA,NA,NA
"Trinidad & Tobago",2003,0.00225784601490178,"Figure-12-a_b","TTO",NA,NA,NA
"Trinidad & Tobago",2004,0.0136187212020791,"Figure-12-a_b","TTO",NA,NA,NA
"Trinidad & Tobago",2007,0.0152801728842418,"Figure-12-a_b","TTO",NA,NA,NA
"Trinidad & Tobago",2008,0.00097574302831606,"Figure-12-a_b","TTO",NA,NA,NA
"Trinidad & Tobago",2010,0.00383715129887571,"Figure-12-a_b","TTO",NA,NA,NA
"Trinidad & Tobago",2011,0.00883025542516975,"Figure-12-a_b","TTO",NA,NA,NA
"Trinidad & Tobago",2012,0.00711845102505695,"Figure-12-a_b","TTO",NA,NA,NA
"Trinidad & Tobago",2013,0.00421051489610281,"Figure-12-a_b","TTO",NA,NA,NA
"Trinidad & Tobago",2014,0.0147091332664479,"Figure-12-a_b","TTO",NA,NA,NA
"Trinidad & Tobago",2015,0.012982370889366,"Figure-12-a_b","TTO",NA,NA,NA
"Trinidad & Tobago",2017,0.00128331055458238,"Figure-12-a_b","TTO",NA,NA,NA
"Trinidad & Tobago",2018,0.00469924812030075,"Figure-12-a_b","TTO",NA,NA,NA
"Trinidad & Tobago",2020,0.00143591582665633,"Figure-12-a_b","TTO",NA,NA,NA
"United Kingdom",1996,3.79101962512638,"Figure-12-a_b","GBR",3.79,"Figure2-b","Organometallics"
"United Kingdom",1996,3.79101962512638,"Figure-12-a_b","GBR",3.5,"Figure2-d","Rare-earths"
"United Kingdom",1997,4.26402672453732,"Figure-12-a_b","GBR",4.26,"Figure2-b","Organometallics"
"United Kingdom",1997,4.26402672453732,"Figure-12-a_b","GBR",3.24,"Figure2-d","Rare-earths"
"United Kingdom",1998,4.26319892800585,"Figure-12-a_b","GBR",4.26,"Figure2-b","Organometallics"
"United Kingdom",1998,4.26319892800585,"Figure-12-a_b","GBR",2.68,"Figure2-d","Rare-earths"
"United Kingdom",1999,4.36473666193946,"Figure-12-a_b","GBR",4.37,"Figure2-b","Organometallics"
"United Kingdom",1999,4.36473666193946,"Figure-12-a_b","GBR",2.11,"Figure2-d","Rare-earths"
"United Kingdom",2000,7.96444738065526,"Figure-12-a_b","GBR",7.96,"Figure2-b","Organometallics"
"United Kingdom",2000,7.96444738065526,"Figure-12-a_b","GBR",5.32,"Figure2-d","Rare-earths"
"United Kingdom",2001,6.75993876477061,"Figure-12-a_b","GBR",6.76,"Figure2-b","Organometallics"
"United Kingdom",2001,6.75993876477061,"Figure-12-a_b","GBR",2.81,"Figure2-d","Rare-earths"
"United Kingdom",2002,6.93193581780538,"Figure-12-a_b","GBR",6.93,"Figure2-b","Organometallics"
"United Kingdom",2002,6.93193581780538,"Figure-12-a_b","GBR",3.67,"Figure2-d","Rare-earths"
"United Kingdom",2003,6.98360803793181,"Figure-12-a_b","GBR",6.98,"Figure2-b","Organometallics"
"United Kingdom",2003,6.98360803793181,"Figure-12-a_b","GBR",4.96,"Figure2-d","Rare-earths"
"United Kingdom",2004,7.37319835667431,"Figure-12-a_b","GBR",7.37,"Figure2-b","Organometallics"
"United Kingdom",2004,7.37319835667431,"Figure-12-a_b","GBR",6.96,"Figure2-d","Rare-earths"
"United Kingdom",2005,6.00038468501086,"Figure-12-a_b","GBR",6,"Figure2-b","Organometallics"
"United Kingdom",2005,6.00038468501086,"Figure-12-a_b","GBR",4.33,"Figure2-d","Rare-earths"
"United Kingdom",2006,7.60658032901645,"Figure-12-a_b","GBR",7.61,"Figure2-b","Organometallics"
"United Kingdom",2006,7.60658032901645,"Figure-12-a_b","GBR",3.82,"Figure2-d","Rare-earths"
"United Kingdom",2007,6.80856126257886,"Figure-12-a_b","GBR",6.81,"Figure2-b","Organometallics"
"United Kingdom",2007,6.80856126257886,"Figure-12-a_b","GBR",4.37,"Figure2-d","Rare-earths"
"United Kingdom",2008,6.07802041254415,"Figure-12-a_b","GBR",6.08,"Figure2-b","Organometallics"
"United Kingdom",2008,6.07802041254415,"Figure-12-a_b","GBR",3.33,"Figure2-d","Rare-earths"
"United Kingdom",2009,5.79476432223447,"Figure-12-a_b","GBR",5.8,"Figure2-b","Organometallics"
"United Kingdom",2009,5.79476432223447,"Figure-12-a_b","GBR",3.17,"Figure2-d","Rare-earths"
"United Kingdom",2010,6.31664172518322,"Figure-12-a_b","GBR",6.32,"Figure2-b","Organometallics"
"United Kingdom",2010,6.31664172518322,"Figure-12-a_b","GBR",3.42,"Figure2-d","Rare-earths"
"United Kingdom",2011,6.33347914566652,"Figure-12-a_b","GBR",6.33,"Figure2-b","Organometallics"
"United Kingdom",2011,6.33347914566652,"Figure-12-a_b","GBR",2.85,"Figure2-d","Rare-earths"
"United Kingdom",2012,5.49239342661894,"Figure-12-a_b","GBR",5.49,"Figure2-b","Organometallics"
"United Kingdom",2012,5.49239342661894,"Figure-12-a_b","GBR",3.23,"Figure2-d","Rare-earths"
"United Kingdom",2013,5.24132521071518,"Figure-12-a_b","GBR",5.24,"Figure2-b","Organometallics"
"United Kingdom",2013,5.24132521071518,"Figure-12-a_b","GBR",3.36,"Figure2-d","Rare-earths"
"United Kingdom",2014,5.30977604706923,"Figure-12-a_b","GBR",5.31,"Figure2-b","Organometallics"
"United Kingdom",2014,5.30977604706923,"Figure-12-a_b","GBR",3.58,"Figure2-d","Rare-earths"
"United Kingdom",2015,5.39290691980261,"Figure-12-a_b","GBR",5.39,"Figure2-b","Organometallics"
"United Kingdom",2015,5.39290691980261,"Figure-12-a_b","GBR",3.11,"Figure2-d","Rare-earths"
"United Kingdom",2016,4.90395089830095,"Figure-12-a_b","GBR",4.9,"Figure2-b","Organometallics"
"United Kingdom",2016,4.90395089830095,"Figure-12-a_b","GBR",2.6,"Figure2-d","Rare-earths"
"United Kingdom",2017,5.0486823615469,"Figure-12-a_b","GBR",5.05,"Figure2-b","Organometallics"
"United Kingdom",2017,5.0486823615469,"Figure-12-a_b","GBR",2.73,"Figure2-d","Rare-earths"
"United Kingdom",2018,5.19028822055138,"Figure-12-a_b","GBR",5.19,"Figure2-b","Organometallics"
"United Kingdom",2018,5.19028822055138,"Figure-12-a_b","GBR",3.41,"Figure2-d","Rare-earths"
"United Kingdom",2019,5.22871041105121,"Figure-12-a_b","GBR",5.23,"Figure2-b","Organometallics"
"United Kingdom",2019,5.22871041105121,"Figure-12-a_b","GBR",2.46,"Figure2-d","Rare-earths"
"United Kingdom",2020,4.02838804169898,"Figure-12-a_b","GBR",4.03,"Figure2-b","Organometallics"
"United Kingdom",2020,4.02838804169898,"Figure-12-a_b","GBR",2.58,"Figure2-d","Rare-earths"
"United Kingdom",2021,4.35204924525313,"Figure-12-a_b","GBR",4.35,"Figure2-b","Organometallics"
"United Kingdom",2021,4.35204924525313,"Figure-12-a_b","GBR",2.19,"Figure2-d","Rare-earths"
"United Kingdom",2022,4.24189258436837,"Figure-12-a_b","GBR",4.24,"Figure2-b","Organometallics"
"United Kingdom",2022,4.24189258436837,"Figure-12-a_b","GBR",2.31,"Figure2-d","Rare-earths"
"Vietnam",1997,0.00081278925166418,"Figure-12-a_b","VNM",NA,NA,NA
"Vietnam",2007,0.0261945820872716,"Figure-12-a_b","VNM",NA,NA,NA
"Vietnam",2008,0.00585445816989638,"Figure-12-a_b","VNM",NA,NA,NA
"Vietnam",2009,0.00744169030369822,"Figure-12-a_b","VNM",NA,NA,NA
"Vietnam",2011,0.0190008938929991,"Figure-12-a_b","VNM",NA,NA,NA
"Vietnam",2012,0.0314285714285714,"Figure-12-a_b","VNM",NA,NA,NA
"Vietnam",2013,0.00262276558457815,"Figure-12-a_b","VNM",NA,NA,NA
"Vietnam",2014,0.00030917747887156,"Figure-12-a_b","VNM",NA,NA,NA
"Vietnam",2015,0.121294308208084,"Figure-12-a_b","VNM",NA,NA,NA
"Vietnam",2016,0.00232269734167954,"Figure-12-a_b","VNM",NA,NA,NA
"Vietnam",2017,0.0509657548749735,"Figure-12-a_b","VNM",NA,NA,NA
"Vietnam",2018,0.0434095655806182,"Figure-12-a_b","VNM",NA,NA,NA
"Vietnam",2019,0.0786689268867925,"Figure-12-a_b","VNM",NA,NA,NA
"Vietnam",2020,0.137663263547859,"Figure-12-a_b","VNM",NA,NA,NA
"Vietnam",2021,0.0236549211306493,"Figure-12-a_b","VNM",NA,NA,NA
"Vietnam",2022,0.11805714843464,"Figure-12-a_b","VNM",NA,NA,NA
"Costa Rica",1996,0.00259248697275296,"Figure-12-a_b","CRI",NA,NA,NA
"Costa Rica",1997,0.0292604423203531,"Figure-12-a_b","CRI",NA,NA,NA
"Costa Rica",1998,0.00487270069435985,"Figure-12-a_b","CRI",NA,NA,NA
"Costa Rica",1999,0.0220059660619101,"Figure-12-a_b","CRI",NA,NA,NA
"Costa Rica",2000,0.00856394822481587,"Figure-12-a_b","CRI",NA,NA,NA
"Costa Rica",2001,0.0382720183705688,"Figure-12-a_b","CRI",NA,NA,NA
"Costa Rica",2002,0.0117635987201205,"Figure-12-a_b","CRI",NA,NA,NA
"Costa Rica",2007,0.00349261094496955,"Figure-12-a_b","CRI",NA,NA,NA
"Costa Rica",2010,0.00095928782471892,"Figure-12-a_b","CRI",NA,NA,NA
"Costa Rica",2013,0.0123091045648001,"Figure-12-a_b","CRI",NA,NA,NA
"Costa Rica",2014,0.0391109901882429,"Figure-12-a_b","CRI",NA,NA,NA
"Costa Rica",2015,0.00729837646438392,"Figure-12-a_b","CRI",NA,NA,NA
"Costa Rica",2019,0.00240662904312668,"Figure-12-a_b","CRI",NA,NA,NA
"Costa Rica",2020,0.00278209270267942,"Figure-12-a_b","CRI",NA,NA,NA
"South Africa",1996,0.390472610375133,"Figure-12-a_b","ZAF",NA,NA,NA
"South Africa",1997,0.284435883055766,"Figure-12-a_b","ZAF",NA,NA,NA
"South Africa",1998,0.467981483737361,"Figure-12-a_b","ZAF",NA,NA,NA
"South Africa",1999,0.19552716514255,"Figure-12-a_b","ZAF",NA,NA,NA
"South Africa",2000,0.51024737576158,"Figure-12-a_b","ZAF",NA,NA,NA
"South Africa",2001,0.362945510213845,"Figure-12-a_b","ZAF",NA,NA,NA
"South Africa",2002,0.478425559947299,"Figure-12-a_b","ZAF",NA,NA,NA
"South Africa",2003,0.479128471438248,"Figure-12-a_b","ZAF",NA,NA,NA
"South Africa",2004,0.654152575073201,"Figure-12-a_b","ZAF",NA,NA,NA
"South Africa",2005,0.573334540188269,"Figure-12-a_b","ZAF",NA,NA,NA
"South Africa",2006,0.399512163108155,"Figure-12-a_b","ZAF",NA,NA,NA
"South Africa",2007,0.967062495907097,"Figure-12-a_b","ZAF",NA,NA,NA
"South Africa",2008,0.56194797338173,"Figure-12-a_b","ZAF",NA,NA,NA
"South Africa",2009,0.600699174359993,"Figure-12-a_b","ZAF",NA,NA,NA
"South Africa",2010,0.639908292083957,"Figure-12-a_b","ZAF",NA,NA,NA
"South Africa",2011,0.779394815420605,"Figure-12-a_b","ZAF",NA,NA,NA
"South Africa",2012,0.646391962251871,"Figure-12-a_b","ZAF",NA,NA,NA
"South Africa",2013,0.954679128765752,"Figure-12-a_b","ZAF",NA,NA,NA
"South Africa",2014,0.820722022888432,"Figure-12-a_b","ZAF",NA,NA,NA
"South Africa",2015,0.82922740799337,"Figure-12-a_b","ZAF",NA,NA,NA
"South Africa",2016,0.976790504837005,"Figure-12-a_b","ZAF",NA,NA,NA
"South Africa",2017,1.02701495697704,"Figure-12-a_b","ZAF",NA,NA,NA
"South Africa",2018,0.93187134502924,"Figure-12-a_b","ZAF",NA,NA,NA
"South Africa",2019,0.851065532345014,"Figure-12-a_b","ZAF",NA,NA,NA
"South Africa",2020,1.01959162574309,"Figure-12-a_b","ZAF",NA,NA,NA
"South Africa",2021,0.774558127956186,"Figure-12-a_b","ZAF",NA,NA,NA
"South Africa",2022,0.785444474268563,"Figure-12-a_b","ZAF",NA,NA,NA
"United States",1996,2.57,"Figure1-d","USA",20.78,"Figure2-b","Organometallics"
"United States",1996,2.57,"Figure1-d","USA",10.47,"Figure2-d","Rare-earths"
"United States",1997,3.2,"Figure1-d","USA",19.11,"Figure2-b","Organometallics"
"United States",1997,3.2,"Figure1-d","USA",10.17,"Figure2-d","Rare-earths"
"United States",1998,3.27,"Figure1-d","USA",19.31,"Figure2-b","Organometallics"
"United States",1998,3.27,"Figure1-d","USA",11.99,"Figure2-d","Rare-earths"
"United States",1999,3.59,"Figure1-d","USA",19.28,"Figure2-b","Organometallics"
"United States",1999,3.59,"Figure1-d","USA",15.65,"Figure2-d","Rare-earths"
"United States",2000,2.93,"Figure1-d","USA",19.94,"Figure2-b","Organometallics"
"United States",2000,2.93,"Figure1-d","USA",13.28,"Figure2-d","Rare-earths"
"United States",2001,-0.04,"Figure1-d","USA",19.72,"Figure2-b","Organometallics"
"United States",2001,-0.04,"Figure1-d","USA",9.39,"Figure2-d","Rare-earths"
"United States",2002,0.76,"Figure1-d","USA",20.23,"Figure2-b","Organometallics"
"United States",2002,0.76,"Figure1-d","USA",11.52,"Figure2-d","Rare-earths"
"United States",2003,1.92,"Figure1-d","USA",19.99,"Figure2-b","Organometallics"
"United States",2003,1.92,"Figure1-d","USA",9.42,"Figure2-d","Rare-earths"
"United States",2004,2.89,"Figure1-d","USA",19.06,"Figure2-b","Organometallics"
"United States",2004,2.89,"Figure1-d","USA",9.21,"Figure2-d","Rare-earths"
"United States",2005,2.53,"Figure1-d","USA",19.52,"Figure2-b","Organometallics"
"United States",2005,2.53,"Figure1-d","USA",9.82,"Figure2-d","Rare-earths"
"United States",2006,1.8,"Figure1-d","USA",18.68,"Figure2-b","Organometallics"
"United States",2006,1.8,"Figure1-d","USA",11.19,"Figure2-d","Rare-earths"
"United States",2007,1.04,"Figure1-d","USA",17.61,"Figure2-b","Organometallics"
"United States",2007,1.04,"Figure1-d","USA",10.12,"Figure2-d","Rare-earths"
"United States",2008,-0.83,"Figure1-d","USA",20.59,"Figure2-b","Organometallics"
"United States",2008,-0.83,"Figure1-d","USA",10.87,"Figure2-d","Rare-earths"
"United States",2009,-3.43,"Figure1-d","USA",18.44,"Figure2-b","Organometallics"
"United States",2009,-3.43,"Figure1-d","USA",10.26,"Figure2-d","Rare-earths"
"United States",2010,1.85,"Figure1-d","USA",19.1,"Figure2-b","Organometallics"
"United States",2010,1.85,"Figure1-d","USA",10.88,"Figure2-d","Rare-earths"
"United States",2011,0.83,"Figure1-d","USA",18.06,"Figure2-b","Organometallics"
"United States",2011,0.83,"Figure1-d","USA",11.56,"Figure2-d","Rare-earths"
"United States",2012,1.54,"Figure1-d","USA",17.2,"Figure2-b","Organometallics"
"United States",2012,1.54,"Figure1-d","USA",8.25,"Figure2-d","Rare-earths"
"United States",2013,1.41,"Figure1-d","USA",16.15,"Figure2-b","Organometallics"
"United States",2013,1.41,"Figure1-d","USA",9.33,"Figure2-d","Rare-earths"
"United States",2014,1.77,"Figure1-d","USA",14.19,"Figure2-b","Organometallics"
"United States",2014,1.77,"Figure1-d","USA",8.97,"Figure2-d","Rare-earths"
"United States",2015,2.19,"Figure1-d","USA",14.22,"Figure2-b","Organometallics"
"United States",2015,2.19,"Figure1-d","USA",7.35,"Figure2-d","Rare-earths"
"United States",2016,1.08,"Figure1-d","USA",15.28,"Figure2-b","Organometallics"
"United States",2016,1.08,"Figure1-d","USA",8.61,"Figure2-d","Rare-earths"
"United States",2017,1.81,"Figure1-d","USA",15.87,"Figure2-b","Organometallics"
"United States",2017,1.81,"Figure1-d","USA",7.98,"Figure2-d","Rare-earths"
"United States",2018,2.43,"Figure1-d","USA",14.37,"Figure2-b","Organometallics"
"United States",2018,2.43,"Figure1-d","USA",7.88,"Figure2-d","Rare-earths"
"United States",2019,2,"Figure1-d","USA",14.45,"Figure2-b","Organometallics"
"United States",2019,2,"Figure1-d","USA",6.98,"Figure2-d","Rare-earths"
"United States",2020,-3.16,"Figure1-d","USA",14.71,"Figure2-b","Organometallics"
"United States",2020,-3.16,"Figure1-d","USA",9.24,"Figure2-d","Rare-earths"
"United States",2021,5.63,"Figure1-d","USA",13.92,"Figure2-b","Organometallics"
"United States",2021,5.63,"Figure1-d","USA",6.75,"Figure2-d","Rare-earths"
"United States",2022,1.56,"Figure1-d","USA",12.51,"Figure2-b","Organometallics"
"United States",2022,1.56,"Figure1-d","USA",7.88,"Figure2-d","Rare-earths"
"United States",2023,2.04,"Figure1-d","USA",NA,NA,NA
"China",1996,545374.8589,"Figure1-e","CHN",1.84,"Figure2-b","Organometallics"
"China",1996,545374.8589,"Figure1-e","CHN",8.57,"Figure2-d","Rare-earths"
"China",1997,587214.3732,"Figure1-e","CHN",2.83,"Figure2-b","Organometallics"
"China",1997,587214.3732,"Figure1-e","CHN",11.05,"Figure2-d","Rare-earths"
"China",1998,485312.1012,"Figure1-e","CHN",2.43,"Figure2-b","Organometallics"
"China",1998,485312.1012,"Figure1-e","CHN",8.65,"Figure2-d","Rare-earths"
"China",1999,531727.6296,"Figure1-e","CHN",2.55,"Figure2-b","Organometallics"
"China",1999,531727.6296,"Figure1-e","CHN",8.71,"Figure2-d","Rare-earths"
"China",2000,696736.6664,"Figure1-e","CHN",3.38,"Figure2-b","Organometallics"
"China",2000,696736.6664,"Figure1-e","CHN",8.73,"Figure2-d","Rare-earths"
"China",2001,744635.8043,"Figure1-e","CHN",3.64,"Figure2-b","Organometallics"
"China",2001,744635.8043,"Figure1-e","CHN",7.53,"Figure2-d","Rare-earths"
"China",2002,812752.2651,"Figure1-e","CHN",3.7,"Figure2-b","Organometallics"
"China",2002,812752.2651,"Figure1-e","CHN",7.76,"Figure2-d","Rare-earths"
"China",2003,864415.2719,"Figure1-e","CHN",5.09,"Figure2-b","Organometallics"
"China",2003,864415.2719,"Figure1-e","CHN",13.18,"Figure2-d","Rare-earths"
"China",2004,928608.7055,"Figure1-e","CHN",5.45,"Figure2-b","Organometallics"
"China",2004,928608.7055,"Figure1-e","CHN",18.25,"Figure2-d","Rare-earths"
"China",2005,1121168.087,"Figure1-e","CHN",5.9,"Figure2-b","Organometallics"
"China",2005,1121168.087,"Figure1-e","CHN",16.97,"Figure2-d","Rare-earths"
"China",2006,1225712.879,"Figure1-e","CHN",7.68,"Figure2-b","Organometallics"
"China",2006,1225712.879,"Figure1-e","CHN",18.63,"Figure2-d","Rare-earths"
"China",2007,1424071.75,"Figure1-e","CHN",8.01,"Figure2-b","Organometallics"
"China",2007,1424071.75,"Figure1-e","CHN",20.81,"Figure2-d","Rare-earths"
"China",2008,1591067.99,"Figure1-e","CHN",7.99,"Figure2-b","Organometallics"
"China",2008,1591067.99,"Figure1-e","CHN",19.84,"Figure2-d","Rare-earths"
"China",2009,1149467.119,"Figure1-e","CHN",8.36,"Figure2-b","Organometallics"
"China",2009,1149467.119,"Figure1-e","CHN",24.84,"Figure2-d","Rare-earths"
"China",2010,1205440.724,"Figure1-e","CHN",8.93,"Figure2-b","Organometallics"
"China",2010,1205440.724,"Figure1-e","CHN",26.25,"Figure2-d","Rare-earths"
"China",2011,1310631.527,"Figure1-e","CHN",10.63,"Figure2-b","Organometallics"
"China",2011,1310631.527,"Figure1-e","CHN",28.04,"Figure2-d","Rare-earths"
"China",2012,1396472.731,"Figure1-e","CHN",10.24,"Figure2-b","Organometallics"
"China",2012,1396472.731,"Figure1-e","CHN",32.49,"Figure2-d","Rare-earths"
"China",2013,1474977.421,"Figure1-e","CHN",11.5,"Figure2-b","Organometallics"
"China",2013,1474977.421,"Figure1-e","CHN",35.88,"Figure2-d","Rare-earths"
"China",2014,1514647.483,"Figure1-e","CHN",12.44,"Figure2-b","Organometallics"
"China",2014,1514647.483,"Figure1-e","CHN",37.94,"Figure2-d","Rare-earths"
"China",2015,1607454.533,"Figure1-e","CHN",13.39,"Figure2-b","Organometallics"
"China",2015,1607454.533,"Figure1-e","CHN",41.13,"Figure2-d","Rare-earths"
"China",2016,1680254.376,"Figure1-e","CHN",14.16,"Figure2-b","Organometallics"
"China",2016,1680254.376,"Figure1-e","CHN",38.79,"Figure2-d","Rare-earths"
"China",2017,1728153.867,"Figure1-e","CHN",14.22,"Figure2-b","Organometallics"
"China",2017,1728153.867,"Figure1-e","CHN",37.76,"Figure2-d","Rare-earths"
"China",2018,1850739.762,"Figure1-e","CHN",14.33,"Figure2-b","Organometallics"
"China",2018,1850739.762,"Figure1-e","CHN",36.03,"Figure2-d","Rare-earths"
"China",2019,2091652.163,"Figure1-e","CHN",15.22,"Figure2-b","Organometallics"
"China",2019,2091652.163,"Figure1-e","CHN",40.37,"Figure2-d","Rare-earths"
"China",2020,2260472.302,"Figure1-e","CHN",14.05,"Figure2-b","Organometallics"
"China",2020,2260472.302,"Figure1-e","CHN",35.64,"Figure2-d","Rare-earths"
"China",2021,2382731.489,"Figure1-e","CHN",15.99,"Figure2-b","Organometallics"
"China",2021,2382731.489,"Figure1-e","CHN",38.58,"Figure2-d","Rare-earths"
"United States",1996,849259.1261,"Figure1-e","USA",20.78,"Figure2-b","Organometallics"
"United States",1996,849259.1261,"Figure1-e","USA",10.47,"Figure2-d","Rare-earths"
"United States",1997,887579.8129,"Figure1-e","USA",19.11,"Figure2-b","Organometallics"
"United States",1997,887579.8129,"Figure1-e","USA",10.17,"Figure2-d","Rare-earths"
"United States",1998,943636.6624,"Figure1-e","USA",19.31,"Figure2-b","Organometallics"
"United States",1998,943636.6624,"Figure1-e","USA",11.99,"Figure2-d","Rare-earths"
"United States",1999,970373.59,"Figure1-e","USA",19.28,"Figure2-b","Organometallics"
"United States",1999,970373.59,"Figure1-e","USA",15.65,"Figure2-d","Rare-earths"
"United States",2000,981631.937,"Figure1-e","USA",19.94,"Figure2-b","Organometallics"
"United States",2000,981631.937,"Figure1-e","USA",13.28,"Figure2-d","Rare-earths"
"United States",2001,1001924.408,"Figure1-e","USA",19.72,"Figure2-b","Organometallics"
"United States",2001,1001924.408,"Figure1-e","USA",9.39,"Figure2-d","Rare-earths"
"United States",2002,1024435.408,"Figure1-e","USA",20.23,"Figure2-b","Organometallics"
"United States",2002,1024435.408,"Figure1-e","USA",11.52,"Figure2-d","Rare-earths"
"United States",2003,1091884.809,"Figure1-e","USA",19.99,"Figure2-b","Organometallics"
"United States",2003,1091884.809,"Figure1-e","USA",9.42,"Figure2-d","Rare-earths"
"United States",2004,1061227.266,"Figure1-e","USA",19.06,"Figure2-b","Organometallics"
"United States",2004,1061227.266,"Figure1-e","USA",9.21,"Figure2-d","Rare-earths"
"United States",2005,1048458.479,"Figure1-e","USA",19.52,"Figure2-b","Organometallics"
"United States",2005,1048458.479,"Figure1-e","USA",9.82,"Figure2-d","Rare-earths"
"United States",2006,1069865.942,"Figure1-e","USA",18.68,"Figure2-b","Organometallics"
"United States",2006,1069865.942,"Figure1-e","USA",11.19,"Figure2-d","Rare-earths"
"United States",2007,1064596.609,"Figure1-e","USA",17.61,"Figure2-b","Organometallics"
"United States",2007,1064596.609,"Figure1-e","USA",10.12,"Figure2-d","Rare-earths"
"United States",2008,1113417.413,"Figure1-e","USA",20.59,"Figure2-b","Organometallics"
"United States",2008,1113417.413,"Figure1-e","USA",10.87,"Figure2-d","Rare-earths"
"United States",2009,1161325.04,"Figure1-e","USA",18.44,"Figure2-b","Organometallics"
"United States",2009,1161325.04,"Figure1-e","USA",10.26,"Figure2-d","Rare-earths"
"United States",2010,1097887.367,"Figure1-e","USA",19.1,"Figure2-b","Organometallics"
"United States",2010,1097887.367,"Figure1-e","USA",10.88,"Figure2-d","Rare-earths"
"United States",2011,1141575.389,"Figure1-e","USA",18.06,"Figure2-b","Organometallics"
"United States",2011,1141575.389,"Figure1-e","USA",11.56,"Figure2-d","Rare-earths"
"United States",2012,1145634.232,"Figure1-e","USA",17.2,"Figure2-b","Organometallics"
"United States",2012,1145634.232,"Figure1-e","USA",8.25,"Figure2-d","Rare-earths"
"United States",2013,1180729.358,"Figure1-e","USA",16.15,"Figure2-b","Organometallics"
"United States",2013,1180729.358,"Figure1-e","USA",9.33,"Figure2-d","Rare-earths"
"United States",2014,1221520.399,"Figure1-e","USA",14.19,"Figure2-b","Organometallics"
"United States",2014,1221520.399,"Figure1-e","USA",8.97,"Figure2-d","Rare-earths"
"United States",2015,1242795.163,"Figure1-e","USA",14.22,"Figure2-b","Organometallics"
"United States",2015,1242795.163,"Figure1-e","USA",7.35,"Figure2-d","Rare-earths"
"United States",2016,1237514.29,"Figure1-e","USA",15.28,"Figure2-b","Organometallics"
"United States",2016,1237514.29,"Figure1-e","USA",8.61,"Figure2-d","Rare-earths"
"United States",2017,1287016.74,"Figure1-e","USA",15.87,"Figure2-b","Organometallics"
"United States",2017,1287016.74,"Figure1-e","USA",7.98,"Figure2-d","Rare-earths"
"United States",2018,1392980.893,"Figure1-e","USA",14.37,"Figure2-b","Organometallics"
"United States",2018,1392980.893,"Figure1-e","USA",7.88,"Figure2-d","Rare-earths"
"United States",2019,1414732.406,"Figure1-e","USA",14.45,"Figure2-b","Organometallics"
"United States",2019,1414732.406,"Figure1-e","USA",6.98,"Figure2-d","Rare-earths"
"United States",2020,1475885.384,"Figure1-e","USA",14.71,"Figure2-b","Organometallics"
"United States",2020,1475885.384,"Figure1-e","USA",9.24,"Figure2-d","Rare-earths"
"CN",1996,8.78,"Figure1-d",NA,NA,NA,NA
"CN",1997,8.12,"Figure1-d",NA,NA,NA,NA
"CN",1998,6.82,"Figure1-d",NA,NA,NA,NA
"CN",1999,6.73,"Figure1-d",NA,NA,NA,NA
"CN",2000,7.64,"Figure1-d",NA,NA,NA,NA
"CN",2001,7.55,"Figure1-d",NA,NA,NA,NA
"CN",2002,8.4,"Figure1-d",NA,NA,NA,NA
"CN",2003,9.35,"Figure1-d",NA,NA,NA,NA
"CN",2004,9.46,"Figure1-d",NA,NA,NA,NA
"CN",2005,10.74,"Figure1-d",NA,NA,NA,NA
"CN",2006,12.09,"Figure1-d",NA,NA,NA,NA
"CN",2007,13.64,"Figure1-d",NA,NA,NA,NA
"CN",2008,9.09,"Figure1-d",NA,NA,NA,NA
"CN",2009,8.86,"Figure1-d",NA,NA,NA,NA
"CN",2010,10.1,"Figure1-d",NA,NA,NA,NA
"CN",2011,8.95,"Figure1-d",NA,NA,NA,NA
"CN",2012,7.13,"Figure1-d",NA,NA,NA,NA
"CN",2013,7.05,"Figure1-d",NA,NA,NA,NA
"CN",2014,6.75,"Figure1-d",NA,NA,NA,NA
"CN",2015,6.42,"Figure1-d",NA,NA,NA,NA
"CN",2016,6.24,"Figure1-d",NA,NA,NA,NA
"CN",2017,6.3,"Figure1-d",NA,NA,NA,NA
"CN",2018,6.25,"Figure1-d",NA,NA,NA,NA
"CN",2019,5.58,"Figure1-d",NA,NA,NA,NA
"CN",2020,2,"Figure1-d",NA,NA,NA,NA
"CN",2021,8.35,"Figure1-d",NA,NA,NA,NA
"CN",2022,3,"Figure1-d",NA,NA,NA,NA
"CN",2023,5.31,"Figure1-d",NA,NA,NA,NA
